<?xml version="1.0"?>
<data version="3.0" time="2024-07-20 09:55:07" type="post" filename="b000000010000000001.xml">
  <open_time>0000-00-00</open_time>
  <close_time>0000-00-00</close_time>
  <lang_name>Big5</lang_name>
  <board_id>1001278680</board_id>
  <node>000000010000000001</node>
  <site>1000110001</site>
  <pt>2023-07-13 09:46:00</pt>
  <poster>10827143</poster>
  <realname>&#x6C5F;&#x6668;&#x9298;  </realname>
  <email>gugugu1127@gmail.com</email>
  <homepage>  </homepage>
  <subject>Re: &#x6436;&#x7B54;112  </subject>
  <content>&lt;p&gt;&#x904B;&#x7B97;&#x7B26;&lt;span style="color:#ff0000"&gt;&amp;quot;+&amp;quot;, &amp;quot;&lt;em&gt;&amp;quot;, &amp;quot;&lt;/em&gt;&amp;quot;&lt;/span&gt;&#x548C;&amp;quot;-&amp;quot;&#xFF0C;&#x9001;&#x51FA;&#x524D;&#x8ACB;&#x78BA;&#x8A8D;&#x8CBC;&#x6587;&#x7121;&#x932F;&#x5B57;&#x3002;&lt;/p&gt; </content>
  <attach></attach>
  <rcount></rcount>
  <rank></rank>
  <hit>1</hit>
  <lang>1</lang>
</data>
