<?xml version="1.0"?>
<data version="3.0" time="2024-07-20 09:55:07" type="post" filename="b000000014.xml">
  <open_time>0000-00-00</open_time>
  <close_time>0000-00-00</close_time>
  <lang_name>Big5</lang_name>
  <board_id>1001278680</board_id>
  <node>000000014</node>
  <site>1000110001</site>
  <pt>2023-07-15 01:45:04</pt>
  <poster>11027151</poster>
  <realname>&#x7C21;&#x3000;&#x74A6;  </realname>
  <email>jianai590@gmail.com</email>
  <homepage>  </homepage>
  <subject>&#x6436;&#x7B54;121 </subject>
  <content>&lt;p&gt;121. &#x8209;&#x4F8B;&#x8AAA;&#x660E;&#x4F7F;&#x7528;&#x74B0;&#x72C0;&#x93C8;&#x7D50;&#x4E32;&#x5217;Circularly linked list&#x7684;&#x60C5;&#x5883;&#x3002;&lt;/p&gt;&#xD;
&#xD;
&lt;p&gt;&lt;span style="font-family:&#x65B0;&#x7D30;&#x660E;&#x9AD4;,serif"&gt;&#x5538;&#x51FA;&#x6578;&#x5B57;&lt;/span&gt; &amp;quot;2020&amp;quot;&lt;span style="font-family:&#x65B0;&#x7D30;&#x660E;&#x9AD4;,serif"&gt;&#x9019;&#x884C;&#x6578;&#x5B57;&#xFF0C;&#x5C31;&#x80FD;&#x5920;&#x8209;&#x4F8B;&#x4F7F;&#x7528;&#x5230;&#x74B0;&#x72C0;&#x93C8;&#x7D50;&#x4E32;&#x5217;&#x7684;&#x60C5;&#x5883;&lt;/span&gt;&lt;/p&gt;&#xD;
&#xD;
&lt;p&gt;&lt;span style="font-family:&#x65B0;&#x7D30;&#x660E;&#x9AD4;,serif"&gt;&#x82E5;&#x5F9E;&#x7B2C;&#x4E00;&#x500B;&#x6578;&#x5B57;&lt;/span&gt;&amp;rdquo;2&amp;rdquo;&lt;span style="font-family:&#x65B0;&#x7D30;&#x660E;&#x9AD4;,serif"&gt;&#x5538;&#x8D77;&lt;/span&gt;,&lt;span style="font-family:&#x65B0;&#x7D30;&#x660E;&#x9AD4;,serif"&gt;&#x5247;&#x6703;&#x5538;&#x51FA;&lt;/span&gt;&amp;rdquo;2020&amp;rdquo;,&lt;/p&gt;&#xD;
&#xD;
&lt;p&gt;&lt;span style="font-family:&#x65B0;&#x7D30;&#x660E;&#x9AD4;,serif"&gt;&#x5538;&#x51FA;&#x7B2C;&#x4E09;&#x500B;&#x6578;&#x5B57;&lt;/span&gt;&amp;rdquo;2&amp;rdquo;&lt;span style="font-family:&#x65B0;&#x7D30;&#x660E;&#x9AD4;,serif"&gt;&#x6642;&#x53C8;&#x6210;&#x70BA;&#x4E0B;&#x4E00;&#x500B;&#x5FAA;&#x74B0;&lt;/span&gt;&lt;/p&gt;&#xD;
&#xD;
&lt;p&gt;&lt;span style="font-family:&#x65B0;&#x7D30;&#x660E;&#x9AD4;,serif"&gt;&#x82E5;&#x5F9E;&#x7B2C;&#x4E8C;&#x500B;&#x6578;&#x5B57;&lt;/span&gt;&amp;rdquo;0&amp;rdquo;&lt;span style="font-family:&#x65B0;&#x7D30;&#x660E;&#x9AD4;,serif"&gt;&#x5538;&#x8D77;&lt;/span&gt;,&lt;span style="font-family:&#x65B0;&#x7D30;&#x660E;&#x9AD4;,serif"&gt;&#x5247;&#x6703;&#x5538;&#x51FA;&lt;/span&gt;&amp;rdquo;0202&amp;rdquo;,&lt;/p&gt;&#xD;
&#xD;
&lt;p&gt;&lt;span style="font-family:&#x65B0;&#x7D30;&#x660E;&#x9AD4;,serif"&gt;&#x5538;&#x51FA;&#x7B2C;&#x4E09;&#x500B;&#x6578;&#x5B57;&lt;/span&gt;&amp;rdquo;0&amp;rdquo;&lt;span style="font-family:&#x65B0;&#x7D30;&#x660E;&#x9AD4;,serif"&gt;&#x6642;&#x53C8;&#x6210;&#x70BA;&#x4E0B;&#x4E00;&#x500B;&#x5FAA;&#x74B0;&lt;/span&gt;&lt;/p&gt;&#xD;
&#xD;
&lt;p&gt;&lt;span style="font-family:&#x65B0;&#x7D30;&#x660E;&#x9AD4;,serif"&gt;&#x82E5;&#x5F9E;&#x7B2C;&#x4E09;&#x500B;&#x6578;&#x5B57;&lt;/span&gt;&amp;rdquo;2&amp;rdquo;&lt;span style="font-family:&#x65B0;&#x7D30;&#x660E;&#x9AD4;,serif"&gt;&#x5538;&#x8D77;&lt;/span&gt;,&lt;span style="font-family:&#x65B0;&#x7D30;&#x660E;&#x9AD4;,serif"&gt;&#x5247;&#x6703;&#x5538;&#x51FA;&lt;/span&gt;&amp;rdquo;2020&amp;rdquo; ,&lt;/p&gt;&#xD;
&#xD;
&lt;p&gt;&lt;span style="font-family:&#x65B0;&#x7D30;&#x660E;&#x9AD4;,serif"&gt;&#x5538;&#x51FA;&#x7B2C;&#x4E09;&#x500B;&#x6578;&#x5B57;&lt;/span&gt;&amp;rdquo;2&amp;rdquo;&lt;span style="font-family:&#x65B0;&#x7D30;&#x660E;&#x9AD4;,serif"&gt;&#x6642;&#x53C8;&#x6210;&#x70BA;&#x4E0B;&#x4E00;&#x500B;&#x5FAA;&#x74B0;&lt;/span&gt;&lt;/p&gt;&#xD;
&#xD;
&lt;p&gt;&lt;span style="font-family:&#x65B0;&#x7D30;&#x660E;&#x9AD4;,serif"&gt;&#x82E5;&#x5F9E;&#x7B2C;&#x56DB;&#x500B;&#x6578;&#x5B57;&lt;/span&gt;&amp;rdquo;0&amp;rdquo;&lt;span style="font-family:&#x65B0;&#x7D30;&#x660E;&#x9AD4;,serif"&gt;&#x5538;&#x8D77;&lt;/span&gt;,&lt;span style="font-family:&#x65B0;&#x7D30;&#x660E;&#x9AD4;,serif"&gt;&#x5247;&#x6703;&#x5538;&#x51FA;&lt;/span&gt;&amp;rdquo;0202&amp;rdquo;&lt;/p&gt;&#xD;
&#xD;
&lt;p&gt;&lt;span style="font-family:&#x65B0;&#x7D30;&#x660E;&#x9AD4;,serif"&gt;&#x5538;&#x51FA;&#x7B2C;&#x4E09;&#x500B;&#x6578;&#x5B57;&lt;/span&gt;&amp;rdquo;0&amp;rdquo;&lt;span style="font-family:&#x65B0;&#x7D30;&#x660E;&#x9AD4;,serif"&gt;&#x6642;&#x53C8;&#x6210;&#x70BA;&#x4E0B;&#x4E00;&#x500B;&#x5FAA;&#x74B0;&lt;/span&gt;&lt;/p&gt;&#xD;
&#xD;
&lt;p&gt;&lt;span style="font-family:&#x65B0;&#x7D30;&#x660E;&#x9AD4;,serif"&gt;&#x4E0D;&#x7BA1;&#x5F9E;&#x54EA;&#x88E1;&#x5538;&#x8D77;&#x90FD;&#x6703;&#x6210;&#x70BA;&#x4E00;&#x500B;&#x5FAA;&#x74B0;&lt;/span&gt;,&lt;span style="font-family:&#x65B0;&#x7D30;&#x660E;&#x9AD4;,serif"&gt;&#x5C31;&#x50CF;&#x74B0;&#x72C0;&#x93C8;&#x7D50;&#x4E32;&#x5217;&#x4E00;&#x6A23;&lt;/span&gt;,&lt;span style="font-family:&#x65B0;&#x7D30;&#x660E;&#x9AD4;,serif"&gt;&#x7121;&#x8AD6;&#x5F9E;&#x54EA;&#x500B;&#x7BC0;&#x9EDE;&#x958B;&#x59CB;&#xFF0C;&lt;/span&gt;&lt;/p&gt;&#xD;
&#xD;
&lt;p&gt;&lt;span style="font-family:&#x65B0;&#x7D30;&#x660E;&#x9AD4;,serif"&gt;&#x90FD;&#x53EF;&#x4EE5;&#x6309;&#x7167;&#x7279;&#x5B9A;&#x7684;&#x9806;&#x5E8F;&#x79FB;&#x52D5;&#x5230;&#x4E0B;&#x4E00;&#x500B;&#x7BC0;&#x9EDE;&#xFF0C;&#x76F4;&#x5230;&#x56DE;&#x5230;&#x8D77;&#x59CB;&#x7BC0;&#x9EDE;&#x3002;&lt;/span&gt;&lt;/p&gt; </content>
  <attach></attach>
  <rcount></rcount>
  <rank></rank>
  <hit>21</hit>
  <lang>1</lang>
</data>
