<?xml version="1.0"?>
<data version="3.0" time="2024-07-20 09:55:07" type="post" filename="b000000019.xml">
  <open_time>0000-00-00</open_time>
  <close_time>0000-00-00</close_time>
  <lang_name>Big5</lang_name>
  <board_id>1001278680</board_id>
  <node>000000019</node>
  <site>1000110001</site>
  <pt>2023-07-15 20:38:56</pt>
  <poster>06005931</poster>
  <realname>&#x4F58;&#x4EF2;&#x5091;  </realname>
  <email>szj891226@gmail.com</email>
  <homepage>  </homepage>
  <subject>&#x6436;&#x7B54;121 </subject>
  <content>&lt;p&gt;121. &#x8209;&#x4F8B;&#x8AAA;&#x660E;&#x4F7F;&#x7528;&#x74B0;&#x72C0;&#x93C8;&#x7D50;&#x4E32;&#x5217;Circularly linked list&#x7684;&#x60C5;&#x5883;&#x3002;&lt;/p&gt;&#xD;
&#xD;
&lt;p&gt;Ans:&lt;/p&gt;&#xD;
&#xD;
&lt;p&gt;&#x5728;&#x64AD;&#x653E;&#x4E00;&#x7CFB;&#x5217;youtube&#x5F71;&#x7247;&#x7684;&#x6642;&#x5019;&#xFF0C;&#x53EF;&#x4EE5;&#x900F;&#x904E;&#x5FAA;&#x74B0;&#x64AD;&#x653E;&#x7684;&#x529F;&#x80FD;&#xFF0C;&#x4F86;&#x628A;&#x6BCF;&#x90E8;&#x5F71;&#x7247;&#x7576;&#x4F5C;&#x7BC0;&#x9EDE;&#xFF0C;&#x5C07;&#x6BCF;&#x90E8;&#x5F71;&#x7247;&#x4E32;&#x5728;&#x4E00;&#x8D77;&#xFF0C;&#x7576;&#x6574;&#x500B;&#x7CFB;&#x5217;&#x90FD;&#x64AD;&#x653E;&#x5B8C;&#x5F8C;&#xFF0C;&#x900F;&#x904E;&#x6307;&#x6A19;&#x6307;&#x5411;&#x7684;&#x65B9;&#x5F0F;&#x5F9E;&#x982D;&#x518D;&#x5FAA;&#x74B0;&#x4E00;&#x6B21;&#xFF0C;&#x8B93;&#x9019;&#x7CFB;&#x5217;&#x5F71;&#x7247;&#x53EF;&#x4EE5;&#x5FAA;&#x74B0;&#x64AD;&#x653E;&#x3002;&lt;/p&gt; </content>
  <attach></attach>
  <rcount></rcount>
  <rank></rank>
  <hit>12</hit>
  <lang>1</lang>
</data>
