<?xml version="1.0"?>
<data version="3.0" time="2024-07-20 09:55:07" type="post" filename="b000000004000000001.xml">
  <open_time>0000-00-00</open_time>
  <close_time>0000-00-00</close_time>
  <lang_name>Big5</lang_name>
  <board_id>1001278680</board_id>
  <node>000000004000000001</node>
  <site>1000110001</site>
  <pt>2023-07-12 11:29:53</pt>
  <poster>11813</poster>
  <realname>&#x5433;&#x5B9C;&#x9D3B;  </realname>
  <email>yhwu@cycu.edu.tw</email>
  <homepage>https://www.researchgate.net/profile/Yi-Hung-Wu-2  </homepage>
  <subject>Re: 123. &#x5BEB;C++&#x7A0B;&#x5F0F;&#x78BC;&#x8AAA;&#x660E;&#x5982;&#x4F55;&#x8907;&#x88FD;&#x4E00;&#x6574;&#x500B;&#x93C8;&#x7D50;&#x4E32;&#x5217;linked list&#x5230;&#x53E6;&#x4E00;&#x500B;&#x8B8A;&#x6578;&#x3002;  </subject>
  <content>&lt;p&gt;&#x9808;&#x63D0;&#x4F9B;&#x5B8C;&#x6574;&#x4E14;&#x53EF;&#x57F7;&#x884C;&#x7684;C/C++&#x7A0B;&#x5F0F;&#x78BC;&#x3002;&lt;/p&gt;&#xD;
&#xD;
&lt;p&gt;Node* newHead = new Node(head-&amp;gt;data);&lt;br /&gt;&#xD;
cloneLinkedList(head)&lt;/p&gt;&#xD;
&#xD;
&lt;p&gt;&lt;span style="color:#ff0000"&gt;&#x6C92;&#x6709;&#x51FD;&#x6578;&#x5B9A;&#x7FA9;&#x662F;&#x7121;&#x6CD5;&#x57F7;&#x884C;&#x7684;&#xFF01;&lt;/span&gt;&lt;/p&gt; </content>
  <attach></attach>
  <rcount></rcount>
  <rank></rank>
  <hit>1</hit>
  <lang>1</lang>
</data>
