<?xml version="1.0"?>
<data version="3.0" time="2024-07-20 09:55:07" type="post" filename="b000000020.xml">
  <open_time>0000-00-00</open_time>
  <close_time>0000-00-00</close_time>
  <lang_name>Big5</lang_name>
  <board_id>1001278680</board_id>
  <node>000000020</node>
  <site>1000110001</site>
  <pt>2023-07-15 20:44:48</pt>
  <poster>10927250</poster>
  <realname>&#x53E4;&#x5BB8;&#x5B87;  </realname>
  <email>ku0905264478@gmail.com</email>
  <homepage>  </homepage>
  <subject>&#x6436;&#x7B54;121 </subject>
  <content>&lt;p&gt;&#x8209;&#x4F8B;&#x8AAA;&#x660E;&#x4F7F;&#x7528;&#x74B0;&#x72C0;&#x93C8;&#x7D50;&#x4E32;&#x5217;Circularly linked list&#x7684;&#x60C5;&#x5883;&#x3002;&lt;/p&gt;&#xD;
&#xD;
&lt;p&gt;A:&#x6392;&#x73ED;&#x7CFB;&#x7D71;&#xFF0C;&#x7528;&#x65BC;&#x7BA1;&#x7406;&#x4E00;&#x500B;24&#x5C0F;&#x6642;&#x904B;&#x4F5C;&#x7684;&#x6392;&#x73ED;&#x3002;&lt;/p&gt;&#xD;
&#xD;
&lt;p&gt;&#x8B93;&#x6BCF;&#x500B;&#x54E1;&#x5DE5;&#x90FD;&#x88AB;&#x8996;&#x70BA;&#x4E00;&#x500B;&#x7BC0;&#x9EDE;&#xFF0C;&#x7136;&#x5F8C;&#x6BCF;&#x500B;&#x7BC0;&#x9EDE;&#x90FD;&#x5305;&#x542B;&#x6307;&#x5411;&#x4E0B;&#x4E00;&#x500B;&#x54E1;&#x5DE5;&#x7BC0;&#x9EDE;&#x7684;&#x6307;&#x6A19;&#x3002;&#x6240;&#x6709;&#x7684;&#x54E1;&#x5DE5;&#x7BC0;&#x9EDE;&#x5F62;&#x6210;&#x4E00;&#x500B;&#x74B0;&#xFF0C;&#x5176;&#x4E2D;&#x6700;&#x5F8C;&#x4E00;&#x500B;&#x54E1;&#x5DE5;&#x7BC0;&#x9EDE;&#x7684;&#x6307;&#x6A19;&#x6307;&#x5411;&#x7B2C;&#x4E00;&#x500B;&#x54E1;&#x5DE5;&#x7BC0;&#x9EDE;&#xFF0C;&#x5F62;&#x6210;&#x4E86;&#x4E00;&#x500B;&#x74B0;&#x72C0;&#x93C8;&#x7D50;&#x4E32;&#x5217;&#xFF0C;&#x9019;&#x6A23;&#x5C31;&#x5F62;&#x6210;&#x4E00;&#x500B;&#x6392;&#x73ED;&#x5FAA;&#x74B0;&#x3002;&lt;/p&gt; </content>
  <attach></attach>
  <rcount></rcount>
  <rank></rank>
  <hit>13</hit>
  <lang>1</lang>
</data>
