<?xml version="1.0"?>
<data version="3.0" time="2024-07-20 09:55:07" type="post" filename="b000000026.xml">
  <open_time>0000-00-00</open_time>
  <close_time>0000-00-00</close_time>
  <lang_name>Big5</lang_name>
  <board_id>1001278680</board_id>
  <node>000000026</node>
  <site>1000110001</site>
  <pt>2023-07-15 23:44:01</pt>
  <poster>06005914</poster>
  <realname>&#x9673;&#x5F65;&#x4E2D;  </realname>
  <email>jackson89911@gmail.com</email>
  <homepage>  </homepage>
  <subject>&#x6436;&#x7B54;121 </subject>
  <content>&lt;p&gt;121. &#x8209;&#x4F8B;&#x8AAA;&#x660E;&#x4F7F;&#x7528;&#x74B0;&#x72C0;&#x93C8;&#x7D50;&#x4E32;&#x5217;Circularly linked list&#x7684;&#x60C5;&#x5883;&#x3002;&lt;/p&gt;&#xD;
&#xD;
&lt;p&gt;A:&#x5047;&#x8A2D;&#x4E00;&#x500B;&#x8CFD;&#x8ECA;&#x904A;&#x6232;&#x4E2D;&#x7684;&#x8CFD;&#x9053;&#x662F;&#x74B0;&#x72C0;&#x5C01;&#x9589;&#x7684;&#xFF0C;&#x5728;&#x8CFD;&#x9053;&#x4E4B;&#x4E2D;&#x8A2D;&#x6709;&#x6AA2;&#x67E5;&#x9EDE;&#x6AA2;&#x67E5;&#x73A9;&#x5BB6;&#x662F;&#x5426;&#x6709;&#x901A;&#x904E;&#x3002;&#x74B0;&#x72C0;&#x93C8;&#x7D50;&#x4E32;&#x5217;&#x5C31;&#x53EF;&#x7528;&#x65BC;&#x8FFD;&#x8E64;&#x8CFD;&#x8ECA;&#x904A;&#x6232;&#x4E2D;&#x7684;&#x8CFD;&#x9053;&#x6AA2;&#x67E5;&#x9EDE;&#x7684;&#x9806;&#x5E8F;&#x3002;&#x6BCF;&#x500B;&#x6AA2;&#x67E5;&#x9EDE;&#x53EF;&#x4EE5;&#x8868;&#x793A;&#x70BA;&#x4E00;&#x500B;&#x7BC0;&#x9EDE;&#xFF0C;&#x4E26;&#x5C07;&#x6700;&#x5F8C;&#x7684;&#x6AA2;&#x67E5;&#x9EDE;&#x7BC0;&#x9EDE;&#x6307;&#x5411;&#x7B2C;&#x4E00;&#x500B;&#x6AA2;&#x67E5;&#x9EDE;&#x5F62;&#x6210;&#x74B0;&#x72C0;&#x7D50;&#x69CB;&#xFF0C;&#x4F7F;&#x73A9;&#x5BB6;&#x80FD;&#x5920;&#x5FAA;&#x74B0;&#x901A;&#x904E;&#x6AA2;&#x67E5;&#x9EDE;&#x3002;&#x800C;&#x7576;&#x6AA2;&#x67E5;&#x9EDE;&#x8A2D;&#x7F6E;&#x7684;&#x5920;&#x5BC6;&#x96C6;&#x6642;&#xFF0C;&#x4E5F;&#x53EF;&#x4EE5;&#x9760;&#x901A;&#x904E;&#x73A9;&#x5BB6;&#x901A;&#x904E;&#x6AA2;&#x67E5;&#x9EDE;&#x9806;&#x5E8F;&#x4F86;&#x5224;&#x65B7;&#x73A9;&#x5BB6;&#x884C;&#x99DB;&#x65B9;&#x5411;&#xFF0C;&#x5982;&#x679C;&#x9806;&#x5E8F;&#x53CD;&#x4E86;&#xFF0C;&#x53EF;&#x4EE5;&#x901A;&#x77E5;&#x73A9;&#x5BB6;&#x73FE;&#x5728;&#x6B63;&#x5728;&#x9006;&#x5411;&#x4E2D;&#x3002;&lt;/p&gt; </content>
  <attach></attach>
  <rcount></rcount>
  <rank></rank>
  <hit>10</hit>
  <lang>1</lang>
</data>
