<?xml version="1.0"?>
<data version="3.0" time="2024-07-20 09:55:07" type="post" filename="b000000002.xml">
  <open_time>0000-00-00</open_time>
  <close_time>0000-00-00</close_time>
  <lang_name>Big5</lang_name>
  <board_id>1001278680</board_id>
  <node>000000002</node>
  <site>1000110001</site>
  <pt>2023-07-11 01:40:26</pt>
  <poster>06005727</poster>
  <realname>&#x9673;&#x5F65;&#x52F3;  </realname>
  <email>cys890403@gmail.com</email>
  <homepage>  </homepage>
  <subject>&#x6436;&#x7B54;124 </subject>
  <content>&lt;p&gt;&#x554F;124&#xFF1A;&#x5408;&#x6CD5;&#x904B;&#x7B97;&#x5F0F;&#x82E5;&#x6709;&#x4E09;&#x7D44;&#x62EC;&#x5F27;&#xFF0C;&#x53EF;&#x4EE5;&#x6709;&#x5E7E;&#x7A2E;&#x4E0D;&#x540C;&#x7684;&#x5F62;&#x5F0F;&#xFF1F;&#x4F8B;&#x5982;()()()&#x548C;(()())&#x5C31;&#x662F;&#x4E8C;&#x7A2E;&#x4E0D;&#x540C;&#x7684;&#x5F62;&#x5F0F;&#x3002;&lt;/p&gt;&#xD;
&#xD;
&lt;p&gt;&#x7B54;124&#xFF1A;&#x4E09;&#x500B;&#x5DE6;&#x62EC;&#x865F;&#x53CA;&#x4E09;&#x500B;&#x53F3;&#x62EC;&#x865F;&#x4E4B;&#x5408;&#x6CD5;&#x914D;&#x5C0D;&#x6578;&#x70BA;&#x4E94;&#x7A2E;&#x3002;&lt;/p&gt;&#xD;
&#xD;
&lt;p&gt;1.( ) ( ) ( )&lt;/p&gt;&#xD;
&#xD;
&lt;p&gt;2.( ( ( ) ) )&lt;/p&gt;&#xD;
&#xD;
&lt;p&gt;3.( ) ( ( ) )&lt;/p&gt;&#xD;
&#xD;
&lt;p&gt;4.( ( ) ) ( )&lt;/p&gt;&#xD;
&#xD;
&lt;p&gt;5.( ( ) ( ) )&lt;/p&gt;&#xD;
&#xD;
&lt;p&gt;&#x516C;&#x5F0F;&#x70BA;&#xFF1A;(1/n+1)*(2n&#x53D6;n)&#xFF08;Catalan Number&#xFF09;&#x3002;&lt;/p&gt; </content>
  <attach></attach>
  <rcount></rcount>
  <rank></rank>
  <hit>31</hit>
  <lang>1</lang>
</data>
