<?xml version="1.0"?>
<data version="3.0" time="2024-07-20 09:55:07" type="post" filename="b000000023.xml">
  <open_time>0000-00-00</open_time>
  <close_time>0000-00-00</close_time>
  <lang_name>Big5</lang_name>
  <board_id>1001278680</board_id>
  <node>000000023</node>
  <site>1000110001</site>
  <pt>2023-07-15 21:33:36</pt>
  <poster>10927250</poster>
  <realname>&#x53E4;&#x5BB8;&#x5B87;  </realname>
  <email>ku0905264478@gmail.com</email>
  <homepage>  </homepage>
  <subject>&#x6436;&#x7B54;124 </subject>
  <content>&lt;p class="p2" style="margin: 0px; font-stretch: normal; font-size: 17px; line-height: normal; font-size-adjust: none; font-kerning: auto; font-variant-alternates: normal; font-variant-ligatures: normal; font-variant-numeric: normal; font-variant-east-asian: normal; font-variant-position: normal; font-feature-settings: normal; font-optical-sizing: auto; font-variation-settings: normal; caret-color: rgb(0, 0, 0); color: rgb(0, 0, 0); -webkit-text-size-adjust: auto;"&gt;&lt;span class="s2"&gt;&#x5408;&#x6CD5;&#x904B;&#x7B97;&#x5F0F;&#x82E5;&#x6709;&#x4E09;&#x7D44;&#x62EC;&#x5F27;&#xFF0C;&#x53EF;&#x4EE5;&#x6709;&#x5E7E;&#x7A2E;&#x4E0D;&#x540C;&#x7684;&#x5F62;&#x5F0F;&#xFF1F;&#x4F8B;&#x5982;&lt;/span&gt;&lt;span class="s1" style="font-family:UICTFontTextStyleBody"&gt;()()()&lt;/span&gt;&lt;span class="s2"&gt;&#x548C;&lt;/span&gt;&lt;span class="s1" style="font-family:UICTFontTextStyleBody"&gt;(()())&lt;/span&gt;&lt;span class="s2"&gt;&#x5C31;&#x662F;&#x4E8C;&#x7A2E;&#x4E0D;&#x540C;&#x7684;&#x5F62;&#x5F0F;&#x3002;&lt;/span&gt;&lt;/p&gt;&#xD;
&#xD;
&lt;p class="p1" style="margin: 0px; font-stretch: normal; font-size: 17px; line-height: normal; font-size-adjust: none; font-kerning: auto; font-variant-alternates: normal; font-variant-ligatures: normal; font-variant-numeric: normal; font-variant-east-asian: normal; font-variant-position: normal; font-feature-settings: normal; font-optical-sizing: auto; font-variation-settings: normal; min-height: 22px; caret-color: rgb(0, 0, 0); color: rgb(0, 0, 0); -webkit-text-size-adjust: auto;"&gt;&amp;nbsp;&lt;/p&gt;&#xD;
&#xD;
&lt;p class="p3" style="margin: 0px; font-stretch: normal; font-size: 17px; line-height: normal; font-size-adjust: none; font-kerning: auto; font-variant-alternates: normal; font-variant-ligatures: normal; font-variant-numeric: normal; font-variant-east-asian: normal; font-variant-position: normal; font-feature-settings: normal; font-optical-sizing: auto; font-variation-settings: normal; caret-color: rgb(0, 0, 0); color: rgb(0, 0, 0); -webkit-text-size-adjust: auto;"&gt;&lt;span class="s1" style="font-family:UICTFontTextStyleBody"&gt;A:&lt;/span&gt;&lt;span class="s2"&gt;&#x4E94;&#x7A2E;&lt;/span&gt;&lt;/p&gt;&#xD;
&#xD;
&lt;p class="p1" style="margin: 0px; font-stretch: normal; font-size: 17px; line-height: normal; font-size-adjust: none; font-kerning: auto; font-variant-alternates: normal; font-variant-ligatures: normal; font-variant-numeric: normal; font-variant-east-asian: normal; font-variant-position: normal; font-feature-settings: normal; font-optical-sizing: auto; font-variation-settings: normal; min-height: 22px; caret-color: rgb(0, 0, 0); color: rgb(0, 0, 0); -webkit-text-size-adjust: auto;"&gt;&amp;nbsp;&lt;/p&gt;&#xD;
&#xD;
&lt;p class="p3" style="margin: 0px; font-stretch: normal; font-size: 17px; line-height: normal; font-size-adjust: none; font-kerning: auto; font-variant-alternates: normal; font-variant-ligatures: normal; font-variant-numeric: normal; font-variant-east-asian: normal; font-variant-position: normal; font-feature-settings: normal; font-optical-sizing: auto; font-variation-settings: normal; caret-color: rgb(0, 0, 0); color: rgb(0, 0, 0); -webkit-text-size-adjust: auto;"&gt;&lt;span class="s1" style="font-family:UICTFontTextStyleBody"&gt;1.( ) ( ) ( )&lt;/span&gt;&lt;span class="s2"&gt;&#x4E09;&#x500B;&#x62EC;&#x5F27;&#x7368;&#x7ACB;&lt;/span&gt;&lt;/p&gt;&#xD;
&#xD;
&lt;p class="p1" style="margin: 0px; font-stretch: normal; font-size: 17px; line-height: normal; font-size-adjust: none; font-kerning: auto; font-variant-alternates: normal; font-variant-ligatures: normal; font-variant-numeric: normal; font-variant-east-asian: normal; font-variant-position: normal; font-feature-settings: normal; font-optical-sizing: auto; font-variation-settings: normal; min-height: 22px; caret-color: rgb(0, 0, 0); color: rgb(0, 0, 0); -webkit-text-size-adjust: auto;"&gt;&amp;nbsp;&lt;/p&gt;&#xD;
&#xD;
&lt;p class="p3" style="margin: 0px; font-stretch: normal; font-size: 17px; line-height: normal; font-size-adjust: none; font-kerning: auto; font-variant-alternates: normal; font-variant-ligatures: normal; font-variant-numeric: normal; font-variant-east-asian: normal; font-variant-position: normal; font-feature-settings: normal; font-optical-sizing: auto; font-variation-settings: normal; caret-color: rgb(0, 0, 0); color: rgb(0, 0, 0); -webkit-text-size-adjust: auto;"&gt;&lt;span class="s1" style="font-family:UICTFontTextStyleBody"&gt;2.( ( ( ) ) )&lt;/span&gt;&lt;span class="s2"&gt;&#x50CF;&#x6D0B;&#x8525;&#x5305;&#x5728;&#x4E00;&#x8D77;&lt;/span&gt;&lt;/p&gt;&#xD;
&#xD;
&lt;p class="p1" style="margin: 0px; font-stretch: normal; font-size: 17px; line-height: normal; font-size-adjust: none; font-kerning: auto; font-variant-alternates: normal; font-variant-ligatures: normal; font-variant-numeric: normal; font-variant-east-asian: normal; font-variant-position: normal; font-feature-settings: normal; font-optical-sizing: auto; font-variation-settings: normal; min-height: 22px; caret-color: rgb(0, 0, 0); color: rgb(0, 0, 0); -webkit-text-size-adjust: auto;"&gt;&amp;nbsp;&lt;/p&gt;&#xD;
&#xD;
&lt;p class="p3" style="margin: 0px; font-stretch: normal; font-size: 17px; line-height: normal; font-size-adjust: none; font-kerning: auto; font-variant-alternates: normal; font-variant-ligatures: normal; font-variant-numeric: normal; font-variant-east-asian: normal; font-variant-position: normal; font-feature-settings: normal; font-optical-sizing: auto; font-variation-settings: normal; caret-color: rgb(0, 0, 0); color: rgb(0, 0, 0); -webkit-text-size-adjust: auto;"&gt;&lt;span class="s1" style="font-family:UICTFontTextStyleBody"&gt;3.( ) ( ( ) )&lt;/span&gt;&lt;span class="s2"&gt;&#x524D;&#x9762;&#x7368;&#x7ACB;&#x5F8C;&#x9762;&#x5169;&#x500B;&#x5927;&#x5305;&#x5C0F;&lt;/span&gt;&lt;/p&gt;&#xD;
&#xD;
&lt;p class="p1" style="margin: 0px; font-stretch: normal; font-size: 17px; line-height: normal; font-size-adjust: none; font-kerning: auto; font-variant-alternates: normal; font-variant-ligatures: normal; font-variant-numeric: normal; font-variant-east-asian: normal; font-variant-position: normal; font-feature-settings: normal; font-optical-sizing: auto; font-variation-settings: normal; min-height: 22px; caret-color: rgb(0, 0, 0); color: rgb(0, 0, 0); -webkit-text-size-adjust: auto;"&gt;&amp;nbsp;&lt;/p&gt;&#xD;
&#xD;
&lt;p class="p3" style="margin: 0px; font-stretch: normal; font-size: 17px; line-height: normal; font-size-adjust: none; font-kerning: auto; font-variant-alternates: normal; font-variant-ligatures: normal; font-variant-numeric: normal; font-variant-east-asian: normal; font-variant-position: normal; font-feature-settings: normal; font-optical-sizing: auto; font-variation-settings: normal; caret-color: rgb(0, 0, 0); color: rgb(0, 0, 0); -webkit-text-size-adjust: auto;"&gt;&lt;span class="s1" style="font-family:UICTFontTextStyleBody"&gt;4.( ( ) ) ( )&lt;/span&gt;&lt;span class="s2"&gt;&#x524D;&#x9762;&#x5169;&#x500B;&#x5927;&#x5305;&#x5C0F;&#x5F8C;&#x9762;&#x7368;&#x7ACB;&lt;/span&gt;&lt;/p&gt;&#xD;
&#xD;
&lt;p class="p1" style="margin: 0px; font-stretch: normal; font-size: 17px; line-height: normal; font-size-adjust: none; font-kerning: auto; font-variant-alternates: normal; font-variant-ligatures: normal; font-variant-numeric: normal; font-variant-east-asian: normal; font-variant-position: normal; font-feature-settings: normal; font-optical-sizing: auto; font-variation-settings: normal; min-height: 22px; caret-color: rgb(0, 0, 0); color: rgb(0, 0, 0); -webkit-text-size-adjust: auto;"&gt;&amp;nbsp;&lt;/p&gt;&#xD;
&#xD;
&lt;p class="p2" style="margin: 0px; font-stretch: normal; font-size: 17px; line-height: normal; font-size-adjust: none; font-kerning: auto; font-variant-alternates: normal; font-variant-ligatures: normal; font-variant-numeric: normal; font-variant-east-asian: normal; font-variant-position: normal; font-feature-settings: normal; font-optical-sizing: auto; font-variation-settings: normal; caret-color: rgb(0, 0, 0); color: rgb(0, 0, 0); -webkit-text-size-adjust: auto;"&gt;&lt;span class="s1" style="font-family:UICTFontTextStyleBody"&gt;5.( ( ) ( ) )&lt;/span&gt;&lt;span class="s2"&gt;&#x5916;&#x9762;&#x4E00;&#x500B;&#x5927;&#x62EC;&#x5F27;&#x88E1;&#x9762;&#x5169;&#x500B;&#x7368;&#x7ACB;&#x7684;&#x5C0F;&#x62EC;&#x5F27;&lt;/span&gt;&lt;/p&gt;&#xD;
&#xD;
&lt;p class="p2" style="margin: 0px; font-stretch: normal; font-size: 17px; line-height: normal; font-size-adjust: none; font-kerning: auto; font-variant-alternates: normal; font-variant-ligatures: normal; font-variant-numeric: normal; font-variant-east-asian: normal; font-variant-position: normal; font-feature-settings: normal; font-optical-sizing: auto; font-variation-settings: normal; caret-color: rgb(0, 0, 0); color: rgb(0, 0, 0); -webkit-text-size-adjust: auto;"&gt;&amp;nbsp;&lt;/p&gt; </content>
  <attach></attach>
  <rcount></rcount>
  <rank></rank>
  <hit>14</hit>
  <lang>1</lang>
</data>
