<?xml version="1.0"?>
<data version="3.0" time="2024-07-20 09:55:07" type="post" filename="b000000013.xml">
  <open_time>0000-00-00</open_time>
  <close_time>0000-00-00</close_time>
  <lang_name>Big5</lang_name>
  <board_id>1001278680</board_id>
  <node>000000013</node>
  <site>1000110001</site>
  <pt>2023-07-14 12:03:02</pt>
  <poster>06005734</poster>
  <realname>&#x5B8B;&#x80B2;&#x81F4;  </realname>
  <email>asdeax8177616@gmail.com</email>
  <homepage>  </homepage>
  <subject>&#x6436;&#x7B54; 122 </subject>
  <content>&lt;p&gt;+ * 2 4 6 * - 7 5&#x662F;&#x524D;&#x5E8F;&#x5F0F;&#x55CE;&#xFF1F;&#x70BA;&#x4EC0;&#x9EBC;&#xFF1F;&lt;/p&gt;&#xD;
&#xD;
&lt;p&gt;&#x4E0D;&#x662F;&#xFF0C;&#x56E0;&#x70BA;&#x6B63;&#x5E38;&#x7684;&#x524D;&#x5E8F;&#x904B;&#x7B97;&#x57F7;&#x884C;&#x4E0D;&#x4E86;&#xFF0C;&#x591A;&#x4E86;&#x4E00;&#x500B;*&#x865F;&#xFF0C;&#x904B;&#x7B97;&#x4E0B;&#x4F86;&#x6703;&#x8B8A;&#x6210;+ * 2 4 6 * 2-&amp;gt;+8 6 * 2-&amp;gt;14 * 2&#x3002;&lt;br /&gt;&#xD;
&amp;nbsp;&lt;/p&gt; </content>
  <attach></attach>
  <rcount></rcount>
  <rank></rank>
  <hit>30</hit>
  <lang>1</lang>
</data>
