<?xml version="1.0"?>
<data version="3.0" time="2024-07-20 09:55:07" type="post" filename="b000000021000000001.xml">
  <open_time>0000-00-00</open_time>
  <close_time>0000-00-00</close_time>
  <lang_name>Big5</lang_name>
  <board_id>1001278680</board_id>
  <node>000000021000000001</node>
  <site>1000110001</site>
  <pt>2023-07-16 16:02:32</pt>
  <poster>11813</poster>
  <realname>&#x5433;&#x5B9C;&#x9D3B;  </realname>
  <email>yhwu@cycu.edu.tw</email>
  <homepage>https://www.researchgate.net/profile/Yi-Hung-Wu-2  </homepage>
  <subject>Re: &#x6436;&#x7B54;122  </subject>
  <content>&lt;p&gt;&amp;quot;&#x6C92;&#x6709;&#x904B;&#x7B97;&#x5B50;&#x591A;&#x4E86;&#x4E00;&#x500B;&#x904B;&#x7B97;&#x5143;&amp;quot; ?&lt;/p&gt; </content>
  <attach></attach>
  <rcount></rcount>
  <rank></rank>
  <hit>1</hit>
  <lang>1</lang>
</data>
