<?xml version="1.0"?>
<data version="3.0" time="2024-07-20 09:55:07" type="post" filename="b000000010.xml">
  <open_time>0000-00-00</open_time>
  <close_time>0000-00-00</close_time>
  <lang_name>Big5</lang_name>
  <board_id>1001278680</board_id>
  <node>000000010</node>
  <site>1000110001</site>
  <pt>2023-07-13 02:46:23</pt>
  <poster>06005636</poster>
  <realname>&#x6731;&#x7D18;&#x6B63;  </realname>
  <email>henry3446@gmail.com</email>
  <homepage> </homepage>
  <subject>&#x6436;&#x7B54;122 </subject>
  <content>&lt;p&gt;122. + * 2 4 6 * - 7 5&#x662F;&#x524D;&#x5E8F;&#x5F0F;&#x55CE;&#xFF1F;&#x70BA;&#x4EC0;&#x9EBC;&#xFF1F;&lt;/p&gt;&#xD;
&#xD;
&lt;p&gt;&#x524D;&#x5E8F;&#x5F0F;&#x5B9A;&#x7FA9;: (&#x904B;&#x7B97;&#x5B50;, &#x904B;&#x7B97;&#x5143;,&#x904B;&#x7B97;&#x5143;)&#xFF0C;&#x4F46;&#x5C0D;&#x65BC;&#x984C;&#x76EE;&lt;span style="font-family:Arial,Helvetica,sans-serif"&gt;&#x904B;&#x7B97;&#x5F0F;+ * 2 4 6 * - 7 5&#xFF0C;&#x6211;&#x5011;&#x53EF;&#x4EE5;&#x770B;&#x5230;&#x7B2C;&#x4E00;&#x500B;&#x904B;&#x7B97;&#x5B50;&#x662F;&amp;quot;+&amp;quot;&#xFF0C;&#x5B83;&#x5F8C;&#x9762;&#x8DDF;&#x8457;&#x5169;&#x500B;&#x5B50;&#x904B;&#x7B97;&#x5F0F; * 2 4 6 &#x548C; * - 7 5&#x3002;&#x7136;&#x800C;&#xFF0C;&amp;quot;* 2 4 6&amp;quot; &#x548C; &amp;quot;* - 7 5&amp;quot; &#x4E26;&#x4E0D;&#x662F;&#x904B;&#x7B97;&#x5143;&#x7DCA;&#x8DDF;&#x5728;&#x904B;&#x7B97;&#x5B50;&#x4E4B;&#x5F8C;&#x7684;&#x5F62;&#x5F0F;&#xFF0C;&#x56E0;&#x6B64;&#x9019;&#x500B;&#x904B;&#x7B97;&#x5F0F;&#x4E0D;&#x7B26;&#x5408;&#x524D;&#x5E8F;&#x5F0F;&#x7684;&#x5B9A;&#x7FA9;&#x3002;&lt;/span&gt;&lt;/p&gt;</content>
  <attach></attach>
  <rcount></rcount>
  <rank></rank>
  <hit>41</hit>
  <lang>1</lang>
</data>
