<?xml version="1.0"?>
<data version="3.0" time="2024-07-20 09:55:07" type="post" filename="b000000017.xml">
  <open_time>0000-00-00</open_time>
  <close_time>0000-00-00</close_time>
  <lang_name>Big5</lang_name>
  <board_id>1001278680</board_id>
  <node>000000017</node>
  <site>1000110001</site>
  <pt>2023-07-15 14:48:10</pt>
  <poster>06004870</poster>
  <realname>&#x66FE;&#x6D5A;&#x6977;  </realname>
  <email>kenneth61215@gmail.com</email>
  <homepage>  </homepage>
  <subject>&#x6436;&#x7B54;124 </subject>
  <content>&lt;p&gt;124. &#x5408;&#x6CD5;&#x904B;&#x7B97;&#x5F0F;&#x82E5;&#x6709;&#x4E09;&#x7D44;&#x62EC;&#x5F27;&#xFF0C;&#x53EF;&#x4EE5;&#x6709;&#x5E7E;&#x7A2E;&#x4E0D;&#x540C;&#x7684;&#x5F62;&#x5F0F;&#xFF1F;&#x4F8B;&#x5982;()()()&#x548C;(()())&#x5C31;&#x662F;&#x4E8C;&#x7A2E;&#x4E0D;&#x540C;&#x7684;&#x5F62;&#x5F0F;&#x3002;&lt;/p&gt;&#xD;
&#xD;
&lt;p&gt;&#x7B54;: &#x56E0;&#x70BA;&#x5DF2;&#x7D93;&#x6709;&#x4EBA;&#x7528;Catalan number&#x56DE;&#x7B54;&#xFF0C;&#x6240;&#x4EE5;&#x9019;&#x908A;&#x6211;&#x6A21;&#x64EC;&#x4E86;&#x4E00;&#x500B;&#x60C5;&#x5883;&#x4F86;&#x9032;&#x884C;&#x7AAE;&#x8209;&lt;/p&gt;&#xD;
&#xD;
&lt;p&gt;&#x5047;&#x8A2D;&#x6709;&#x4E09;&#x689D;&#x6A61;&#x76AE;&#x7B4B;&#x8981;&#x5957;&#x5728;&#x67F1;&#x5B50;&#x4E0A;&#xFF0C;&#x898F;&#x5247;&#x5982;&#x4E0B;:&lt;/p&gt;&#xD;
&#xD;
&lt;p&gt;&#x898F;&#x5247;:&amp;nbsp;1. &#x6240;&#x6709;&#x67F1;&#x5B50;&#x90FD;&#x8981;&#x6709;&#x81F3;&#x5C11;&#x4E00;&#x689D;&#x6A61;&#x76AE;&#x7B4B;&#x662F;&#x55AE;&#x7368;&#x5957;&#x5728;&#x4E0A;&#x9762; (&#x25CF;)&lt;/p&gt;&#xD;
&#xD;
&lt;p&gt;&amp;nbsp; &amp;nbsp; &amp;nbsp; &amp;nbsp; &amp;nbsp;2. &#x6A61;&#x76AE;&#x7B4B;&#x53EF;&#x4EE5;&#x5957;&#x4F4F;&#x4EFB;&#x610F;&#x6578;&#x91CF;&#x7684;&#x67F1;&#x5B50;&#xFF0C;&#x4F8B;&#x5982;: &#x4E00;&#x689D;&#x6A61;&#x76AE;&#x7B4B;&#x5957;&#x4F4F;&#x5169;&#x6839;&#x67F1;&#x5B50; (&#x25CF; &#x25CF;)&lt;/p&gt;&#xD;
&#xD;
&lt;p&gt;&#x60C5;&#x6CC1;&#x4E00;: &#x4E00;&#x6839;&#x67F1;&#x5B50;: &#x6240;&#x6709;&#x6A61;&#x76AE;&#x7B4B;&#x90FD;&#x5728;&#x540C;&#x4E00;&#x6839;&#x67F1;&#x5B50;&#x4E0A; =&amp;gt; (((&#x25CF;)))&lt;/p&gt;&#xD;
&#xD;
&lt;p&gt;&#x60C5;&#x6CC1;&#x4E8C;: &#x5169;&#x6839;&#x67F1;&#x5B50;: &#x5169;&#x6839;&#x67F1;&#x5B50;&#x5148;&#x5404;&#x5957;&#x4E00;&#x689D;&#x6A61;&#x76AE;&#x7B4B;&#xFF0C;&#x5269;&#x4E0B;&#x7684;&#x6A61;&#x76AE;&#x7B4B;&#x5C31;&#x53EF;&#x4EE5;&#x5957;&#x5728;&#x4EFB;&#x610F;&#x67F1;&#x5B50; =&amp;gt; (&#x25CF;) ((&#x25CF;)) &#x6216; ((&#x25CF;)) (&#x25CF;) &#x6216; ((&#x25CF;) (&#x25CF;))&lt;/p&gt;&#xD;
&#xD;
&lt;p&gt;&#x60C5;&#x6CC1;&#x4E09;: &#x4E09;&#x6839;&#x67F1;&#x5B50;: &#x4E09;&#x6839;&#x67F1;&#x5B50;&#x5404;&#x5957;&#x4E00;&#x689D;&#x6A61;&#x76AE;&#x7B4B;&#xFF0C;&#x5269;&#x4E0B;&#x7684;&#x6A61;&#x76AE;&#x7B4B;&#x53EF;&#x4EE5;&#x5957;&#x5728;&#x4EFB;&#x610F;&#x67F1;&#x5B50;&#xFF0C;&#x4F46;&#x6C92;&#x6709;&#x5269;&#x9918;&#x7684;&#x6A61;&#x76AE;&#x7B4B;&#x4E86; =&amp;gt; (&#x25CF;) (&#x25CF;) (&#x25CF;)&lt;/p&gt;&#xD;
&#xD;
&lt;p&gt;&#x60C5;&#x6CC1;&#x56DB;: &#x56DB;&#x6839;&#x67F1;&#x5B50;: &#x6A61;&#x76AE;&#x7B4B;&#x6578;&#x91CF;&#x5DF2;&#x7121;&#x6CD5;&#x9054;&#x6210;&amp;nbsp;&#x898F;&#x5247;1.&lt;/p&gt;&#xD;
&#xD;
&lt;p&gt;&#x7531;&#x4E0A;&#x8FF0;&#x7AAE;&#x8209;&#x6CD5;&#x53EF;&#x4EE5;&#x5F97;&#x77E5;&#x5171;&#x6709;&#x4E94;&#x7A2E;&#x7D44;&#x5408;&lt;/p&gt; </content>
  <attach></attach>
  <rcount></rcount>
  <rank></rank>
  <hit>14</hit>
  <lang>1</lang>
</data>
