<?xml version="1.0"?>
<data version="3.0" time="2024-07-20 09:55:07" type="post" filename="b000000016.xml">
  <open_time>0000-00-00</open_time>
  <close_time>0000-00-00</close_time>
  <lang_name>Big5</lang_name>
  <board_id>1001278680</board_id>
  <node>000000016</node>
  <site>1000110001</site>
  <pt>2023-07-15 14:17:31</pt>
  <poster>06004870</poster>
  <realname>&#x66FE;&#x6D5A;&#x6977;  </realname>
  <email>kenneth61215@gmail.com</email>
  <homepage>  </homepage>
  <subject>&#x6436;&#x7B54;122 </subject>
  <content>&lt;p&gt;122. + * 2 4 6 * - 7 5&#x662F;&#x524D;&#x5E8F;&#x5F0F;&#x55CE;&#xFF1F;&#x70BA;&#x4EC0;&#x9EBC;&#xFF1F;&lt;/p&gt;&#xD;
&#xD;
&lt;p&gt;&#x7B54;: &#x7531;&#x53F3;&#x5411;&#x5DE6;&#x8B80;&#xFF0C;&#x5C0B;&#x627E;&amp;quot;&#x9023;&#x7E8C;&#x5169;&#x500B;&#x904B;&#x7B97;&#x5143;&#x63A5;&#x8457;&#x4E00;&#x500B;&#x904B;&#x7B97;&#x5B50;&amp;quot;&#xFF0C;&#x64CD;&#x4F5C;&#x5982;&#x4E0B;:&lt;/p&gt;&#xD;
&#xD;
&lt;p&gt;&#x9996;&#x5148;&#x770B;&#x5230; - 7 5 &#x7B26;&#x5408;&#x689D;&#x4EF6; =&amp;gt; 7 - 5 = 2 , &#x6240;&#x4EE5;&#x904B;&#x7B97;&#x5F0F;&#x8B8A;&#x70BA;: + * 2 4 6 * 2&lt;/p&gt;&#xD;
&#xD;
&lt;p&gt;&#x63A5;&#x4E0B;&#x4F86;&#x770B;&#x5230; * 2 4 &#x7B26;&#x5408;&#x689D;&#x4EF6; =&amp;gt; 2 * 4 = 8, &#x6240;&#x4EE5;&#x904B;&#x7B97;&#x5F0F;&#x8B8A;&#x70BA;: + 8 6 * 2&lt;/p&gt;&#xD;
&#xD;
&lt;p&gt;&#x63A5;&#x4E0B;&#x4F86;&#x770B;&#x5230; + 8 6 &#x7B26;&#x5408;&#x689D;&#x4EF6; =&amp;gt; 8 + 6 = 14, &#x6240;&#x4EE5;&#x904B;&#x7B97;&#x5F0F;&#x8B8A;&#x70BA;: 14 * 2&lt;/p&gt;&#xD;
&#xD;
&lt;p&gt;&#x56E0;&#x70BA;&#x904B;&#x7B97;&#x5F0F;&#x4E2D;&#x9084;&#x6709;&#x904B;&#x7B97;&#x5B50;&#xFF0C;&#x4F46;&#x6C92;&#x6709;&#x7B26;&#x5408;&#x689D;&#x4EF6;&#x7684;&#x6392;&#x5217;&#x4E86;&#xFF0C;&#x6545;&#x7121;&#x6CD5;&#x7E7C;&#x7E8C;&#x8A08;&#x7B97; =&amp;gt; &#x6B64;&#x70BA;&#x975E;&#x6CD5;&#x524D;&#x5E8F;&#x5F0F;&lt;/p&gt; </content>
  <attach></attach>
  <rcount></rcount>
  <rank></rank>
  <hit>16</hit>
  <lang>1</lang>
</data>
