<?xml version="1.0"?>
<data version="3.0" time="2024-07-20 09:55:07" type="post" filename="b000000015.xml">
  <open_time>0000-00-00</open_time>
  <close_time>0000-00-00</close_time>
  <lang_name>Big5</lang_name>
  <board_id>1001278680</board_id>
  <node>000000015</node>
  <site>1000110001</site>
  <pt>2023-07-15 13:31:27</pt>
  <poster>06004870</poster>
  <realname>&#x66FE;&#x6D5A;&#x6977;  </realname>
  <email>kenneth61215@gmail.com</email>
  <homepage>  </homepage>
  <subject>&#x6436;&#x7B54;121 </subject>
  <content>&lt;p&gt;121. &#x8209;&#x4F8B;&#x8AAA;&#x660E;&#x4F7F;&#x7528;&#x74B0;&#x72C0;&#x93C8;&#x7D50;&#x4E32;&#x5217;Circularly linked list&#x7684;&#x60C5;&#x5883;&#x3002;&lt;/p&gt;&#xD;
&#xD;
&lt;p&gt;&#x7B54;: &#x6642;&#x9418;&#xFF0C;&#x4EE5;12&#x5C0F;&#x6642;&#x5236;&#x4F86;&#x8AAA;&#xFF0C;&#x7576;Hour&#x8D70;&#x5230;12&#x6642;&#xFF0C;&#x4E0B;&#x4E00;&#x500B;&#x5C0F;&#x6642;&#x6703;&#x56DE;&#x5230;1&#x7E7C;&#x7E8C;&#x8D70;&#xFF0C;&#x800C;&#x4E0D;&#x662F;&#x8D70;12&#x5C0F;&#x6642;&#x5C31;&#x505C;&#x6B62;&lt;/p&gt;&#xD;
&#xD;
&lt;p&gt;&#x975E;&#x74B0;&#x72C0;&#x93C8;&#x7D50;&#x4E32;&#x5217;&#x6BD4;&#x8F03;&#x50CF;&#x662F;&#x62FF;&#x76F4;&#x5C3A;&#x91CF;&#x6E2C;&#x9577;&#x5EA6;&#xFF0C;&#x5982;&#x679C;&#x91CF;&#x6E2C;&#x8DDD;&#x96E2;&#x8D85;&#x904E;12&#x516C;&#x5206;&#x7684;&#x76F4;&#x5C3A;&#x6975;&#x9650;&#x6642;&#xFF0C;&#x6211;&#x5011;&#x9700;&#x8981;&#x7D00;&#x9304;&#x73FE;&#x5728;12&#x516C;&#x5206;&#x7684;&#x4F4D;&#x7F6E;&#xFF0C;&#x7136;&#x5F8C;&#x79FB;&#x52D5;&#x76F4;&#x5C3A;&#x5C07;0&#x516C;&#x5206;&#x5C0D;&#x5230;&#x539F;&#x4F86;&#x7684;12&#x516C;&#x5206;&#x7684;&#x4F4D;&#x7F6E;&#xFF0C;&#x624D;&#x80FD;&#x7E7C;&#x7E8C;&#x91CF;&#x6E2C;&#x3002;&lt;/p&gt; </content>
  <attach></attach>
  <rcount></rcount>
  <rank></rank>
  <hit>19</hit>
  <lang>1</lang>
</data>
