<?xml version="1.0"?>
<data version="3.0" time="2024-07-20 09:55:07" type="post" filename="b000000005.xml">
  <open_time>0000-00-00</open_time>
  <close_time>0000-00-00</close_time>
  <lang_name>Big5</lang_name>
  <board_id>1001278680</board_id>
  <node>000000005</node>
  <site>1000110001</site>
  <pt>2023-07-11 19:59:47</pt>
  <poster>06005636</poster>
  <realname>&#x6731;&#x7D18;&#x6B63;  </realname>
  <email>henry3446@gmail.com</email>
  <homepage>  </homepage>
  <subject>&#x6436;&#x7B54;125 </subject>
  <content>&lt;p&gt;125. &#x5BEB;&#x51FA;&#x53EF;&#x4EE5;&#x7CBE;&#x6E96;&#x63CF;&#x8FF0;&#x81EA;&#x5DF1;&#x5B78;&#x865F;(&#x5982;&#x5B57;&#x4E32;00605636)&#x7684;&#x6587;&#x6CD5;grammar&#x3002;&lt;/p&gt;&#xD;
&#xD;
&lt;p&gt;&#x6587;&#x6CD5; Grammar :&#x662F;&#x4E00;&#x7D44;&#x898F;&#x5247;&#xFF0C;&#x7528;&#x4E09;&#x8A00;&#x5169;&#x8A9E;&#x69CB;&#x7BC9;&#x4E00;&#x5927;&#x5806;&#x5B57;&#x4E32;&#x3001;&#x69CB;&#x7BC9;&#x4E00;&#x5957; Language &#x3002; Grammar &#x5FC5;&#x9808;&#x525B;&#x597D;&#x751F;&#x6210; Language &#x4E4B;&#x5167;&#x7684;&#x6240;&#x6709;&#x5B57;&#x4E32;&#x3001;&#x5FC5;&#x9808;&#x6C38;&#x4E0D;&#x751F;&#x6210; Language &#x4EE5;&#x5916;&#x7684;&#x6240;&#x6709;&#x5B57;&#x4E32;&#x3002;&lt;/p&gt;&#xD;
&#xD;
&lt;p&gt;&#x5B78;&#x865F; &amp;quot;00605636&amp;quot; &#x7DE8;&#x5BEB;&#x4E00;&#x500B;&#x7C21;&#x55AE;&#x7684;&#x8A9E;&#x6CD5;&#x898F;&#x5247;&#xFF0C;&#x8A72;&#x898F;&#x5247;&#x53EF;&#x7CBE;&#x78BA;&#x63CF;&#x8FF0;&#x9019;&#x500B;&#x5B78;&#x865F;&#x7684;&#x683C;&#x5F0F;&#x3002;&#x4E0B;&#x9762;&#x662F;&#x4E00;&#x500B;&#x53EF;&#x80FD;&#x7684;&#x8A9E;&#x6CD5;&#x898F;&#x5247;&#xFF1A;&lt;/p&gt;&#xD;
&#xD;
&lt;p&gt;&#x5B78;&#x865F; -&amp;gt; &#x6578;&#x5B57; &#x6578;&#x5B57; &#x6578;&#x5B57; &#x6578;&#x5B57; &#x6578;&#x5B57; &#x6578;&#x5B57; &#x6578;&#x5B57; &#x6578;&#x5B57;&lt;br /&gt;&#xD;
&#x6578;&#x5B57; -&amp;gt; &amp;quot;0&amp;quot; | &amp;quot;1&amp;quot; | &amp;quot;2&amp;quot; | &amp;quot;3&amp;quot; | &amp;quot;4&amp;quot; | &amp;quot;5&amp;quot; | &amp;quot;6&amp;quot; | &amp;quot;7&amp;quot; | &amp;quot;8&amp;quot; | &amp;quot;9&amp;quot;&lt;/p&gt;&#xD;
&#xD;
&lt;p&gt;&#x9019;&#x500B;&#x8A9E;&#x6CD5;&#x898F;&#x5247;&#x8868;&#x793A;&#x5B78;&#x865F;&#x7531;8&#x500B;&#x6578;&#x5B57;&#x7D44;&#x6210;&#xFF0C;&#x6BCF;&#x500B;&#x6578;&#x5B57;&#x7684;&#x53D6;&#x503C;&#x7BC4;&#x570D;&#x662F;0&#x5230;9&#x3002;&#x6839;&#x64DA;&#x9019;&#x500B;&#x898F;&#x5247;&#xFF0C;&#x5B78;&#x865F; &amp;quot;00605636&amp;quot; &#x662F;&#x4E00;&#x500B;&#x6709;&#x6548;&#x7684;&#x5B78;&#x865F;&#x3002;&lt;/p&gt; </content>
  <attach></attach>
  <rcount></rcount>
  <rank></rank>
  <hit>35</hit>
  <lang>1</lang>
</data>
