<?xml version="1.0"?>
<data version="3.0" time="2024-07-20 09:55:07" type="post" filename="b000000022000000001.xml">
  <open_time>0000-00-00</open_time>
  <close_time>0000-00-00</close_time>
  <lang_name>Big5</lang_name>
  <board_id>1001278680</board_id>
  <node>000000022000000001</node>
  <site>1000110001</site>
  <pt>2023-07-15 23:33:43</pt>
  <poster>11813</poster>
  <realname>&#x5433;&#x5B9C;&#x9D3B;  </realname>
  <email>yhwu@cycu.edu.tw</email>
  <homepage>https://www.researchgate.net/profile/Yi-Hung-Wu-2  </homepage>
  <subject>Re: &#x6436;&#x7B54;121  </subject>
  <content>&lt;p&gt;&lt;span style="color:#ff0000"&gt;&#x7B26;&#x5408;&#x4E0D;&#x4EE3;&#x8868;&#x6709;&#x7528;&#x8655;&#xFF0C;&#x516C;&#x8ECA;&#x8DEF;&#x7DDA;&#x5982;&#x4F55;&#x4F7F;&#x7528;&#x74B0;&#x72C0;&#x4E32;&#x5217;&#x7684;&#x8CC7;&#x6599;&#x7D50;&#x69CB;&#x5462;&#xFF1F;&lt;/span&gt;&lt;/p&gt; </content>
  <attach></attach>
  <rcount></rcount>
  <rank></rank>
  <hit>1</hit>
  <lang>1</lang>
</data>
