<?xml version="1.0"?>
<data version="3.0" time="2024-07-20 09:55:07" type="post" filename="b000000001.xml">
  <open_time>0000-00-00</open_time>
  <close_time>0000-00-00</close_time>
  <lang_name>Big5</lang_name>
  <board_id>1001278680</board_id>
  <node>000000001</node>
  <site>1000110001</site>
  <pt>2023-07-11 01:09:55</pt>
  <poster>06005727</poster>
  <realname>&#x9673;&#x5F65;&#x52F3;  </realname>
  <email>cys890403@gmail.com</email>
  <homepage>  </homepage>
  <subject>&#x6436;&#x7B54;122 </subject>
  <content>&lt;p&gt;&#x554F;122&#xFF1A;+ * 2 4 6 * - 7 5&#x662F;&#x524D;&#x5E8F;&#x5F0F;&#x55CE;&#xFF1F;&#x70BA;&#x4EC0;&#x9EBC;&#xFF1F;&lt;/p&gt;&#xD;
&#xD;
&lt;p&gt;&#x7B54;122&#xFF1A;&lt;/p&gt;&#xD;
&#xD;
&lt;p&gt;1.+, (2*4), 6, *, (7-5)&lt;/p&gt;&#xD;
&#xD;
&lt;p&gt;2.((2*4)+6), *, (7-5)&lt;/p&gt;&#xD;
&#xD;
&lt;p&gt;3. ((2*4)+6), (7-5), *&lt;/p&gt;&#xD;
&#xD;
&lt;p&gt;&#x7531;&#x4E0A;&#x53EF;&#x77E5;&#x4E0D;&#x662F;&#x524D;&#x5E8F;&#x5F0F;&#xFF0C;((2*4)+6)&#x548C;(7-5)&#x4E4B;&#x9593;&#x5C11;&#x4E86;&#x4E00;&#x500B;&#x5408;&#x6CD5;&#x904B;&#x7B97;&#x5B50;&#x4E14;&#x591A;&#x4E86;&#x4E00;&#x500B;*&#x3002;&lt;/p&gt; </content>
  <attach></attach>
  <rcount></rcount>
  <rank></rank>
  <hit>40</hit>
  <lang>1</lang>
</data>
