<?xml version="1.0"?>
<data version="3.0" time="2024-07-20 09:55:07" type="post" filename="b000000012.xml">
  <open_time>0000-00-00</open_time>
  <close_time>0000-00-00</close_time>
  <lang_name>Big5</lang_name>
  <board_id>1001278680</board_id>
  <node>000000012</node>
  <site>1000110001</site>
  <pt>2023-07-14 03:24:16</pt>
  <poster>06005840</poster>
  <realname>&#x65BD;&#x4F2F;&#x8AED;  </realname>
  <email>u10806215@ms.ttu.edu.tw</email>
  <homepage>  </homepage>
  <subject>&#x6436;&#x7B54;125 </subject>
  <content>&lt;p&gt;125. &#x5BEB;&#x51FA;&#x53EF;&#x4EE5;&#x7CBE;&#x6E96;&#x63CF;&#x8FF0;&#x81EA;&#x5DF1;&#x5B78;&#x865F;(&#x5982;&#x5B57;&#x4E32;06005840)&#x7684;&#x6587;&#x6CD5;grammar&#x3002;&lt;br /&gt;&#xD;
&#x4EE5;&#x5B78;&#x865F;06005840&#x5BEB;&#x4E00;&#x500B;grammar,&#x4E0B;&#x5217;&#x70BA;&#x6211;&#x7684;&#x7BC4;&#x4F8B;:&lt;br /&gt;&#xD;
&amp;lt;&#x5B78;&#x865F;&amp;gt; = &amp;lt;&#x5831;&#x540D;&#x6691;&#x4FEE;&#x6708;&amp;gt;&amp;lt;&#x6D41;&#x6C34;&#x7DE8;&#x865F;&amp;gt;&lt;br /&gt;&#xD;
&amp;lt;&#x6D41;&#x6C34;&#x7DE8;&#x865F;&amp;gt; = &amp;lt;&#x6578;&#x5B57;&amp;gt;&amp;lt;&#x6578;&#x5B57;&amp;gt;&amp;lt;&#x6578;&#x5B57;&amp;gt;&amp;lt;&#x6578;&#x5B57;&amp;gt;&amp;lt;&#x6578;&#x5B57;&amp;gt;&amp;lt;&#x6578;&#x5B57;&amp;gt;&lt;br /&gt;&#xD;
&amp;lt;&#x5831;&#x540D;&#x6691;&#x4FEE;&#x6708;&amp;gt; =&amp;nbsp; &amp;quot;01&amp;quot; | &amp;quot;02&amp;quot; | ... | &amp;quot;12&amp;quot;&lt;br /&gt;&#xD;
&amp;lt;&#x6578;&#x5B57;&amp;gt; = &amp;quot;0&amp;quot; | &amp;quot;1&amp;quot; | &amp;quot;2&amp;quot; | &amp;quot;3&amp;quot; | &amp;quot;4&amp;quot; | &amp;quot;5&amp;quot; | &amp;quot;6&amp;quot; | &amp;quot;7&amp;quot; | &amp;quot;8&amp;quot; | &amp;quot;9&amp;quot;&lt;br /&gt;&#xD;
&#x4EE5;&#x4E0A;&#x6587;&#x6CD5;&#x8868;&#x793A;&#x5B78;&#x865F;&#x7531;&#x5831;&#x540D;&#x6691;&#x4FEE;&#x6708;&#xFF08;&#x5169;&#x4F4D;&#x6578;&#xFF09;&#x548C;&#x5F8C;&#x9762;6&#x500B;&#x6578;&#x5B57;&#x7D44;&#x6210;&#x3002;&#x5831;&#x540D;&#x6691;&#x4FEE;&#x6708;&#x53EF;&#x4EE5;&#x662F;&#x5F9E;01&#x5230;12&#x7684;&#x5169;&#x4F4D;&#x6578;&#x3002;&#x5F8C;&#x9762;&#x7684;6&#x500B;&#x6578;&#x5B57;&#x53EF;&#x4EE5;&#x662F;0&#x5230;9&#x4E4B;&#x9593;&#x7684;&#x4EFB;&#x610F;&#x6578;&#x5B57;&#x3002;&lt;/p&gt; </content>
  <attach></attach>
  <rcount></rcount>
  <rank></rank>
  <hit>35</hit>
  <lang>1</lang>
</data>
