<?xml version="1.0"?>
<data version="3.0" time="2024-07-20 09:55:07" type="post" filename="b000000021.xml">
  <open_time>0000-00-00</open_time>
  <close_time>0000-00-00</close_time>
  <lang_name>Big5</lang_name>
  <board_id>1001278680</board_id>
  <node>000000021</node>
  <site>1000110001</site>
  <pt>2023-07-15 21:22:23</pt>
  <poster>10927250</poster>
  <realname>&#x53E4;&#x5BB8;&#x5B87;  </realname>
  <email>ku0905264478@gmail.com</email>
  <homepage> </homepage>
  <subject>&#x6436;&#x7B54;122 </subject>
  <content>&lt;p&gt;+ * 2 4 6 * - 7 5&#x662F;&#x524D;&#x5E8F;&#x5F0F;&#x55CE;&#xFF1F;&#x70BA;&#x4EC0;&#x9EBC;&#xFF1F;&lt;/p&gt;&#xD;
&#xD;
&lt;p&gt;A:&#x524D;&#x5E8F;&#x5F0F;&#x662F;&#x7531;&#x53F3;&#x5411;&#x5DE6;&#x958B;&#x59CB;&#x904B;&#x7B97;&lt;/p&gt;&#xD;
&#xD;
&lt;p&gt;&#xFF08;7-5&#xFF09;&#x518D;&#x4F86;&#x5982;&#x679C;&#x6C92;&#x6709;&#x904B;&#x7B97;&#x5B50;&#x591A;&#x4E86;&#x4E00;&#x500B;&#x904B;&#x7B97;&#x5143;&#x90A3;&#x5C31;&#x6C92;&#x8FA6;&#x6CD5;&#x505A;&#x8A08;&#x7B97;&#x4ED6;&#x662F;&#x4E0D;&#x7B26;&#x5408;&#x524D;&#x5E8F;&#x5F0F;&#x7684;&lt;/p&gt;&#xD;
&#xD;
&lt;p&gt;&#x9664;&#x975E;&#x6539;&#x6210;&amp;quot;+ * 2 4 * 6 - 7 5&amp;quot;&lt;/p&gt;&#xD;
&#xD;
&lt;p&gt;&#x9019;&#x6A23;7-5&#x5F8C;&#x624D;&#x80FD;&#x8DDF;6&#x505A;&#x76F8;&#x4E58;&#x7136;&#x5F8C;&#x518D;&#x9032;&#x4F86;4&#x548C;2&#x518D;&#x4F86;4*2&#x6700;&#x5F8C;&#x5169;&#x500B;&#x6578;&#x5B57;&#x518D;&#x505A;&#x76F8;&#x52A0;&lt;/p&gt;</content>
  <attach></attach>
  <rcount></rcount>
  <rank></rank>
  <hit>13</hit>
  <lang>1</lang>
</data>
