<?xml version="1.0"?>
<data version="3.0" time="2024-07-20 09:55:07" type="post" filename="b000000023000000001.xml">
  <open_time>0000-00-00</open_time>
  <close_time>0000-00-00</close_time>
  <lang_name>Big5</lang_name>
  <board_id>1001278680</board_id>
  <node>000000023000000001</node>
  <site>1000110001</site>
  <pt>2023-07-15 23:34:39</pt>
  <poster>11813</poster>
  <realname>&#x5433;&#x5B9C;&#x9D3B;  </realname>
  <email>yhwu@cycu.edu.tw</email>
  <homepage>https://www.researchgate.net/profile/Yi-Hung-Wu-2  </homepage>
  <subject>Re: &#x6436;&#x7B54;124  </subject>
  <content>&lt;p&gt;&lt;span style="color:#b22222"&gt;&#x5148;&#x524D;&#x5E7E;&#x7BC7;&#x8CBC;&#x6587;&#x5DF2;&#x7D93;&#x56DE;&#x7B54;&#x5F97;&#x5F88;&#x4E0D;&#x932F;&#x4E86;&#xFF01;&lt;/span&gt;&lt;/p&gt; </content>
  <attach></attach>
  <rcount></rcount>
  <rank></rank>
  <hit>1</hit>
  <lang>1</lang>
</data>
