<?xml version="1.0"?>
<data version="3.0" time="2024-07-20 09:55:07" type="post" filename="b000000018000000001.xml">
  <open_time>0000-00-00</open_time>
  <close_time>0000-00-00</close_time>
  <lang_name>Big5</lang_name>
  <board_id>1001278680</board_id>
  <node>000000018000000001</node>
  <site>1000110001</site>
  <pt>2023-07-15 21:15:12</pt>
  <poster>11813</poster>
  <realname>&#x5433;&#x5B9C;&#x9D3B;  </realname>
  <email>yhwu@cycu.edu.tw</email>
  <homepage>https://www.researchgate.net/profile/Yi-Hung-Wu-2  </homepage>
  <subject>Re: &#x6436;&#x7B54;122  </subject>
  <content>&lt;p&gt;&amp;quot;&#x628A;&#x5F0F;&#x5B50;&#x63A8;&#x56DE;&#x4E2D;&#x5E8F;&amp;quot; &lt;span style="color:#ff0000"&gt;&#x662F;&#x5982;&#x4F55;&#x9032;&#x884C;&#x7684;&#xFF1F;&lt;/span&gt;&lt;/p&gt; </content>
  <attach></attach>
  <rcount></rcount>
  <rank></rank>
  <hit>1</hit>
  <lang>1</lang>
</data>
