<?xml version="1.0"?>
<data version="3.0" time="2024-07-20 09:55:07" type="post" filename="b000000018.xml">
  <open_time>0000-00-00</open_time>
  <close_time>0000-00-00</close_time>
  <lang_name>Big5</lang_name>
  <board_id>1001278680</board_id>
  <node>000000018</node>
  <site>1000110001</site>
  <pt>2023-07-15 20:26:19</pt>
  <poster>06005931</poster>
  <realname>&#x4F58;&#x4EF2;&#x5091;  </realname>
  <email>szj891226@gmail.com</email>
  <homepage>  </homepage>
  <subject>&#x6436;&#x7B54;122 </subject>
  <content>&lt;p&gt;122. + * 2 4 6 * - 7 5&#x662F;&#x524D;&#x5E8F;&#x5F0F;&#x55CE;&#xFF1F;&#x70BA;&#x4EC0;&#x9EBC;&#xFF1F;&lt;/p&gt;&#xD;
&#xD;
&lt;p&gt;Ans:&lt;/p&gt;&#xD;
&#xD;
&lt;p&gt;&#x628A;&#x5F0F;&#x5B50;&#x63A8;&#x56DE;&#x4E2D;&#x5E8F;-&amp;gt;&#x6703;&#x8B8A;&#x6210;2*4+6&lt;span style="background-color:#ff0000"&gt;(*)&lt;/span&gt;7-5&lt;/p&gt;&#xD;
&#xD;
&lt;p&gt;&#x5F9E;&#x4E2D;&#x6703;&#x767C;&#x73FE;&#x591A;&#x51FA;&#x4E00;&#x500B;*&#x865F;&#x7121;&#x6CD5;&#x8F49;&#x63DB;&#x6392;&#x5E8F;&#xFF0C;&#x6240;&#x4EE5;&#x6B64;&#x5F0F;&#x4E26;&#x975E;&#x662F;&#x524D;&#x5E8F;&#x5F0F;&lt;/p&gt; </content>
  <attach></attach>
  <rcount></rcount>
  <rank></rank>
  <hit>13</hit>
  <lang>1</lang>
</data>
