<?xml version="1.0"?>
<data version="3.0" time="2024-07-20 09:55:07" type="post" filename="b000000007.xml">
  <open_time>0000-00-00</open_time>
  <close_time>0000-00-00</close_time>
  <lang_name>Big5</lang_name>
  <board_id>1001278680</board_id>
  <node>000000007</node>
  <site>1000110001</site>
  <pt>2023-07-12 13:46:02</pt>
  <poster>06005771</poster>
  <realname>&#x838A;&#x660E;&#x9D3B;  </realname>
  <email>mattsonc204@gmail.com</email>
  <homepage>  </homepage>
  <subject>&#x6436;&#x7B54;121 </subject>
  <content>&lt;p&gt;&#x554F;:&#x8209;&#x4F8B;&#x8AAA;&#x660E;&#x4F7F;&#x7528;&#x74B0;&#x72C0;&#x93C8;&#x7D50;&#x4E32;&#x5217;Circularly linked list&#x7684;&#x60C5;&#x5883;&#x3002;&lt;/p&gt;&#xD;
&#xD;
&lt;p&gt;&#x7B54;:&#x5FAA;&#x74B0;&#x64AD;&#x653E;&#x5217;&#x8868;&#xFF08;Circular Playlist&#xFF09;&#xFF1A;&lt;/p&gt;&#xD;
&#xD;
&lt;p&gt;&#x5FAA;&#x74B0;&#x64AD;&#x653E;&#x5217;&#x8868;&#x662F;&#x4E00;&#x7A2E;&#x64AD;&#x653E;&#x97F3;&#x6A02;&#x6216;&#x8996;&#x983B;&#x7684;&#x65B9;&#x5F0F;&#xFF0C;&#x7576;&#x64AD;&#x653E;&#x5230;&#x6700;&#x5F8C;&#x4E00;&#x9996;&#x6B4C;&#x66F2;&#x6216;&#x6700;&#x5F8C;&#x4E00;&#x500B;&#x8996;&#x983B;&#x6642;&#xFF0C;&#x6703;&#x5FAA;&#x74B0;&#x56DE;&#x5230;&#x7B2C;&#x4E00;&#x9996;&#x6B4C;&#x66F2;&#x6216;&#x7B2C;&#x4E00;&#x500B;&#x8996;&#x983B;&#x3002;&#x74B0;&#x72C0;&#x93C8;&#x7D50;&#x4E32;&#x5217;&#x53EF;&#x4EE5;&#x88AB;&#x7528;&#x65BC;&#x5BE6;&#x73FE;&#x9019;&#x7A2E;&#x5FAA;&#x74B0;&#x64AD;&#x653E;&#x5217;&#x8868;&#x3002;&#x6BCF;&#x500B;&#x6B4C;&#x66F2;&#x6216;&#x8996;&#x983B;&#x53EF;&#x4EE5;&#x8868;&#x793A;&#x70BA;&#x74B0;&#x72C0;&#x93C8;&#x7D50;&#x4E32;&#x5217;&#x7684;&#x4E00;&#x500B;&#x7BC0;&#x9EDE;&#xFF0C;&#x4E26;&#x6309;&#x7167;&#x64AD;&#x653E;&#x9806;&#x5E8F;&#x9023;&#x63A5;&#x5728;&#x4E00;&#x8D77;&#x3002;&#x7576;&#x64AD;&#x653E;&#x5230;&#x6700;&#x5F8C;&#x4E00;&#x500B;&#x7BC0;&#x9EDE;&#x6642;&#xFF0C;&#x6307;&#x6A19;&#x53EF;&#x4EE5;&#x5FAA;&#x74B0;&#x56DE;&#x5230;&#x7B2C;&#x4E00;&#x500B;&#x7BC0;&#x9EDE;&#xFF0C;&#x5BE6;&#x73FE;&#x5FAA;&#x74B0;&#x64AD;&#x653E;&#x7684;&#x6548;&#x679C;&#x3002;&lt;/p&gt; </content>
  <attach></attach>
  <rcount></rcount>
  <rank></rank>
  <hit>32</hit>
  <lang>1</lang>
</data>
