<?xml version="1.0"?>
<data version="3.0" time="2024-07-20 09:55:07" type="post" filename="b000000005000000001.xml">
  <open_time>0000-00-00</open_time>
  <close_time>0000-00-00</close_time>
  <lang_name>Big5</lang_name>
  <board_id>1001278680</board_id>
  <node>000000005000000001</node>
  <site>1000110001</site>
  <pt>2023-07-12 11:32:07</pt>
  <poster>11813</poster>
  <realname>&#x5433;&#x5B9C;&#x9D3B;  </realname>
  <email>yhwu@cycu.edu.tw</email>
  <homepage>https://www.researchgate.net/profile/Yi-Hung-Wu-2  </homepage>
  <subject>Re: &#x6436;&#x7B54;125  </subject>
  <content>&lt;p&gt;OK&lt;/p&gt;&#xD;
&#xD;
&lt;p&gt;&#x986F;&#x7136;&#x9019;&#x7D44;&#x898F;&#x5247;&#x8868;&#x9054;&#x7684;&#x5B78;&#x865F;&#x6C92;&#x4EC0;&#x9EBC;&#x9650;&#x5236;&#xFF0C;&#x5C31;&#x53EA;&#x662F;&#x516B;&#x500B;&#x963F;&#x62C9;&#x4F2F;&#x6578;&#x5B57;&#x7684;&#x5E8F;&#x5217;&#x3002;&lt;/p&gt; </content>
  <attach></attach>
  <rcount></rcount>
  <rank></rank>
  <hit>2</hit>
  <lang>1</lang>
</data>
