<?xml version="1.0"?>
<data version="3.0" time="2024-07-20 09:55:07" type="post" filename="b000000025000000001.xml">
  <open_time>0000-00-00</open_time>
  <close_time>0000-00-00</close_time>
  <lang_name>Big5</lang_name>
  <board_id>1001278680</board_id>
  <node>000000025000000001</node>
  <site>1000110001</site>
  <pt>2023-07-15 23:38:19</pt>
  <poster>11813</poster>
  <realname>&#x5433;&#x5B9C;&#x9D3B;  </realname>
  <email>yhwu@cycu.edu.tw</email>
  <homepage>https://www.researchgate.net/profile/Yi-Hung-Wu-2  </homepage>
  <subject>Re: &#x6436;&#x7B54;123  </subject>
  <content>&lt;p&gt;&lt;span style="color:#ff0000"&gt;&#x6436;&#x7B54;&#x672A;&#x5FC5;&#x9700;&#x8981;&#x5B8C;&#x6574;&#x7684;&#x7A0B;&#x5F0F;&#x78BC;&#xFF0C;&#x91CD;&#x9EDE;&#x5728;&#x65BC;&#x8868;&#x9054;&#x6B63;&#x78BA;&#x3001;&#x6E05;&#x695A;&#x4E14;&#x5B8C;&#x6574;&#x3002;&lt;/span&gt;&lt;/p&gt;&#xD;
&#xD;
&lt;p&gt;&lt;span style="color:#ff0000"&gt;&#x4F8B;&#x5982;&#xFF1A;p-&amp;gt;Next() &#x662F;&#x4EC0;&#x9EBC;&#x610F;&#x601D;&#xFF1F;&#x53EF;&#x4EE5;&#x57F7;&#x884C;&#x55CE;&#xFF1F;&lt;/span&gt;&lt;/p&gt; </content>
  <attach></attach>
  <rcount></rcount>
  <rank></rank>
  <hit>1</hit>
  <lang>1</lang>
</data>
