<?xml version="1.0"?>
<data version="3.0" time="2024-07-20 09:55:07" type="post" filename="b000000004.xml">
  <open_time>0000-00-00</open_time>
  <close_time>0000-00-00</close_time>
  <lang_name>Big5</lang_name>
  <board_id>1001278680</board_id>
  <node>000000004</node>
  <site>1000110001</site>
  <pt>2023-07-11 18:40:21</pt>
  <poster>10827128</poster>
  <realname>&#x6797;&#x946B;&#x5B8F;  </realname>
  <email>shawn140802@gmail.com</email>
  <homepage>  </homepage>
  <subject>123. &#x5BEB;C++&#x7A0B;&#x5F0F;&#x78BC;&#x8AAA;&#x660E;&#x5982;&#x4F55;&#x8907;&#x88FD;&#x4E00;&#x6574;&#x500B;&#x93C8;&#x7D50;&#x4E32;&#x5217;linked list&#x5230;&#x53E6;&#x4E00;&#x500B;&#x8B8A;&#x6578;&#x3002; </subject>
  <content>&lt;p&gt;&#x6211;&#x6703;&#x5728;&#x9019;&#x500B;linked list&#x7684;&#x8CC7;&#x6599;&#x7D50;&#x69CB;&#x4E2D;&#x5BEB;&#x4E00;&#x500B;&#x5EFA;&#x69CB;&#x5B50;&#xFF0C;&#x53EF;&#x4EE5;&#x65B0;&#x5EFA;&#x4E00;&#x500B;&#x4E32;&#x5217;&#x4E26;&#x5728;&#x7576;&#x4E2D;&#x8CE6;&#x503C;&#x6210;&#x76EE;&#x6A19;&#x4E32;&#x5217;&#x7684;&#x503C;&lt;/p&gt;&#xD;
&#xD;
&lt;p&gt;&#x4F8B;:&amp;nbsp;&lt;/p&gt;&#xD;
&#xD;
&lt;p&gt;class Node {&lt;br /&gt;&#xD;
&amp;nbsp; &amp;nbsp; int data;&lt;br /&gt;&#xD;
&amp;nbsp; &amp;nbsp; Node* next;&lt;br /&gt;&#xD;
}&lt;/p&gt;&#xD;
&#xD;
&lt;p&gt;class LinkedList{&lt;/p&gt;&#xD;
&#xD;
&lt;p&gt;&amp;nbsp; // &#x5176;&#x4ED6;member&lt;/p&gt;&#xD;
&#xD;
&lt;p&gt;&amp;nbsp; Node* CopyList(Node* head) {&lt;br /&gt;&#xD;
&amp;nbsp; &amp;nbsp; &amp;nbsp; if (head == nullptr) {&lt;br /&gt;&#xD;
&amp;nbsp; &amp;nbsp; &amp;nbsp; &amp;nbsp; &amp;nbsp; return null;&lt;br /&gt;&#xD;
&amp;nbsp; &amp;nbsp; &amp;nbsp; };&lt;/p&gt;&#xD;
&#xD;
&lt;p&gt;&amp;nbsp; &amp;nbsp; &amp;nbsp; Node* current = head;&lt;br /&gt;&#xD;
&amp;nbsp; &amp;nbsp; &amp;nbsp; Node* newHead = new Node(head-&amp;gt;data);&lt;br /&gt;&#xD;
&amp;nbsp; &amp;nbsp; &amp;nbsp; Node* newCurrent = newHead;&lt;/p&gt;&#xD;
&#xD;
&lt;p&gt;&amp;nbsp; &amp;nbsp; &amp;nbsp; while (current-&amp;gt;next != null) {&lt;br /&gt;&#xD;
&amp;nbsp; &amp;nbsp; &amp;nbsp; &amp;nbsp; current = current-&amp;gt;next;&lt;br /&gt;&#xD;
&amp;nbsp; &amp;nbsp; &amp;nbsp; &amp;nbsp; newCurrent -&amp;gt;next = new Node(current-&amp;gt;data);&lt;br /&gt;&#xD;
&amp;nbsp; &amp;nbsp; &amp;nbsp; &amp;nbsp; newCurrent = newCurrent -&amp;gt;next;&lt;br /&gt;&#xD;
&amp;nbsp; &amp;nbsp; &amp;nbsp; }&lt;/p&gt;&#xD;
&#xD;
&lt;p&gt;&amp;nbsp; &amp;nbsp; &amp;nbsp; return newHead ;&lt;br /&gt;&#xD;
&amp;nbsp; }&lt;/p&gt;&#xD;
&#xD;
&lt;p&gt;&amp;nbsp; &amp;nbsp;&amp;nbsp;&lt;br /&gt;&#xD;
&amp;nbsp; &amp;nbsp; Node* clonedHead = cloneLinkedList(head); // &#x8907;&#x88FD;&#x547C;&#x53EB;&#x6CD5;&lt;/p&gt; </content>
  <attach></attach>
  <rcount></rcount>
  <rank></rank>
  <hit>21</hit>
  <lang>1</lang>
</data>
