<?xml version="1.0"?>
<data version="3.0" time="2024-07-20 09:55:07" type="post" filename="b000000003000000002.xml">
  <open_time>0000-00-00</open_time>
  <close_time>0000-00-00</close_time>
  <lang_name>Big5</lang_name>
  <board_id>1001278680</board_id>
  <node>000000003000000002</node>
  <site>1000110001</site>
  <pt>2023-07-12 11:23:37</pt>
  <poster>11813</poster>
  <realname>&#x5433;&#x5B9C;&#x9D3B;  </realname>
  <email>yhwu@cycu.edu.tw</email>
  <homepage>https://www.researchgate.net/profile/Yi-Hung-Wu-2  </homepage>
  <subject>Re: &#x6436;&#x7B54;121  </subject>
  <content>&lt;p&gt;&amp;quot;&#x8ECA;&#x7AD9;&#x5167;&#x7684;&#x8ECC;&#x9053;&#x662F;&#x4EE5;&#x74B0;&#x72C0;&#x7684;&#x65B9;&#x5F0F;&#x9023;&#x63A5;&#x5728;&#x4E00;&#x8D77;&amp;quot;&amp;nbsp; &#x6709;&#x9EDE;&#x96E3;&#x4EE5;&#x60F3;&#x50CF;&#xFF01;&lt;/p&gt;&#xD;
&#xD;
&lt;p&gt;&#x6539;&#x70BA;&#x5927;&#x7BC4;&#x570D;&#x7684;&#x90FD;&#x5E02;&#x6377;&#x904B;&#x7DB2;&#x74B0;&#x72C0;&#x7DDA;&#x53BB;&#x601D;&#x8003;&#xFF0C;&#x6BD4;&#x8F03;&#x6709;&#x6A5F;&#x6703;&#x5408;&#x7406;&#x5316;&#x3002;&lt;/p&gt; </content>
  <attach></attach>
  <rcount></rcount>
  <rank></rank>
  <hit>1</hit>
  <lang>1</lang>
</data>
