<?xml version="1.0"?>
<data version="3.0" time="2024-07-20 09:55:07" type="post" filename="b000000014000000001.xml">
  <open_time>0000-00-00</open_time>
  <close_time>0000-00-00</close_time>
  <lang_name>Big5</lang_name>
  <board_id>1001278680</board_id>
  <node>000000014000000001</node>
  <site>1000110001</site>
  <pt>2023-07-15 11:37:27</pt>
  <poster>11813</poster>
  <realname>&#x5433;&#x5B9C;&#x9D3B;  </realname>
  <email>yhwu@cycu.edu.tw</email>
  <homepage>https://www.researchgate.net/profile/Yi-Hung-Wu-2  </homepage>
  <subject>Re: &#x6436;&#x7B54;121  </subject>
  <content>&lt;p&gt;&lt;span style="color:#b22222"&gt;&#x61C9;&#x7528;&#x60C5;&#x5883;(application scenario)&#x7684;&#x610F;&#x601D;&#x662F;&#x6307;&#x53EF;&#x4EE5;&#x904B;&#x7528;&#x6280;&#x8853;&#x7522;&#x51FA;&#x7D50;&#x679C;&#x7684;&#x53EF;&#x80FD;&#x65B9;&#x5F0F;&#xFF0C;&#x9019;&#x500B;&#x65B9;&#x5F0F;&#x63CF;&#x8FF0;&#x8D8A;&#x8A73;&#x76E1;&#xFF0C;&#x4EE3;&#x8868;&#x5BE6;&#x65BD;&#x7684;&#x7D30;&#x7BC0;&#x8D8A;&#x6E05;&#x695A;&#xFF0C;&#x7576;&#x7136;&#xFF0C;&#x61C9; &#x7B26;&#x5408;&#x4EBA;&#x985E;&#x751F;&#x6D3B;&#x9700;&#x6C42;&#x7684;&#x908F;&#x8F2F;&#x624D;&#x7B97;&#x5408;&#x7406;&#x3002;&#x4EE5;&#x8CBC;&#x6587;&#x70BA;&#x4F8B;&#xFF0C;&#x4E0D;&#x592A;&#x6E05;&#x695A;&#x7684;&#x9EDE;&#x662F;&#x6301;&#x7E8C;&#x5538;&#x51FA;2020&#x6216;0202&#x6709;&#x4EC0;&#x9EBC;&#x6A23;&#x7684;&#x7528;&#x9014;&#xFF1F;&lt;/span&gt;&lt;/p&gt; </content>
  <attach></attach>
  <rcount></rcount>
  <rank></rank>
  <hit>1</hit>
  <lang>1</lang>
</data>
