<?xml version="1.0"?>
<data version="3.0" time="2024-07-20 09:55:07" type="post" filename="b000000027.xml">
  <open_time>0000-00-00</open_time>
  <close_time>0000-00-00</close_time>
  <lang_name>Big5</lang_name>
  <board_id>1001278680</board_id>
  <node>000000027</node>
  <site>1000110001</site>
  <pt>2023-07-15 23:57:09</pt>
  <poster>06005914</poster>
  <realname>&#x9673;&#x5F65;&#x4E2D;  </realname>
  <email>jackson89911@gmail.com</email>
  <homepage>  </homepage>
  <subject>&#x6436;&#x7B54;122 </subject>
  <content>&lt;p&gt;122. + * 2 4 6 * - 7 5&#x662F;&#x524D;&#x5E8F;&#x5F0F;&#x55CE;&#xFF1F;&#x70BA;&#x4EC0;&#x9EBC;&#xFF1F;&lt;/p&gt;&#xD;
&#xD;
&lt;p&gt;A:&#x7531;&#x53F3;&#x800C;&#x5DE6;&#x627E;&#x5230;&#x9023;&#x7E8C;&#x7684;&#x5169;&#x500B;&#x904B;&#x7B97;&#x5143;&#x548C;&#x4E00;&#x500B;&#x904B;&#x7B97;&#x5B50;&#x5C07;&#x4ED6;&#x5011;&#x505A;&#x904B;&#x7B97;&lt;/p&gt;&#xD;
&#xD;
&lt;p&gt;&#x7B2C;&#x4E00;&#x6B65;:+(2*4)6*(7-5)&lt;/p&gt;&#xD;
&#xD;
&lt;p&gt;&#x7B2C;&#x4E8C;&#x6B65;:((2*4)+6)*(7-5)&lt;/p&gt;&#xD;
&#xD;
&lt;p&gt;&#x63A5;&#x8457;&#x6703;&#x767C;&#x73FE;&#x7121;&#x6CD5;&#x518D;&#x7E7C;&#x7E8C;&#x505A;&#x4E0B;&#x53BB;&#x4E86;&#xFF0C;&#x8AAA;&#x660E;&#x6B64;&#x904B;&#x7B97;&#x5F0F;&#x4E26;&#x975E;&#x524D;&#x5E8F;&#x5F0F;&#x3002;&lt;/p&gt; </content>
  <attach></attach>
  <rcount></rcount>
  <rank></rank>
  <hit>8</hit>
  <lang>1</lang>
</data>
