<?xml version="1.0"?>
<data version="3.0" time="2024-07-20 09:55:07" type="post" filename="b000000009.xml">
  <open_time>0000-00-00</open_time>
  <close_time>0000-00-00</close_time>
  <lang_name>Big5</lang_name>
  <board_id>1001278680</board_id>
  <node>000000009</node>
  <site>1000110001</site>
  <pt>2023-07-13 01:11:09</pt>
  <poster>10924326</poster>
  <realname>&#x5433;&#x82F1;&#x777F;  </realname>
  <email>incaray901228@gmail.com</email>
  <homepage>  </homepage>
  <subject>&#x6436;&#x7B54;122 </subject>
  <content>&lt;p&gt;+ * 2 4 6 * - 7 5&#x662F;&#x524D;&#x5E8F;&#x5F0F;&#x55CE;&#xFF1F;&#x70BA;&#x4EC0;&#x9EBC;&#xFF1F;&lt;br /&gt;&#xD;
&lt;br /&gt;&#xD;
&#x4E0D;&#x662F;&#xFF0C;&#x56E0;&#x70BA;&#x524D;&#x5E8F;&#x8868;&#x793A;&#x6CD5;&#x662F;&#x5C07;&#x904B;&#x7B97;&#x5B50;&#x653E;&#x5230;&#x6240;&#x6709;&#x904B;&#x7B97;&#x5143;&#x4E4B;&#x524D;&#x7684;&#x8868;&#x793A;&#x6CD5;&#xFF0C;&#x683C;&#x5F0F;&#x61C9;&#x8A72;&#x8981;&#x662F;(&#x904B;&#x7B97;&#x5B50; &#x904B;&#x7B97;&#x5143; &#x904B;&#x7B97;&#x5143;)&#x9019;&#x6A23;&#x5B50;&lt;/p&gt; </content>
  <attach></attach>
  <rcount></rcount>
  <rank></rank>
  <hit>28</hit>
  <lang>1</lang>
</data>
