<?xml version="1.0"?>
<data version="3.0" time="2024-07-20 09:55:07" type="post" filename="b000000022.xml">
  <open_time>0000-00-00</open_time>
  <close_time>0000-00-00</close_time>
  <lang_name>Big5</lang_name>
  <board_id>1001278680</board_id>
  <node>000000022</node>
  <site>1000110001</site>
  <pt>2023-07-15 21:24:05</pt>
  <poster>11027103</poster>
  <realname>&#x674E;&#x601D;&#x5FB7;  </realname>
  <email>aaronlee0425@gmail.com</email>
  <homepage> </homepage>
  <subject>&#x6436;&#x7B54;121 </subject>
  <content>&lt;p&gt;&lt;span style="font-family:Comic Sans MS,cursive"&gt;&#x554F;&#x984C;:&#x8209;&#x4F8B;&#x8AAA;&#x660E;&#x4F7F;&#x7528;&#x74B0;&#x72C0;&#x93C8;&#x7D50;&#x4E32;&#x5217;Circularly linked list&#x7684;&#x60C5;&#x5883;&#x3002;&lt;/span&gt;&lt;/p&gt;&#xD;
&#xD;
&lt;p&gt;&lt;span style="font-family:Comic Sans MS,cursive"&gt;Ans:&#x6EFF;&#x8DB3;&#x74B0;&#x72C0;&#x93C8;&#x7D50;&#x4E32;&#x5217;&#x7684;&#x689D;&#x4EF6;&#x5927;&#x6982;&#x6709;&#x5169;&#x9EDE;:1.&#x6700;&#x5F8C;&#x4E00;&#x500B;&#x7BC0;&#x9EDE;&#x5C07;&#x8207;&#x7B2C;&#x4E00;&#x500B;&#x7BC0;&#x9EDE;&#x9023;&#x63A5;&#x3002;2.&#x5FC5;&#x9808;&#x7D93;&#x904E;&#x6240;&#x6709;&#x7BC0;&#x9EDE;&#x3002;&lt;/span&gt;&lt;/p&gt;&#xD;
&#xD;
&lt;p&gt;&lt;span style="font-family:Comic Sans MS,cursive"&gt;&#x4F8B;&#x5B50;:&#x516C;&#x8ECA;&#x8DEF;&#x7DDA;&#x898F;&#x5283;&#x7CFB;&#x7D71;&lt;/span&gt;&lt;/p&gt;&#xD;
&#xD;
&lt;p&gt;&lt;span style="font-family:Comic Sans MS,cursive"&gt;&amp;nbsp; &amp;nbsp; &amp;nbsp; &amp;nbsp; &#x5728;&#x4E0D;&#x8003;&#x616E;&#x5176;&#x4ED6;&#x56E0;&#x7D20;&#x7684;&#x72C0;&#x6CC1;&#x4E0B;&#xFF0C;&#x516C;&#x8ECA;&#x8DEF;&#x7DDA;&#x7684;&#x982D;&#x5C3E;&#x5C07;&#x662F;&#x4E00;&#x6A23;&#x7684;&#xFF0C;&#x7B26;&#x5408;&#x7B2C;&#x4E00;&#x500B;&#x7279;&#x9EDE;&#x3002;&#x516C;&#x8ECA;&#x5FC5;&#x9808;&#x56B4;&#x683C;&#x7684;&#x6309;&#x7167;&#x898F;&#x5B9A;&#x7684;&#x8DEF;&#x7DDA;&#x884C;&#x99DB;&#xFF0C;&#x6240;&#x4EE5;&#x5C07;&#x6703;&#x7D93;&#x904E;&#x8A2D;&amp;nbsp; &amp;nbsp; &amp;nbsp; &amp;nbsp; &amp;nbsp; &amp;nbsp; &#x5B9A;&#x6642;&#x7684;&#x6BCF;&#x4E00;&#x500B;&#x9EDE;&#xFF0C;&#x7B26;&#x5408;&#x7B2C;&#x4E8C;&#x9EDE;&#x3002;&#x82E5;&#x5C07;&#x8A2D;&#x5B9A;&#x597D;&#x7684;&#x8DEF;&#x7DDA;&#x5C0E;&#x5165;&#x9019;&#x500B;&#x7CFB;&#x7D71;&#x800C;&#x6C92;&#x6709;&#x56DE;&#x5230;&#x539F;&#x9EDE;&#x6642;&#xFF0C;&#x5C31;&#x4EE3;&#x8868;&#x8DEF;&#x7DDA;&#x7684;&#x898F;&#x5283;&#x6709;&#x554F;&#x984C;&#x3002;&lt;/span&gt;&lt;/p&gt;</content>
  <attach></attach>
  <rcount></rcount>
  <rank></rank>
  <hit>11</hit>
  <lang>1</lang>
</data>
