<?xml version="1.0"?>
<data version="3.0" time="2024-07-20 09:55:07" type="post" filename="b000000015000000001.xml">
  <open_time>0000-00-00</open_time>
  <close_time>0000-00-00</close_time>
  <lang_name>Big5</lang_name>
  <board_id>1001278680</board_id>
  <node>000000015000000001</node>
  <site>1000110001</site>
  <pt>2023-07-15 15:13:53</pt>
  <poster>11813</poster>
  <realname>&#x5433;&#x5B9C;&#x9D3B;  </realname>
  <email>yhwu@cycu.edu.tw</email>
  <homepage>https://www.researchgate.net/profile/Yi-Hung-Wu-2 </homepage>
  <subject>Re: &#x6436;&#x7B54;121  </subject>
  <content>&lt;p&gt;&lt;span style="color:#ff0000"&gt;&#x984C;&#x610F;&#x4E26;&#x975E;&#x89E3;&#x91CB;&#x4F55;&#x8B02;&#x74B0;&#x72C0;&#x4E32;&#x5217;&#xFF0C;&#x800C;&#x662F;&#x8981;&#x6C42;&#x8209;&#x4F8B;&#x4E00;&#x500B;&#x4F7F;&#x7528;&#x60C5;&#x5883;&#x3002;&lt;/span&gt;&lt;/p&gt;</content>
  <attach></attach>
  <rcount></rcount>
  <rank></rank>
  <hit>2</hit>
  <lang>1</lang>
</data>
