<?xml version="1.0"?>
<data version="3.0" time="2024-07-20 09:55:07" type="post" filename="b000000003.xml">
  <open_time>0000-00-00</open_time>
  <close_time>0000-00-00</close_time>
  <lang_name>Big5</lang_name>
  <board_id>1001278680</board_id>
  <node>000000003</node>
  <site>1000110001</site>
  <pt>2023-07-11 09:42:42</pt>
  <poster>06005634</poster>
  <realname>&#x90ED;&#x5BB8;&#x69A4;  </realname>
  <email>jyh2guo@gmail.com</email>
  <homepage> </homepage>
  <subject>&#x6436;&#x7B54;121 </subject>
  <content>&lt;p&gt;&lt;br /&gt;&#xD;
121. &#x8209;&#x4F8B;&#x8AAA;&#x660E;&#x4F7F;&#x7528;&#x74B0;&#x72C0;&#x93C8;&#x7D50;&#x4E32;&#x5217;Circularly linked list&#x7684;&#x60C5;&#x5883;&#x3002;&lt;/p&gt;&#xD;
&#xD;
&lt;p&gt;&lt;br /&gt;&#xD;
&#x5047;&#x8A2D;&#x958B;&#x767C;&#x4E00;&#x500B;&#x8ECA;&#x7AD9;&#x7BA1;&#x7406;&#x7CFB;&#x7D71;&#xFF0C;&#x8981;&#x8FFD;&#x8E64;&#x5217;&#x8ECA;&#x884C;&#x9032;&#x65B9;&#x5411;&#x3002;&#x6BCF;&#x8F1B;&#x5217;&#x8ECA;&#x552F;&#x4E00;&#x7684;&#x7DE8;&#x865F;&#xFF0C;&#x8ECA;&#x7AD9;&#x5167;&#x7684;&#x8ECC;&#x9053;&#x662F;&#x4EE5;&#x74B0;&#x72C0;&#x7684;&#x65B9;&#x5F0F;&#x9023;&#x63A5;&#x5728;&#x4E00;&#x8D77;&#xFF0C;&#x5217;&#x8ECA;&#x53EF;&#x4EE5;&#x4F9D;&#x5E8F;&#x9032;&#x5165;&#x548C;&#x96E2;&#x958B;&#x8ECC;&#x9053;&#x3002;&lt;/p&gt;&#xD;
&#xD;
&lt;p&gt;&#x5728;&#x9019;&#x7A2E;&#x72C0;&#x6CC1;&#x4E0B;&#xFF0C;&#x4F60;&#x53EF;&#x4EE5;&#x4F7F;&#x7528;&#x74B0;&#x72C0;&#x93C8;&#x7D50;&#x4E32;&#x5217;&#x4F86;&#x8868;&#x793A;&#x5217;&#x8ECA;&#x7684;&#x884C;&#x9032;&#x65B9;&#x5411;&#x3002;&#x6BCF;&#x500B;&#x7BC0;&#x9EDE;&#x4EE3;&#x8868;&#x4E00;&#x8F1B;&#x5217;&#x8ECA;&#xFF0C;&#x4E14;&#x5305;&#x542B;&#x76F8;&#x95DC;&#x8CC7;&#x8A0A;&#xFF0C;&#x5982;&#x7DE8;&#x865F;&#x3001;&#x8ECA;&#x578B;&#x7B49;&#x7B49;&#x3002;&#x6700;&#x5F8C;&#x4E00;&#x500B;&#x7BC0;&#x9EDE;&#x7684;&#x4E0B;&#x4E00;&#x500B;&#x7BC0;&#x9EDE;&#x6307;&#x5411;&#x7B2C;&#x4E00;&#x500B;&#x7BC0;&#x9EDE;&#xFF0C;&#x5F62;&#x6210;&#x4E00;&#x500B;&#x5FAA;&#x74B0;&#x3002;&lt;/p&gt;&#xD;
&#xD;
&lt;p&gt;&#x7576;&#x4E00;&#x8F1B;&#x5217;&#x8ECA;&#x9032;&#x5165;&#x8ECC;&#x9053;&#x6642;&#xFF0C;&#x4F60;&#x53EF;&#x4EE5;&#x5728;&#x74B0;&#x72C0;&#x93C8;&#x7D50;&#x4E32;&#x5217;&#x4E2D;&#x63D2;&#x5165;&#x4E00;&#x500B;&#x65B0;&#x7BC0;&#x9EDE;&#xFF0C;&#x8868;&#x793A;&#x5217;&#x8ECA;&#x7684;&#x4F4D;&#x7F6E;&#x548C;&#x884C;&#x9032;&#x65B9;&#x5411;&#x3002;&#x7576;&#x5217;&#x8ECA;&#x96E2;&#x958B;&#x8ECC;&#x9053;&#x6642;&#xFF0C;&#x53EF;&#x4EE5;&#x79FB;&#x9664;&#x5C0D;&#x61C9;&#x7684;&#x7BC0;&#x9EDE;&#x3002;&lt;/p&gt;&#xD;
&#xD;
&lt;p&gt;&#x74B0;&#x72C0;&#x93C8;&#x7D50;&#x4E32;&#x5217;&#xFF0C;&#x53EF;&#x4EE5;&#x8F15;&#x9B06;&#x8FFD;&#x8E64;&#x5217;&#x8ECA;&#x7684;&#x884C;&#x9032;&#x65B9;&#x5411;&#x3002;&#x4F8B;&#x5982;&#xFF0C;&#x4F60;&#x53EF;&#x4EE5;&#x5F9E;&#x4EFB;&#x610F;&#x7BC0;&#x9EDE;&#x958B;&#x59CB;&#xFF0C;&#x9806;&#x8457;&#x6BCF;&#x500B;&#x7BC0;&#x9EDE;&#x7684;&#x4E0B;&#x4E00;&#x500B;&#x7BC0;&#x9EDE;&#x6307;&#x6A19;&#xFF0C;&#x7372;&#x5F97;&#x5217;&#x8ECA;&#x7684;&#x9806;&#x5E8F;&#x548C;&#x4F4D;&#x7F6E;&#x4FE1;&#x606F;&#x3002;&#x9019;&#x53EF;&#x4EE5;&#x6709;&#x6548;&#x5730;&#x8655;&#x7406;&#x5217;&#x8ECA;&#x7684;&#x9032;&#x7AD9;&#x3001;&#x51FA;&#x7AD9;&#x548C;&#x9806;&#x5E8F;&#x8B8A;&#x66F4;&#x7B49;&#x7B49;&#x3002;&lt;/p&gt;</content>
  <attach></attach>
  <rcount></rcount>
  <rank></rank>
  <hit>39</hit>
  <lang>1</lang>
</data>
