<?xml version="1.0"?>
<data version="3.0" time="2024-07-20 09:55:07" type="post" filename="b000000008.xml">
  <open_time>0000-00-00</open_time>
  <close_time>0000-00-00</close_time>
  <lang_name>Big5</lang_name>
  <board_id>1001278680</board_id>
  <node>000000008</node>
  <site>1000110001</site>
  <pt>2023-07-12 15:02:12</pt>
  <poster>06005645</poster>
  <realname>&#x6797;&#x54C1;&#x7444;  </realname>
  <email>hank61061007@gmail.com</email>
  <homepage>  </homepage>
  <subject>&#x6436;&#x7B54;124 </subject>
  <content>&lt;p&gt;&#x5408;&#x6CD5;&#x904B;&#x7B97;&#x5F0F;&#x82E5;&#x6709;&#x4E09;&#x7D44;&#x62EC;&#x5F27;&#xFF0C;&#x53EF;&#x4EE5;&#x6709;&#x5E7E;&#x7A2E;&#x4E0D;&#x540C;&#x7684;&#x5F62;&#x5F0F;&#xFF1F;&#x4F8B;&#x5982;()()()&#x548C;(()())&#x5C31;&#x662F;&#x4E8C;&#x7A2E;&#x4E0D;&#x540C;&#x7684;&#x5F62;&#x5F0F;&#x3002;&lt;/p&gt;&#xD;
&#xD;
&lt;p&gt;&#x53EF;&#x4EE5;&#x900F;&#x904E;&#x9032;&#x884C;Catalan&#x6578;&#x7684;&#x8A08;&#x7B97;&#x4F86;&#x89E3;&#x6C7A;&#x3002;Catalan&#x6578;&#x7684;&#x5B9A;&#x7FA9;&#x662F;&#xFF1A;&lt;/p&gt;&#xD;
&#xD;
&lt;p&gt;&#x7D66;&#x5B9A;n&#x5C0D;&#x62EC;&#x865F;&#xFF0C;&#x53EF;&#x4EE5;&#x5F62;&#x6210;&#x7684;&#x6709;&#x6548;&#x62EC;&#x865F;&#x7D44;&#x5408;&#x7684;&#x6578;&#x91CF;&#x662F;&#x7B2C;n&#x500B;Catalan&#x6578;&#x3002;&lt;/p&gt;&#xD;
&#xD;
&lt;p&gt;&#x9019;&#x88E1;&#x6211;&#x5011;&#x6709;3&#x5C0D;&#x62EC;&#x865F;&#xFF0C;&#x6240;&#x4EE5;&#x6211;&#x5011;&#x8981;&#x627E;&#x7684;&#x662F;&#x7B2C;3&#x500B;Catalan&#x6578;&#x3002;&lt;/p&gt;&#xD;
&#xD;
&lt;p&gt;Catalan&#x6578;&#x7684;&#x4E00;&#x822C;&#x516C;&#x5F0F;&#x70BA;&#xFF1A;&lt;/p&gt;&#xD;
&#xD;
&lt;p&gt;C_n = (2n choose n) / (n + 1)&lt;/p&gt;&#xD;
&#xD;
&lt;p&gt;&#x5728;&#x9019;&#x500B;&#x516C;&#x5F0F;&#x4E2D;&#xFF0C;&amp;quot;choose&amp;quot;&#x8868;&#x793A;&#x7D44;&#x5408;&#xFF0C;&#x4E5F;&#x5C31;&#x662F;&#x5F9E;2n&#x500B;&#x5143;&#x7D20;&#x4E2D;&#x9078;&#x64C7;n&#x500B;&#x5143;&#x7D20;&#x7684;&#x65B9;&#x5F0F;&#x6578;&#x91CF;&#x3002;&lt;/p&gt;&#xD;
&#xD;
&lt;p&gt;&#x5C0D;&#x65BC;n = 3&#xFF0C;&#x6211;&#x5011;&#x53EF;&#x4EE5;&#x8A08;&#x7B97;&#x51FA;&#xFF1A;&lt;/p&gt;&#xD;
&#xD;
&lt;p&gt;C_3 = (6 choose 3) / (3 + 1) = 20 / 4 = 5&lt;/p&gt;&#xD;
&#xD;
&lt;p&gt;&#x6240;&#x4EE5;&#xFF0C;&#x6709;&#x4E09;&#x7D44;&#x62EC;&#x865F;&#x7684;&#x5408;&#x6CD5;&#x904B;&#x7B97;&#x5F0F;&#x53EF;&#x4EE5;&#x6709;5&#x7A2E;&#x4E0D;&#x540C;&#x7684;&#x5F62;&#x5F0F;&#x3002;&#x9019;&#x4E94;&#x7A2E;&#x5F62;&#x5F0F;&#x5206;&#x5225;&#x662F;&#xFF1A;&lt;/p&gt;&#xD;
&#xD;
&lt;ol&gt;&#xD;
	&lt;li&gt;()()()&lt;/li&gt;&#xD;
	&lt;li&gt;(())()&lt;/li&gt;&#xD;
	&lt;li&gt;()(())&lt;/li&gt;&#xD;
	&lt;li&gt;(()())&lt;/li&gt;&#xD;
	&lt;li&gt;((()))&lt;/li&gt;&#xD;
&lt;/ol&gt; </content>
  <attach></attach>
  <rcount></rcount>
  <rank></rank>
  <hit>34</hit>
  <lang>1</lang>
</data>
