<?xml version="1.0"?>
<data version="3.0" time="2024-07-20 09:55:07" type="post" filename="b000000024.xml">
  <open_time>0000-00-00</open_time>
  <close_time>0000-00-00</close_time>
  <lang_name>Big5</lang_name>
  <board_id>1001278680</board_id>
  <node>000000024</node>
  <site>1000110001</site>
  <pt>2023-07-15 21:41:32</pt>
  <poster>06005836</poster>
  <realname>&#x9673;&#x4E88;&#x7487;  </realname>
  <email>jason40125520@gmail.com</email>
  <homepage>  </homepage>
  <subject>&#x6436;&#x7B54;122 </subject>
  <content>&lt;p&gt;+ * 2 4 6 * - 7 5&lt;span style="font-family:&#x65B0;&#x7D30;&#x660E;&#x9AD4;,serif"&gt;&#x662F;&#x524D;&#x5E8F;&#x5F0F;&#x55CE;&#xFF1F;&#x70BA;&#x4EC0;&#x9EBC;&#xFF1F;&lt;/span&gt;&lt;/p&gt;&#xD;
&#xD;
&lt;p&gt;&amp;gt;&amp;gt; &lt;span style="font-family:&#x65B0;&#x7D30;&#x660E;&#x9AD4;,serif"&gt;&#x770B;&#x8D77;&#x4F86;&#x5F88;&#x50CF;&#xFF0C;&#x4F46;&#x4E26;&#x4E0D;&#x7B97;&#x662F;&#xFF0C;&#x56E0;&#x70BA;&lt;/span&gt;&lt;/p&gt;&#xD;
&#xD;
&lt;p style="margin-left:21.25pt"&gt;+ * 2 4 6 * - 7 5 &lt;span style="font-family:&#x65B0;&#x7D30;&#x660E;&#x9AD4;,serif"&gt;&#x7121;&#x6CD5;&#x7528;&#x524D;&#x5E8F;&#x5F0F;&#x89E3;&#x51FA;&#x7B54;&#x6848;&lt;/span&gt;&lt;/p&gt;&#xD;
&#xD;
&lt;p style="margin-left:21.25pt"&gt;&lt;span style="font-family:&#x65B0;&#x7D30;&#x660E;&#x9AD4;,serif"&gt;&#x7531;&#x53F3;&#x81F3;&#x5DE6;&#x8B80;&#x51FA;&#x7684;&#x7D50;&#x679C;&#x4F9D;&#x5E8F;&#x70BA;&lt;/span&gt;&lt;/p&gt;&#xD;
&#xD;
&lt;ol style="list-style-type:lower-alpha"&gt;&#xD;
	&lt;li&gt;&lt;span style="font-family:&#x65B0;&#x7D30;&#x660E;&#x9AD4;,serif"&gt;&#x82E5;&lt;/span&gt; &amp;ndash; &lt;span style="font-family:&#x65B0;&#x7D30;&#x660E;&#x9AD4;,serif"&gt;&#x70BA;&#x904B;&#x7B97;&#x5B50;&lt;/span&gt;(op)&lt;span style="font-family:&#x65B0;&#x7D30;&#x660E;&#x9AD4;,serif"&gt;&#xFF0C;&#x5247;&#x8B80;&#x5230;&lt;/span&gt;( 7 &amp;ndash; 5 )&lt;span style="font-family:&#x65B0;&#x7D30;&#x660E;&#x9AD4;,serif"&gt;&#x5F8C;&#xFF0C;&lt;/span&gt;&lt;br /&gt;&#xD;
	&lt;span style="font-family:&#x65B0;&#x7D30;&#x660E;&#x9AD4;,serif"&gt;&#x4E0B;&#x4E00;&#x500B;&lt;/span&gt; op( * ) &lt;span style="font-family:&#x65B0;&#x7D30;&#x660E;&#x9AD4;,serif"&gt;&#x6642;&#x53EA;&#x5269;&#x4E00;&#x500B;&#x6578;&lt;/span&gt;(2)&lt;span style="font-family:&#x65B0;&#x7D30;&#x660E;&#x9AD4;,serif"&gt;&#xFF0C;&#x7121;&#x6CD5;&#x76F8;&#x4E58;&lt;/span&gt;&lt;/li&gt;&#xD;
	&lt;li&gt;&lt;span style="font-family:&#x65B0;&#x7D30;&#x660E;&#x9AD4;,serif"&gt;&#x82E5;&lt;/span&gt; &amp;ndash; &lt;span style="font-family:&#x65B0;&#x7D30;&#x660E;&#x9AD4;,serif"&gt;&#x662F;&lt;/span&gt;(&lt;span style="font-family:&#x65B0;&#x7D30;&#x660E;&#x9AD4;,serif"&gt;&#x8CA0;&#x6578;&lt;/span&gt;)&lt;span style="font-family:&#x65B0;&#x7D30;&#x660E;&#x9AD4;,serif"&gt;&#x800C;&#x4E0D;&#x662F;&lt;/span&gt;(&lt;span style="font-family:&#x65B0;&#x7D30;&#x660E;&#x9AD4;,serif"&gt;&#x6E1B;&lt;/span&gt;)&lt;br /&gt;&#xD;
	&lt;span style="font-family:&#x65B0;&#x7D30;&#x660E;&#x9AD4;,serif"&gt;&#x5247;&#x8B80;&#x5B8C;&#x5F8C;&#x6703;&#x8B8A;&#x6210;&lt;/span&gt; ( 2*4 )+ 6 ( -7 )*5&lt;br /&gt;&#xD;
	&lt;span style="font-family:&#x65B0;&#x7D30;&#x660E;&#x9AD4;,serif"&gt;&#x5C11;&#x4E00;&#x500B;&#x904B;&#x7B97;&#x5B50;&lt;/span&gt;&lt;/li&gt;&#xD;
&lt;/ol&gt; </content>
  <attach></attach>
  <rcount></rcount>
  <rank></rank>
  <hit>8</hit>
  <lang>1</lang>
</data>
