<?xml version="1.0"?>
<data version="3.0" time="2024-07-19 08:57:02" type="post" filename="b000000005.xml">
  <open_time>0000-00-00</open_time>
  <close_time>0000-00-00</close_time>
  <lang_name>Big5</lang_name>
  <board_id>1001296425</board_id>
  <node>000000005</node>
  <site>1000110001</site>
  <pt>2023-12-11 21:38:34</pt>
  <poster>11127110</poster>
  <realname>&#x8A31;&#x81F3;&#x6600;  </realname>
  <email>alberthsu919@gmail.com</email>
  <homepage>  </homepage>
  <subject>215 </subject>
  <content>&lt;p&gt;&lt;span style="font-family:&#x65B0;&#x7D30;&#x660E;&#x9AD4;,serif"&gt;&#x8209;&#x4F8B;&#x8AAA;&#x660E;&#x5FEB;&#x901F;&#x6392;&#x5E8F;&#x7684;&#x905E;&#x8FF4;&#x6DF1;&#x5EA6;&#x6703;&#x53D7;&#x4F55;&#x8005;&#x5F71;&#x97FF;&#x3002;&lt;/span&gt;&lt;/p&gt;&#xD;
&#xD;
&lt;p&gt;&lt;span style="font-family:&#x65B0;&#x7D30;&#x660E;&#x9AD4;,serif"&gt;&#x905E;&#x8FF4;&#x6DF1;&#x5EA6;&#x53EF;&#x80FD;&#x6703;&#x53D7;&#x5230;&#x8F38;&#x5165;&#x8CC7;&#x6599;&#x7684;&#x5927;&#x5C0F;&#x3001;&#x905E;&#x8FF4;&#x7684;&#x5BE6;&#x73FE;&#x65B9;&#x5F0F;&#x3001;&#x6A1E;&#x7D10;&#x7684;&#x9078;&#x64C7;&#x7B49;&#x7684;&#x5F71;&#x97FF;&#x3002;&#x7576;&#x6B32;&#x6392;&#x5E8F;&#x7684;&#x8CC7;&#x6599;&#x6108;&#x591A;&#xFF0C;&#x905E;&#x8FF4;&#x6DF1;&#x5EA6;&#x6703;&#x6108;&#x5927;&#xFF1B;&#x905E;&#x8FF4;&#x64B0;&#x5BEB;&#x65B9;&#x5F0F;&#x4E0D;&#x540C;&#xFF0C;&#x5982;&#x5C3E;&#x905E;&#x8FF4;&#xFF0C;&#x4E5F;&#x6703;&#x5F71;&#x97FF;&#x905E;&#x8FF4;&#x6DF1;&#x5EA6;&#xFF1B;&#x6A1E;&#x7D10;&#x7684;&#x9078;&#x64C7;&#x66F4;&#x6703;&#x6709;&#x76F4;&#x63A5;&#x7684;&#x5F71;&#x97FF;&#xFF0C;&#x8209;&#x4EE5;&#x4E0B;&#x7BC4;&#x4F8B;&#x8AAA;&#x660E;&#x3002;&lt;/span&gt;&lt;/p&gt;&#xD;
&#xD;
&lt;p&gt;&lt;img alt="" src="/user/1/1/11127110/images/%E9%99%90%E6%99%82%E6%90%B6%E7%AD%94%20211-215.jpg" style="height:450px; width:600px" /&gt;&lt;/p&gt;&#xD;
&#xD;
&lt;p&gt;&lt;span style="font-family:&#x65B0;&#x7D30;&#x660E;&#x9AD4;,serif"&gt;&#x7531;&#x4E0A;&#x8FF0;&#x7BC4;&#x4F8B;&#x53EF;&#x77E5;&#xFF0C;&#x6A1E;&#x7D10;&#x7684;&#x9078;&#x64C7;&#x5C0D;&#x905E;&#x8FF4;&#x6DF1;&#x5EA6;&#x6709;&#x660E;&#x986F;&#x5F71;&#x97FF;&#x3002;&lt;/span&gt;&lt;/p&gt; </content>
  <attach></attach>
  <rcount></rcount>
  <rank></rank>
  <hit>10</hit>
  <lang>1</lang>
</data>
