<?xml version="1.0"?>
<data version="3.0" time="2024-07-19 08:57:02" type="post" filename="b000000005000000001.xml">
  <open_time>0000-00-00</open_time>
  <close_time>0000-00-00</close_time>
  <lang_name>Big5</lang_name>
  <board_id>1001296425</board_id>
  <node>000000005000000001</node>
  <site>1000110001</site>
  <pt>2023-12-13 10:05:24</pt>
  <poster>11813</poster>
  <realname>&#x5433;&#x5B9C;&#x9D3B;  </realname>
  <email>yhwu@cycu.edu.tw</email>
  <homepage>https://www.researchgate.net/profile/Yi-Hung-Wu-2  </homepage>
  <subject>Re: 215  </subject>
  <content>&lt;p&gt;&#x82E5;&#x80FD;&#x660E;&#x78BA;&#x6558;&#x8FF0;&#x5982;&#x4F55;&#x5F71;&#x97FF;&#x6703;&#x66F4;&#x597D;&#x3002;&lt;/p&gt; </content>
  <attach></attach>
  <rcount></rcount>
  <rank></rank>
  <hit>1</hit>
  <lang>1</lang>
</data>
