<?xml version="1.0"?>
<data version="3.0" time="2024-07-19 08:57:02" type="post" filename="b000000003.xml">
  <open_time>0000-00-00</open_time>
  <close_time>0000-00-00</close_time>
  <lang_name>Big5</lang_name>
  <board_id>1001296425</board_id>
  <node>000000003</node>
  <site>1000110001</site>
  <pt>2023-12-08 09:13:10</pt>
  <poster>11127144</poster>
  <realname>&#x99AC;&#x4E8E;&#x671D;  </realname>
  <email>marumax0922@gmail.com</email>
  <homepage> </homepage>
  <subject>212 </subject>
  <content>&lt;p&gt;&lt;span style="font-size:18px"&gt;&lt;strong&gt;&#x8209;&#x4F8B;&#x8AAA;&#x660E;&#x4F55;&#x6642;&#x63D2;&#x5165;&#x6392;&#x5E8F;&#x7684;&#x8CC7;&#x6599;&#x642C;&#x52D5;&#x6B21;&#x6578;&#x6BD4;&#x5E0C;&#x723E;&#x6392;&#x5E8F;shell sort&#x591A;&#xFF1F;&lt;/strong&gt;&lt;/span&gt;&lt;/p&gt;&#xD;
&#xD;
&lt;p&gt;&#x7576;&#x8CC7;&#x6599;&#x96C6;&#x662F;&#x5B8C;&#x5168;&#x53CD;&#x5E8F;&#x6642;&#xFF0C;&#x4F8B;&#x5982;&#xFF1A;[ 5, 4, 3, 2, 1 ]&#xFF0C;&#x5E0C;&#x723E;&#x6392;&#x5E8F;&#x6703;&#x56E0;&#x70BA;&#x5927;&#x9593;&#x9694;&#x4EA4;&#x63DB;&#x800C;&#x9020;&#x6210;&#x8F03;&#x5C11;&#x7684;&#x642C;&#x52D5;&#x6B21;&#x6578;&#xFF0C;&#x800C;&#x63D2;&#x5165;&#x6392;&#x5E8F;&#x5728;&#x6BCF;&#x4E00;&#x6B65;&#x90FD;&#x9700;&#x8981;&#x5C07;&#x8CC7;&#x6599;&#x642C;&#x52D5;&#x5230;&#x5E8F;&#x5217;&#x7684;&#x6700;&#x524D;&#x7AEF;&#xFF0C;&#x9020;&#x6210;&#x66F4;&#x591A;&#x7684;&#x642C;&#x52D5;&#x6B21;&#x6578;&#xFF0C;&#x800C;&#x4E14;&#x7576;&#x6578;&#x64DA;&#x8D8A;&#x5927;&#xFF0C;&#x6B64;&#x73FE;&#x8C61;&#x9084;&#x66F4;&#x52A0;&#x660E;&#x986F;&#x3002;&lt;/p&gt;&#xD;
&#xD;
&lt;p&gt;&#x7531;&#x4EE5;&#x4E0B;&#x6E2C;&#x8A66;&#x5716;&#x80FD;&#x767C;&#x73FE;&#xFF1A;&#x6578;&#x64DA;&#x8D8A;&#x5927;&#xFF0C;&#x63D2;&#x5165;&#x6392;&#x5E8F;&#x7684;&#x8CC7;&#x6599;&#x642C;&#x52D5;&#x6B21;&#x6578;&#x8D8A;&#x591A;&#xFF1B;&#x4F46;&#x662F;&#x5E0C;&#x723E;&#x6392;&#x5E8F;&#x537B;&#x6703;&#x56E0;&#x70BA;&#x4E00;&#x4E9B;&#x7279;&#x6B8A;&#x7684;&#x6392;&#x5E8F;&#x65B9;&#x5F0F;&#xFF0C;&#x4F7F;&#x5F97;&#x642C;&#x52D5;&#x6B21;&#x6578;&#x4E0D;&#x662F;&#x4E00;&#x76F4;&#x52A0;&#x4E0A;&#x53BB;&#x3002;&lt;/p&gt;&#xD;
&#xD;
&lt;p&gt;&lt;span style="font-size:16px"&gt;&lt;strong&gt;&#x6E2C;&#x8A66;&#x6578;&#x64DA;&#xFF1A;&lt;/strong&gt;&lt;/span&gt;&lt;/p&gt;&#xD;
&#xD;
&lt;p&gt;[5, 4, 3, 2, 1]&lt;/p&gt;&#xD;
&#xD;
&lt;p&gt;[ 6, 5, 4, 3, 2, 1]&lt;/p&gt;&#xD;
&#xD;
&lt;p&gt;...&lt;/p&gt;&#xD;
&#xD;
&lt;p&gt;[10, 9, 8, 7, 6, 5, 4, 3, 2, 1]&lt;/p&gt;&#xD;
&#xD;
&lt;p&gt;&lt;span style="font-size:16px"&gt;&lt;strong&gt;&#x6E2C;&#x8A66;&#x7D50;&#x679C;&#xFF1A;&lt;/strong&gt;&lt;/span&gt;&lt;/p&gt;&#xD;
&#xD;
&lt;p&gt;&lt;img alt="" src="/user/1/1/11127144/images/%E8%9E%A2%E5%B9%95%E6%93%B7%E5%8F%96%E7%95%AB%E9%9D%A2%202023-12-08%20090525.png" style="height:800px; width:294px" /&gt;&lt;/p&gt;</content>
  <attach></attach>
  <rcount></rcount>
  <rank></rank>
  <hit>16</hit>
  <lang>1</lang>
</data>
