<?xml version="1.0"?>
<data version="3.0" time="2024-07-19 08:54:22" type="post" filename="b000000006.xml">
  <open_time>0000-00-00</open_time>
  <close_time>0000-00-00</close_time>
  <lang_name>Big5</lang_name>
  <board_id>1001296423</board_id>
  <node>000000006</node>
  <site>1000110001</site>
  <pt>2023-11-23 23:23:01</pt>
  <poster>11127136</poster>
  <realname>&#x5F6D;&#x6668;&#x7DAD;  </realname>
  <email>willy921230@gmail.com</email>
  <homepage>  </homepage>
  <subject>201 </subject>
  <content>&lt;p&gt;&lt;span style="font-size:14px"&gt;&#x8209;&#x4F8B;&#x8AAA;&#x660E;&#x55AE;&#x4E00;&#x4F47;&#x5217;&#x6A21;&#x64EC;&#x5982;&#x4F55;&#x8A08;&#x7B97;&#x5E73;&#x5747;&#x7B49;&#x5019;&#x6642;&#x9593;waiting time&#x3002;&lt;/span&gt;&lt;/p&gt;&#xD;
&#xD;
&lt;p&gt;&#x5047;&#x8A2D;&#x6211;&#x5011;&#x6709;&#x4E00;&#x5BB6;&#x9910;&#x5EF3;&#xFF0C;&#x9867;&#x5BA2;&#x9700;&#x8981;&#x5728;&#x9910;&#x5EF3;&#x7684;&#x6AC3;&#x6AAF;&#x7B49;&#x5F85;&#x9EDE;&#x9910;&#xFF0C;&#x7136;&#x5F8C;&#x7B49;&#x5F85;&#x4ED6;&#x5011;&#x7684;&#x9910;&#x9EDE;&#x3002;&lt;/p&gt;&#xD;
&#xD;
&lt;ol&gt;&#xD;
	&lt;li&gt;&#xD;
	&lt;p&gt;&lt;strong&gt;&#x8A2D;&#x5B9A;&#x6A21;&#x64EC;&#x53C3;&#x6578;&#xFF1A;&lt;/strong&gt; &#x9996;&#x5148;&#xFF0C;&#x6211;&#x5011;&#x9700;&#x8981;&#x8A2D;&#x5B9A;&#x4E00;&#x4E9B;&#x6A21;&#x64EC;&#x7684;&#x53C3;&#x6578;&#xFF0C;&#x4F8B;&#x5982;&#x9867;&#x5BA2;&#x7684;&#x5230;&#x9054;&#x901F;&#x7387;&#xFF08;arrival rate&#xFF09;&#x548C;&#x670D;&#x52D9;&#x901F;&#x7387;&#xFF08;service rate&#xFF09;&#x3002;&#x5230;&#x9054;&#x901F;&#x7387;&#x8868;&#x793A;&#x6BCF;&#x500B;&#x9867;&#x5BA2;&#x5230;&#x9054;&#x7684;&#x5E73;&#x5747;&#x901F;&#x5EA6;&#xFF0C;&#x670D;&#x52D9;&#x901F;&#x7387;&#x8868;&#x793A;&#x6AC3;&#x6AAF;&#x6BCF;&#x5206;&#x9418;&#x80FD;&#x8655;&#x7406;&#x7684;&#x8A02;&#x55AE;&#x6578;&#x91CF;&#x3002;&lt;/p&gt;&#xD;
	&lt;/li&gt;&#xD;
	&lt;li&gt;&#xD;
	&lt;p&gt;&lt;strong&gt;&#x751F;&#x6210;&#x9867;&#x5BA2;&#x5230;&#x9054;&#x6642;&#x9593;&#xFF1A;&lt;/strong&gt; &#x4F7F;&#x7528;&#x5230;&#x9054;&#x901F;&#x7387;&#x751F;&#x6210;&#x4E00;&#x7CFB;&#x5217;&#x9867;&#x5BA2;&#x5230;&#x9054;&#x7684;&#x6642;&#x9593;&#x9EDE;&#x3002;&#x9019;&#x53EF;&#x4EE5;&#x4F7F;&#x7528;&#x96A8;&#x6A5F;&#x6578;&#x751F;&#x6210;&#x5668;&#xFF0C;&#x7B26;&#x5408;&#x67CF;&#x52AA;&#x5229;&#x5206;&#x4F48;&#x6216;&#x6CCA;&#x677E;&#x5206;&#x4F48;&#x7684;&#x65B9;&#x6CD5;&#x3002;&lt;/p&gt;&#xD;
	&lt;/li&gt;&#xD;
	&lt;li&gt;&#xD;
	&lt;p&gt;&lt;strong&gt;&#x6A21;&#x64EC;&#x6392;&#x968A;&#x904E;&#x7A0B;&#xFF1A;&lt;/strong&gt; &#x9867;&#x5BA2;&#x5230;&#x9054;&#x5F8C;&#xFF0C;&#x5982;&#x679C;&#x6AC3;&#x6AAF;&#x7A7A;&#x9592;&#xFF0C;&#x5247;&#x99AC;&#x4E0A;&#x63A5;&#x53D7;&#x670D;&#x52D9;&#xFF1B;&#x5982;&#x679C;&#x6AC3;&#x6AAF;&#x5FD9;&#x788C;&#xFF0C;&#x5247;&#x52A0;&#x5165;&#x7B49;&#x5F85;&#x4F47;&#x5217;&#x3002;&#x5728;&#x7B49;&#x5F85;&#x904E;&#x7A0B;&#x4E2D;&#xFF0C;&#x6BCF;&#x500B;&#x9867;&#x5BA2;&#x7684;&#x7B49;&#x5F85;&#x6642;&#x9593;&#x4E0D;&#x65B7;&#x589E;&#x52A0;&#x3002;&lt;/p&gt;&#xD;
	&lt;/li&gt;&#xD;
	&lt;li&gt;&#xD;
	&lt;p&gt;&lt;strong&gt;&#x8A08;&#x7B97;&#x6BCF;&#x500B;&#x9867;&#x5BA2;&#x7684;&#x7B49;&#x5019;&#x6642;&#x9593;&#xFF1A;&lt;/strong&gt; &#x7B49;&#x5F85;&#x6642;&#x9593;&#x662F;&#x6307;&#x9867;&#x5BA2;&#x5F9E;&#x5230;&#x9054;&#x5230;&#x958B;&#x59CB;&#x63A5;&#x53D7;&#x670D;&#x52D9;&#x4E4B;&#x9593;&#x7684;&#x6642;&#x9593;&#x3002;&#x5728;&#x6A21;&#x64EC;&#x4E2D;&#xFF0C;&#x6211;&#x5011;&#x53EF;&#x4EE5;&#x8A18;&#x9304;&#x6BCF;&#x500B;&#x9867;&#x5BA2;&#x7684;&#x7B49;&#x5F85;&#x6642;&#x9593;&#x3002;&lt;/p&gt;&#xD;
	&lt;/li&gt;&#xD;
	&lt;li&gt;&#xD;
	&lt;p&gt;&lt;strong&gt;&#x8A08;&#x7B97;&#x5E73;&#x5747;&#x7B49;&#x5019;&#x6642;&#x9593;&#xFF1A;&lt;/strong&gt; &#x6700;&#x5F8C;&#xFF0C;&#x5C07;&#x6240;&#x6709;&#x9867;&#x5BA2;&#x7684;&#x7B49;&#x5F85;&#x6642;&#x9593;&#x52A0;&#x7E3D;&#xFF0C;&#x7136;&#x5F8C;&#x9664;&#x4EE5;&#x9867;&#x5BA2;&#x7684;&#x7E3D;&#x6578;&#xFF0C;&#x5F97;&#x5230;&#x5E73;&#x5747;&#x7B49;&#x5019;&#x6642;&#x9593;&#x3002;&lt;/p&gt;&#xD;
	&lt;/li&gt;&#xD;
&lt;/ol&gt; </content>
  <attach></attach>
  <rcount></rcount>
  <rank></rank>
  <hit>19</hit>
  <lang>1</lang>
</data>
