<?xml version="1.0"?>
<data version="3.0" time="2024-07-19 08:54:22" type="post" filename="b000000002.xml">
  <open_time>0000-00-00</open_time>
  <close_time>0000-00-00</close_time>
  <lang_name>Big5</lang_name>
  <board_id>1001296423</board_id>
  <node>000000002</node>
  <site>1000110001</site>
  <pt>2023-11-16 14:41:21</pt>
  <poster>11127140</poster>
  <realname>&#x59DC;&#x7FA9;&#x65B0;  </realname>
  <email>jabeeschool@gmail.com</email>
  <homepage> </homepage>
  <subject>205 </subject>
  <content>&lt;p&gt;&lt;span style="font-size:18px"&gt;&#x63D0;&#x51FA;&#x4E8C;&#x7A2E;&#x9078;&#x64C7;&#x4F47;&#x5217;&#x7684;&#x7B56;&#x7565;&#xFF0C;&#x4E26;&#x8209;&#x4F8B;&#x6BD4;&#x8F03;&#x4E8C;&#x8005;&#x3002;&lt;/span&gt;&lt;/p&gt;&#xD;
&#xD;
&lt;p&gt;&#x4EE5;&#x4E0B;&#x5047;&#x8A2D;&#x6709;&#x4E09;&#x500B;&#x670D;&#x52D9; a b c &#x5206;&#x5225;&#x70BA; 100&#x79D2; 10&#x79D2; 10&#x79D2;&lt;/p&gt;&#xD;
&#xD;
&lt;ul&gt;&#xD;
	&lt;li&gt;First In, First Out (FIFO)&#xD;
	&lt;ul&gt;&#xD;
		&lt;li&gt;&#xD;
		&lt;p&gt;&#x5148;&#x9032;&#x7684;&#x5148;&#x670D;&#x52D9;&lt;/p&gt;&#xD;
		&lt;/li&gt;&#xD;
		&lt;li&gt;&#xD;
		&lt;p&gt;&#x512A;&#x9EDE;&#x662F;&#x5F88;&#x516C;&#x5E73;&#x5148;&#x4F86;&#x5148;&#x505A;&lt;/p&gt;&#xD;
		&lt;/li&gt;&#xD;
		&lt;li&gt;&#xD;
		&lt;p&gt;&#x7F3A;&#x9EDE;&#x662F; &#x5982;&#x679C;&#x7528;&#x4EE5;&#x4E0A;&#x5047;&#x8A2D;&amp;nbsp;&#x9019;&#x6A23;&#x5E73;&#x5747;&#x9031;&#x671F;&#x6703;&#x5F88;&#x9577; 100+110+120&lt;/p&gt;&#xD;
		&lt;/li&gt;&#xD;
	&lt;/ul&gt;&#xD;
	&lt;/li&gt;&#xD;
	&lt;li&gt;&#xD;
	&lt;p&gt;Shortest Job First (SJF)&lt;/p&gt;&#xD;
&#xD;
	&lt;ul&gt;&#xD;
		&lt;li&gt;&#xD;
		&lt;p&gt;&#x6700;&#x77ED;&#x7684;&#x5148;&#x670D;&#x52D9;&lt;/p&gt;&#xD;
		&lt;/li&gt;&#xD;
		&lt;li&gt;&#xD;
		&lt;p&gt;&#x512A;&#x9EDE;&#x662F;&#x53EF;&#x4EE5;&#x6E1B;&#x5C11;&#x5E73;&#x5747;&#x7B49;&#x5F85;&#x6642;&#x9593; (0+10+100) / 3&lt;/p&gt;&#xD;
		&lt;/li&gt;&#xD;
		&lt;li&gt;&#xD;
		&lt;p&gt;&#x7F3A;&#x9EDE;&#x662F;&#x76F8;&#x8F03;&#x65BC;FIFO&#x6BD4;&#x8F03;&#x4E0D;&#x516C;&#x5E73;&lt;/p&gt;&#xD;
		&lt;/li&gt;&#xD;
	&lt;/ul&gt;&#xD;
	&lt;/li&gt;&#xD;
&lt;/ul&gt;&#xD;
&#xD;
&lt;p&gt;&#x6B64;&#x5916;&#xFF0C;&#x9019;&#x4E9B;&#x7B56;&#x7565;&#x4E5F;&#x540C;&#x6642;&#x61C9;&#x7528;&#x5728;CPU&amp;nbsp;Scheduling&#xFF0C;&#x56E0;&#x70BA;&#x5728;&#x4E00;&#x53F0;&#x96FB;&#x8166;&#x4E0A;&#x6709;&#x773E;&#x591A;&#x7684; process &#xFF0C;&lt;/p&gt;&#xD;
&#xD;
&lt;p&gt;&#x6BCF;&#x4E00;&#x7A2E;&#x7B56;&#x7565;&#x90FD;&#x6703;&#x5F71;&#x97FF;&#x96FB;&#x8166;&#x5728;&lt;strong&gt;&#x540C;&#x6642;&lt;/strong&gt;&#x8655;&#x7406;&#x6BCF;&#x4E00;&#x500B;&amp;nbsp;process &#x7684;&#x65B9;&#x5F0F;&#x3002;&amp;nbsp;&lt;/p&gt;</content>
  <attach></attach>
  <rcount></rcount>
  <rank></rank>
  <hit>29</hit>
  <lang>1</lang>
</data>
