<?xml version="1.0"?>
<data version="3.0" time="2024-07-19 08:54:22" type="post" filename="b000000004.xml">
  <open_time>0000-00-00</open_time>
  <close_time>0000-00-00</close_time>
  <lang_name>Big5</lang_name>
  <board_id>1001296423</board_id>
  <node>000000004</node>
  <site>1000110001</site>
  <pt>2023-11-17 23:00:40</pt>
  <poster>11127137</poster>
  <realname>&#x9EC3;&#x4E59;&#x5BB6;  </realname>
  <email>u810025@gmail.com</email>
  <homepage>https://ja-errorpro.cf </homepage>
  <subject>204 </subject>
  <content>&lt;p&gt;&lt;strong&gt;&lt;span style="font-size:18px"&gt;&#x8209;&#x4F8B;&#x8AAA;&#x660E;&#x591A;&#x91CD;&#x4F47;&#x5217;&#x5982;&#x4F55;&#x6A21;&#x64EC;&#xFF0C;&#x9808;&#x6307;&#x51FA;&#x9078;&#x64C7;&#x4F47;&#x5217;&#x7684;&#x7B56;&#x7565;&#x3002;&lt;/span&gt;&lt;/strong&gt;&lt;/p&gt;&#xD;
&#xD;
&lt;p&gt;&lt;strong&gt;FCFS(First Come First Served)&lt;/strong&gt;:&lt;/p&gt;&#xD;
&#xD;
&lt;p&gt;&#x5148;&#x5230;&#x5148;&#x505A;&#xFF0C;&#x7F3A;&#x9EDE;&#x662F;CPU&#x5229;&#x7528;&#x5EA6;&#x4F4E;&lt;/p&gt;&#xD;
&#xD;
&lt;p&gt;&lt;strong&gt;Round Robin(RR):&lt;/strong&gt;&lt;/p&gt;&#xD;
&#xD;
&lt;p&gt;Process&#x9084;&#x662F;&#x5148;&#x5230;&#x5148;&#x505A;&#xFF0C;&#x4F46;&#x57F7;&#x884C;&#x6642;&#x9593;&#x56FA;&#x5B9A;&#xFF0C;&#x9069;&#x5408;&#x505A;&#x5206;&#x6642;&#x7CFB;&#x7D71;(Time sharing)&lt;/p&gt;&#xD;
&#xD;
&lt;p&gt;&#x5982;&#x679C;&#x6642;&#x9593;&#x91CF;&#x592A;&#x9577;&#x5C31;&#x5982;&#x540C;FCFS&lt;/p&gt;&#xD;
&#xD;
&lt;p&gt;&#x5982;&#x679C;&#x6642;&#x9593;&#x91CF;&#x592A;&#x77ED;&#xFF0C;CPU&#x6703;&#x5207;&#x63DB;&#x5F97;&#x592A;&#x983B;&#x7E41;&#x5C0E;&#x81F4;&#x6548;&#x7387;&#x8B8A;&#x5DEE;&lt;/p&gt;&#xD;
&#xD;
&lt;p&gt;&lt;strong&gt;&#x591A;&#x4F47;&#x5217;&#x6392;&#x7A0B;&#xFF1A;&lt;/strong&gt;&lt;/p&gt;&#xD;
&#xD;
&lt;p&gt;&#x6BCF;&#x500B;Process&#x90FD;&#x6709;&#x512A;&#x5148;&#x5EA6;&#xFF0C;&#x4F9D;&#x512A;&#x5148;&#x5EA6;&#x4F86;&#x5206;&#x985E;&#x5230;&#x4E0D;&#x540C;&#x7684;queue&#xFF0C;&#x9AD8;&#x512A;&#x5148;&#x5EA6;&#x63A1;&#x7528;Round Robin&#x7B56;&#x7565;&#x6392;&#x7A0B;&#xFF0C;&#x800C;&#x4F4E;&#x7684;&#x53EF;&#x80FD;&#x4F7F;&#x7528;FCFS&lt;/p&gt;&#xD;
&#xD;
&lt;p&gt;&#x6BCF;&#x7576;&#x63A5;&#x5230;&#x65B0;&#x4EFB;&#x52D9;&#x6642;&#xFF0C;&#x5148;&#x8655;&#x7406;&#x9AD8;&#x512A;&#x5148;&#x5EA6;&#x7684;&#x4EFB;&#x52D9;&#xFF0C;&#x63A5;&#x8457;&#x8655;&#x7406;&#x4F4E;&#x7684;&lt;/p&gt;&#xD;
&#xD;
&lt;p&gt;&#x4F46;&#x9019;&#x7A2E;&#x65B9;&#x5F0F;&#x6709;&#x500B;&#x7F3A;&#x9EDE;&#x662F;&#x5982;&#x679C;&#x9AD8;&#x512A;&#x5148;&#x5EA6;&#x7684;Process&#x4E00;&#x76F4;&#x4F54;&#x8457;CPU&#x6703;&#x9020;&#x6210;Starvation(&#x4F4E;&#x512A;&#x5148;&#x5EA6;&#x6C38;&#x9060;&#x7121;&#x6CD5;&#x88AB;&#x57F7;&#x884C;)&lt;/p&gt;&#xD;
&#xD;
&lt;p&gt;&#x89E3;&#x6C7A;&#x65B9;&#x6CD5;&#x662F;&#x52A0;&#x4E0A;&#x8A08;&#x6642;(Aging)&#x529F;&#x80FD;&#xFF0C;&#x4F86;&#x8ABF;&#x6574;&#x4F47;&#x5217;&#x512A;&#x5148;&#x5EA6;&#xFF0C;&#x5982;&#x679C;&#x4E00;&#x76F4;&#x6C92;&#x57F7;&#x884C;&#x5230;&#x512A;&#x5148;&#x5EA6;&#x5C31;&#x589E;&#x52A0;&#xFF0C;&#x5982;&#x679C;&#x57F7;&#x884C;&#x6642;&#x9593;&#x592A;&#x4E45;&#x5C31;&#x964D;&#x4F4E;&lt;/p&gt;&#xD;
&#xD;
&lt;p&gt;&#x4E00;&#x500B;&#x4F8B;&#x5B50;&#x662F;Foreground Process&#x8207;Background Process&lt;/p&gt;&#xD;
&#xD;
&lt;p&gt;Foreground Process&#x9700;&#x8981;&#x9AD8;&#x512A;&#x5148;&#x5EA6;&#xFF0C;&#x63A1;&#x7528;RR&#x7B56;&#x7565;&lt;/p&gt;&#xD;
&#xD;
&lt;p&gt;Background Process&#x5247;&#x53EF;&#x4F7F;&#x7528;FCFS&lt;/p&gt;</content>
  <attach></attach>
  <rcount></rcount>
  <rank></rank>
  <hit>25</hit>
  <lang>1</lang>
</data>
