<?xml version="1.0"?>
<data version="3.0" time="2024-07-19 09:03:50" type="post" filename="b000000001.xml">
  <open_time>0000-00-00</open_time>
  <close_time>0000-00-00</close_time>
  <lang_name>Big5</lang_name>
  <board_id>1001174280</board_id>
  <node>000000001</node>
  <site>1000110001</site>
  <pt>2022-12-10 15:35:35</pt>
  <poster>11027204</poster>
  <realname>&#x912D;&#x5B87;&#x5091;  </realname>
  <email>11027204@O365st.cycu.edu.tw</email>
  <homepage>  </homepage>
  <subject>217. &#x8209;&#x4F8B;&#x89E3;&#x8AAA;&#x5FEB;&#x901F;&#x6392;&#x5E8F;quick sort&#x662F;&#x5426;&#x7A69;&#x5B9A;stable&#x3002; </subject>
  <content>&lt;p&gt;&#x4E0D;&#x662F;&#xFF0C;&#x73FE;&#x5047;&#x8A2D;&#x4E00;&#x9663;&#x5217;&#x88E1;&#x6709;&#x6578;&#x500B;&#x76F8;&#x540C;&#x503C;&#x5927;&#x65BC;&#x7B49;&#x65BC;pivot&#xFF0C;&lt;/p&gt;&#xD;
&#xD;
&lt;p&gt;&#x5982;&#x679C;pivot&#x53F3;&#x5074;&#x7684;&#x6578;&#x503C;&#x5C0F;&#x65BC;&#x4E86;pivot&#x4E14;&#x6578;&#x503C;&#x4EA4;&#x63DB;&#x7684;&#x4F4D;&#x7F6E;&#x53C8;&#x525B;&#x597D;&#x662F;&#x76F8;&#x540C;&#x503C;&#x7684;&#x6578;&#x503C;&lt;br /&gt;&#xD;
&#x5C31;&#x6703;&#x5C0E;&#x81F4;&#x76F8;&#x540C;&#x503C;&#x7684;&#x9806;&#x5E8F;&#x932F;&#x4E82;&lt;/p&gt;&#xD;
&#xD;
&lt;p&gt;&#x7BC4;&#x4F8B;&#xFF1A;&lt;/p&gt;&#xD;
&#xD;
&lt;p&gt;&lt;img alt="" src="/user/1/1/11027204/images/Temporary-31.jpg" style="height:800px; width:619px" /&gt;&lt;/p&gt; </content>
  <attach></attach>
  <rcount></rcount>
  <rank></rank>
  <hit>45</hit>
  <lang>1</lang>
</data>
