<?xml version="1.0"?>
<data version="3.0" time="2024-07-19 09:03:50" type="post" filename="b000000002000000001.xml">
  <open_time>0000-00-00</open_time>
  <close_time>0000-00-00</close_time>
  <lang_name>Big5</lang_name>
  <board_id>1001174280</board_id>
  <node>000000002000000001</node>
  <site>1000110001</site>
  <pt>2022-12-26 11:55:18</pt>
  <poster>11813</poster>
  <realname>&#x5433;&#x5B9C;&#x9D3B;  </realname>
  <email>yhwu@cycu.edu.tw</email>
  <homepage>https://www.researchgate.net/profile/Yi-Hung-Wu-2  </homepage>
  <subject>Re: 219. &#x8209;&#x4F8B;&#x5340;&#x5225;&#x5B8C;&#x5168;full&#x3001;&#x5B8C;&#x6574;complete&#x53CA;&#x5E73;&#x8861;balanced&#x4E8C;&#x5143;&#x6A39;&#x7684;&#x5DEE;&#x7570;&#x3002;  </subject>
  <content>&lt;p&gt;&lt;strong&gt;2.h&#x5C64;&#x7531;&#x5DE6;&#x81F3;&#x53F3;&lt;/strong&gt;&lt;u&gt;&lt;span style="color:#ff0000"&gt;&lt;s&gt;&#x6216;&#x7531;&#x53F3;&#x81F3;&#x5DE6;&lt;/s&gt;&lt;/span&gt;&lt;/u&gt;&lt;strong&gt;&#x586B;&#x6EFF;&lt;/strong&gt;&lt;/p&gt;&#xD;
&#xD;
&lt;p&gt;&lt;span style="color:#b22222"&gt;By definition of a &lt;/span&gt;&lt;a href="https://en.wikipedia.org/wiki/Binary_tree#complete" target="_blank"&gt;&lt;span style="color:#b22222"&gt;complete binary tree&lt;/span&gt;&lt;/a&gt;&lt;span style="color:#b22222"&gt;, the nodes at the last level are filled&amp;nbsp;from the left.&lt;/span&gt;&lt;/p&gt; </content>
  <attach></attach>
  <rcount></rcount>
  <rank></rank>
  <hit>1</hit>
  <lang>1</lang>
</data>
