<?xml version="1.0"?>
<data version="3.0" time="2024-07-19 09:03:50" type="post" filename="b000000002.xml">
  <open_time>0000-00-00</open_time>
  <close_time>0000-00-00</close_time>
  <lang_name>Big5</lang_name>
  <board_id>1001174280</board_id>
  <node>000000002</node>
  <site>1000110001</site>
  <pt>2022-12-20 18:12:26</pt>
  <poster>11027247</poster>
  <realname>&#x8A31;&#x5A01;&#x8317;  </realname>
  <email>as355068@asjh.ntpc.edu.tw</email>
  <homepage>  </homepage>
  <subject>219. &#x8209;&#x4F8B;&#x5340;&#x5225;&#x5B8C;&#x5168;full&#x3001;&#x5B8C;&#x6574;complete&#x53CA;&#x5E73;&#x8861;balanced&#x4E8C;&#x5143;&#x6A39;&#x7684;&#x5DEE;&#x7570;&#x3002; </subject>
  <content>&lt;p&gt;&lt;strong&gt;&lt;span style="font-size:16px"&gt;&#x5B8C;&#x5168;&#x6A39;&#xFF1A;&lt;/span&gt;&lt;/strong&gt;&lt;/p&gt;&#xD;
&#xD;
&lt;p&gt;&lt;span style="font-size:14px"&gt;1.&#x5728;level&#x5C0F;&#x65BC;&#x6A39;&#x9AD8;&#x7684;&#x7BC0;&#x9EDE;&#xFF0C;&#x6BCF;&#x500B;&#x9EDE;&#x90FD;&#x662F;&#x88AB;&#x586B;&#x6EFF;&#x7684;&lt;/span&gt;&lt;/p&gt;&#xD;
&#xD;
&lt;p&gt;&lt;span style="font-size:14px"&gt;2.&#x9EDE;&#x5230;&#x6BCF;&#x500B;&#x6700;&#x9060;&#x7684;&#x9EDE;&#x7684;&#x50B3;&#x905E;&#x6642;&#x9593;&#x90FD;&#x662F;&#x4E00;&#x6A23;&#x7684;&lt;/span&gt;&lt;/p&gt;&#xD;
&#xD;
&lt;p&gt;&lt;span style="font-size:14px"&gt;3.&#x8CC7;&#x6599;&#x6578;&#x6613;&#x53D7;&#x9650;&lt;/span&gt;&lt;/p&gt;&#xD;
&#xD;
&lt;p&gt;&lt;strong&gt;&lt;span style="font-size:16px"&gt;&#x5B8C;&#x6574;&#x6A39;&#xFF1A;&lt;/span&gt;&lt;/strong&gt;&lt;/p&gt;&#xD;
&#xD;
&lt;p&gt;&lt;span style="font-size:14px"&gt;1.&#x7576;&#x6A39;&#x9AD8;&#x662F;h&#x6642;&#xFF0C;h-1&#x4EE5;&#x4E0A;&#x7684;&#x5C64;&#x662F;&#x500B;&#x5B8C;&#x5168;&#x6A39;&lt;/span&gt;&lt;/p&gt;&#xD;
&#xD;
&lt;p&gt;&lt;span style="font-size:14px"&gt;2.h&#x5C64;&#x7531;&#x5DE6;&#x81F3;&#x53F3;&#x6216;&#x7531;&#x53F3;&#x81F3;&#x5DE6;&#x586B;&#x6EFF;&lt;/span&gt;&lt;/p&gt;&#xD;
&#xD;
&lt;p&gt;&lt;strong&gt;&lt;span style="font-size:16px"&gt;&#x5E73;&#x8861;&#x6A39;&#xFF1A;&lt;/span&gt;&lt;/strong&gt;&lt;/p&gt;&#xD;
&#xD;
&lt;p&gt;&lt;span style="font-size:14px"&gt;1.&#x6BCF;&#x500B;&#x9EDE;&#x7684;&#x5DE6;&#x53F3;&#x5B50;&#x6A39;&#x7684;&#x9AD8;&#x5EA6;&#x5DEE;&#x4E0D;&#x8D85;&#x904E;1&lt;/span&gt;&lt;/p&gt;&#xD;
&#xD;
&lt;p&gt;&lt;span style="font-size:14px"&gt;2.&#x4E0D;&#x9700;&#x53D7;&#x7531;&#x5DE6;&#x81F3;&#x53F3;&#x586B;&#x6EFF;&#x7684;&#x898F;&#x5247;&lt;/span&gt;&lt;/p&gt;&#xD;
&#xD;
&lt;p&gt;&lt;span style="font-size:14px"&gt;&lt;img alt="" src="/user/1/1/11027247/images/S__112689154.jpg" style="height:1478px; width:1108px" /&gt;&lt;/span&gt;&lt;/p&gt; </content>
  <attach></attach>
  <rcount></rcount>
  <rank></rank>
  <hit>33</hit>
  <lang>1</lang>
</data>
