<?xml version="1.0"?>
<data version="3.0" time="2024-07-19 08:53:34" type="post" filename="b000000010000000001.xml">
  <open_time>0000-00-00</open_time>
  <close_time>0000-00-00</close_time>
  <lang_name>Big5</lang_name>
  <board_id>1001296418</board_id>
  <node>000000010000000001</node>
  <site>1000110001</site>
  <pt>2023-10-18 16:34:03</pt>
  <poster>11813</poster>
  <realname>&#x5433;&#x5B9C;&#x9D3B;  </realname>
  <email>yhwu@cycu.edu.tw</email>
  <homepage>https://www.researchgate.net/profile/Yi-Hung-Wu-2  </homepage>
  <subject>Re: 110  </subject>
  <content>&lt;p&gt;&lt;span style="color:#b22222"&gt;&#x5DE6;&#x5074;&#x548C;&#x53F3;&#x5074;&#x63CF;&#x8FF0;&#x7684;&#x4E8C;&#x500B;&#x8CC7;&#x6599;&#x7D50;&#x69CB;&#x80FD;&#x5132;&#x5B58;&#x7684;&#x8CC7;&#x6599;&#x6839;&#x672C;&#x4E0D;&#x4E00;&#x6A23;&#xFF1F;&lt;/span&gt;&lt;/p&gt;&#xD;
&#xD;
&lt;p&gt;&lt;span style="color:#b22222"&gt;&#x53F3;&#x5074;&#x5BA3;&#x544A;100&#x500B;&#x5B57;&#x5143;&#x7684;&#x9663;&#x5217;&#xFF0C;&#x7136;&#x5F8C;&#x4E0B;&#x65B9;&#x537B;&#x662F;8&#x500B;&#x6574;&#x6578;&#x7684;&#x9663;&#x5217;&#xFF1F;&lt;/span&gt;&lt;/p&gt;&#xD;
&#xD;
&lt;p&gt;&lt;span style="color:#ff0000"&gt;&#x7B54;&#x554F;&#x7684;&#x5167;&#x5BB9;&#x7D0A;&#x4E82;&#x4E0D;&#x77E5;&#x6240;&#x4E91;&#xFF0C;&#x6C92;&#x6709;&#x984D;&#x5916;&#x52A0;&#x5206;&#xFF0C;&#x53CD;&#x800C;&#x6703;&#x914C;&#x4E88;&#x6263;&#x5206;&#xFF01;&lt;/span&gt;&lt;/p&gt; </content>
  <attach></attach>
  <rcount></rcount>
  <rank></rank>
  <hit>1</hit>
  <lang>1</lang>
</data>
