<?xml version="1.0"?>
<data version="3.0" time="2024-07-19 08:53:34" type="post" filename="b000000004.xml">
  <open_time>0000-00-00</open_time>
  <close_time>0000-00-00</close_time>
  <lang_name>Big5</lang_name>
  <board_id>1001296418</board_id>
  <node>000000004</node>
  <site>1000110001</site>
  <pt>2023-09-29 17:55:30</pt>
  <poster>11127129</poster>
  <realname>&#x5F35;&#x8ED2;&#x5049;  </realname>
  <email>billy.wilai@gmail.com</email>
  <homepage>  </homepage>
  <subject>109 </subject>
  <content>&lt;p&gt;&lt;span style="font-size:16px"&gt;&#x5982;&#x4F55;&#x5E6B;&#x9663;&#x5217;&#x5143;&#x7D20;&#x8A2D;&#x5B9A;&#x975E;&#x96F6;&#x7684;&#x521D;&#x59CB;&#x503C;&#xFF1F;&#x9808;&#x5BEB;&#x51FA;C++&#x7A0B;&#x5F0F;&#x78BC;&#x3002;&lt;/span&gt;&lt;/p&gt;&#xD;
&#xD;
&lt;p&gt;int main() {&lt;/p&gt;&#xD;
&#xD;
&lt;p&gt;&amp;nbsp; // &#x5275;&#x5EFA;&#x4E00;&#x500B;&#x6574;&#x6578;&#x9663;&#x5217;&#x6642;&#x76F4;&#x63A5;&#x521D;&#x59CB;&#x5316;&#x6240;&#x6709;&#x5143;&#x7D20;&#x70BA;&#x975E;&#x96F6;&#x503C;&lt;/p&gt;&#xD;
&#xD;
&lt;p&gt;&amp;nbsp; int Array[] = {1, 3, 5, 7, 9};&lt;/p&gt;&#xD;
&#xD;
&lt;p&gt;&amp;nbsp; // &#x5229;&#x7528;&#x8FF4;&#x5708;&#x8A2D;&#x5B9A;&#x975E;&#x96F6;&#x521D;&#x59CB;&#x503C;&lt;/p&gt;&#xD;
&#xD;
&lt;p&gt;&amp;nbsp; for (int i = 0; i &amp;lt; 5; ++i) {&lt;/p&gt;&#xD;
&#xD;
&lt;p&gt;&amp;nbsp; &amp;nbsp; Array[i] = 100;&lt;/p&gt;&#xD;
&#xD;
&lt;p&gt;&amp;nbsp; }&lt;/p&gt;&#xD;
&#xD;
&lt;p&gt;&amp;nbsp; return 0;&lt;/p&gt;&#xD;
&#xD;
&lt;p&gt;}&lt;/p&gt; </content>
  <attach></attach>
  <rcount></rcount>
  <rank></rank>
  <hit>43</hit>
  <lang>1</lang>
</data>
