<?xml version="1.0"?>
<data version="3.0" time="2024-07-19 08:53:34" type="post" filename="b000000003000000001.xml">
  <open_time>0000-00-00</open_time>
  <close_time>0000-00-00</close_time>
  <lang_name>Big5</lang_name>
  <board_id>1001296418</board_id>
  <node>000000003000000001</node>
  <site>1000110001</site>
  <pt>2023-10-02 17:29:03</pt>
  <poster>11277028</poster>
  <realname>&#x6C5F;&#x6668;&#x9298;  </realname>
  <email>gugugu1127@gmail.com</email>
  <homepage>  </homepage>
  <subject>Re: 107  </subject>
  <content>&lt;p&gt;&#x8B1B;&#x89E3;&#x7684;&#x5F88;&#x8A73;&#x7D30;&#xFF0C;GOOD&lt;/p&gt; </content>
  <attach></attach>
  <rcount></rcount>
  <rank></rank>
  <hit>1</hit>
  <lang>1</lang>
</data>
