<?xml version="1.0"?>
<data version="3.0" time="2024-07-19 08:53:34" type="post" filename="b000000009.xml">
  <open_time>0000-00-00</open_time>
  <close_time>0000-00-00</close_time>
  <lang_name>Big5</lang_name>
  <board_id>1001296418</board_id>
  <node>000000009</node>
  <site>1000110001</site>
  <pt>2023-10-03 15:53:13</pt>
  <poster>11127140</poster>
  <realname>&#x59DC;&#x7FA9;&#x65B0;  </realname>
  <email>jabeeschool@gmail.com</email>
  <homepage>  </homepage>
  <subject>108 </subject>
  <content>&lt;p&gt;&lt;span style="font-size:18px"&gt;&#x82E5;&#x905E;&#x8FF4;&#x5230;&#x67D0;&#x5C64;&#x5C31;&#x7570;&#x5E38;&#x7D42;&#x6B62;&#xFF0C;&#x8981;&#x5982;&#x4F55;&#x5F37;&#x5236;&#x5B83;&#x7E7C;&#x7E8C;&#x57F7;&#x884C;&#x5230;&#x4E0B;&#x4E00;&#x5C64;&#xFF1F;&lt;/span&gt;&lt;/p&gt;&#xD;
&#xD;
&lt;p&gt;&#x5728;&#x905E;&#x8FF4;&#x5230;&#x67D0;&#x4E00;&#x5C64;&#x7570;&#x5E38;&#x7D42;&#x6B62;&#x4E26;&#x4E14;&#x9700;&#x8981;&#x7E7C;&#x7E8C;&#x8D70;&#x4E0B;&#x4E00;&#x5C64;&#x7684;&#x8A71;&#xFF0C;&#x5247;&#x53EF;&#x4EE5;&#x4F7F;&#x7528; exception handling (&#x4F8B;&#x5916;&#x8655;&#x4F8B;) &#xFF0C;&#x4EE5;&#x4E0B;&#x662F;c++&#x7684;&#x7BC4;&#x4F8B;&#xFF0C;&#x4F7F;&#x7528;try-catch&#x8655;&#x7406;&#x4F8B;&#x5916;&#x3002;&lt;/p&gt;&#xD;
&#xD;
&lt;p&gt;&lt;img alt="" src="/user/1/1/11127140/images/Screen%20Shot%202023-10-03%20at%203.51.35%20PM.png" style="height:207px; width:300px" /&gt;&lt;/p&gt; </content>
  <attach></attach>
  <rcount></rcount>
  <rank></rank>
  <hit>20</hit>
  <lang>1</lang>
</data>
