<?xml version="1.0"?>
<data version="3.0" time="2024-07-19 08:53:34" type="post" filename="b000000016.xml">
  <open_time>0000-00-00</open_time>
  <close_time>0000-00-00</close_time>
  <lang_name>Big5</lang_name>
  <board_id>1001296418</board_id>
  <node>000000016</node>
  <site>1000110001</site>
  <pt>2023-10-04 23:25:59</pt>
  <poster>11127122</poster>
  <realname>&#x80E1;&#x6C9B;&#x980E;  </realname>
  <email>123456789paige26@gmail.com</email>
  <homepage> </homepage>
  <subject>110 </subject>
  <content>&lt;p&gt;&lt;span style="font-size:14.0000pt"&gt;&lt;span style="color:#333333"&gt;&lt;span style="font-family:&#x5FAE;&#x8EDF;&#x6B63;&#x9ED1;&#x9AD4;"&gt;&lt;span style="font-family:&#x5FAE;&#x8EDF;&#x6B63;&#x9ED1;&#x9AD4;"&gt;110. &#x4F5C;&#x696D;&#x4E00;&#x975C;&#x614B;&#x9663;&#x5217;&#x548C;&#x52D5;&#x614B;&#x9663;&#x5217;&#x6709;&#x4F55;&#x5DEE;&#x7570;&#xFF1F;&#x6307;&#x51FA;&#x5176;&#x512A;&#x7F3A;&#x9EDE;&#x3002;&lt;/span&gt;&lt;/span&gt;&lt;/span&gt;&lt;/span&gt;&lt;/p&gt;&#xD;
&#xD;
&lt;p&gt;&lt;strong&gt;&lt;strong&gt;&lt;span style="font-size:12.0000pt"&gt;&lt;span style="font-family:&#x5FAE;&#x8EDF;&#x6B63;&#x9ED1;&#x9AD4;"&gt;&lt;span style="font-family:&#x5FAE;&#x8EDF;&#x6B63;&#x9ED1;&#x9AD4;"&gt;&#x975C;&#x614B;&#x914D;&#x7F6E;&lt;/span&gt;&lt;/span&gt;&lt;/span&gt;&lt;/strong&gt;&lt;/strong&gt;&lt;strong&gt;&lt;strong&gt;&lt;span style="font-size:12.0000pt"&gt;&lt;span style="font-family:&#x5FAE;&#x8EDF;&#x6B63;&#x9ED1;&#x9AD4;"&gt;&lt;span style="font-family:&#x5FAE;&#x8EDF;&#x6B63;&#x9ED1;&#x9AD4;"&gt;:&lt;/span&gt;&lt;/span&gt;&lt;/span&gt;&lt;/strong&gt;&lt;/strong&gt;&lt;/p&gt;&#xD;
&#xD;
&lt;p&gt;&lt;span style="font-size:11.0000pt"&gt;&lt;span style="font-family:&#x5FAE;&#x8EDF;&#x6B63;&#x9ED1;&#x9AD4;"&gt;&lt;span style="font-family:&#x5FAE;&#x8EDF;&#x6B63;&#x9ED1;&#x9AD4;"&gt;&#x512A;&#x9EDE;&lt;/span&gt; &lt;span style="font-family:&#x5FAE;&#x8EDF;&#x6B63;&#x9ED1;&#x9AD4;"&gt;--&lt;/span&gt;&lt;/span&gt;&lt;/span&gt;&lt;/p&gt;&#xD;
&#xD;
&lt;ol&gt;&#xD;
	&lt;li&gt;&lt;span style="font-size:10.5000pt"&gt;&lt;span style="font-family:&#x5FAE;&#x8EDF;&#x6B63;&#x9ED1;&#x9AD4;"&gt;&lt;span style="font-family:&#x5FAE;&#x8EDF;&#x6B63;&#x9ED1;&#x9AD4;"&gt;&#x5728;&#x7A0B;&#x5F0F;&#x7DE8;&#x8B6F;&#x968E;&#x6BB5;&#xFF0C;&#x5C31;&#x7531;&#x7DE8;&#x8B6F;&#x5668;&#x5206;&#x914D;&#x597D;&#x9023;&#x7E8C;&#x7684;&#x8A18;&#x61B6;&#x9AD4;&#x7A7A;&#x9593;&#xFF0C;&#x4E0D;&#x4F54;&#x7528;&#x7A0B;&#x5F0F;&#x57F7;&#x884C;&#x4E4B;&#x5F8C;&#x7684;&lt;/span&gt;&lt;span style="font-family:&#x5FAE;&#x8EDF;&#x6B63;&#x9ED1;&#x9AD4;"&gt;CPU&#x8CC7;&#x6E90;&#x3002;&lt;/span&gt;&lt;/span&gt;&lt;/span&gt;&lt;/li&gt;&#xD;
	&lt;li&gt;&lt;span style="font-size:10.5000pt"&gt;&lt;span style="font-family:&#x5FAE;&#x8EDF;&#x6B63;&#x9ED1;&#x9AD4;"&gt;&lt;span style="font-family:&#x5FAE;&#x8EDF;&#x6B63;&#x9ED1;&#x9AD4;"&gt;&#x5728;&#x57F7;&#x884C;&#x968E;&#x6BB5;&#x6642;&#xFF0C;&#x82E5;&#x8A72;&#x8B8A;&#x6578;&#x65BC;&#x5340;&#x57DF;&#x5167;&#x4F7F;&#x7528;&#x5B8C;&#x7562;&#xFF0C;&#x5247;&#x6703;&#x7531;&#x7CFB;&#x7D71;&#x9032;&#x884C;&#x56DE;&#x6536;&#xFF0C;&#x91CB;&#x653E;&#x4F54;&#x6709;&#x7684;&#x8A18;&#x61B6;&#x9AD4;&#x3002;&lt;/span&gt;&lt;/span&gt;&lt;/span&gt;&lt;/li&gt;&#xD;
&lt;/ol&gt;&#xD;
&#xD;
&lt;p&gt;&lt;span style="font-size:10.5000pt"&gt;&lt;span style="font-family:&#x5FAE;&#x8EDF;&#x6B63;&#x9ED1;&#x9AD4;"&gt;&lt;span style="font-family:&#x5FAE;&#x8EDF;&#x6B63;&#x9ED1;&#x9AD4;"&gt;&amp;nbsp; &amp;nbsp;&lt;/span&gt;&lt;/span&gt;&lt;/span&gt;&lt;/p&gt;&#xD;
&#xD;
&lt;p&gt;&lt;span style="font-size:11.0000pt"&gt;&lt;span style="font-family:&#x5FAE;&#x8EDF;&#x6B63;&#x9ED1;&#x9AD4;"&gt;&lt;span style="font-family:&#x5FAE;&#x8EDF;&#x6B63;&#x9ED1;&#x9AD4;"&gt;&#x7F3A;&#x9EDE;&lt;/span&gt; &lt;span style="font-family:&#x5FAE;&#x8EDF;&#x6B63;&#x9ED1;&#x9AD4;"&gt;--&lt;/span&gt;&lt;/span&gt;&lt;/span&gt;&lt;/p&gt;&#xD;
&#xD;
&lt;p&gt;&lt;span style="font-size:10.5000pt"&gt;&lt;span style="font-family:&#x5FAE;&#x8EDF;&#x6B63;&#x9ED1;&#x9AD4;"&gt;&lt;span style="font-family:&#x5FAE;&#x8EDF;&#x6B63;&#x9ED1;&#x9AD4;"&gt;1.&#x7A7A;&#x9593;&#x4E0D;&#x53EF;&#x589E;&#x5927;&#x6216;&#x7E2E;&#x5C0F;&#x3002;&lt;/span&gt;&lt;/span&gt;&lt;/span&gt;&lt;/p&gt;&#xD;
&#xD;
&lt;p&gt;&lt;span style="font-size:10.5000pt"&gt;&lt;span style="font-family:&#x5FAE;&#x8EDF;&#x6B63;&#x9ED1;&#x9AD4;"&gt;&lt;span style="font-family:&#x5FAE;&#x8EDF;&#x6B63;&#x9ED1;&#x9AD4;"&gt;2.&#x6C92;&#x6709;&#x4F7F;&#x7528;&#x7684;&#x7A7A;&#x9593;&#x6703;&#x88AB;&#x6D6A;&#x8CBB;&#x3002;&lt;/span&gt;&lt;/span&gt;&lt;/span&gt;&lt;/p&gt;&#xD;
&#xD;
&lt;p style="text-align:justify"&gt;&amp;nbsp;&lt;/p&gt;&#xD;
&#xD;
&lt;p style="text-align:justify"&gt;&lt;strong&gt;&lt;strong&gt;&lt;span style="font-size:12.0000pt"&gt;&lt;span style="font-family:&#x5FAE;&#x8EDF;&#x6B63;&#x9ED1;&#x9AD4;"&gt;&lt;span style="font-family:&#x5FAE;&#x8EDF;&#x6B63;&#x9ED1;&#x9AD4;"&gt;&#x52D5;&#x614B;&#x914D;&#x7F6E;&lt;/span&gt;&lt;span style="font-family:&#x5FAE;&#x8EDF;&#x6B63;&#x9ED1;&#x9AD4;"&gt;:&lt;/span&gt;&lt;/span&gt;&lt;/span&gt;&lt;/strong&gt;&lt;/strong&gt;&lt;/p&gt;&#xD;
&#xD;
&lt;p style="text-align:justify"&gt;&lt;span style="font-size:11.0000pt"&gt;&lt;span style="font-family:&#x5FAE;&#x8EDF;&#x6B63;&#x9ED1;&#x9AD4;"&gt;&lt;span style="font-family:&#x5FAE;&#x8EDF;&#x6B63;&#x9ED1;&#x9AD4;"&gt;&#x512A;&#x9EDE;&lt;/span&gt; &lt;span style="font-family:&#x5FAE;&#x8EDF;&#x6B63;&#x9ED1;&#x9AD4;"&gt;-- &lt;/span&gt;&lt;/span&gt;&lt;/span&gt;&lt;/p&gt;&#xD;
&#xD;
&lt;ol&gt;&#xD;
	&lt;li style="text-align:justify"&gt;&lt;span style="font-size:10.5000pt"&gt;&lt;span style="font-family:&#x5FAE;&#x8EDF;&#x6B63;&#x9ED1;&#x9AD4;"&gt;&lt;span style="font-family:&#x5FAE;&#x8EDF;&#x6B63;&#x9ED1;&#x9AD4;"&gt;&#x7A7A;&#x9593;&#x53EF;&#x4EE5;&#x96A8;&#x8457;&#x7A0B;&#x5F0F;&#x57F7;&#x884C;&#x589E;&#x52A0;&#x6216;&#x8005;&#x6E1B;&#x5C11;&#x3002;&lt;/span&gt;&lt;/span&gt;&lt;/span&gt;&lt;/li&gt;&#xD;
	&lt;li style="text-align:justify"&gt;&lt;span style="font-size:10.5000pt"&gt;&lt;span style="font-family:&#x5FAE;&#x8EDF;&#x6B63;&#x9ED1;&#x9AD4;"&gt;&lt;span style="font-family:&#x5FAE;&#x8EDF;&#x6B63;&#x9ED1;&#x9AD4;"&gt;&#x9700;&#x8981;&#x7A7A;&#x9593;&#x624D;&#x8DDF;&#x7CFB;&#x7D71;&#x8981;&#x8A18;&#x61B6;&#x9AD4;&#xFF0C;&#x6240;&#x4EE5;&#x53EF;&#x4EE5;&#x6E1B;&#x5C11;&#x7A7A;&#x9593;&#x6D6A;&#x8CBB;&#x7684;&#x73FE;&#x8C61;&#x3002;&lt;/span&gt;&lt;/span&gt;&lt;/span&gt;&lt;/li&gt;&#xD;
&lt;/ol&gt;&#xD;
&#xD;
&lt;p style="text-align:justify"&gt;&amp;nbsp;&lt;/p&gt;&#xD;
&#xD;
&lt;p style="text-align:justify"&gt;&lt;span style="font-size:11.0000pt"&gt;&lt;span style="font-family:&#x5FAE;&#x8EDF;&#x6B63;&#x9ED1;&#x9AD4;"&gt;&lt;span style="font-family:&#x5FAE;&#x8EDF;&#x6B63;&#x9ED1;&#x9AD4;"&gt;&#x7F3A;&#x9EDE;&lt;/span&gt; &lt;span style="font-family:&#x5FAE;&#x8EDF;&#x6B63;&#x9ED1;&#x9AD4;"&gt;--&lt;/span&gt;&lt;/span&gt;&lt;/span&gt;&lt;/p&gt;&#xD;
&#xD;
&lt;p style="text-align:justify"&gt;&lt;span style="font-size:10.5000pt"&gt;&lt;span style="font-family:&#x5FAE;&#x8EDF;&#x6B63;&#x9ED1;&#x9AD4;"&gt;&lt;span style="font-family:&#x5FAE;&#x8EDF;&#x6B63;&#x9ED1;&#x9AD4;"&gt;1. &#x5728;&#x7A0B;&#x5F0F;&#x57F7;&#x884C;&#x7684;&#x6642;&#x5019;&#xFF0C;&#x624D;&#x958B;&#x59CB;&#x5206;&#x914D;&#x8A18;&#x61B6;&#x9AD4;&#x7A7A;&#x9593;&#xFF0C;&#x5360;&#x7528;&#x7A0B;&#x5F0F;&#x57F7;&#x884C;&#x4E4B;&#x5F8C;&#x7684;&lt;/span&gt;&lt;span style="font-family:&#x5FAE;&#x8EDF;&#x6B63;&#x9ED1;&#x9AD4;"&gt;CPU&#x8CC7;&#x6E90;&#x3002;&lt;/span&gt;&lt;/span&gt;&lt;/span&gt;&lt;/p&gt;&#xD;
&#xD;
&lt;p style="text-align:justify"&gt;&lt;span style="font-size:10.5000pt"&gt;&lt;span style="font-family:&#x5FAE;&#x8EDF;&#x6B63;&#x9ED1;&#x9AD4;"&gt;&lt;span style="font-family:&#x5FAE;&#x8EDF;&#x6B63;&#x9ED1;&#x9AD4;"&gt;2. &#x9808;&#x7531;&#x7DE8;&#x5BEB;&#x7A0B;&#x5F0F;&#x8005;&#x601D;&#x8003;&#x914D;&#x7F6E;&#x65B9;&#x6CD5;&#xFF0C;&#x4E14;&#x8A18;&#x61B6;&#x9AD4;&#x7A7A;&#x9593;&#x4E0D;&#x4E00;&#x5B9A;&#x9023;&#x7E8C;&#x3002;&lt;/span&gt;&lt;/span&gt;&lt;/span&gt;&lt;/p&gt;&#xD;
&#xD;
&lt;p style="text-align:justify"&gt;&lt;span style="font-size:10.5000pt"&gt;&lt;span style="font-family:&#x5FAE;&#x8EDF;&#x6B63;&#x9ED1;&#x9AD4;"&gt;&lt;span style="font-family:&#x5FAE;&#x8EDF;&#x6B63;&#x9ED1;&#x9AD4;"&gt;3. &#x5373;&#x4F7F;&#x5728;&#x57F7;&#x884C;&#x968E;&#x6BB5;&#x6642;&#xFF0C;&#x8A72;&#x8B8A;&#x6578;&#x65BC;&#x5340;&#x57DF;&#x5167;&#x4F7F;&#x7528;&#x5B8C;&#x7562;&#xFF0C;&#x7CFB;&#x7D71;&#x4E5F;&#x4E0D;&#x6703;&#x9032;&#x884C;&#x56DE;&#x6536;&#xFF0C;&#x9700;&#x8981;&#x7DE8;&#x5BEB;&#x7A0B;&#x5F0F;&#x8005;&#x7DE8;&#x5BEB;&#x91CB;&#x653E;&#x7A7A;&#x9593;&#x7684;&#x52D5;&#x4F5C;&#x3002;&#x82E5;&#x4E0D;&#x91CB;&#x653E;&#xFF0C;&#x5176;&#x751F;&#x547D;&#x9031;&#x671F;&#x6703;&#x6301;&#x7E8C;&#x5230;&#x7A0B;&#x5F0F;&#x7D50;&#x675F;&#x3002;&lt;/span&gt;&lt;/span&gt;&lt;/span&gt;&lt;/p&gt;</content>
  <attach></attach>
  <rcount></rcount>
  <rank></rank>
  <hit>15</hit>
  <lang>1</lang>
</data>
