<?xml version="1.0"?>
<data version="3.0" time="2024-07-19 08:53:34" type="post" filename="b000000001.xml">
  <open_time>0000-00-00</open_time>
  <close_time>0000-00-00</close_time>
  <lang_name>Big5</lang_name>
  <board_id>1001296418</board_id>
  <node>000000001</node>
  <site>1000110001</site>
  <pt>2023-09-22 21:48:22</pt>
  <poster>11127136</poster>
  <realname>&#x5F6D;&#x6668;&#x7DAD;  </realname>
  <email>willy921230@gmail.com</email>
  <homepage>  </homepage>
  <subject>106 </subject>
  <content>&lt;p&gt;&lt;span style="font-family:&#x65B0;&#x7D30;&#x660E;&#x9AD4;,serif"&gt;&#x4E00;&#x3001;&#x5806;&#x758A;&#x6EA2;&#x4F4D;&#xFF1A;&#x905E;&#x8FF4;&#x547C;&#x53EB;&#x901A;&#x5E38;&#x6703;&#x5728;&#x547C;&#x53EB;&lt;/span&gt;stack&lt;span style="font-family:&#x65B0;&#x7D30;&#x660E;&#x9AD4;,serif"&gt;&#x6642;&#x5EFA;&#x7ACB;&#x4E00;&#x500B;&#x65B0;&#x7684;&#x51FD;&#x5F0F;&#x547C;&#x53EB;&#x5075;&#x3002;&#x547C;&#x53EB;&#x4E00;&#x6B21;&#x905E;&#x8FF4;&#x51FD;&#x793A;&#xFF0C;&#x5C31;&#x6703;&#x5411;&#x5806;&#x758A;&#x4E2D;&#x50B3;&#x9001;&#x4E00;&#x500B;&#x65B0;&#x7684;&#x5075;&#xFF0C;&#x4EE5;&#x4FDD;&#x5B58;&#x51FD;&#x5F0F;&#x7684;&#x5C40;&#x90E8;&#x8B8A;&#x6578;&#x548C;&#x8FD4;&#x56DE;&#x5730;&#x5740;&#xFF0C;&#x5982;&#x679C;&#x905E;&#x8FF4;&#x6DF1;&#x5EA6;&#x904E;&#x5927;&#xFF0C;&lt;/span&gt;stack&lt;span style="font-family:&#x65B0;&#x7D30;&#x660E;&#x9AD4;,serif"&gt;&#x53EF;&#x80FD;&#x6703;&#x8017;&#x76E1;&#xFF0C;&#x5C0E;&#x81F4;&#x6EA2;&#x4F4D;&#x932F;&#x8AA4;&#x3002;&lt;/span&gt;&lt;/p&gt;&#xD;
&#xD;
&lt;p&gt;&lt;span style="font-family:&#x65B0;&#x7D30;&#x660E;&#x9AD4;,serif"&gt;&#x4E8C;&#x3001;&#x8A18;&#x61B6;&#x9AD4;&#x6D29;&#x6F0F;&#xFF1A;&#x5982;&#x679C;&#x905E;&#x8FF4;&#x51FD;&#x5F0F;&#x5728;&#x6BCF;&#x6B21;&#x547C;&#x53EB;&#x6642;&#x5206;&#x914D;&#x52D5;&#x614B;&#x8A18;&#x61B6;&#x9AD4;&#xFF0C;&#x4F46;&#x672A;&#x5728;&#x905E;&#x8FF4;&#x7D50;&lt;/span&gt;&amp;nbsp;&amp;nbsp;&amp;nbsp;&amp;nbsp; &lt;span style="font-family:&#x65B0;&#x7D30;&#x660E;&#x9AD4;,serif"&gt;&#x675F;&#x6642;&#x6B63;&#x78BA;&#x5730;&#x91CB;&#x653E;&#x8A72;&#x8A18;&#x61B6;&#x9AD4;&#xFF0C;&#x5247;&#x53EF;&#x80FD;&#x6703;&#x5C0E;&#x81F4;&#x8A18;&#x61B6;&#x9AD4;&#x6D29;&#x6F0F;&#x3002;&#x9577;&#x6642;&#x9593;&#x904B;&#x884C;&#x7684;&#x905E;&#x8FF4;&#x53EF;&#x80FD;&#x5C0E;&#x81F4;&#x7CFB;&#x7D71;&#x7684;&#x53EF;&#x7528;&#x8A18;&#x61B6;&#x9AD4;&#x8017;&#x76E1;&#xFF0C;&#x6700;&#x7D42;&#x5C0E;&#x81F4;&#x8A18;&#x61B6;&#x9AD4;&#x5340;&#x6BB5;&#x932F;&#x8AA4;&#x3002;&lt;/span&gt;&lt;/p&gt;&#xD;
&#xD;
&lt;p&gt;&lt;span style="font-family:&#x65B0;&#x7D30;&#x660E;&#x9AD4;,serif"&gt;&#x4E09;&#x3001;&#x8CC7;&#x6E90;&#x4E0D;&#x8DB3;&#xFF1A;&#x67D0;&#x4E9B;&#x905E;&#x8FF4;&#x554F;&#x984C;&#x53EF;&#x80FD;&#x9700;&#x8981;&#x5927;&#x91CF;&#x7684;&#x905E;&#x8FF4;&#x547C;&#x53EB;&#xFF0C;&#x9019;&#x53EF;&#x80FD;&#x6703;&#x5C0E;&#x81F4;&#x7CFB;&#x7D71;&#x8017;&#x76E1;&#x5176;&#x4ED6;&#x8CC7;&#x6E90;&#xFF0C;&#x4F8B;&#x5982;&#x5806;&#x758A;&#x7A7A;&#x9593;&#x3001;&#x8655;&#x7406;&#x5668;&#x6642;&#x9593;&#x6216;&#x7CFB;&#x7D71;&#x8A18;&#x61B6;&#x9AD4;&#x3002;&#x7576;&#x7CFB;&#x7D71;&#x8CC7;&#x6E90;&#x8017;&#x76E1;&#x6642;&#xFF0C;&#x53EF;&#x80FD;&#x6703;&#x767C;&#x751F;&#x8A18;&#x61B6;&#x9AD4;&#x5340;&#x6BB5;&#x932F;&#x8AA4;&#x3002;&lt;/span&gt;&lt;/p&gt; </content>
  <attach></attach>
  <rcount></rcount>
  <rank></rank>
  <hit>123</hit>
  <lang>1</lang>
</data>
