<?xml version="1.0"?>
<data version="3.0" time="2024-07-19 08:53:34" type="post" filename="b000000015.xml">
  <open_time>0000-00-00</open_time>
  <close_time>0000-00-00</close_time>
  <lang_name>Big5</lang_name>
  <board_id>1001296418</board_id>
  <node>000000015</node>
  <site>1000110001</site>
  <pt>2023-10-04 22:59:51</pt>
  <poster>11127112</poster>
  <realname>&#x838A;&#x6C9B;&#x5112;  </realname>
  <email>a0922166067@gmail.com</email>
  <homepage>  </homepage>
  <subject>107 </subject>
  <content>&lt;p&gt;&lt;span style="font-size:16px"&gt;&#x4F5C;&#x696D;&#x4E00;&#x63A1;&#x7528;&#x4EC0;&#x9EBC;&#x8CC7;&#x6599;&#x7D50;&#x69CB;&#x5132;&#x5B58;&#x8B80;&#x5165;&#x8CC7;&#x6599;&#xFF0C;&#x9808;&#x8AAA;&#x660E;&#x539F;&#x56E0;&#x3002;&lt;/span&gt;&lt;/p&gt;&#xD;
&#xD;
&lt;p&gt;&#x6211;&#x7684;&#x4F5C;&#x696D;&#x4E00;&#x662F;&#x5229;&#x7528;&#x96D9;&#x91CD;vector&#x53BB;&#x5B58;&#x6211;&#x7684;&#x8FF7;&#x5BAE;&#xFF0C;&#x56E0;&#x70BA;&#x6BCF;&#x4E00;&#x6B21;&#x8F38;&#x5165;&#x7684;&#x8FF7;&#x5BAE;&#x5927;&#x5C0F;&#x90FD;&#x4E0D;&#x4E00;&#x6A23;&#xFF0C;&#x5982;&#x679C;&#x4F7F;&#x7528;&#x975C;&#x614B;&#x9663;&#x5217;&#x53BB;&#x5B58;&#xFF0C;&#x9700;&#x8981;&#x5C07;&#x9663;&#x5217;&#x5927;&#x5C0F;&#x8A2D;&#x7684;&#x5F88;&#x5927;&#xFF0C;&#x56E0;&#x6B64;&#xFF0C;&#x5C31;&#x5F88;&#x5BB9;&#x6613;&#x9020;&#x6210;&#x7A7A;&#x9593;&#x4E0A;&#x7684;&#x6D6A;&#x8CBB;&#xFF0C;&#x6240;&#x4EE5;&#x6211;&#x4F7F;&#x7528;&#x4E8C;&#x7DAD;&#x7684;vector&#x53BB;&#x5B58;&#x6211;&#x7684;&#x8CC7;&#x6599;&#xFF0C;&#x9019;&#x6A23;&#x6211;&#x7684;&#x8FF7;&#x5BAE;&#x5C31;&#x80FD;&#x6839;&#x64DA;&#x7D66;&#x5B9A;&#x7684;&#x9577;&#x5BEC;&#x53BB;&#x8ABF;&#x6574;&#x8FF7;&#x5BAE;&#xFF0C;&#x800C;&#x4E0D;&#x9700;&#x8981;&#x4E00;&#x958B;&#x59CB;&#x5C31;&#x8A2D;&#x5B9A;&#x7684;&#x5927;&#x5927;&#x7684;&#x3002;&lt;/p&gt; </content>
  <attach></attach>
  <rcount></rcount>
  <rank></rank>
  <hit>13</hit>
  <lang>1</lang>
</data>
