<?xml version="1.0"?>
<data version="3.0" time="2024-07-19 08:53:34" type="post" filename="b000000014000000001.xml">
  <open_time>0000-00-00</open_time>
  <close_time>0000-00-00</close_time>
  <lang_name>Big5</lang_name>
  <board_id>1001296418</board_id>
  <node>000000014000000001</node>
  <site>1000110001</site>
  <pt>2023-10-18 16:39:06</pt>
  <poster>11813</poster>
  <realname>&#x5433;&#x5B9C;&#x9D3B;  </realname>
  <email>yhwu@cycu.edu.tw</email>
  <homepage>https://www.researchgate.net/profile/Yi-Hung-Wu-2  </homepage>
  <subject>Re: 106  </subject>
  <content>&lt;p&gt;&lt;span style="color:#b22222"&gt;&#x6A19;&#x984C;&#x5EFA;&#x8B70;&#x653E;&#x984C;&#x76EE;&#x7684;&#x6558;&#x8FF0;&#xFF0C;&#x5982;&#x679C;&#x5167;&#x6587;&#x6C92;&#x6709;&#x91CD;&#x8FF0;&#x4E00;&#x904D;&#x7684;&#x8A71;&#x3002;&lt;/span&gt;&lt;/p&gt; </content>
  <attach></attach>
  <rcount></rcount>
  <rank></rank>
  <hit>1</hit>
  <lang>1</lang>
</data>
