<?xml version="1.0"?>
<data version="3.0" time="2024-07-19 08:53:34" type="post" filename="b000000012000000001.xml">
  <open_time>0000-00-00</open_time>
  <close_time>0000-00-00</close_time>
  <lang_name>Big5</lang_name>
  <board_id>1001296418</board_id>
  <node>000000012000000001</node>
  <site>1000110001</site>
  <pt>2023-10-18 16:36:43</pt>
  <poster>11813</poster>
  <realname>&#x5433;&#x5B9C;&#x9D3B;  </realname>
  <email>yhwu@cycu.edu.tw</email>
  <homepage>https://www.researchgate.net/profile/Yi-Hung-Wu-2  </homepage>
  <subject>Re: 107  </subject>
  <content>&lt;p&gt;&lt;span style="color:#ff0000"&gt;&#x4E8C;&#x7DAD;&#x52D5;&#x614B;&#x9663;&#x5217;&#x662F;&#x4EC0;&#x9EBC;&#x6A23;&#x7684;&#x8CC7;&#x6599;&#x7D50;&#x69CB;&#xFF1F;&lt;/span&gt;&lt;/p&gt; </content>
  <attach></attach>
  <rcount></rcount>
  <rank></rank>
  <hit>1</hit>
  <lang>1</lang>
</data>
