<?xml version="1.0"?>
<data version="3.0" time="2024-07-19 09:04:57" type="post" filename="b000000001.xml">
  <open_time>0000-00-00</open_time>
  <close_time>0000-00-00</close_time>
  <lang_name>Big5</lang_name>
  <board_id>1001162647</board_id>
  <node>000000001</node>
  <site>1000110001</site>
  <pt>2022-09-20 18:29:54</pt>
  <poster>11027154</poster>
  <realname>&#x5ED6;&#x6893;&#x9038;  </realname>
  <email>joe3727@gmail.com</email>
  <homepage>  </homepage>
  <subject>106. &#x905E;&#x8FF4;&#x547C;&#x53EB;&#x70BA;&#x4F55;&#x6703;&#x9020;&#x6210;&#x8A18;&#x61B6;&#x9AD4;&#x5340;&#x6BB5;&#x932F;&#x8AA4;&#xFF1F; </subject>
  <content>&lt;p&gt;&#x7121;&#x9650;&#x5236;&#x905E;&#x8FF4;&#x5C31;&#x50CF;&#x662F;&#x63D0;&#x8457;&#x8CFC;&#x7269;&#x7C43;&#x8CB7;&#x6771;&#x897F;&#xFF0C;&#x96A8;&#x8457;&#x6771;&#x897F;&#x8D8A;&#x62FF;&#x8D8A;&#x591A;&#xFF0C;&#x8CFC;&#x7269;&#x7C43;&#x6108;&#x4F86;&#x6108;&#x6EFF;&#xFF0C;&#x6700;&#x5F8C;&#x5C31;&#x518D;&#x4E5F;&#x6C92;&#x6709;&#x7A7A;&#x9593;&#x585E;&#x4E86;&#x3002;&lt;/p&gt;&#xD;
&#xD;
&lt;p&gt;&#x6BCF;&#x4E00;&#x6B21;&#x905E;&#x8FF4;&#x4E2D;&#xFF0C;&#x5728;&#x9032;&#x5165;&#x4E0B;&#x6B21;&#x905E;&#x8FF4;&#x524D;&#x6703;&#x5C07;&#x672A;&#x5B8C;&#x6210;&#x7684;&#x904B;&#x7B97;&#x8CC7;&#x6599;(&#x5305;&#x542B; &#x5340;&#x57DF;&#x8B8A;&#x6578; &#x3001;&#x57F7;&#x884C;&#x5217;&#x6578;&#x7B49;&#x8CC7;&#x8A0A;)&#x653E;&#x9032;&lt;strong&gt;&#x5806;&#x68E7;(stack)&lt;/strong&gt;&#xFF0C;&#x7B49;&#x5230;&#x905E;&#x8FF4;&#x5B8C;&#x6210;&#x5F8C;&#x624D;&#x6703;&#x5C07;&#x8CC7;&#x6599;&#x53D6;&#x51FA;&#x4E26;&#x91CB;&#x653E;&#x8A18;&#x61B6;&#x9AD4;&#xFF0C;&#x82E5;&#x905E;&#x8FF4;&#x5C64;&#x6578;&#x8D85;&#x51FA;&#x8A18;&#x61B6;&#x9AD4;&#x6240;&#x80FD;&#xFF0C;&#x6700;&#x7D42;&#x5C31;&#x6703;&#x5C0E;&#x81F4;&#x4F7F;&#x7528;&#x5230;&#x4E0D;&#x8A72;&#x4F7F;&#x7528;&#x7684;&#x8A18;&#x61B6;&#x9AD4;&#xFF0C;&#x7DE8;&#x8B6F;&#x5668;&#x5C31;&#x6703;&#x8B66;&#x544A;&#x6B64;&#x554F;&#x984C;&#x3002;&lt;/p&gt;&#xD;
&#xD;
&lt;p&gt;&#x6240;&#x4EE5;&#xFF0C;&lt;strong&gt;&#x7576;&#x60A8;&amp;nbsp;&amp;nbsp;&lt;/strong&gt;&lt;s&gt;&#x6709;&#x7121;&#x9650;&#x8A18;&#x61B6;&#x9AD4;&amp;nbsp;&lt;/s&gt;&amp;nbsp;or &#x7528;&#x66F4;&#x8070;&#x660E;&#x7684;&#x5BEB;&#x6CD5;&lt;strong&gt;&#x6642;&#x5C31;&#x53EF;&#x907F;&#x514D;&#x6B64;&#x60C5;&#x6CC1;&#x767C;&#x751F;&lt;/strong&gt;&lt;/p&gt;&#xD;
&#xD;
&lt;p&gt;&lt;img alt="" src="/user/1/1/11027154/images/OIP.jfif" style="height:140px; width:200px" /&gt;&lt;/p&gt; </content>
  <attach></attach>
  <rcount></rcount>
  <rank></rank>
  <hit>82</hit>
  <lang>1</lang>
</data>
