<?xml version="1.0"?>
<data version="3.0" time="2024-07-19 09:04:57" type="post" filename="b000000026.xml">
  <open_time>0000-00-00</open_time>
  <close_time>0000-00-00</close_time>
  <lang_name>Big5</lang_name>
  <board_id>1001162647</board_id>
  <node>000000026</node>
  <site>1000110001</site>
  <pt>2022-10-03 10:42:31</pt>
  <poster>11027110</poster>
  <realname>&#x912D;&#x53C8;&#x92A8;  </realname>
  <email>andy20030602@gmail.com</email>
  <homepage>  </homepage>
  <subject>110. &#x4F5C;&#x696D;&#x4E8C;&#x975C;&#x614B;&#x9663;&#x5217;&#x548C;&#x52D5;&#x614B;&#x9663;&#x5217;&#x6709;&#x4F55;&#x5DEE;&#x7570;&#xFF1F;&#x6307;&#x51FA;&#x5176;&#x512A;&#x7F3A;&#x9EDE;&#x3002;* </subject>
  <content>&lt;p&gt;1.&#x975C;&#x614B;&#x9663;&#x5217;&lt;/p&gt;&#xD;
&#xD;
&lt;p&gt;&#x975C;&#x614B;&#x9663;&#x5217;&#x5728;&#x5BA3;&#x544A;&#x6642;&#x5C31;&#x6C7A;&#x5B9A;&#x4E86;&#x56FA;&#x5B9A;&#x7684;&#x5927;&#x5C0F;&#xFF0C;&#x4E0D;&#x53EF;&#x4EE5;&#x96A8;&#x610F;&#x589E;&#x52A0;&#x5927;&#x5C0F;&#xFF0C;&#x4F7F;&#x7528;&#x4E0A;&#x6BD4;&#x8F03;&#x4E0D;&#x9748;&#x6D3B;&#xFF0C;&#x4F46;&#x5728;&#x57F7;&#x884C;&#x5F8C;&#x6703;&#x81EA;&#x52D5;&#x91CB;&#x653E;&#x6C92;&#x6709;&#x4F7F;&#x7528;&#x7684;&#x8A18;&#x61B6;&#x9AD4;&#x7A7A;&#x9593;&#x3002;&lt;/p&gt;&#xD;
&#xD;
&lt;p&gt;2.&#x52D5;&#x614B;&#x9663;&#x5217;&lt;/p&gt;&#xD;
&#xD;
&lt;p&gt;&#x5728;&#x4F7F;&#x7528;&#x6642;&#x53EF;&#x96A8;&#x9700;&#x8981;&#x81EA;&#x7531;&#x589E;&#x52A0;&#x4F7F;&#x7528;&#xFF0C;&#x76F8;&#x5C0D;&#x975C;&#x614B;&#x8F03;&#x70BA;&#x9748;&#x6D3B;&#x65B9;&#x4FBF;&#xFF0C;&#x4F46;&#x9700;&#x8981;&#x81EA;&#x884C;&#x91CB;&#x653E;&#xFF0C;&#x4E0D;&#x7136;&#x53EF;&#x80FD;&#x6703;&#x9020;&#x6210;&#x4E0D;&#x5FC5;&#x8981;&#x7684;&#x8A18;&#x61B6;&#x9AD4;&#x4F54;&#x7528;&#x3002;&lt;/p&gt; </content>
  <attach></attach>
  <rcount></rcount>
  <rank></rank>
  <hit>15</hit>
  <lang>1</lang>
</data>
