<?xml version="1.0"?>
<data version="3.0" time="2024-07-19 09:04:57" type="post" filename="b000000022.xml">
  <open_time>0000-00-00</open_time>
  <close_time>0000-00-00</close_time>
  <lang_name>Big5</lang_name>
  <board_id>1001162647</board_id>
  <node>000000022</node>
  <site>1000110001</site>
  <pt>2022-10-01 22:28:53</pt>
  <poster>11027105</poster>
  <realname>&#x76E7;&#x99FF;&#x63DA;  </realname>
  <email>jy.lu123456@gmail.com</email>
  <homepage>  </homepage>
  <subject>110. &#x4F5C;&#x696D;&#x4E8C;&#x975C;&#x614B;&#x9663;&#x5217;&#x548C;&#x52D5;&#x614B;&#x9663;&#x5217;&#x6709;&#x4F55;&#x5DEE;&#x7570;&#xFF1F;&#x6307;&#x51FA;&#x5176;&#x512A;&#x7F3A;&#x9EDE;&#x3002;* </subject>
  <content>&lt;p&gt;&lt;span style="font-family:&#x65B0;&#x7D30;&#x660E;&#x9AD4;,serif"&gt;&#x975C;&#x614B;&#x9663;&#x5217;&lt;/span&gt;:&lt;/p&gt;&#xD;
&#xD;
&lt;p&gt;&lt;span style="font-family:&#x65B0;&#x7D30;&#x660E;&#x9AD4;,serif"&gt;&#x975C;&#x614B;&#x9663;&#x5217;&#x662F;&#x5148;&#x6C7A;&#x5B9A;&#x4E86;&#x7A7A;&#x9593;&#x7684;&#x5927;&#x5C0F;&#xFF0C;&#x518D;&#x4F7F;&#x7528;&#x4E0A;&#x82E5;&#x60F3;&#x589E;&#x52A0;&#x7A7A;&#x9593;&#x9808;&#x91CD;&#x65B0;&#x5B9A;&#x7FA9;&#x5927;&#x5C0F;&#x6BD4;&#x8F03;&#x4E0D;&#x65B9;&#x4FBF;&#xFF0C;&#x7121;&#x6CD5;&#x8F03;&#x81EA;&#x7531;&#x7684;&#x6539;&#x8B8A;&#x7A7A;&#x9593;&#x5927;&#x5C0F;&#x4F46;&#x5176;&#x57F7;&#x884C;&#x901F;&#x5EA6;&#x8F03;&#x70BA;&#x5FEB;&#x901F;&#x3002;&lt;/span&gt;&lt;/p&gt;&#xD;
&#xD;
&lt;p&gt;&lt;span style="font-family:&#x65B0;&#x7D30;&#x660E;&#x9AD4;,serif"&gt;&#x52D5;&#x614B;&#x9663;&#x5217;&lt;/span&gt;:&lt;/p&gt;&#xD;
&#xD;
&lt;p&gt;&lt;span style="font-family:&#x65B0;&#x7D30;&#x660E;&#x9AD4;,serif"&gt;&#x52D5;&#x614B;&#x9663;&#x5217;&#x53EF;&#x4EE5;&#x4F9D;&#x64DA;&#x4F60;&#x7684;&#x8CC7;&#x6599;&#x91CF;&#x591A;&#x5BE1;&#x9032;&#x884C;&#x7A7A;&#x9593;&#x4E0A;&#x7684;&#x5206;&#x914D;&#xFF0C;&#x5C31;&#x7B97;&#x5728;&#x4E2D;&#x9014;&#x767C;&#x73FE;&#x67D0;&#x4E9B;&#x7A7A;&#x9593;&#x4E0D;&#x9700;&#x8981;&#x4F7F;&#x7528;&#x4E86;&#x4E5F;&#x53EF;&#x76F4;&#x63A5;&#x9032;&#x884C;&#x522A;&#x9664;&#xFF0C;&#x7BC0;&#x7701;&#x7A7A;&#x9593;&#x7684;&#x5927;&#x5C0F;&#x3002;&#x96D6;&#x7136;&#x8AAA;&#x52D5;&#x614B;&#x9663;&#x5217;&#x8F03;&#x70BA;&#x9748;&#x6D3B;&#x4F46;&#x4E5F;&#x8981;&#x6CE8;&#x610F;&#x5F88;&#x591A;&#x5C0F;&#x7D30;&#x7BC0;&#xFF0C;&#x4EE5;&#x514D;&#x9020;&#x6210;&#x8A18;&#x61B6;&#x9AD4;&#x6D29;&#x6F0F;&#x3002;&lt;/span&gt;&lt;/p&gt; </content>
  <attach></attach>
  <rcount></rcount>
  <rank></rank>
  <hit>30</hit>
  <lang>1</lang>
</data>
