<?xml version="1.0"?>
<data version="3.0" time="2024-07-19 09:04:57" type="post" filename="b000000024000000001.xml">
  <open_time>0000-00-00</open_time>
  <close_time>0000-00-00</close_time>
  <lang_name>Big5</lang_name>
  <board_id>1001162647</board_id>
  <node>000000024000000001</node>
  <site>1000110001</site>
  <pt>2022-10-02 18:49:26</pt>
  <poster>11027149</poster>
  <realname>&#x6E38;&#x5A55;&#x6B46;  </realname>
  <email>xin090918@gmail.com</email>
  <homepage>  </homepage>
  <subject>Re: 110. &#x4F5C;&#x696D;&#x4E8C;&#x975C;&#x614B;&#x9663;&#x5217;&#x548C;&#x52D5;&#x614B;&#x9663;&#x5217;&#x6709;&#x4F55;&#x5DEE;&#x7570;&#xFF1F;&#x6307;&#x51FA;&#x5176;&#x512A;&#x7F3A;&#x9EDE;&#x3002;  </subject>
  <content>&lt;p&gt;&#x54C7;&#x61C2;&#x4E86; &#x4E0B;&#x6B21;&#x77E5;&#x9053;&#x53EF;&#x4EE5;&#x7528;&#x4EC0;&#x9EBC;&#x4E86;&lt;/p&gt; </content>
  <attach></attach>
  <rcount></rcount>
  <rank></rank>
  <hit>1</hit>
  <lang>1</lang>
</data>
