<?xml version="1.0"?>
<data version="3.0" time="2024-07-19 09:04:57" type="post" filename="b000000009.xml">
  <open_time>0000-00-00</open_time>
  <close_time>0000-00-00</close_time>
  <lang_name>Big5</lang_name>
  <board_id>1001162647</board_id>
  <node>000000009</node>
  <site>1000110001</site>
  <pt>2022-09-26 22:46:49</pt>
  <poster>11027130</poster>
  <realname>&#x90B1;&#x5955;&#x7FD4;  </realname>
  <email>ioppoi1029384756@gmail.com</email>
  <homepage>  </homepage>
  <subject>107. &#x4F5C;&#x696D;&#x4E8C;&#x63A1;&#x7528;&#x4EC0;&#x9EBC;&#x8CC7;&#x6599;&#x7D50;&#x69CB;&#x5132;&#x5B58;&#x8B80;&#x5165;&#x8CC7;&#x6599;&#xFF0C;&#x9808;&#x8AAA;&#x660E;&#x539F;&#x56E0;&#x3002;* </subject>
  <content>&lt;p&gt;&#x4F5C;&#x696D;&#x4E8C;&#x6211;&#x8A8D;&#x70BA;&#x63A1;&#x4F47;&#x5217;(queue)&#x7684;&#x65B9;&#x5F0F;&#x5132;&#x5B58;&#x4F7F;&#x7528;&#x8005;&#x6240;&#x8F38;&#x5165;&#x7684;&#x8CC7;&#x6599;&#xFF0C;&#x56E0;&#x70BA;&#x53EF;&#x4EE5;&#x770B;&#x5230;&#x5148;&#x8F38;&#x5165;&#x751A;&#x9EBC;&#x6392;&#x5217;&#x6642;&#x5C31;&#x5148;&#x6392;&#x751A;&#x9EBC;&#x7B26;&#x5408;&#x5148;&#x9032;&#x5148;&#x51FA;(FIFO)&#x7684;&#x539F;&#x5247;&#x3002;&lt;/p&gt; </content>
  <attach></attach>
  <rcount></rcount>
  <rank></rank>
  <hit>35</hit>
  <lang>1</lang>
</data>
