<?xml version="1.0"?>
<data version="3.0" time="2024-07-19 09:04:57" type="post" filename="b000000009000000002.xml">
  <open_time>0000-00-00</open_time>
  <close_time>0000-00-00</close_time>
  <lang_name>Big5</lang_name>
  <board_id>1001162647</board_id>
  <node>000000009000000002</node>
  <site>1000110001</site>
  <pt>2022-10-09 22:20:15</pt>
  <poster>11813</poster>
  <realname>&#x5433;&#x5B9C;&#x9D3B;  </realname>
  <email>yhwu@cycu.edu.tw</email>
  <homepage>https://www.researchgate.net/profile/Yi-Hung-Wu-2  </homepage>
  <subject>Re: 107. &#x4F5C;&#x696D;&#x4E8C;&#x63A1;&#x7528;&#x4EC0;&#x9EBC;&#x8CC7;&#x6599;&#x7D50;&#x69CB;&#x5132;&#x5B58;&#x8B80;&#x5165;&#x8CC7;&#x6599;&#xFF0C;&#x9808;&#x8AAA;&#x660E;&#x539F;&#x56E0;&#x3002;*  </subject>
  <content>&lt;p&gt;&lt;span style="color:#b22222"&gt;&#x53EF;&#x60DC;&#x9EDE;&#x8B9A;&#x6578;&#x53CA;&#x56DE;&#x61C9;&#x6578;&#x5747;&#x504F;&#x4F4E;&#x3002;&lt;/span&gt;&lt;/p&gt; </content>
  <attach></attach>
  <rcount></rcount>
  <rank></rank>
  <hit>1</hit>
  <lang>1</lang>
</data>
