<?xml version="1.0"?>
<data version="3.0" time="2024-07-19 09:04:57" type="post" filename="b000000010000000003.xml">
  <open_time>0000-00-00</open_time>
  <close_time>0000-00-00</close_time>
  <lang_name>Big5</lang_name>
  <board_id>1001162647</board_id>
  <node>000000010000000003</node>
  <site>1000110001</site>
  <pt>2022-09-26 23:24:26</pt>
  <poster>11813</poster>
  <realname>&#x5433;&#x5B9C;&#x9D3B;  </realname>
  <email>yhwu@cycu.edu.tw</email>
  <homepage>https://www.researchgate.net/profile/Yi-Hung-Wu-2  </homepage>
  <subject>Re: 109. &#x5982;&#x4F55;&#x5E6B;&#x9663;&#x5217;&#x5143;&#x7D20;&#x8A2D;&#x5B9A;&#x975E;&#x96F6;&#x7684;&#x521D;&#x59CB;&#x503C;&#xFF1F;&#x9808;&#x5BEB;&#x51FA;C++&#x7A0B;&#x5F0F;&#x78BC;&#x3002;  </subject>
  <content>&lt;p&gt;&lt;span style="color:#b22222"&gt;&amp;quot;&#x5BEB;&#x51FA;C++&#x7A0B;&#x5F0F;&#x78BC;&amp;quot; &#x901A;&#x5E38;&#x662F;&#x6307;&#x5BEB;&#x4E00;&#x500B;&#x53EF;&#x4EE5;&#x57F7;&#x884C;&#x7684;&#x7BC4;&#x4F8B;&#x7A0B;&#x5F0F;&#x4EE5;&#x4FBF;&#x89C0;&#x5BDF;&#x7D50;&#x679C;&#x3002;&lt;/span&gt;&lt;/p&gt; </content>
  <attach></attach>
  <rcount></rcount>
  <rank></rank>
  <hit>1</hit>
  <lang>1</lang>
</data>
