<?xml version="1.0"?>
<data version="3.0" time="2024-07-19 09:04:57" type="post" filename="b000000013.xml">
  <open_time>0000-00-00</open_time>
  <close_time>0000-00-00</close_time>
  <lang_name>Big5</lang_name>
  <board_id>1001162647</board_id>
  <node>000000013</node>
  <site>1000110001</site>
  <pt>2022-09-29 00:07:29</pt>
  <poster>11027142</poster>
  <realname>&#x6797;&#x8559;&#x90C1;  </realname>
  <email>tiffanylin0914@gmail.com</email>
  <homepage>  </homepage>
  <subject>106. &#x905E;&#x8FF4;&#x547C;&#x53EB;&#x70BA;&#x4F55;&#x6703;&#x9020;&#x6210;&#x8A18;&#x61B6;&#x9AD4;&#x5340;&#x6BB5;&#x932F;&#x8AA4;&#xFF1F; </subject>
  <content>&lt;p&gt;&#x5728;&#x4F7F;&#x7528;&#x905E;&#x8FF4;&#x7684;&#x6642;&#x5019;&#xFF0C;&#x7576;&#x56DE;&#x50B3;&#x7684;&#x8CC7;&#x6599;&#x6709;&#x6C92;&#x6709;&#x8FA6;&#x6CD5;&#x8655;&#x7406;&#x7684;&#x90E8;&#x5206;&#x7684;&#x6642;&#x5019;&#xFF0C;&#x6703;&#x5C07;&#x8CC7;&#x6599;&#x5148;&#x653E;&#x5728;&#x4E00;&#x500B;stack&#x88E1;&#x9762;&#xFF0C;&#x7136;&#x5F8C;&#x7E7C;&#x7E8C;&#x57F7;&#x884C;&#xFF0C;&#x76F4;&#x5230;&#x9047;&#x5230;&#x89E3;&#x6C7A;&#x65B9;&#x5F0F;&#x624D;&#x6703;&#x56DE;&#x53BB;&#x628A;&#x7B54;&#x6848;&#x7B97;&#x51FA;&#x4F86;&#x3002;&lt;/p&gt;&#xD;
&#xD;
&lt;p&gt;&#x4F46;&#x6709;&#x6642;&#x5019;&#x8CC7;&#x6599;&#x592A;&#x904E;&#x9F90;&#x5927;&#xFF0C;&#x6216;&#x662F;&#x8D85;&#x51FA;&#x8A18;&#x61B6;&#x9AD4;&#x53EF;&#x4F7F;&#x7528;&#x7684;&#x5927;&#x5C0F;&#xFF0C;&#x6703;&#x5C0E;&#x81F4;stack overflow&#xFF0C;&#x7DE8;&#x8B6F;&#x5668;&#x5C31;&#x6703;&#x8B66;&#x544A;&#x8A18;&#x61B6;&#x9AD4;&#x5340;&#x6BB5;&#x932F;&#x8AA4;&#x7684;&#x8A0A;&#x606F;&#x3002;&lt;/p&gt;&#xD;
&#xD;
&lt;p&gt;&#x8209;&#x4F8B;&#xFF1A;&#x5C31;&#x50CF;&#x662F;&#x88AB;&#x4EBA;&#x585E;&#x6EFF;&#x7684;&#x6377;&#x904B;&#x4E00;&#x6A23;&#xFF0C;&#x5982;&#x679C;&#x6C92;&#x6709;&#x4EBA;&#x4E0B;&#x8ECA;&#x7684;&#x8A71;&#xFF0C;&#x90A3;&#x9EBC;&#x5C31;&#x4E0D;&#x80FD;&#x518D;&#x5BB9;&#x7D0D;&#x65B0;&#x7684;&#x4E58;&#x5BA2;&#x4E0A;&#x8ECA;&#x3002;&#x96FB;&#x8166;&#x8A18;&#x61B6;&#x9AD4;&#x4E5F;&#x662F;&#x5982;&#x6B64;&#xFF0C;&#x6211;&#x5011;&#x5FC5;&#x9808;&#x91CB;&#x653E;&#x7A7A;&#x9593;&#x7D66;&#x65B0;&#x7684;&#x8CC7;&#x6599;&#xFF0C;&#x624D;&#x6709;&#x8FA6;&#x6CD5;&#x7E7C;&#x7E8C;&#x57F7;&#x884C;&amp;amp;&#x904B;&#x7B97;&#x3002;&lt;/p&gt; </content>
  <attach></attach>
  <rcount></rcount>
  <rank></rank>
  <hit>43</hit>
  <lang>1</lang>
</data>
