<?xml version="1.0"?>
<data version="3.0" time="2024-07-19 09:04:57" type="post" filename="b000000011.xml">
  <open_time>0000-00-00</open_time>
  <close_time>0000-00-00</close_time>
  <lang_name>Big5</lang_name>
  <board_id>1001162647</board_id>
  <node>000000011</node>
  <site>1000110001</site>
  <pt>2022-09-26 23:12:23</pt>
  <poster>11027149</poster>
  <realname>&#x6E38;&#x5A55;&#x6B46;  </realname>
  <email>xin090918@gmail.com</email>
  <homepage> </homepage>
  <subject>109. &#x5982;&#x4F55;&#x5E6B;&#x9663;&#x5217;&#x5143;&#x7D20;&#x8A2D;&#x5B9A;&#x975E;&#x96F6;&#x7684;&#x521D;&#x59CB;&#x503C;&#xFF1F;&#x9808;&#x5BEB;&#x51FA;C++&#x7A0B;&#x5F0F;&#x78BC;&#x3002; </subject>
  <content>&lt;p&gt;#include &amp;lt;stdio.h&amp;gt;&lt;/p&gt;&#xD;
&#xD;
&lt;p&gt;int main() {&lt;br /&gt;&#xD;
&amp;nbsp;&amp;nbsp;int array[3] = { 1, 2, 3 };&lt;/p&gt;&#xD;
&#xD;
&lt;p&gt;&amp;nbsp; char array2[3] = { &amp;#39;a&amp;#39;, &amp;#39;b&amp;#39;, &amp;#39;c&amp;#39;};&lt;/p&gt;&#xD;
&#xD;
&lt;p&gt;} //main()&lt;/p&gt;</content>
  <attach></attach>
  <rcount></rcount>
  <rank></rank>
  <hit>58</hit>
  <lang>1</lang>
</data>
