<?xml version="1.0"?>
<data version="3.0" time="2024-07-19 09:04:57" type="post" filename="b000000016000000001.xml">
  <open_time>0000-00-00</open_time>
  <close_time>0000-00-00</close_time>
  <lang_name>Big5</lang_name>
  <board_id>1001162647</board_id>
  <node>000000016000000001</node>
  <site>1000110001</site>
  <pt>2022-09-29 13:22:02</pt>
  <poster>11813</poster>
  <realname>&#x5433;&#x5B9C;&#x9D3B;  </realname>
  <email>yhwu@cycu.edu.tw</email>
  <homepage>https://www.researchgate.net/profile/Yi-Hung-Wu-2  </homepage>
  <subject>Re: 110. &#x4F5C;&#x696D;&#x4E8C;&#x975C;&#x614B;&#x9663;&#x5217;&#x548C;&#x52D5;&#x614B;&#x9663;&#x5217;&#x6709;&#x4F55;&#x5DEE;&#x7570;&#xFF1F;&#x6307;&#x51FA;&#x5176;&#x512A;&#x7F3A;&#x9EDE;&#x3002;*  </subject>
  <content>&lt;p&gt;&amp;quot;&#x6839;&#x64DA;&lt;span style="color:#ff0000"&gt;&lt;s&gt;&#x9700;&lt;/s&gt;&lt;/span&gt;&#x8CC7;&#x6599;&#x4E00;&#x9805;&#x4E00;&#x9805;&#x52A0;&#x5165;&#x5230;&#x9663;&#x5217;&#x4E2D;&amp;quot;&lt;/p&gt;&#xD;
&#xD;
&lt;p&gt;&#x9019;&#x53E5;&#x8A71;&#x602A;&#x602A;&#x7684;&#xFF0C;&#x8CC7;&#x6599;&#x53EF;&#x4EE5;&#x6279;&#x6B21;&#x52A0;&#x5165;&#x9663;&#x5217;&#x4E2D;&#xFF0C;&#x4E0D;&#x8AD6;&#x662F;&#x975C;&#x614B;&#x6216;&#x52D5;&#x614B;&#x3002;&lt;/p&gt; </content>
  <attach></attach>
  <rcount></rcount>
  <rank></rank>
  <hit>1</hit>
  <lang>1</lang>
</data>
