<?xml version="1.0"?>
<data version="3.0" time="2024-07-19 09:04:57" type="post" filename="b000000019.xml">
  <open_time>0000-00-00</open_time>
  <close_time>0000-00-00</close_time>
  <lang_name>Big5</lang_name>
  <board_id>1001162647</board_id>
  <node>000000019</node>
  <site>1000110001</site>
  <pt>2022-10-01 15:25:45</pt>
  <poster>11027147</poster>
  <realname>&#x90B1;&#x5CFB;&#x5F65;  </realname>
  <email>jim97503@gmail.com</email>
  <homepage>  </homepage>
  <subject>108. &#x82E5;&#x905E;&#x8FF4;&#x5230;&#x67D0;&#x5C64;&#x5C31;&#x7570;&#x5E38;&#x7D42;&#x6B62;&#xFF0C;&#x8981;&#x5982;&#x4F55;&#x5F37;&#x5236;&#x5B83;&#x7E7C;&#x7E8C;&#x57F7;&#x884C;&#x5230;&#x4E0B;&#x4E00;&#x5C64;&#xFF1F; </subject>
  <content>&lt;p&gt;&#x9019;&#x908A;&#x6211;&#x76EE;&#x524D;&#x60F3;&#x5230;&#x7684;&#x7570;&#x5E38;&#x4E2D;&#x6B62;&#x7684;&#x539F;&#x56E0;&#x61C9;&#x8A72;&#x662F;&#x56E0;&#x70BA;&#x63A8;&#x758A;&#x7A7A;&#x9593;&#x4E0D;&#x8DB3;&#x6240;&#x9020;&#x6210;&#x7684;&#x3002;&#x6BCF;&#x4E00;&#x500B;&#x7DE8;&#x8B6F;&#x5668;&#x90FD;&#x6703;&#x7D66;&#x6211;&#x5011;&#x9810;&#x8A2D;&#x7684;&#x5806;&#x758A;&#x7A7A;&#x9593;&#xFF0C;&#x7576;&#x6211;&#x5011;&#x6BCF;&#x4E00;&#x6B21;&#x5728;&#x547C;&#x53EB;&#x4E00;&#x500B;&#x51FD;&#x5F0F;&#x7684;&#x6642;&#x5019;&#x5806;&#x758A;&#x4E0A;&#x7684;&#x7A7A;&#x9593;&#x5C31;&#x88AB;&#x4F54;&#x6389;&#x4E00;&#x90E8;&#x4EFD;(&#x50CF;&#x662F;&#x8CBB;&#x5F0F;&#x6578;&#x5217;&#x4E2D;&#x7684;&#x53C3;&#x6578;n&#x5728;&#x6BCF;&#x4E00;&#x5C64;&#x90FD;&#x662F;&#x4F54;&#x4E0D;&#x540C;&#x7684;&#x8A18;&#x61B6;&#x9AD4;&#x4F4D;&#x5B50;)&#xFF0C; &#x4E00;&#x76F4;&#x5230;&#x51FD;&#x5F0F;&#x7D50;&#x675F; (return) &#x6642;&#x9019;&#x4E9B;&#x7A7A;&#x9593;&#x624D;&#x6703;&#x88AB;&#x91CB;&#x653E;&#x51FA;&#x4F86;&#x3002;&#x56E0;&#x6B64;&#x6709;&#x53EF;&#x80FD;&#x9084;&#x6C92;&#x5230;&#x9054;return&#x6642;&#x5C31;&#x5DF2;&#x7D93;&#x8D85;&#x904E;&#x9810;&#x8A2D;&#x7684;&#x5806;&#x758A;&#x7A7A;&#x9593;&#x4E86;&#x3002;&#x90A3;&#x5982;&#x679C;&#x8981;&#x5F37;&#x5236;&#x57F7;&#x884C;&#x4E0B;&#x53BB;&#x7684;&#x8A71;&#xFF0C;&#x5C31;&#x5FC5;&#x9808;&#x8981;&#x589E;&#x52A0;&#x5806;&#x758A;&#x7A7A;&#x9593;&#xFF0C;&#x800C;&#x6BCF;&#x4E00;&#x500B;&#x7DE8;&#x8B6F;&#x5668;&#x589E;&#x52A0;&#x5806;&#x758A;&#x7A7A;&#x9593;&#x7684;&#x65B9;&#x5F0F;&#x90FD;&#x4E0D;&#x592A;&#x4E00;&#x6A23;&#xFF0C;&#x8209;&#x4F8B; :&amp;nbsp;&#x5728; Visual C++ &#x4E2D;&#x8981;&#x7528;&#x4ECB;&#x9762;&#x4E0B;&#x9762;&#x7684;&#x7DE8;&#x8B6F;&#x5668;&#x9078;&#x9805;&#x4F86;&#x589E;&#x52A0;&#x5806;&#x758A;&#x7684;&#x5927;&#x5C0F;&#x3002;&lt;/p&gt;&#xD;
&#xD;
&lt;p&gt;&#x7E3D;&#x7D50; : &#x6211;&#x4E0A;&#x8FF0;&#x8A8D;&#x70BA;&#x7570;&#x5E38;&#x4E2D;&#x6B62;&#x7684;&#x9019;&#x500B;&#x539F;&#x56E0;&#x6709;&#x53EF;&#x80FD;&#x4E0D;&#x662F;&#x771F;&#x5BE6;&#x7684;&#x4E2D;&#x6B62;&#x539F;&#x56E0;&#xFF0C;&#x56E0;&#x6B64;&#x6211;&#x4E5F;&#x597D;&#x5947;&#x5982;&#x679C;&#x4E0D;&#x662F;&#x9019;&#x7A2E;&#x539F;&#x56E0;&#x8A72;&#x600E;&#x9EBC;&#x8B93;&#x905E;&#x8FF4;&#x5F37;&#x5236;&#x57F7;&#x884C;(&#x53CD;&#x554F;&#x984C;&#x76EE;&#x7B97;&#x4E00;&#x7A2E;&#x905E;&#x8FF4;&#x55CE;&#x54C8;&#x54C8;)&#xFF0C;&#x4F46;&#x5982;&#x679C;&#x767C;&#x751F;&#x63A8;&#x758A;&#x7A7A;&#x9593;&#x4E0D;&#x8DB3;&#x72C0;&#x6CC1;&#x7684;&#x8A71;&#x53EF;&#x4EE5;&#x900F;&#x904E;&#x589E;&#x52A0;&#x5806;&#x758A;&#x7684;&#x5927;&#x5C0F;&#x8655;&#x7406;&#x3002;&#x4E0D;&#x904E;&#x66F4;&#x597D;&#x7684;&#x65B9;&#x6CD5;&#x9084;&#x662F;&#x60F3;&#x51FA;&#x4E00;&#x500B;&#x4E0D;&#x6703;&#x4F54;&#x592A;&#x591A;&#x5806;&#x758A;&#x7A7A;&#x9593;&#x7684;&#x6F14;&#x7B97;&#x6CD5;&#x3002;&lt;/p&gt; </content>
  <attach></attach>
  <rcount></rcount>
  <rank></rank>
  <hit>49</hit>
  <lang>1</lang>
</data>
