<?xml version="1.0"?>
<data version="3.0" time="2024-07-19 09:04:57" type="post" filename="b000000005.xml">
  <open_time>0000-00-00</open_time>
  <close_time>0000-00-00</close_time>
  <lang_name>Big5</lang_name>
  <board_id>1001162647</board_id>
  <node>000000005</node>
  <site>1000110001</site>
  <pt>2022-09-25 01:04:36</pt>
  <poster>11027112</poster>
  <realname>&#x9673;&#x9038;&#x99FF;  </realname>
  <email>zxc548193c@gmail.com</email>
  <homepage>  </homepage>
  <subject>109. &#x5982;&#x4F55;&#x5E6B;&#x9663;&#x5217;&#x5143;&#x7D20;&#x8A2D;&#x5B9A;&#x975E;&#x96F6;&#x7684;&#x521D;&#x59CB;&#x503C;&#xFF1F;&#x9808;&#x5BEB;&#x51FA;C++&#x7A0B;&#x5F0F;&#x78BC;&#x3002; </subject>
  <content>&lt;p&gt;&#x5C31;&#x76F4;&#x63A5;&#x5BA3;&#x544A;&#x6253;&#x4E0A;&#x53BB;&#x5C31;&#x597D;&#x4E86;&lt;br /&gt;&#xD;
Ex: vector&amp;lt;int&amp;gt;&amp;nbsp;yayaya = {1, 2, 3, 4, 5, 6, 7, 8, 9, 10}&lt;/p&gt; </content>
  <attach></attach>
  <rcount></rcount>
  <rank></rank>
  <hit>42</hit>
  <lang>1</lang>
</data>
