<?xml version="1.0"?>
<data version="3.0" time="2024-07-19 09:04:57" type="post" filename="b000000001000000001.xml">
  <open_time>0000-00-00</open_time>
  <close_time>0000-00-00</close_time>
  <lang_name>Big5</lang_name>
  <board_id>1001162647</board_id>
  <node>000000001000000001</node>
  <site>1000110001</site>
  <pt>2022-09-23 12:23:00</pt>
  <poster>11813</poster>
  <realname>&#x5433;&#x5B9C;&#x9D3B;  </realname>
  <email>yhwu@cycu.edu.tw</email>
  <homepage>https://www.researchgate.net/profile/Yi-Hung-Wu-2  </homepage>
  <subject>Re: 106. &#x905E;&#x8FF4;&#x547C;&#x53EB;&#x70BA;&#x4F55;&#x6703;&#x9020;&#x6210;&#x8A18;&#x61B6;&#x9AD4;&#x5340;&#x6BB5;&#x932F;&#x8AA4;&#xFF1F;  </subject>
  <content>&lt;p&gt;&#x7121;&#x9650;&#x8A18;&#x61B6;&#x9AD4;&#xFF1F;&lt;br /&gt;&#xD;
&#x5927;&#x4E8C;&#x8CB7;&#x7684;&#x7B2C;&#x4E00;&#x90E8;PC&#xFF0C;&#x7576;&#x6642;&#x6700;&#x6F6E;&#x7684;386&#x7CFB;&#x5217;&#xFF0C;&#x8A18;&#x5F97;&#x662F;&#x53EA;&#x6709;40MB&#x7684;&#x786C;&#x789F;...&#x3002;&lt;/p&gt; </content>
  <attach></attach>
  <rcount></rcount>
  <rank></rank>
  <hit>1</hit>
  <lang>1</lang>
</data>
