<?xml version="1.0"?>
<data version="3.0" time="2024-07-19 09:04:57" type="post" filename="b000000013000000003.xml">
  <open_time>0000-00-00</open_time>
  <close_time>0000-00-00</close_time>
  <lang_name>Big5</lang_name>
  <board_id>1001162647</board_id>
  <node>000000013000000003</node>
  <site>1000110001</site>
  <pt>2022-09-30 09:39:12</pt>
  <poster>11027129</poster>
  <realname>&#x5289;&#x5B97;&#x5D34;  </realname>
  <email>wilson41587@gmail.com</email>
  <homepage>  </homepage>
  <subject>Re: 106. &#x905E;&#x8FF4;&#x547C;&#x53EB;&#x70BA;&#x4F55;&#x6703;&#x9020;&#x6210;&#x8A18;&#x61B6;&#x9AD4;&#x5340;&#x6BB5;&#x932F;&#x8AA4;&#xFF1F;  </subject>
  <content>&lt;p&gt;&#x6BD4;&#x55BB;&#x6070;&#x7576;&#x5BB9;&#x6613;&#x7406;&#x89E3;&#xFF0C;&#x597D;&#x8A55;&#x5566;&#x54EA;&#x6B21;&#x4E0D;&#x597D;&#x8A55;&lt;/p&gt; </content>
  <attach></attach>
  <rcount></rcount>
  <rank></rank>
  <hit>1</hit>
  <lang>1</lang>
</data>
