<?xml version="1.0"?>
<data version="3.0" time="2024-07-19 09:04:57" type="post" filename="b000000003000000001.xml">
  <open_time>0000-00-00</open_time>
  <close_time>0000-00-00</close_time>
  <lang_name>Big5</lang_name>
  <board_id>1001162647</board_id>
  <node>000000003000000001</node>
  <site>1000110001</site>
  <pt>2022-09-21 21:26:30</pt>
  <poster>11027129</poster>
  <realname>&#x5289;&#x5B97;&#x5D34;  </realname>
  <email>wilson41587@gmail.com</email>
  <homepage>  </homepage>
  <subject>Re: 110. &#x4F5C;&#x696D;&#x4E8C;&#x975C;&#x614B;&#x9663;&#x5217;&#x548C;&#x52D5;&#x614B;&#x9663;&#x5217;&#x6709;&#x4F55;&#x5DEE;&#x7570;&#xFF1F;&#x6307;&#x51FA;&#x5176;&#x512A;&#x7F3A;&#x9EDE;&#x3002;  </subject>
  <content>&lt;p&gt;&#x975C;&#x614B;&#x9663;&#x5217;&#x7684;&#x5BEB;&#x6CD5;&#x518D;&#x66F4;&#x6539;&#x5143;&#x7D20;&#x4EE5;&#x53CA;&#x641C;&#x5C0B;&#x5143;&#x7D20;&#x7684;&#x6642;&#x5019;&#x8F03;&#x70BA;&#x76F4;&#x89C0;&#xFF0C;&#x4F46;&#x662F;&#x9047;&#x5230;&#x65B0;&#x589E;&#x6216;&#x8457;&#x522A;&#x9664;&#x5143;&#x7D20;&#x6642;&#x53EF;&#x80FD;&#x6703;&#x6BD4;&#x8F03;&#x9EBB;&#x7169;&#x751A;&#x81F3;&#x7121;&#x6CD5;&#x57F7;&#x884C;&lt;/p&gt;&#xD;
&#xD;
&lt;p&gt;&#x52D5;&#x614B;&#x9663;&#x5217;&#x5C0D;&#x65BC;&#x5143;&#x7D20;&#x8B8A;&#x5316;&#x76F8;&#x5C0D;&#x8F03;&#x9748;&#x6D3B;&#xFF0C;&#x4E0D;&#x904E;&#x7531;&#x65BC;&#x6982;&#x5FF5;&#x8F03;&#x70BA;&#x62BD;&#x8C61;&#x5C0D;&#x65BC;&#x521D;&#x5B78;&#x8005;&#x4E0D;&#x592A;&#x53CB;&#x5584;&lt;/p&gt; </content>
  <attach></attach>
  <rcount></rcount>
  <rank></rank>
  <hit>3</hit>
  <lang>1</lang>
</data>
