<?xml version="1.0"?>
<data version="3.0" time="2024-07-19 09:04:57" type="post" filename="b000000015.xml">
  <open_time>0000-00-00</open_time>
  <close_time>0000-00-00</close_time>
  <lang_name>Big5</lang_name>
  <board_id>1001162647</board_id>
  <node>000000015</node>
  <site>1000110001</site>
  <pt>2022-09-29 02:20:26</pt>
  <poster>11027104</poster>
  <realname>&#x4FAF;&#x5982;&#x84C1;  </realname>
  <email>ruzhenhou@gmail.com</email>
  <homepage>  </homepage>
  <subject>106. &#x905E;&#x8FF4;&#x547C;&#x53EB;&#x70BA;&#x4F55;&#x6703;&#x9020;&#x6210;&#x8A18;&#x61B6;&#x9AD4;&#x5340;&#x6BB5;&#x932F;&#x8AA4;&#xFF1F; </subject>
  <content>&lt;p&gt;&#x905E;&#x8FF4;&#x547C;&#x53EB;&#x6703;&#x9020;&#x6210;&#x8A18;&#x61B6;&#x9AD4;&#x5340;&#x6BB5;&#x932F;&#x8AA4;&#x901A;&#x5E38;&#x662F;&#x56E0;&#x70BA;&#x905E;&#x8FF4;&#x5C64;&#x6578;&#x592A;&#x591A;&#x800C;&#x5C0E;&#x81F4;&#x7684;&#xFF0C;&lt;/p&gt;&#xD;
&#xD;
&lt;p&gt;&#x800C;&#x9020;&#x6210;&#x905E;&#x8FF4;&#x5C64;&#x6578;&#x592A;&#x591A;&#x53EF;&#x80FD;&#x662F;&#x56E0;&#x70BA;&#x905E;&#x8FF4;&#x7684;&#x4E2D;&#x6B62;&#x689D;&#x4EF6;&#x6C92;&#x6709;&#x8A2D;&#x5B9A;&#x5B8C;&#x5584;&#xFF0C;&#x5C0E;&#x81F4;&#x905E;&#x8FF4;&#x9032;&#x5165;&#x7121;&#x9650;&#x8FF4;&#x5708;&#xFF0C;&lt;/p&gt;&#xD;
&#xD;
&lt;p&gt;&#x56E0;&#x70BA;&#x8A18;&#x61B6;&#x9AD4;&#x7684;&#x7A7A;&#x9593;&#x4E26;&#x4E0D;&#x662F;&#x7121;&#x4E0A;&#x9650;&#x7684;&#xFF0C;&#x6240;&#x4EE5;&#x5982;&#x679C;&#x4E00;&#x76F4;&#x9032;&#x884C;&#x905E;&#x8FF4;&#x547C;&#x53EB;&#xFF0C;&#x5C31;&#x6703;&#x9020;&#x6210;&#x5FC5;&#x9808;&#x5132;&#x5B58;&#x7684;&#x905E;&#x8FF4;&#x60C5;&#x6CC1;&#x8D85;&#x904E;&#x80FD;&#x5132;&#x5B58;&#x7684;&#x5927;&#x5C0F;&#x7A7A;&#x9593;&#xFF0C;&#x6700;&#x7D42;&#x5C31;&#x6703;&#x9020;&#x6210;&#x8A18;&#x61B6;&#x9AD4;&#x5340;&#x6BB5;&#x932F;&#x8AA4;&#x3002;&lt;/p&gt;&#xD;
&#xD;
&lt;p&gt;&#x70BA;&#x4E86;&#x907F;&#x514D;&#x9019;&#x6A23;&#x7684;&#x60C5;&#x6CC1;&#x767C;&#x751F;&#x6B63;&#x78BA;&#x5224;&#x65B7;&#x7D42;&#x6B62;&#x689D;&#x4EF6;&#x662F;&#x5F88;&#x91CD;&#x8981;&#x7684;&#x4E00;&#x4EF6;&#x4E8B;&#x3002;&lt;/p&gt; </content>
  <attach></attach>
  <rcount></rcount>
  <rank></rank>
  <hit>37</hit>
  <lang>1</lang>
</data>
