<?xml version="1.0"?>
<data version="3.0" time="2024-07-19 09:04:57" type="post" filename="b000000004.xml">
  <open_time>0000-00-00</open_time>
  <close_time>0000-00-00</close_time>
  <lang_name>Big5</lang_name>
  <board_id>1001162647</board_id>
  <node>000000004</node>
  <site>1000110001</site>
  <pt>2022-09-21 20:32:46</pt>
  <poster>11027129</poster>
  <realname>&#x5289;&#x5B97;&#x5D34;  </realname>
  <email>wilson41587@gmail.com</email>
  <homepage> </homepage>
  <subject>107. &#x4F5C;&#x696D;&#x4E8C;&#x63A1;&#x7528;&#x4EC0;&#x9EBC;&#x8CC7;&#x6599;&#x7D50;&#x69CB;&#x5132;&#x5B58;&#x8B80;&#x5165;&#x8CC7;&#x6599;&#xFF0C;&#x9808;&#x8AAA;&#x660E;&#x539F;&#x56E0;&#x3002;* </subject>
  <content>&lt;p&gt;&#x5F9E;&#x7BC4;&#x4F8B;&#x8F38;&#x5165;&#x53EF;&#x5F97;&#x77E5;&#x6BCF;&#x500B;&#x5B78;&#x751F;&#x90FD;&#x6709;&#x4E0D;&#x540C;&#x7684;&#x8CC7;&#x8A0A;&#xFF0C;&#x6BD4;&#x5982;&#x5B78;&#x6821;&#x3001;&#x7CFB;&#x5225;&#x7B49;&#xFF0C;&#x56E0;&#x6B64;&#x6703;&#x4F7F;&#x7528;&#x5230;struct(record)&#x4F86;&#x5132;&#x5B58;&#x9019;&#x7A2E;&#x8907;&#x5408;&#x578B;&#x7684;&#x8CC7;&#x6599;&#xFF0C;&#x4E26;&#x4E14;&#x7531;&#x65BC;&#x4E8B;&#x5148;&#x7121;&#x6CD5;&#x5F97;&#x77E5;&#x5B78;&#x751F;&#x8F38;&#x91CF;&#xFF0C;&#x56E0;&#x6B64;&#x4F7F;&#x7528;linked list&#x6211;&#x8A8D;&#x70BA;&#x6700;&#x70BA;&#x59A5;&#x5584;&lt;/p&gt;</content>
  <attach></attach>
  <rcount></rcount>
  <rank></rank>
  <hit>78</hit>
  <lang>1</lang>
</data>
