<?xml version="1.0"?>
<data version="3.0" time="2024-07-19 09:04:57" type="post" filename="b000000017.xml">
  <open_time>0000-00-00</open_time>
  <close_time>0000-00-00</close_time>
  <lang_name>Big5</lang_name>
  <board_id>1001162647</board_id>
  <node>000000017</node>
  <site>1000110001</site>
  <pt>2022-09-30 22:14:16</pt>
  <poster>11027152</poster>
  <realname>&#x9EC3;&#x5A49;&#x798E;  </realname>
  <email>h0978429655@gmail.com</email>
  <homepage>  </homepage>
  <subject>110. &#x4F5C;&#x696D;&#x4E8C;&#x975C;&#x614B;&#x9663;&#x5217;&#x548C;&#x52D5;&#x614B;&#x9663;&#x5217;&#x6709;&#x4F55;&#x5DEE;&#x7570;&#xFF1F;&#x6307;&#x51FA;&#x5176;&#x512A;&#x7F3A;&#x9EDE;&#x3002; </subject>
  <content>&lt;p&gt;&#x975C;&#x614B;&#x9663;&#x5217;:&#x57F7;&#x884C;&#x5B8C;&#x5F8C;&#x7CFB;&#x7D71;&#x6703;&#x81EA;&#x52D5;&#x92B7;&#x6BC0;&#xFF0C;&#x6548;&#x7387;&#x9AD8;&#xFF1B;&#x4F46;&#x57F7;&#x884C;&#x6642;&#x5143;&#x7D20;&#x500B;&#x6578;&#x56FA;&#x5B9A;&#xFF0C;&#x5373;&#x4F7F;&#x6709;&#x5143;&#x7D20;&#x6C92;&#x6709;&#x88AB;&#x4F7F;&#x7528;&#xFF0C;&#x4F54;&#x7684;&#x8A18;&#x61B6;&#x9AD4;&#x7A7A;&#x9593;&#x90FD;&#x4E0D;&#x6703;&#x8B8A;&#x3002;&lt;/p&gt;&#xD;
&#xD;
&lt;p&gt;ex: int a[10]&lt;/p&gt;&#xD;
&#xD;
&lt;p&gt;&#x52D5;&#x614B;&#x9663;&#x5217;:&#x53EF;&#x4EE5;new&#x51FA;&#x65B0;&#x5143;&#x7D20;&#xFF0C;&#x57F7;&#x884C;&#x6642;&#x5927;&#x5C0F;&#x53EF;&#x8B8A;&#xFF1B;&#x4F46;&#x57F7;&#x884C;&#x5B8C;&#x5F8C;&#x7CFB;&#x7D71;&#x4E0D;&#x6703;&#x81EA;&#x52D5;&#x92B7;&#x6BC0;&#xFF0C;&#x9808;&#x5BEB;delete&#x624D;&#x80FD;&#x91CB;&#x653E;&#x7A7A;&#x9593;&#xFF0C;&#x5426;&#x5247;&#x6703;&#x6709;&#x592A;&#x591A;&#x7121;&#x6CD5;&#x4F7F;&#x7528;&#x7684;&#x7A7A;&#x4F4D;&#x7F6E;&#x3002;ex: vector&#xFF0C;&#x6307;&#x6A19;&#x9663;&#x5217;&lt;/p&gt; </content>
  <attach></attach>
  <rcount></rcount>
  <rank></rank>
  <hit>20</hit>
  <lang>1</lang>
</data>
