<?xml version="1.0"?>
<data version="3.0" time="2024-07-19 09:04:57" type="post" filename="b000000024.xml">
  <open_time>0000-00-00</open_time>
  <close_time>0000-00-00</close_time>
  <lang_name>Big5</lang_name>
  <board_id>1001162647</board_id>
  <node>000000024</node>
  <site>1000110001</site>
  <pt>2022-10-02 18:46:43</pt>
  <poster>11027131</poster>
  <realname>&#x674E;&#x8679;&#x6600;  </realname>
  <email>lhy1x37@gmail.com</email>
  <homepage>  </homepage>
  <subject>110. &#x4F5C;&#x696D;&#x4E8C;&#x975C;&#x614B;&#x9663;&#x5217;&#x548C;&#x52D5;&#x614B;&#x9663;&#x5217;&#x6709;&#x4F55;&#x5DEE;&#x7570;&#xFF1F;&#x6307;&#x51FA;&#x5176;&#x512A;&#x7F3A;&#x9EDE;&#x3002; </subject>
  <content>&lt;p&gt;&lt;span style="font-family:&#x65B0;&#x7D30;&#x660E;&#x9AD4;,serif"&gt;&#x975C;&#x614B;&#x9663;&#x5217;&#x5728;&#x5BA3;&#x544A;&#x6642;&#x5DF2;&#x7D93;&#x78BA;&#x5B9A;&#x81F3;&#x591A;&#x7684;&#x5143;&#x7D20;&#x500B;&#x6578;&#xFF0C;&#x7121;&#x6CD5;&#x4F9D;&#x4F7F;&#x7528;&#x8005;&#x9700;&#x8981;&#x589E;&#x6DFB;&#x5132;&#x5B58;&#x7A7A;&#x9593;&#xFF08;&#x7F3A;&#x9EDE;&#xFF09;&#xFF0C;&#x4F46;&#x7CFB;&#x7D71;&#x6703;&#x81EA;&#x52D5;&#x91CB;&#x653E;&#x6C92;&#x6709;&#x4F7F;&#x7528;&#x5230;&#x7684;&#x8A18;&#x61B6;&#x9AD4;&#x7A7A;&#x9593;&#xFF08;&#x512A;&#x9EDE;&#xFF09;&#x3002;&lt;/span&gt;&lt;/p&gt;&#xD;
&#xD;
&lt;p&gt;&lt;span style="font-family:&#x65B0;&#x7D30;&#x660E;&#x9AD4;,serif"&gt;&#x52D5;&#x614B;&#x9663;&#x5217;&#x5728;&#x5BA3;&#x544A;&#x6642;&#x5C1A;&#x672A;&#x78BA;&#x5B9A;&#x81F3;&#x591A;&#x7684;&#x5143;&#x7D20;&#x500B;&#x6578;&#xFF0C;&#x53EF;&#x4EE5;&#x4F9D;&#x4F7F;&#x7528;&#x8005;&#x9700;&#x8981;&#x589E;&#x6DFB;&#x5132;&#x5B58;&#x7A7A;&#x9593;&#xFF08;&#x512A;&#x9EDE;&#xFF09;&#xFF0C;&#x4F46;&#x7CFB;&#x7D71;&#x4E0D;&#x6703;&#x81EA;&#x52D5;&#x91CB;&#x653E;&#x6C92;&#x6709;&#x4F7F;&#x7528;&#x5230;&#x7684;&#x8A18;&#x61B6;&#x9AD4;&#x7A7A;&#x9593;&#xFF08;&#x7F3A;&#x9EDE;&#xFF09;&#x3002;&lt;/span&gt;&lt;/p&gt; </content>
  <attach></attach>
  <rcount></rcount>
  <rank></rank>
  <hit>44</hit>
  <lang>1</lang>
</data>
