<?xml version="1.0"?>
<data version="3.0" time="2024-07-19 09:04:57" type="post" filename="b000000018.xml">
  <open_time>0000-00-00</open_time>
  <close_time>0000-00-00</close_time>
  <lang_name>Big5</lang_name>
  <board_id>1001162647</board_id>
  <node>000000018</node>
  <site>1000110001</site>
  <pt>2022-09-30 23:46:16</pt>
  <poster>11027111</poster>
  <realname>&#x984F;&#x9091;&#x5C91;  </realname>
  <email>22692amy@gmail.com</email>
  <homepage>  </homepage>
  <subject>110. &#x4F5C;&#x696D;&#x4E8C;&#x975C;&#x614B;&#x9663;&#x5217;&#x548C;&#x52D5;&#x614B;&#x9663;&#x5217;&#x6709;&#x4F55;&#x5DEE;&#x7570;&#xFF1F;&#x6307;&#x51FA;&#x5176;&#x512A;&#x7F3A;&#x9EDE;&#x3002; </subject>
  <content>&lt;p&gt;&#x975C;&#x614B;&#x9663;&#x5217;&#xFF1A;&#x7A7A;&#x9593;&#x662F;&#x7531;stack(&#x68E7;)&#x81EA;&#x52D5;&#x5206;&#x914D;&#x7684;&#xFF0C;&#x901F;&#x5EA6;&#x8F03;&#x5FEB;&#x4E26;&#x4E14;&#x7A7A;&#x9593;&#x6709;&#x9023;&#x7E8C;&#x6027;&#xFF0C;&#x8A18;&#x61B6;&#x9AD4;&#x5728;&#x4F7F;&#x7528;&#x7D50;&#x675F;&#x5F8C;&#x7CFB;&#x7D71;&#x6703;&#x81EA;&#x52D5;&#x91CB;&#x653E;&#xFF0C;&#x6BD4;&#x8F03;&#x4E0D;&#x6703;&#x9020;&#x6210;&#x8A18;&#x61B6;&#x9AD4;&#x88AB;&#x5360;&#x7528;&#x3002;&#x4F46;&#x5728;&#x51FD;&#x5F0F;&#x4E2D;&#x5BA3;&#x544A;&#x7684;&#x975C;&#x614B;&#x9663;&#x5217;&#x7121;&#x6CD5;&#x900F;&#x904E;&#x8A72;&#x51FD;&#x5F0F;&#x8FD4;&#x56DE;&#xFF0C;&#x56E0;&#x70BA;&#x51FD;&#x5F0F;&#x547C;&#x53EB;&#x5B8C;&#x5F8C;&#x5167;&#x90E8;&#x6240;&#x6709;&#x8B8A;&#x6578;&#x7684;&#x8A18;&#x61B6;&#x9AD4;&#x5C31;&#x6703;&#x88AB;&#x91CB;&#x653E;&#x3002;&lt;/p&gt;&#xD;
&#xD;
&lt;p&gt;&#x52D5;&#x614B;&#x9663;&#x5217;: &#x7A7A;&#x9593;&#x662F;&#x7531;heap(&#x5806;)&#x5206;&#x914D;&#x7684;&#xFF0C;&#x901F;&#x5EA6;&#x8F03;&#x6162;&#x4E26;&#x4E14;&#x7A7A;&#x9593;&#x53EF;&#x80FD;&#x662F;&#x4E0D;&#x9023;&#x7E8C;&#x7684;&#xFF0C;&#x4F46;&#x4F7F;&#x7528;&#x7A7A;&#x9593;&#x591A;&#x5BE1;&#x53EF;&#x4F9D;&#x64DA;&#x5BE6;&#x969B;&#x60C5;&#x6CC1;&#x505A;&#x8ABF;&#x6574;&#x3002;&#x7A7A;&#x9593;&#x5728;&#x7A0B;&#x5F0F;&#x7D50;&#x675F;&#x5F8C;&#x4E0D;&#x6703;&#x81EA;&#x52D5;&#x91CB;&#x653E;&#xFF0C;&#x6240;&#x4EE5;&#x8981;&#x7DE8;&#x5BEB;&#x8005;&#x7528;delete&#x6216;free&#x505A;&#x91CB;&#x653E;&#x3002;&#x5982;&#x679C;&#x4E00;&#x76F4;&#x6C92;&#x6709;&#x91CB;&#x653E;&#x53EF;&#x80FD;&#x6703;&#x9020;&#x6210;Memory Leak(&#x5167;&#x5B58;&#x6D29;&#x6F0F;)&#x3002;&lt;/p&gt; </content>
  <attach></attach>
  <rcount></rcount>
  <rank></rank>
  <hit>22</hit>
  <lang>1</lang>
</data>
