<?xml version="1.0"?>
<data version="3.0" time="2024-07-19 09:04:57" type="post" filename="b000000006.xml">
  <open_time>0000-00-00</open_time>
  <close_time>0000-00-00</close_time>
  <lang_name>Big5</lang_name>
  <board_id>1001162647</board_id>
  <node>000000006</node>
  <site>1000110001</site>
  <pt>2022-09-25 16:09:41</pt>
  <poster>11027119</poster>
  <realname>&#x79E6;&#x5609;&#x6607;  </realname>
  <email>c20021219@gmail.com</email>
  <homepage>  </homepage>
  <subject>109. &#x5982;&#x4F55;&#x5E6B;&#x9663;&#x5217;&#x5143;&#x7D20;&#x8A2D;&#x5B9A;&#x975E;&#x96F6;&#x7684;&#x521D;&#x59CB;&#x503C;&#xFF1F;&#x9808;&#x5BEB;&#x51FA;C++&#x7A0B;&#x5F0F;&#x78BC; </subject>
  <content>&lt;p&gt;int array[N] ; // N&#x5927;&#x5C0F;&#x7684;&#x9663;&#x5217;&lt;br /&gt;&#xD;
for( int i = 0 ; i &amp;lt; N ; i++ ) {&lt;br /&gt;&#xD;
&amp;nbsp; array[i] = 3 // 3&#x53EF;&#x7B49;&#x65BC;&#x4EFB;&#x4F55;&#x975E;0&#x7684;&#x6578;&amp;nbsp;&lt;br /&gt;&#xD;
} // for&lt;/p&gt;&#xD;
&#xD;
&lt;p&gt;&#x9019;&#x500B;&#x65B9;&#x6CD5;&#x4E0D;&#x6703;&#x9650;&#x5236;N&#x7684;&#x5927;&#x5C0F;&lt;/p&gt; </content>
  <attach></attach>
  <rcount></rcount>
  <rank></rank>
  <hit>35</hit>
  <lang>1</lang>
</data>
