<?xml version="1.0"?>
<data version="3.0" time="2024-07-19 08:49:36" type="post" filename="b000000001000000001.xml">
  <open_time>0000-00-00</open_time>
  <close_time>0000-00-00</close_time>
  <lang_name>Big5</lang_name>
  <board_id>1001305432</board_id>
  <node>000000001000000001</node>
  <site>1000110001</site>
  <pt>2023-11-27 17:40:11</pt>
  <poster>11813</poster>
  <realname>&#x5433;&#x5B9C;&#x9D3B;  </realname>
  <email>yhwu@cycu.edu.tw</email>
  <homepage>https://www.researchgate.net/profile/Yi-Hung-Wu-2  </homepage>
  <subject>Re: 115. &#x50B3;&#x5165;&#x9663;&#x5217;A&#x548C;&#x6574;&#x6578;S&#xFF0C;&#x5BEB;&#x51FA;C++&#x51FD;&#x6578;&#x5F9E;A&#x627E;&#x4E09;&#x500B;&#x6578;&#x5B57;&#x52A0;&#x7E3D;&#x70BA;S&#x7684;&#x7D44;&#x5408;&#x3002;  </subject>
  <content>&lt;p&gt;fine, but not complete.&lt;/p&gt; </content>
  <attach></attach>
  <rcount></rcount>
  <rank></rank>
  <hit>1</hit>
  <lang>1</lang>
</data>
