<?xml version="1.0"?>
<data version="3.0" time="2024-07-19 08:49:36" type="post" filename="b000000006.xml">
  <open_time>0000-00-00</open_time>
  <close_time>0000-00-00</close_time>
  <lang_name>Big5</lang_name>
  <board_id>1001305432</board_id>
  <node>000000006</node>
  <site>1000110001</site>
  <pt>2023-10-04 18:14:50</pt>
  <poster>11020117</poster>
  <realname>&#x6797;&#x5B50;&#x7693;  </realname>
  <email>ke951736@gmail.com</email>
  <homepage>  </homepage>
  <subject>112. &#x5BEB;&#x51FA;C++&#x7A0B;&#x5F0F;&#x78BC;&#x8AAA;&#x660E;&#x5169;&#x500B;&#x985E;&#x5225;&#x9593;&#x7684;&#x7E7C;&#x627F;inheritance&#x3002; </subject>
  <content>&lt;p&gt;#include &amp;lt;iostream&amp;gt;&lt;/p&gt;&#xD;
&#xD;
&lt;p&gt;&lt;br /&gt;&#xD;
class Animal {&lt;br /&gt;&#xD;
public:&lt;br /&gt;&#xD;
&amp;nbsp; &amp;nbsp;&lt;br /&gt;&#xD;
&amp;nbsp; &amp;nbsp; void eat() {&lt;br /&gt;&#xD;
&amp;nbsp; &amp;nbsp; &amp;nbsp; &amp;nbsp; std::cout &amp;lt;&amp;lt; &amp;quot;Animal is eating.&amp;quot; &amp;lt;&amp;lt; std::endl;&lt;br /&gt;&#xD;
&amp;nbsp; &amp;nbsp; }&lt;br /&gt;&#xD;
};&lt;/p&gt;&#xD;
&#xD;
&lt;p&gt;&lt;br /&gt;&#xD;
class Dog : public Animal {&lt;br /&gt;&#xD;
public:&lt;br /&gt;&#xD;
&amp;nbsp; &amp;nbsp;&amp;nbsp;&lt;br /&gt;&#xD;
&amp;nbsp; &amp;nbsp; void bark() {&lt;br /&gt;&#xD;
&amp;nbsp; &amp;nbsp; &amp;nbsp; &amp;nbsp; std::cout &amp;lt;&amp;lt; &amp;quot;Dog is barking.&amp;quot; &amp;lt;&amp;lt; std::endl;&lt;br /&gt;&#xD;
&amp;nbsp; &amp;nbsp; }&lt;br /&gt;&#xD;
};&lt;/p&gt;&#xD;
&#xD;
&lt;p&gt;int main() {&lt;br /&gt;&#xD;
&amp;nbsp;&amp;nbsp;&lt;br /&gt;&#xD;
&amp;nbsp; &amp;nbsp; Dog myDog;&lt;/p&gt;&#xD;
&#xD;
&lt;p&gt;&amp;nbsp; &amp;nbsp;&amp;nbsp;&lt;br /&gt;&#xD;
&amp;nbsp; &amp;nbsp; myDog.eat();&lt;/p&gt;&#xD;
&#xD;
&lt;p&gt;&lt;br /&gt;&#xD;
&amp;nbsp; &amp;nbsp; myDog.bark();&lt;/p&gt;&#xD;
&#xD;
&lt;p&gt;&amp;nbsp; &amp;nbsp; return 0;&lt;br /&gt;&#xD;
}&lt;br /&gt;&#xD;
&amp;nbsp;&lt;/p&gt; </content>
  <attach></attach>
  <rcount></rcount>
  <rank></rank>
  <hit>20</hit>
  <lang>1</lang>
</data>
