<?xml version="1.0"?>
<data version="3.0" time="2024-07-19 08:49:36" type="post" filename="b000000012.xml">
  <open_time>0000-00-00</open_time>
  <close_time>0000-00-00</close_time>
  <lang_name>Big5</lang_name>
  <board_id>1001305432</board_id>
  <node>000000012</node>
  <site>1000110001</site>
  <pt>2023-10-11 16:45:02</pt>
  <poster>11127245</poster>
  <realname>&#x859B;&#x5B8F;&#x6BD3;  </realname>
  <email>a0975809594@gmail.com</email>
  <homepage> </homepage>
  <subject>113. &#x5C07;&#x6B64;&#x5F8C;&#x5E8F;&#x5F0F;postfix&#x8F49;&#x4E2D;&#x5E8F;&#x5F0F;infix&#xFF0C;&#x4E26;&#x8A73;&#x8FF0;&#x6B65;&#x9A5F;&#x3002; a b + c * d e + f * + w z + * </subject>
  <content>&lt;p&gt;1. (ab+)c*(de+)f*+(wz+)*&lt;/p&gt;&#xD;
&#xD;
&lt;p&gt;&#x7531;&#x65BC;postfix&#x662F;&#x4F9D;&#x7167;&amp;quot;&#x5DE6;-&amp;gt;&#x53F3;-&amp;gt;&#x4E2D;&amp;quot;&#x4F86;&#x8F38;&#x51FA;&#xFF0C;&#x6240;&#x4EE5;&#x6211;&#x5011;&#x666F;&#x9700;&#x8981;&#x5148;&#x5C07;&#x5176;&#x7BC0;&#x9EDE;&#x6700;&#x4E0B;&#x7AEF;&#x7684;&#x5408;&#x6210;&#x5C31;&#x884C;&#xFF0C;&#x5BEB;&#x6210;&#x5F0F;&#x5B50;&#x7684;postfix&#x6703;&#x6709;&#x4E00;&#x500B;&#x7279;&#x9EDE;&#xFF0C;&#x5C31;&#x662F;&#x7576;&#x6709;&#x5169;&#x500B;&#x6578;&#x5B57;&#x9023;&#x5728;&#x4E00;&#x8D77;&#x6642;&#xFF0C;&#x5176;&#x70BA;&#x8A72;&#x5206;&#x652F;&#x7684;&#x6700;&#x5F8C;&#x5169;&#x500B;&#x7BC0;&#x9EDE;&#xFF0C;&#x6545;&#x5C07;&#x5176;&#x9032;&#x884C;&#x904B;&#x7B97;&#xFF0C;&#x800C;&#x904B;&#x7B97;&#x7B26;&#x865F;&#x5247;&#x70BA;&#x4ED6;&#x5011;&#x7684;&#x53F3;&#x65B9;(&#x5DE6;-&amp;gt;&#x53F3;-&amp;gt;&#x4E2D;)&lt;/p&gt;&#xD;
&#xD;
&lt;p&gt;2. [(a+b)c* ][ (d+e)f*]+(w+z)*&lt;/p&gt;&#xD;
&#xD;
&lt;p&gt;&#x7136;&#x5F8C;&#x6211;&#x5011;&#x56E0;&#x70BA;&#x5C07;&#x5176;&#x4EE3;&#x6578;&#x5316;&#xFF0C;&#x6240;&#x4EE5;&#x53EA;&#x8981;&#x5C07;&#x62EC;&#x865F;&#x5167;&#x7684;&#x770B;&#x6210;&#x4E00;&#x500B;&#x4EE3;&#x6578;&#xFF0C;&#x4E26;&#x7E7C;&#x7E8C;&#x6211;&#x5011;&#x4E4B;&#x524D;&#x7684;&#x908F;&#x8F2F;&#x9032;&#x884C;&#x904B;&#x7B97;&lt;/p&gt;&#xD;
&#xD;
&lt;p&gt;3. {[(a+b)*c][(d+e)*f]+}(w+z)*&lt;/p&gt;&#xD;
&#xD;
&lt;p&gt;4. {[(a+b)*c]+[(d+e)*f]}(w+z)*&lt;/p&gt;&#xD;
&#xD;
&lt;p&gt;5. { [ (a + b) * c ]+[ ( d + e ) * f ] } * ( w + z )&lt;/p&gt;&#xD;
&#xD;
&lt;p&gt;&#x5373;&#x53EF;&#x9054;&#x6210;infix&#x6392;&#x5E8F;&lt;/p&gt;&#xD;
&#xD;
&lt;p&gt;&#x82E5;&#x8981;&#x5C07;infix&#x56DE;&#x63A8;&#x6210;postfix&#x5247;&#x5C07;&#x4E0A;&#x9762;&#x5B8C;&#x6210;&#x7684;&#x904B;&#x7B97;&#x7B26;&#x865F;&#x5728;&#x8A72;&#x62EC;&#x865F;&#x5167;&#x5F80;&#x53F3;&#x63A8;&#x5373;&#x53EF;(&#x82E5;&#x6C92;&#x6709;&#x62EC;&#x865F;&#x5247;&#x76F4;&#x63A5;&#x63A8;&#x5230;&#x6700;&#x53F3;&#x7AEF;)&#xFF0C;&#x6700;&#x5F8C;&#x522A;&#x9664;&#x62EC;&#x865F;&#x5373;&#x5B8C;&#x6210;&lt;/p&gt;&#xD;
&#xD;
&lt;p&gt;&#x82E5;&#x8981;&#x5C07;infix&#x56DE;&#x63A8;&#x6210;prefix&#x5247;&#x5C07;&#x4E0A;&#x9762;&#x5B8C;&#x6210;&#x7684;&#x904B;&#x7B97;&#x7B26;&#x865F;&#x5728;&#x8A72;&#x62EC;&#x865F;&#x5167;&#x5F80;&#x5DE6;&#x63A8;&#x5373;&#x53EF;(&#x82E5;&#x6C92;&#x6709;&#x62EC;&#x865F;&#x5247;&#x76F4;&#x63A5;&#x63A8;&#x5230;&#x6700;&#x5DE6;&#x7AEF;)&#xFF0C;&#x6700;&#x5F8C;&#x522A;&#x9664;&#x62EC;&#x865F;&#x5373;&#x5B8C;&#x6210;&lt;/p&gt;</content>
  <attach></attach>
  <rcount></rcount>
  <rank></rank>
  <hit>17</hit>
  <lang>1</lang>
</data>
