<?xml version="1.0"?>
<data version="3.0" time="2024-07-19 08:49:36" type="post" filename="b000000008.xml">
  <open_time>0000-00-00</open_time>
  <close_time>0000-00-00</close_time>
  <lang_name>Big5</lang_name>
  <board_id>1001305432</board_id>
  <node>000000008</node>
  <site>1000110001</site>
  <pt>2023-10-05 20:25:11</pt>
  <poster>11127207</poster>
  <realname>&#x694A;&#x7AE3;&#x5091;  </realname>
  <email>jacky115526@gmail.com</email>
  <homepage>  </homepage>
  <subject>111. &#x5BEB;&#x51FA;C++&#x7A0B;&#x5F0F;&#x78BC;&#x8AAA;&#x660E;&#x50B3;&#x503C;&#x547C;&#x53EB;call by value&#x3002; </subject>
  <content>&lt;p&gt;#include &amp;lt;iostream&amp;gt;&lt;/p&gt;&#xD;
&#xD;
&lt;p&gt;using namespace std ;&lt;/p&gt;&#xD;
&#xD;
&lt;p&gt;void CallByValue( int i, int k ) {&lt;br /&gt;&#xD;
&amp;nbsp;&amp;nbsp; &amp;nbsp;i = i + 100 ;&lt;br /&gt;&#xD;
&amp;nbsp;&amp;nbsp; &amp;nbsp;k = k * k + 20 ;&lt;br /&gt;&#xD;
&amp;nbsp;&amp;nbsp; &amp;nbsp;i = i + k ; &amp;nbsp;// &#x5E0C;&#x671B;&#x56DE;&#x50B3;&#x7684;&#x503C;&#x662F;&#x8655;&#x7406;&#x904E;&#x5F8C;&#x7684;i&#x52A0;&#x4E0A;k&amp;nbsp;&lt;br /&gt;&#xD;
&amp;nbsp;&amp;nbsp; &amp;nbsp;&lt;br /&gt;&#xD;
}&lt;/p&gt;&#xD;
&#xD;
&lt;p&gt;int main() {&lt;br /&gt;&#xD;
&amp;nbsp;&amp;nbsp; &amp;nbsp;int i = 2 ;&lt;br /&gt;&#xD;
&amp;nbsp;&amp;nbsp; &amp;nbsp;int k = 4 ;&lt;br /&gt;&#xD;
&amp;nbsp;&amp;nbsp; &amp;nbsp;CallByValue( i, k ) ; // &#x56E0;&#x70BA;&#x662F;void &#x6240;&#x4EE5;&#x503C;&#x4E0D;&#x6703;&#x56DE;&#x50B3;&amp;nbsp;&lt;br /&gt;&#xD;
&amp;nbsp;&amp;nbsp; &amp;nbsp;cout &amp;lt;&amp;lt; i &amp;lt;&amp;lt; endl ;&lt;br /&gt;&#xD;
&amp;nbsp;&amp;nbsp; &amp;nbsp;return 0 ;&lt;br /&gt;&#xD;
&amp;nbsp;&amp;nbsp; &amp;nbsp;&lt;br /&gt;&#xD;
}&lt;/p&gt; </content>
  <attach></attach>
  <rcount></rcount>
  <rank></rank>
  <hit>16</hit>
  <lang>1</lang>
</data>
