<?xml version="1.0"?>
<data version="3.0" time="2024-07-19 08:54:13" type="post" filename="b000000006.xml">
  <open_time>0000-00-00</open_time>
  <close_time>0000-00-00</close_time>
  <lang_name>Big5</lang_name>
  <board_id>1001296422</board_id>
  <node>000000006</node>
  <site>1000110001</site>
  <pt>2023-10-21 15:39:54</pt>
  <poster>10924148</poster>
  <realname>&#x9673;&#x9EC3;&#x63DA;  </realname>
  <email>conary0917@gmail.com</email>
  <homepage>  </homepage>
  <subject>126 </subject>
  <content>&lt;p&gt;&#x984C;&#x76EE; : + * 2 4 6 * - 7 5&#x662F;&#x524D;&#x5E8F;&#x5F0F;&#x55CE;&#xFF1F;&#x70BA;&#x4EC0;&#x9EBC;&#xFF1F;&lt;/p&gt;&#xD;
&#xD;
&lt;p&gt;&#x4E0D;&#x662F;&#xFF0C;&#x4EE5;&#x4E0A;&#x8AB2;&#x6240;&#x8AAA;&#x70BA;&#x4F8B;&#xFF0C;&#x524D;&#x5E8F;&#x5F0F;&#x662F;&#x5C07;&#x904B;&#x7B97;&#x5B50;&#x63D0;&#x5230;&#x62EC;&#x865F;&#x5916;&#x5DE6;&#x908A;&lt;/p&gt;&#xD;
&#xD;
&lt;p&gt;&#x4E0A;&#x5F0F;&#x4F9D;&#x5E8F;&#x61C9;&#x8A72;&#x53EF;&#x56DE;&#x63A8;&#x70BA;&lt;/p&gt;&#xD;
&#xD;
&lt;p&gt;1.+(2*4)6*-75&lt;/p&gt;&#xD;
&#xD;
&lt;p&gt;2.((2*4)+6)*-75&lt;/p&gt;&#xD;
&#xD;
&lt;p&gt;3.((2*4)+6)*(7-5)&lt;/p&gt;&#xD;
&#xD;
&lt;p&gt;&#x5230;&#x7B2C;&#x4E09;&#x90E8;&#x5F8C;&#x767C;&#x73FE;&#xFF0C;&#x5728;&#x5169;&#x6578;&#x4E2D;&#x9593;&#x593E;&#x8457;&#x6700;&#x5F8C;&#x4E00;&#x500B;&#x904B;&#x7B97;&#x5B50;&lt;/p&gt;&#xD;
&#xD;
&lt;p&gt;&#x800C;&#x6B64;&#x904B;&#x7B97;&#x5B50;&#x7684;&#x5F8C;&#x9762;&#x4E5F;&#x53EA;&#x6709;&#x4E00;&#x500B;&#x6578;&#x5B57;&#xFF0C;&#x7121;&#x6CD5;&#x9032;&#x884C;&#x904B;&#x7B97;&lt;/p&gt;&#xD;
&#xD;
&lt;p&gt;&#x6240;&#x4EE5;&#x6B64;&#x5F0F;&#x4E26;&#x975E;&#x524D;&#x5E8F;&#x5F0F;&lt;/p&gt; </content>
  <attach></attach>
  <rcount></rcount>
  <rank></rank>
  <hit>23</hit>
  <lang>1</lang>
</data>
