<?xml version="1.0"?>
<data version="3.0" time="2024-07-19 08:54:13" type="post" filename="b000000004000000002.xml">
  <open_time>0000-00-00</open_time>
  <close_time>0000-00-00</close_time>
  <lang_name>Big5</lang_name>
  <board_id>1001296422</board_id>
  <node>000000004000000002</node>
  <site>1000110001</site>
  <pt>2023-10-24 11:28:08</pt>
  <poster>11127130</poster>
  <realname>&#x8521;&#x6DF3;&#x5168;  </realname>
  <email>charles930417@gmail.com</email>
  <homepage>  </homepage>
  <subject>Re: 129  </subject>
  <content>&lt;p&gt;&#x597D;&#x5F37;&lt;/p&gt; </content>
  <attach></attach>
  <rcount></rcount>
  <rank></rank>
  <hit>1</hit>
  <lang>1</lang>
</data>
