<?xml version="1.0"?>
<data version="3.0" time="2024-07-19 08:54:13" type="post" filename="b000000008.xml">
  <open_time>0000-00-00</open_time>
  <close_time>0000-00-00</close_time>
  <lang_name>Big5</lang_name>
  <board_id>1001296422</board_id>
  <node>000000008</node>
  <site>1000110001</site>
  <pt>2023-10-24 16:18:04</pt>
  <poster>11127129</poster>
  <realname>&#x5F35;&#x8ED2;&#x5049;  </realname>
  <email>billy.wilai@gmail.com</email>
  <homepage>  </homepage>
  <subject>126 </subject>
  <content>&lt;p&gt;+ * 2 4 6 * - 7 5&#x662F;&#x524D;&#x5E8F;&#x5F0F;&#x55CE;&#xFF1F;&#x70BA;&#x4EC0;&#x9EBC;&#xFF1F;&lt;/p&gt;&#xD;
&#xD;
&lt;p&gt;&#x4E0D;&#x662F;&#xFF0C;&#x56E0;&#x70BA;&#x7167;&#x9806;&#x5E8F;&#x7531;&#x5DE6;&#x800C;&#x53F3;&#x8655;&#x7406;&#x7684;&#x8A71;&#x61C9;&#x70BA;&lt;/p&gt;&#xD;
&#xD;
&lt;p&gt;1.2*4=&amp;gt;+ 8 6 * - 7 5&lt;/p&gt;&#xD;
&#xD;
&lt;p&gt;2.8+6=&amp;gt;14 * - 7 5&lt;/p&gt;&#xD;
&#xD;
&lt;p&gt;&#x5230;&#x4E86;&#x9019;&#x5C31;&#x51FA;&#x73FE;&#x4E86;&#x9084;&#x6C92;&#x6C42;&#x51FA;&#x7D50;&#x679C;&#xFF0C;&#x4F46;&#x662F;&#x7B2C;&#x4E00;&#x500B;&#x904B;&#x7B97;&#x5143;&#x524D;&#x6C92;&#x6709;&#x904B;&#x7B97;&#x5B50;&#xFF0C;&#x5F8C;&#x9762;&#x537B;&#x9084;&#x6709;&#x5176;&#x4ED6;&#x904B;&#x7B97;&#x5143;&#x548C;&#x904B;&#x7B97;&#x5B50;&#x7684;&#x60C5;&#x6CC1;&#xFF0C;&#x56E0;&#x6B64;&#x4E0D;&#x662F;&#x524D;&#x5E8F;&#x5F0F;&lt;/p&gt; </content>
  <attach></attach>
  <rcount></rcount>
  <rank></rank>
  <hit>21</hit>
  <lang>1</lang>
</data>
