<?xml version="1.0"?>
<data version="3.0" time="2024-07-19 08:54:13" type="post" filename="b000000001.xml">
  <open_time>0000-00-00</open_time>
  <close_time>0000-00-00</close_time>
  <lang_name>Big5</lang_name>
  <board_id>1001296422</board_id>
  <node>000000001</node>
  <site>1000110001</site>
  <pt>2023-10-18 17:30:46</pt>
  <poster>11127140</poster>
  <realname>&#x59DC;&#x7FA9;&#x65B0;  </realname>
  <email>jabeeschool@gmail.com</email>
  <homepage> </homepage>
  <subject>126 </subject>
  <content>&lt;p&gt;&lt;span style="font-size:18px"&gt;+ * 2 4 6 * - 7 5&#x662F;&#x524D;&#x5E8F;&#x5F0F;&#x55CE;&#xFF1F;&#x70BA;&#x4EC0;&#x9EBC;&#xFF1F;&lt;/span&gt;&lt;/p&gt;&#xD;
&#xD;
&lt;p&gt;&#x9019;&#x500B;&#x4E26;&#x975E;&#x70BA;&#x524D;&#x5E8F;&#x5F0F;&#x3002;&lt;br /&gt;&#xD;
&lt;br /&gt;&#xD;
&#x4EE5;&#x4E0B;&#x70BA;&#x8A08;&#x7B97;&#x6B65;&#x9A5F;&#xFF1A;&lt;br /&gt;&#xD;
&lt;br /&gt;&#xD;
&#x4E00;&#x958B;&#x59CB;&#x8981;&#x5148;&#x770B; * 2 4 &#x70BA; (2*4) &#xFF08;&#x56E0;&#x70BA;&#x8981;&#x5F9E;&#x7B2C;&#x4E00;&#x500B;&#x6578;&#x5B57;&#x958B;&#x59CB;&#x53BB;&#x63A8;&#xFF09;&lt;br /&gt;&#xD;
&#x518D;&#x4F86;&#x524D;&#x9762;&#x9084;&#x6709; + &#x56E0;&#x6B64;&#x518D;&#x52A0; 6 &#x70BA; (2*4+6) &#xFF08;&#x56E0;&#x70BA;&#x53C8;&#x9047;&#x5230;&#x6578;&#x5B57;&#xFF0C;&#x6240;&#x4EE5;&#x518D;&#x5F80; * 2 4 &#x7684;&#x524D;&#x9762;&#x770B;&#xFF09;&lt;br /&gt;&#xD;
&#x6B64;&#x6642;&#x524D;&#x9762;&#x5DF2;&#x7D93;&#x6C92;&#x6709;operator&#xFF0C;&#x4F46;&#x5F8C;&#x9762;&#x537B;&#x9084;&#x6709;&#x6771;&#x897F;&#xFF0C;&#x56E0;&#x6B64;&#x6B64;&#x8A08;&#x7B97;&#x5F0F;&#x975E;&#x524D;&#x5E8F;&#x5F0F;&#xFF0C;&#x82E5;&#x5E0C;&#x671B;&#x505A;&#x5230;&#x4E58;&#x4E0A;&#x5F8C;&#x9762;&#x7684;(7-5)&#xFF0C;&#x5247;&#x61C9;&#x8A72;&#x5C07;*&#x79FB;&#x81F3;&#x6700;&#x524D;&#x9762;&#x3002;&lt;br /&gt;&#xD;
&#x4F8B;&#x5982;&#xFF1A;* + * 2 4 6 - 7 5 &#x5247;&#x7D50;&#x679C;&#x70BA;&amp;nbsp;(((2*4)+6)*(7-5)) = 28&lt;/p&gt;</content>
  <attach></attach>
  <rcount></rcount>
  <rank></rank>
  <hit>54</hit>
  <lang>1</lang>
</data>
