<?xml version="1.0"?>
<data version="3.0" time="2024-07-19 08:54:13" type="post" filename="b000000007000000001.xml">
  <open_time>0000-00-00</open_time>
  <close_time>0000-00-00</close_time>
  <lang_name>Big5</lang_name>
  <board_id>1001296422</board_id>
  <node>000000007000000001</node>
  <site>1000110001</site>
  <pt>2023-10-23 17:48:01</pt>
  <poster>11127134</poster>
  <realname>&#x6797;&#x65E5;&#x5F65;  </realname>
  <email>lin20040423@gmail.com</email>
  <homepage>  </homepage>
  <subject>Re: 126  </subject>
  <content>&lt;p&gt;&#x1F44D;&#x1F44D;&#x1F44D;&#x1F44D;&lt;/p&gt; </content>
  <attach></attach>
  <rcount></rcount>
  <rank></rank>
  <hit>1</hit>
  <lang>1</lang>
</data>
