<?xml version="1.0"?>
<data version="3.0" time="2024-07-19 08:54:13" type="post" filename="b000000011.xml">
  <open_time>0000-00-00</open_time>
  <close_time>0000-00-00</close_time>
  <lang_name>Big5</lang_name>
  <board_id>1001296422</board_id>
  <node>000000011</node>
  <site>1000110001</site>
  <pt>2023-10-25 11:47:20</pt>
  <poster>11127103</poster>
  <realname>&#x738B;&#x8283;&#x7A4E;  </realname>
  <email>penley20595005@gmail.com</email>
  <homepage> </homepage>
  <subject>128 </subject>
  <content>&lt;p&gt;128. &#x5F8C;&#x5E8F;&#x5F0F;2 4 6 * + 7 5 - *&#x8981;&#x5982;&#x4F55;&#x900F;&#x904E;&#x5806;&#x758A;&#x6C42;&#x89E3;&#xFF1F;&#x8981;&#x5217;&#x51FA;&#x904E;&#x7A0B;&#x3002;&lt;/p&gt;&#xD;
&#xD;
&lt;p&gt;&#x7531;&#x5DE6;&#x81F3;&#x53F3;&#x5224;&#x65B7;&#xFF0C;&#x82E5;&#x9047;&#x5230;&#x7684;&#x662F;&#x6578;&#x5B57;&#x7684;&#x8A71;&#x5247;&#x4E1F;&#x9032;&#x5806;&#x758A;&#x4E2D;&#x7684;top&#xFF0C;&#x800C;&#x82E5;&#x9047;&#x5230;&#x7684;&#x662F;&#x904B;&#x7B97;&#x5B50;&#x6642;&#xFF0C;&#x5247;&#x5F9E;&#x5806;&#x758A;&#x4E2D;&#x53D6;&#x51FA;&#x6700;&#x4E0A;&#x5C64;&#x7684;&#x5169;&#x500B;&#x6578;&#x5B57;&#x51FA;&#x4F86;&#x505A;&#x8A08;&#x7B97;&#x3002;&#x7136;&#x5F8C;&#x8A08;&#x7B97;&#x5B8C;&#x5F8C;&#xFF0C;&#x518D;&#x628A;&#x9019;&#x500B;&#x8A08;&#x7B97;&#x7D50;&#x679C;&#x4E1F;&#x9032;&#x5806;&#x758A;&#x4E2D;&#x7684;top&#x3002;&#x63A5;&#x4E0B;&#x4F86;&#x90FD;&#x7E7C;&#x7E8C;&#x4EE5;&#x4E0A;&#x7684;&#x6B65;&#x9A5F;&#xFF0C;&#x76F4;&#x5230;&#x8DD1;&#x5B8C;&#x5F8C;&#x5E8F;&#x904B;&#x7B97;&#x5F0F;&#x3002;&lt;/p&gt;&#xD;
&#xD;
&lt;p&gt;&#x6700;&#x5F8C;&#x8DD1;&#x5B8C;&#x5F8C;&#x5E8F;&#x904B;&#x7B97;&#x5F0F;&#x5F8C;&#xFF0C;&#x6700;&#x5F8C;&#x7684;&#x8A08;&#x7B97;&#x7D50;&#x679C;&#x6703;&#x5728;&#x5806;&#x758A;&#x4E2D;&#xFF0C;&#x7136;&#x5F8C;&#x628A;&#x7D50;&#x679C;&#x5F9E;&#x5806;&#x758A;&#x4E2D;&#x53D6;&#x51FA;&#x5C31;&#x53EF;&#x5F97;&#x5230;&#x8A08;&#x7B97;&#x7D50;&#x679C;&#x4E86;&#x3002;&lt;/p&gt;</content>
  <attach></attach>
  <rcount></rcount>
  <rank></rank>
  <hit>23</hit>
  <lang>1</lang>
</data>
