<?xml version="1.0"?>
<data version="3.0" time="2024-07-19 08:54:13" type="post" filename="b000000010.xml">
  <open_time>0000-00-00</open_time>
  <close_time>0000-00-00</close_time>
  <lang_name>Big5</lang_name>
  <board_id>1001296422</board_id>
  <node>000000010</node>
  <site>1000110001</site>
  <pt>2023-10-24 21:03:49</pt>
  <poster>11027231</poster>
  <realname>&#x8B1D;&#x5BB6;&#x6986;  </realname>
  <email>a0938577773@icloud.com</email>
  <homepage>  </homepage>
  <subject>126 </subject>
  <content>&lt;p&gt;&#x4E0D;&#x662F;&lt;/p&gt;&#xD;
&#xD;
&lt;p&gt;&#x5617;&#x8A66;&#x8F49;&#x63DB;&#x70BA;&#x4E2D;&#x5E8F;&#x5F0F;&#x6642;&#xFF0C;&lt;/p&gt;&#xD;
&#xD;
&lt;p&gt;( + ( * 2 4 ) 6 ) * ( - 7 5 )&lt;/p&gt;&#xD;
&#xD;
&lt;p&gt;&#x800C;*&#x7121;&#x6CD5;&#x7D50;&#x5408; &#xFF0C;&#x56E0;&#x6B64;&#x6B64;&#x7B97;&#x5F0F;&#x4E0D;&#x70BA;&#x524D;&#x5E8F;&#x5F0F;&#x3002;&lt;/p&gt; </content>
  <attach></attach>
  <rcount></rcount>
  <rank></rank>
  <hit>21</hit>
  <lang>1</lang>
</data>
