<?xml version="1.0"?>
<data version="3.0" time="2024-07-19 08:54:13" type="post" filename="b000000016.xml">
  <open_time>0000-00-00</open_time>
  <close_time>0000-00-00</close_time>
  <lang_name>Big5</lang_name>
  <board_id>1001296422</board_id>
  <node>000000016</node>
  <site>1000110001</site>
  <pt>2023-10-30 01:25:45</pt>
  <poster>11127128</poster>
  <realname>&#x8521;&#x7DAD;&#x5EAD;  </realname>
  <email>timtesai@gmail.com</email>
  <homepage>  </homepage>
  <subject>126 </subject>
  <content>&lt;p&gt;&lt;strong&gt;&lt;span style="font-size:18px"&gt;126. + * 2 4 6 * - 7 5&#x662F;&#x524D;&#x5E8F;&#x5F0F;&#x55CE;&#xFF1F;&#x70BA;&#x4EC0;&#x9EBC;&#xFF1F;&lt;/span&gt;&lt;/strong&gt;&lt;/p&gt;&#xD;
&#xD;
&lt;p&gt;A: &#x4E0D;&#x662F;&#xFF0C;&#x9019;&#x4E0D;&#x662F;&#x5408;&#x6CD5;&#x7684;&#x524D;&#x5E8F;&#x5F0F;&#x3002;&lt;/p&gt;&#xD;
&#xD;
&lt;p&gt;&#x4EE5;&#x4E0B;&#x5617;&#x8A66;&#x5C07;&#x6B64;&#x5F0F;&#x4F5C;&#x70BA;&#x524D;&#x5E8F;&#x5F0F;&#x8F49;&#x56DE;&#x4E2D;&#x5E8F;&#x5F0F;&#x3002;&lt;/p&gt;&#xD;
&#xD;
&lt;ul&gt;&#xD;
	&lt;li&gt;+ 2 * 4 6 * - 7 5&lt;/li&gt;&#xD;
	&lt;li&gt;( 2 * 4 + 6 ) * - 7 5&lt;/li&gt;&#xD;
	&lt;li&gt;( 2 * 4 + 6 ) &lt;u&gt;&lt;strong&gt;*&lt;/strong&gt;&lt;/u&gt; ( 7 - 5 )&lt;/li&gt;&#xD;
&lt;/ul&gt;&#xD;
&#xD;
&lt;p&gt;&#x9019;&#x500B;&#x4E58;&#x865F;&#x5C1A;&#x672A;&#x79FB;&#x52D5;&#x4F4D;&#x7F6E;&#xFF0C;&#x7136;&#x800C;&#x672A;&#x8655;&#x7406;&#x4E4B;&#x90E8;&#x5206;&#x5DF2;&#x4E0D;&#x7B26;&#x524D;&#x5E8F;&#x5F0F;&#x4E4B;&#x898F;&#x7BC4;&#xFF08;&amp;lt;operator&amp;gt; &amp;lt;operand&amp;gt; &amp;lt;operand&amp;gt;&#xFF09;&#xFF0C;&#x56E0;&#x6B64;&#x539F;&#x5F0F;&#x4E26;&#x4E0D;&#x662F;&#x524D;&#x5E8F;&#x5F0F;&#x3002;&lt;/p&gt; </content>
  <attach></attach>
  <rcount></rcount>
  <rank></rank>
  <hit>11</hit>
  <lang>1</lang>
</data>
