<?xml version="1.0"?>
<data version="3.0" time="2024-07-19 08:54:13" type="post" filename="b000000003000000001.xml">
  <open_time>0000-00-00</open_time>
  <close_time>0000-00-00</close_time>
  <lang_name>Big5</lang_name>
  <board_id>1001296422</board_id>
  <node>000000003000000001</node>
  <site>1000110001</site>
  <pt>2023-10-20 11:09:11</pt>
  <poster>11127137</poster>
  <realname>&#x9EC3;&#x4E59;&#x5BB6;  </realname>
  <email>u810025@gmail.com</email>
  <homepage>https://ja-errorpro.cf </homepage>
  <subject>Re: 127  </subject>
  <content>&lt;p&gt;&#x5BEB;&#x5F97;&#x4E0D;&#x932F;&#xFF0C;&lt;/p&gt;&#xD;
&#xD;
&lt;p&gt;&#x4E8B;&#x5BE6;&#x4E0A;&#x5728;DevCpp&#x53EA;&#x8981;&#x5728;&#x7DE8;&#x8B6F;&#x9078;&#x9805;&#x4E2D;&#x52A0;&#x4E0A;&#x53C3;&#x6578; -std=c++11&lt;/p&gt;&#xD;
&#xD;
&lt;p&gt;std::ofstream()/std::ofstream.open()&#x5C31;&#x80FD;&#x8DDF;&#x5176;&#x4ED6;&#x652F;&#x63F4;C++ 11&#x7684;Compiler&#x4E00;&#x6A23;&#x53EF;&#x4EE5;&#x76F4;&#x63A5;&#x5403;std::string&#x800C;&#x4E0D;&#x9700;&#x8981;&#x5148;&#x8F49;&#x6210;const char*&lt;/p&gt;</content>
  <attach></attach>
  <rcount></rcount>
  <rank></rank>
  <hit>2</hit>
  <lang>1</lang>
</data>
