<?xml version="1.0"?>
<data version="3.0" time="2024-07-19 08:54:13" type="post" filename="b000000014.xml">
  <open_time>0000-00-00</open_time>
  <close_time>0000-00-00</close_time>
  <lang_name>Big5</lang_name>
  <board_id>1001296422</board_id>
  <node>000000014</node>
  <site>1000110001</site>
  <pt>2023-10-27 13:25:11</pt>
  <poster>11127107</poster>
  <realname>&#x9673;&#x67CF;&#x745C;  </realname>
  <email>evanchen0709@gmail.com</email>
  <homepage> </homepage>
  <subject>128 </subject>
  <content>&lt;p&gt;&lt;strong&gt;&lt;span style="font-family:Times New Roman,serif"&gt;128. &lt;/span&gt;&lt;/strong&gt;&lt;strong&gt;&lt;span style="font-family:&#x6A19;&#x6977;&#x9AD4;"&gt;&#x5F8C;&#x5E8F;&#x5F0F;&lt;/span&gt;&lt;/strong&gt;&lt;strong&gt;&lt;span style="font-family:Times New Roman,serif"&gt;2 4 6 * + 7 5 - *&lt;/span&gt;&lt;/strong&gt;&lt;strong&gt;&lt;span style="font-family:&#x6A19;&#x6977;&#x9AD4;"&gt;&#x8981;&#x5982;&#x4F55;&#x900F;&#x904E;&#x5806;&#x758A;&#x6C42;&#x89E3;&#xFF1F;&#x8981;&#x5217;&#x51FA;&#x904E;&#x7A0B;&#x3002;&lt;/span&gt;&lt;/strong&gt;&lt;/p&gt;&#xD;
&#xD;
&lt;p&gt;&lt;span style="font-family:&#x6A19;&#x6977;&#x9AD4;"&gt;&#x5F9E;&#x5F8C;&#x5E8F;&#x5F0F;&#x958B;&#x982D;&#x958B;&#x59CB;&#x5224;&#x8B80;&#xFF0C;&#x82E5;&#x8B80;&#x53D6;&#x5230;&#x904B;&#x7B97;&#x5143;&#x4FBF;&#x76F4;&#x63A5;&lt;/span&gt;&lt;span style="font-family:Times New Roman,serif"&gt;push&lt;/span&gt;&lt;span style="font-family:&#x6A19;&#x6977;&#x9AD4;"&gt;&#x5165;&lt;/span&gt;&lt;span style="font-family:Times New Roman,serif"&gt;Stack&lt;/span&gt;&lt;span style="font-family:&#x6A19;&#x6977;&#x9AD4;"&gt;&#x4E2D;&#xFF0C;&#x82E5;&#x8B80;&#x53D6;&#x5230;&#x904B;&#x7B97;&#x5B50;&#x4FBF;&lt;/span&gt;&lt;span style="font-family:Times New Roman,serif"&gt;pop&lt;/span&gt;&lt;span style="font-family:&#x6A19;&#x6977;&#x9AD4;"&gt;&#x51FA;&lt;/span&gt;&lt;span style="font-family:Times New Roman,serif"&gt;Stack&lt;/span&gt;&lt;span style="font-family:&#x6A19;&#x6977;&#x9AD4;"&gt;&#x9802;&#x7AEF;&#x7684;&#x5169;&#x500B;&#x904B;&#x7B97;&#x5143;&#xFF08;&#x5F8C;&lt;/span&gt;&lt;span style="font-family:Times New Roman,serif"&gt;pop&lt;/span&gt;&lt;span style="font-family:&#x6A19;&#x6977;&#x9AD4;"&gt;&#x51FA;&#x7684;&#x70BA;&#x7B2C;&#x4E00;&#x500B;&#x904B;&#x7B97;&#x5143;&#xFF0C;&#x5148;&lt;/span&gt;&lt;span style="font-family:Times New Roman,serif"&gt;pop&lt;/span&gt;&lt;span style="font-family:&#x6A19;&#x6977;&#x9AD4;"&gt;&#x51FA;&#x7684;&#x70BA;&#x7B2C;&#x4E8C;&#x500B;&#x904B;&#x7B97;&#x5143;&#xFF09;&#xFF0C;&#x4E26;&#x5C07;&#x5169;&#x500B;&#x904B;&#x7B97;&#x5143;&#x8207;&#x6307;&#x5B9A;&#x904B;&#x7B97;&#x5B50;&#x505A;&#x8A08;&#x7B97;&#xFF0C;&#x518D;&#x5C07;&#x7D50;&#x679C;&lt;/span&gt;&lt;span style="font-family:Times New Roman,serif"&gt;push&lt;/span&gt;&lt;span style="font-family:&#x6A19;&#x6977;&#x9AD4;"&gt;&#x56DE;&#x5230;&lt;/span&gt;&lt;span style="font-family:Times New Roman,serif"&gt;Stack&lt;/span&gt;&lt;span style="font-family:&#x6A19;&#x6977;&#x9AD4;"&gt;&#x4E2D;&#x3002;&lt;/span&gt;&lt;/p&gt;&#xD;
&#xD;
&lt;p&gt;&lt;span style="font-family:&#x6A19;&#x6977;&#x9AD4;"&gt;&#x904E;&#x7A0B;&#xFF1A;&lt;/span&gt;&lt;/p&gt;&#xD;
&#xD;
&lt;table border="1" cellpadding="0" cellspacing="0" style="border-collapse:collapse; border:none"&gt;&#xD;
	&lt;tbody&gt;&#xD;
		&lt;tr&gt;&#xD;
			&lt;td style="width:186px"&gt;&#xD;
			&lt;p style="text-align:center"&gt;&lt;strong&gt;&lt;span style="font-family:&#x6A19;&#x6977;&#x9AD4;"&gt;&#x7576;&#x524D;&#x8B80;&#x5165;&#x7684;&#x904B;&#x7B97;&#x5143;&#xFF08;&#x5B50;&#xFF09;&lt;/span&gt;&lt;/strong&gt;&lt;/p&gt;&#xD;
			&lt;/td&gt;&#xD;
			&lt;td style="width:186px"&gt;&#xD;
			&lt;p style="text-align:center"&gt;&lt;strong&gt;&lt;span style="font-family:&#x6A19;&#x6977;&#x9AD4;"&gt;&#x5806;&#x758A;&lt;/span&gt;&lt;/strong&gt;&lt;strong&gt;&lt;span style="font-family:Times New Roman,serif"&gt;Stack&lt;/span&gt;&lt;/strong&gt;&lt;strong&gt;&lt;span style="font-family:&#x6A19;&#x6977;&#x9AD4;"&gt;&#xFF08;&#x9802;&lt;/span&gt;&lt;/strong&gt;&lt;strong&gt;&lt;span style="font-family:Times New Roman,serif"&gt; -&amp;gt; &lt;/span&gt;&lt;/strong&gt;&lt;strong&gt;&lt;span style="font-family:&#x6A19;&#x6977;&#x9AD4;"&gt;&#x5E95;&#xFF09;&lt;/span&gt;&lt;/strong&gt;&lt;/p&gt;&#xD;
			&lt;/td&gt;&#xD;
			&lt;td style="width:186px"&gt;&#xD;
			&lt;p style="text-align:center"&gt;&lt;strong&gt;&lt;span style="font-family:&#x6A19;&#x6977;&#x9AD4;"&gt;&#x6558;&#x8FF0;&lt;/span&gt;&lt;/strong&gt;&lt;/p&gt;&#xD;
			&lt;/td&gt;&#xD;
		&lt;/tr&gt;&#xD;
		&lt;tr&gt;&#xD;
			&lt;td style="width:186px"&gt;&#xD;
			&lt;p style="text-align:center"&gt;&lt;span style="font-family:Times New Roman,serif"&gt;2&lt;/span&gt;&lt;/p&gt;&#xD;
			&lt;/td&gt;&#xD;
			&lt;td style="width:186px"&gt;&#xD;
			&lt;p style="text-align:center"&gt;&lt;span style="font-family:Times New Roman,serif"&gt;Empty&lt;/span&gt;&lt;/p&gt;&#xD;
			&lt;/td&gt;&#xD;
			&lt;td style="width:186px"&gt;&#xD;
			&lt;p style="text-align:center"&gt;&lt;span style="font-family:&#x6A19;&#x6977;&#x9AD4;"&gt;&#x5C07;&lt;/span&gt;&lt;span style="font-family:Times New Roman,serif"&gt;2&lt;/span&gt;&lt;span style="font-family:&#x6A19;&#x6977;&#x9AD4;"&gt;&#x653E;&#x5165;&lt;/span&gt;&lt;span style="font-family:Times New Roman,serif"&gt;Stack&lt;/span&gt;&lt;/p&gt;&#xD;
			&lt;/td&gt;&#xD;
		&lt;/tr&gt;&#xD;
		&lt;tr&gt;&#xD;
			&lt;td style="width:186px"&gt;&#xD;
			&lt;p style="text-align:center"&gt;&lt;span style="font-family:Times New Roman,serif"&gt;4&lt;/span&gt;&lt;/p&gt;&#xD;
			&lt;/td&gt;&#xD;
			&lt;td style="width:186px"&gt;&#xD;
			&lt;p style="text-align:center"&gt;&lt;span style="font-family:Times New Roman,serif"&gt;2&lt;/span&gt;&lt;/p&gt;&#xD;
			&lt;/td&gt;&#xD;
			&lt;td style="width:186px"&gt;&#xD;
			&lt;p style="text-align:center"&gt;&lt;span style="font-family:&#x6A19;&#x6977;&#x9AD4;"&gt;&#x5C07;&lt;/span&gt;&lt;span style="font-family:Times New Roman,serif"&gt;4&lt;/span&gt;&lt;span style="font-family:&#x6A19;&#x6977;&#x9AD4;"&gt;&#x653E;&#x5165;&lt;/span&gt;&lt;span style="font-family:Times New Roman,serif"&gt;Stack&lt;/span&gt;&lt;/p&gt;&#xD;
			&lt;/td&gt;&#xD;
		&lt;/tr&gt;&#xD;
		&lt;tr&gt;&#xD;
			&lt;td style="width:186px"&gt;&#xD;
			&lt;p style="text-align:center"&gt;&lt;span style="font-family:Times New Roman,serif"&gt;6&lt;/span&gt;&lt;/p&gt;&#xD;
			&lt;/td&gt;&#xD;
			&lt;td style="width:186px"&gt;&#xD;
			&lt;p style="text-align:center"&gt;&lt;span style="font-family:Times New Roman,serif"&gt;4 2&lt;/span&gt;&lt;/p&gt;&#xD;
			&lt;/td&gt;&#xD;
			&lt;td style="width:186px"&gt;&#xD;
			&lt;p style="text-align:center"&gt;&lt;span style="font-family:&#x6A19;&#x6977;&#x9AD4;"&gt;&#x5C07;&lt;/span&gt;&lt;span style="font-family:Times New Roman,serif"&gt;6&lt;/span&gt;&lt;span style="font-family:&#x6A19;&#x6977;&#x9AD4;"&gt;&#x653E;&#x5165;&lt;/span&gt;&lt;span style="font-family:Times New Roman,serif"&gt;Stack&lt;/span&gt;&lt;/p&gt;&#xD;
			&lt;/td&gt;&#xD;
		&lt;/tr&gt;&#xD;
		&lt;tr&gt;&#xD;
			&lt;td style="width:186px"&gt;&#xD;
			&lt;p style="text-align:center"&gt;&lt;span style="font-family:Times New Roman,serif"&gt;*&lt;/span&gt;&lt;/p&gt;&#xD;
			&lt;/td&gt;&#xD;
			&lt;td style="width:186px"&gt;&#xD;
			&lt;p style="text-align:center"&gt;&lt;span style="font-family:Times New Roman,serif"&gt;6 4 2&lt;/span&gt;&lt;/p&gt;&#xD;
			&lt;/td&gt;&#xD;
			&lt;td style="width:186px"&gt;&#xD;
			&lt;p style="text-align:center"&gt;&lt;span style="font-family:Times New Roman,serif"&gt;pop&lt;/span&gt;&lt;span style="font-family:&#x6A19;&#x6977;&#x9AD4;"&gt;&#x51FA;&#x6700;&#x4E0A;&#x5C64;&#x7684;&#x5169;&#x500B;&#x904B;&#x7B97;&#x5143;&#x505A;&#x8A08;&#x7B97;&#xFF0C;&#x4E26;&#x5C07;&#x7D50;&#x679C;&lt;/span&gt;&lt;span style="font-family:Times New Roman,serif"&gt;push&lt;/span&gt;&lt;span style="font-family:&#x6A19;&#x6977;&#x9AD4;"&gt;&#x56DE;&lt;/span&gt;&lt;span style="font-family:Times New Roman,serif"&gt;Stack&lt;/span&gt;&lt;span style="font-family:&#x6A19;&#x6977;&#x9AD4;"&gt;&#xFF08;&lt;/span&gt;&lt;span style="font-family:Times New Roman,serif"&gt;4 * 6 = 24&lt;/span&gt;&lt;span style="font-family:&#x6A19;&#x6977;&#x9AD4;"&gt;&#xFF09;&lt;/span&gt;&lt;/p&gt;&#xD;
			&lt;/td&gt;&#xD;
		&lt;/tr&gt;&#xD;
		&lt;tr&gt;&#xD;
			&lt;td style="height:31px; width:186px"&gt;&#xD;
			&lt;p style="text-align:center"&gt;&lt;span style="font-family:Times New Roman,serif"&gt;+&lt;/span&gt;&lt;/p&gt;&#xD;
			&lt;/td&gt;&#xD;
			&lt;td style="height:31px; width:186px"&gt;&#xD;
			&lt;p style="text-align:center"&gt;&lt;span style="font-family:Times New Roman,serif"&gt;24 2&lt;/span&gt;&lt;/p&gt;&#xD;
			&lt;/td&gt;&#xD;
			&lt;td style="height:31px; width:186px"&gt;&#xD;
			&lt;p style="text-align:center"&gt;&lt;span style="font-family:Times New Roman,serif"&gt;pop&lt;/span&gt;&lt;span style="font-family:&#x6A19;&#x6977;&#x9AD4;"&gt;&#x51FA;&#x6700;&#x4E0A;&#x5C64;&#x7684;&#x5169;&#x500B;&#x904B;&#x7B97;&#x5143;&#x505A;&#x8A08;&#x7B97;&#xFF0C;&#x4E26;&#x5C07;&#x7D50;&#x679C;&lt;/span&gt;&lt;span style="font-family:Times New Roman,serif"&gt;push&lt;/span&gt;&lt;span style="font-family:&#x6A19;&#x6977;&#x9AD4;"&gt;&#x56DE;&lt;/span&gt;&lt;span style="font-family:Times New Roman,serif"&gt;Stack&lt;/span&gt;&lt;span style="font-family:&#x6A19;&#x6977;&#x9AD4;"&gt;&#xFF08;&lt;/span&gt;&lt;span style="font-family:Times New Roman,serif"&gt;2 + 24 = 26&lt;/span&gt;&lt;span style="font-family:&#x6A19;&#x6977;&#x9AD4;"&gt;&#xFF09;&lt;/span&gt;&lt;/p&gt;&#xD;
			&lt;/td&gt;&#xD;
		&lt;/tr&gt;&#xD;
		&lt;tr&gt;&#xD;
			&lt;td style="width:186px"&gt;&#xD;
			&lt;p style="text-align:center"&gt;&lt;span style="font-family:Times New Roman,serif"&gt;7&lt;/span&gt;&lt;/p&gt;&#xD;
			&lt;/td&gt;&#xD;
			&lt;td style="width:186px"&gt;&#xD;
			&lt;p style="text-align:center"&gt;&lt;span style="font-family:Times New Roman,serif"&gt;26&lt;/span&gt;&lt;/p&gt;&#xD;
			&lt;/td&gt;&#xD;
			&lt;td style="width:186px"&gt;&#xD;
			&lt;p style="text-align:center"&gt;&lt;span style="font-family:&#x6A19;&#x6977;&#x9AD4;"&gt;&#x5C07;&lt;/span&gt;&lt;span style="font-family:Times New Roman,serif"&gt;7&lt;/span&gt;&lt;span style="font-family:&#x6A19;&#x6977;&#x9AD4;"&gt;&#x653E;&#x5165;&lt;/span&gt;&lt;span style="font-family:Times New Roman,serif"&gt;Stack&lt;/span&gt;&lt;/p&gt;&#xD;
			&lt;/td&gt;&#xD;
		&lt;/tr&gt;&#xD;
		&lt;tr&gt;&#xD;
			&lt;td style="width:186px"&gt;&#xD;
			&lt;p style="text-align:center"&gt;&lt;span style="font-family:Times New Roman,serif"&gt;5&lt;/span&gt;&lt;/p&gt;&#xD;
			&lt;/td&gt;&#xD;
			&lt;td style="width:186px"&gt;&#xD;
			&lt;p style="text-align:center"&gt;&lt;span style="font-family:Times New Roman,serif"&gt;7 26&lt;/span&gt;&lt;/p&gt;&#xD;
			&lt;/td&gt;&#xD;
			&lt;td style="width:186px"&gt;&#xD;
			&lt;p style="text-align:center"&gt;&lt;span style="font-family:&#x6A19;&#x6977;&#x9AD4;"&gt;&#x5C07;&lt;/span&gt;&lt;span style="font-family:Times New Roman,serif"&gt;5&lt;/span&gt;&lt;span style="font-family:&#x6A19;&#x6977;&#x9AD4;"&gt;&#x653E;&#x5165;&lt;/span&gt;&lt;span style="font-family:Times New Roman,serif"&gt;Stack&lt;/span&gt;&lt;/p&gt;&#xD;
			&lt;/td&gt;&#xD;
		&lt;/tr&gt;&#xD;
		&lt;tr&gt;&#xD;
			&lt;td style="width:186px"&gt;&#xD;
			&lt;p style="text-align:center"&gt;&lt;span style="font-family:Times New Roman,serif"&gt;-&lt;/span&gt;&lt;/p&gt;&#xD;
			&lt;/td&gt;&#xD;
			&lt;td style="width:186px"&gt;&#xD;
			&lt;p style="text-align:center"&gt;&lt;span style="font-family:Times New Roman,serif"&gt;5 7 26&lt;/span&gt;&lt;/p&gt;&#xD;
			&lt;/td&gt;&#xD;
			&lt;td style="width:186px"&gt;&#xD;
			&lt;p style="text-align:center"&gt;&lt;span style="font-family:Times New Roman,serif"&gt;pop&lt;/span&gt;&lt;span style="font-family:&#x6A19;&#x6977;&#x9AD4;"&gt;&#x51FA;&#x6700;&#x4E0A;&#x5C64;&#x7684;&#x5169;&#x500B;&#x904B;&#x7B97;&#x5143;&#x505A;&#x8A08;&#x7B97;&#xFF0C;&#x4E26;&#x5C07;&#x7D50;&#x679C;&lt;/span&gt;&lt;span style="font-family:Times New Roman,serif"&gt;push&lt;/span&gt;&lt;span style="font-family:&#x6A19;&#x6977;&#x9AD4;"&gt;&#x56DE;&lt;/span&gt;&lt;span style="font-family:Times New Roman,serif"&gt;Stack&lt;/span&gt;&lt;span style="font-family:&#x6A19;&#x6977;&#x9AD4;"&gt;&#xFF08;&lt;/span&gt;&lt;span style="font-family:Times New Roman,serif"&gt;7 &amp;ndash; 5 = 2&lt;/span&gt;&lt;span style="font-family:&#x6A19;&#x6977;&#x9AD4;"&gt;&#xFF09;&lt;/span&gt;&lt;/p&gt;&#xD;
			&lt;/td&gt;&#xD;
		&lt;/tr&gt;&#xD;
		&lt;tr&gt;&#xD;
			&lt;td style="width:186px"&gt;&#xD;
			&lt;p style="text-align:center"&gt;&lt;span style="font-family:Times New Roman,serif"&gt;*&lt;/span&gt;&lt;/p&gt;&#xD;
			&lt;/td&gt;&#xD;
			&lt;td style="width:186px"&gt;&#xD;
			&lt;p style="text-align:center"&gt;&lt;span style="font-family:Times New Roman,serif"&gt;2 26&lt;/span&gt;&lt;/p&gt;&#xD;
			&lt;/td&gt;&#xD;
			&lt;td style="width:186px"&gt;&#xD;
			&lt;p style="text-align:center"&gt;&lt;span style="font-family:Times New Roman,serif"&gt;pop&lt;/span&gt;&lt;span style="font-family:&#x6A19;&#x6977;&#x9AD4;"&gt;&#x51FA;&#x6700;&#x4E0A;&#x5C64;&#x7684;&#x5169;&#x500B;&#x904B;&#x7B97;&#x5143;&#x505A;&#x8A08;&#x7B97;&#xFF0C;&#x4E26;&#x5C07;&#x7D50;&#x679C;&lt;/span&gt;&lt;span style="font-family:Times New Roman,serif"&gt;push&lt;/span&gt;&lt;span style="font-family:&#x6A19;&#x6977;&#x9AD4;"&gt;&#x56DE;&lt;/span&gt;&lt;span style="font-family:Times New Roman,serif"&gt;Stack&lt;/span&gt;&lt;span style="font-family:&#x6A19;&#x6977;&#x9AD4;"&gt;&#xFF08;&lt;/span&gt;&lt;span style="font-family:Times New Roman,serif"&gt;26 * 2 = 52&lt;/span&gt;&lt;span style="font-family:&#x6A19;&#x6977;&#x9AD4;"&gt;&#xFF09;&lt;/span&gt;&lt;/p&gt;&#xD;
			&lt;/td&gt;&#xD;
		&lt;/tr&gt;&#xD;
		&lt;tr&gt;&#xD;
			&lt;td style="width:186px"&gt;&#xD;
			&lt;p style="text-align:center"&gt;&lt;span style="font-family:&#x6A19;&#x6977;&#x9AD4;"&gt;&#x5B57;&#x4E32;&#x8B80;&#x53D6;&#x5B8C;&#x7562;&lt;/span&gt;&lt;/p&gt;&#xD;
			&lt;/td&gt;&#xD;
			&lt;td style="width:186px"&gt;&#xD;
			&lt;p style="text-align:center"&gt;&lt;span style="font-family:Times New Roman,serif"&gt;52&lt;/span&gt;&lt;/p&gt;&#xD;
			&lt;/td&gt;&#xD;
			&lt;td style="width:186px"&gt;&#xD;
			&lt;p style="text-align:center"&gt;&lt;span style="font-family:&#x6A19;&#x6977;&#x9AD4;"&gt;&#x8B80;&#x53D6;&#x5B8C;&#x7562;&#x5F8C;&lt;/span&gt;&lt;span style="font-family:Times New Roman,serif"&gt;Stack&lt;/span&gt;&lt;span style="font-family:&#x6A19;&#x6977;&#x9AD4;"&gt;&#x4E2D;&#x5269;&#x4E0B;&#x7684;&#x904B;&#x7B97;&#x5143;&#x5373;&#x70BA;&#x7D50;&#x679C;&lt;/span&gt;&lt;/p&gt;&#xD;
			&lt;/td&gt;&#xD;
		&lt;/tr&gt;&#xD;
	&lt;/tbody&gt;&#xD;
&lt;/table&gt;&#xD;
&#xD;
&lt;p&gt;&lt;span style="font-family:&#x6A19;&#x6977;&#x9AD4;"&gt;&#x5F97;&#x51FA;&#x7B54;&#x6848;&#xFF1A;&lt;/span&gt;&lt;span style="font-family:Times New Roman,serif"&gt;52&lt;/span&gt;&lt;/p&gt;</content>
  <attach></attach>
  <rcount></rcount>
  <rank></rank>
  <hit>16</hit>
  <lang>1</lang>
</data>
