<?xml version="1.0"?>
<data version="3.0" time="2024-07-19 08:54:13" type="post" filename="b000000007.xml">
  <open_time>0000-00-00</open_time>
  <close_time>0000-00-00</close_time>
  <lang_name>Big5</lang_name>
  <board_id>1001296422</board_id>
  <node>000000007</node>
  <site>1000110001</site>
  <pt>2023-10-23 17:46:37</pt>
  <poster>11127130</poster>
  <realname>&#x8521;&#x6DF3;&#x5168;  </realname>
  <email>charles930417@gmail.com</email>
  <homepage>  </homepage>
  <subject>126 </subject>
  <content>&lt;p&gt;&#x984C;&#x76EE;&#xFF1A; + * 2 4 6 * - 7 5&#x662F;&#x524D;&#x5E8F;&#x5F0F;&#x55CE;&#xFF1F;&#x70BA;&#x4EC0;&#x9EBC;&#xFF1F;&lt;/p&gt;&#xD;
&#xD;
&lt;p&gt;&#x4E0D;&#x662F;&#xFF0C;&#x7528;&#x524D;&#x5E8F;&#x5F0F;&#x898F;&#x5247;&#x4F86;&#x8A08;&#x7B97;&#x770B;&#x770B;&#x5C31;&#x77E5;&#x9053;&#x4E86;&#x3002;&lt;/p&gt;&#xD;
&#xD;
&lt;p&gt;+ * 2 4 6 * - 7 5&lt;/p&gt;&#xD;
&#xD;
&lt;p&gt;=+ 8 6 * - 7 5&lt;/p&gt;&#xD;
&#xD;
&lt;p&gt;= 14 * - 7 5&lt;/p&gt;&#xD;
&#xD;
&lt;p&gt;= 14 * 2&lt;/p&gt;&#xD;
&#xD;
&lt;p&gt;&#x4E0D;&#x7B26;&#x5408;&#x524D;&#x5E8F;&#x5F0F;&#x683C;&#x5F0F; (&#x524D;&#x5E8F;&#x5F0F;&#x683C;&#x5F0F;&#xFF1A;&amp;lt;&#x904B;&#x7B97;&#x5B50;&amp;gt;&amp;lt;&#x904B;&#x7B97;&#x5143;&amp;gt;&amp;lt;&#x904B;&#x7B97;&#x5143;&amp;gt;)&lt;/p&gt;&#xD;
&#xD;
&lt;p&gt;&#x6240;&#x4EE5; + * 2 4 6 * - 7 5 &#x4E0D;&#x662F;&#x524D;&#x5E8F;&#x5F0F;&lt;/p&gt; </content>
  <attach></attach>
  <rcount></rcount>
  <rank></rank>
  <hit>30</hit>
  <lang>1</lang>
</data>
