<?xml version="1.0"?>
<data version="3.0" time="2024-07-19 08:54:13" type="post" filename="b000000004.xml">
  <open_time>0000-00-00</open_time>
  <close_time>0000-00-00</close_time>
  <lang_name>Big5</lang_name>
  <board_id>1001296422</board_id>
  <node>000000004</node>
  <site>1000110001</site>
  <pt>2023-10-20 03:15:38</pt>
  <poster>11127136</poster>
  <realname>&#x5F6D;&#x6668;&#x7DAD;  </realname>
  <email>willy921230@gmail.com</email>
  <homepage>  </homepage>
  <subject>129 </subject>
  <content>&lt;p&gt;&#x5BEB;C++&#x7A0B;&#x5F0F;&#x78BC;&#x8A2D;&#x8A08;&#x905E;&#x8FF4;&#x51FD;&#x6578;&#x7522;&#x751F;3&#x500B;&#x6578;&#x5B57;&#x4E0D;&#x540C;&#x4E14;&#x52A0;&#x7E3D;&#x7B49;&#x65BC;M&#x7684;&#x6240;&#x6709;3&#x4F4D;&#x6578;&#xFF0C;M&#x662F;&#x8F38;&#x5165;&#x7684;&#x6574;&#x6578;&#xFF0C;&#x767E;&#x4F4D;&#x6578;&#x5FC5;&#x9808;&#x975E;&#x96F6;&#x3002;&lt;/p&gt;&#xD;
&#xD;
&lt;p&gt;&lt;img alt="" src="/user/1/1/11127136/images/%E8%9E%A2%E5%B9%95%E6%93%B7%E5%8F%96%E7%95%AB%E9%9D%A2%202023-10-20%20031510.png" style="height:877px; width:727px" /&gt;&lt;/p&gt; </content>
  <attach></attach>
  <rcount></rcount>
  <rank></rank>
  <hit>41</hit>
  <lang>1</lang>
</data>
