<?xml version="1.0"?>
<data version="3.0" time="2024-07-19 08:54:13" type="post" filename="b000000009.xml">
  <open_time>0000-00-00</open_time>
  <close_time>0000-00-00</close_time>
  <lang_name>Big5</lang_name>
  <board_id>1001296422</board_id>
  <node>000000009</node>
  <site>1000110001</site>
  <pt>2023-10-24 17:21:30</pt>
  <poster>11127142</poster>
  <realname>&#x8303;&#x5EAD;&#x90E1;  </realname>
  <email>handsome11623@gmail.com</email>
  <homepage>  </homepage>
  <subject>128 </subject>
  <content>&lt;p&gt;&amp;nbsp;&#x984C;&#x76EE;: &#x5F8C;&#x5E8F;&#x5F0F;2 4 6 * + 7 5 - *&#x8981;&#x5982;&#x4F55;&#x900F;&#x904E;&#x5806;&#x758A;&#x6C42;&#x89E3;&#xFF1F;&#x8981;&#x5217;&#x51FA;&#x904E;&#x7A0B;&#x3002;&lt;/p&gt;&#xD;
&#xD;
&lt;p&gt;&#x7C21;&#x4ECB;:&lt;/p&gt;&#xD;
&#xD;
&lt;p&gt;&amp;nbsp; &amp;nbsp;&#x5B9A;&#x7FA9;&#x8A9E;&#x8A00;&amp;lt;calculate&amp;gt; = &amp;lt;operand&amp;gt;&amp;lt;operand&amp;gt;&amp;lt;operator&amp;gt;&lt;/p&gt;&#xD;
&#xD;
&lt;p&gt;&amp;nbsp; &amp;nbsp;&#x5176;&#x4E2D;:&lt;/p&gt;&#xD;
&#xD;
&lt;p&gt;&amp;nbsp; &amp;nbsp; &amp;nbsp; &amp;nbsp; &amp;lt;operand&amp;gt; = 0|1|2|3|4|5|6|7|8|9 , &amp;lt;operator&amp;gt; = +|-|*|/&lt;/p&gt;&#xD;
&#xD;
&lt;p&gt;&amp;nbsp; &amp;nbsp;&#x5982;&#x679C;&#x689D;&#x4EF6;&#x7B26;&#x5408;&#xFF0C;&#x6703;&#x5C07;&#x6B64;&#x55AE;&#x4F4D;&#x9032;&#x884C;&#x8A08;&#x7B97;&#x5408;&#x9AD4;&#xFF0C;&#x4F7F;&#x4E4B;&#x6210;&#x70BA;&#x4E00;&#x65B0;&amp;lt;operand&amp;gt;&#x5B58;&#x5165;&#x5806;&#x758A;&#x4E2D;&#x4E26;&#x5F85;&#x7B49;&#x5F8C;&#x65B9;&#x7684;&amp;lt;operand&amp;gt;&#x9032;&#x884C;&#x5408;&#x4F75;&#xFF0C;&#x5982;&#x5DF2;&#x7121;&#x5176;&#x9918;&amp;nbsp; &amp;nbsp; &amp;nbsp;&amp;lt;operand&amp;gt;&#x5247;&#x70BA;&#x6700;&#x7D42;&#x89E3;&#x7B54;&#xFF0C;&#x5C07;&#x4E4B;&#x5F48;&#x51FA;&#x3002;&#x5982;&#x679C;&#x689D;&#x4EF6;&#x5C1A;&#x672A;&#x7B26;&#x5408;&#xFF0C;&#x6703;&#x6301;&#x7E8C;&#x5C07;&amp;lt;operand&amp;gt;&#x653E;&#x5165;&#x5806;&#x758A;&#x4E2D;&#x5F85;&#x5408;&#x4F75;&#x53C8;&#x6216;&#x5F48;&#x51FA;&#x3002;&lt;/p&gt;&#xD;
&#xD;
&lt;p&gt;&#x4EE5;&#x7BC4;&#x4F8B;&#x64CD;&#x4F5C;&#x904E;&#x7A0B;:&lt;/p&gt;&#xD;
&#xD;
&lt;ol&gt;&#xD;
	&lt;li&gt;&amp;nbsp;2, &#x56E0;&#x5C1A;&#x672A;&#x7B26;&#x5408;&#x689D;&#x4EF6;, &#x5C07;2&#x653E;&#x5165;&#x5806;&#x758A;&#x3002;&#x5806;&#x758A;&#x76EE;&#x524D;&#x70BA; 2&#x3002;&lt;/li&gt;&#xD;
	&lt;li&gt;&amp;nbsp;4, &#x56E0;&#x5C1A;&#x672A;&#x7B26;&#x5408;&#x689D;&#x4EF6;, &#x5C07;4&#x653E;&#x5165;&#x5806;&#x758A;&#x3002;&#x5806;&#x758A;&#x76EE;&#x524D;&#x70BA; 2 ,4&#x3002;&lt;/li&gt;&#xD;
	&lt;li&gt;&amp;nbsp;6, &#x56E0;&#x5C1A;&#x672A;&#x7B26;&#x5408;&#x689D;&#x4EF6;, &#x5C07;6&#x653E;&#x5165;&#x5806;&#x758A;&#x3002;&#x5806;&#x758A;&#x76EE;&#x524D;&#x70BA; 2, 4 ,6&#x3002;&lt;/li&gt;&#xD;
	&lt;li&gt;&amp;nbsp;*, &#x56E0; 4, 6 , * &#x7B26;&#x5408;, &#x5F48;&#x51FA;4, 6 &#x4E26; * ,&amp;nbsp;&#x7522;&#x751F;&#x4E00;&#x65B0;&amp;lt;operand&amp;gt; = 24 , &#x5B58;&#x5165;&#x5806;&#x758A;&#x4E4B;&#x4E2D;&#x3002;&#x5806;&#x758A;&#x76EE;&#x524D;&#x70BA; 2, 24&#x3002;&lt;/li&gt;&#xD;
	&lt;li&gt;+,&amp;nbsp;&#x56E0; 2, 24, +&amp;nbsp;&#x7B26;&#x5408;, &#x5F48;&#x51FA;2, 24&amp;nbsp;&#x4E26; +, &#x7522;&#x751F;&#x4E00;&#x65B0;&amp;lt;operand&amp;gt; = 26&amp;nbsp;, &#x5B58;&#x5165;&#x5806;&#x758A;&#x4E4B;&#x4E2D;&#x3002;&#x5806;&#x758A;&#x76EE;&#x524D;&#x70BA; 26&#x3002;&lt;/li&gt;&#xD;
	&lt;li&gt;&amp;nbsp;7,&#x56E0;&#x5C1A;&#x672A;&#x7B26;&#x5408;&#x689D;&#x4EF6;, &#x5C07;7&#x653E;&#x5165;&#x5806;&#x758A;&#x3002;&#x5806;&#x758A;&#x76EE;&#x524D;&#x70BA; 26, 7&#x3002;&lt;/li&gt;&#xD;
	&lt;li&gt;&amp;nbsp;5,&#x56E0;&#x5C1A;&#x672A;&#x7B26;&#x5408;&#x689D;&#x4EF6;, &#x5C07;5&#x653E;&#x5165;&#x5806;&#x758A;&#x3002;&#x5806;&#x758A;&#x76EE;&#x524D;&#x70BA; 26, 7, 5&#x3002;&lt;/li&gt;&#xD;
	&lt;li&gt;&amp;nbsp;- ,&#x56E0; 7, 5&amp;nbsp;, - &#x7B26;&#x5408;, &#x5F48;&#x51FA;7, 5 &#x4E26; - ,&amp;nbsp;&#x7522;&#x751F;&#x4E00;&#x65B0;&amp;lt;operand&amp;gt; = 2 , &#x5B58;&#x5165;&#x5806;&#x758A;&#x4E4B;&#x4E2D;&#x3002;&#x5806;&#x758A;&#x76EE;&#x524D;&#x70BA;26, 2&#x3002;&lt;/li&gt;&#xD;
	&lt;li&gt;&amp;nbsp;*,&#x56E0; 26, 2, * &#x7B26;&#x5408;, &#x5F48;&#x51FA;26, 2 &#x4E26; * ,&amp;nbsp;&#x7522;&#x751F;&#x4E00;&#x65B0;&amp;lt;operand&amp;gt; = 72 , &#x5B58;&#x5165;&#x5806;&#x758A;&#x4E4B;&#x4E2D;&#x3002;&#x5806;&#x758A;&#x76EE;&#x524D;&#x70BA;72&#x3002;&lt;/li&gt;&#xD;
	&lt;li&gt;&amp;nbsp; ,&#x56E0;&#x5DF2;&#x7121;&#x5176;&#x9918;&amp;lt;operand&amp;gt;and &amp;lt;operator&amp;gt;&#x3002;&#x5F48;&#x51FA;&#x7D50;&#x679C;&#x70BA;72&#x3002;&lt;/li&gt;&#xD;
&lt;/ol&gt;&#xD;
&#xD;
&lt;p&gt;&amp;nbsp; &amp;nbsp; &amp;nbsp;72 &#x70BA;&#x5F8C;&#x5E8F;&#x5F0F;2 4 6 * + 7 5 - * &#x7684;&#x7B54;&#x6848;&#x3002;&lt;/p&gt; </content>
  <attach></attach>
  <rcount></rcount>
  <rank></rank>
  <hit>25</hit>
  <lang>1</lang>
</data>
