<?xml version="1.0"?>
<data version="3.0" time="2024-07-19 08:54:13" type="post" filename="b000000022.xml">
  <open_time>0000-00-00</open_time>
  <close_time>0000-00-00</close_time>
  <lang_name>Big5</lang_name>
  <board_id>1001296422</board_id>
  <node>000000022</node>
  <site>1000110001</site>
  <pt>2023-11-01 21:03:47</pt>
  <poster>11127112</poster>
  <realname>&#x838A;&#x6C9B;&#x5112;  </realname>
  <email>a0922166067@gmail.com</email>
  <homepage>  </homepage>
  <subject>128 </subject>
  <content>&lt;p&gt;&lt;span style="font-size:14px"&gt;128. &#x5F8C;&#x5E8F;&#x5F0F;2 4 6 * + 7 5 - *&#x8981;&#x5982;&#x4F55;&#x900F;&#x904E;&#x5806;&#x758A;&#x6C42;&#x89E3;&#xFF1F;&#x8981;&#x5217;&#x51FA;&#x904E;&#x7A0B;&#x3002;&lt;/span&gt;&lt;/p&gt;&#xD;
&#xD;
&lt;p&gt;&lt;span style="font-size:12px"&gt;1.&#x5C07;2&#x5B58;&#x5165;&#x5806;&#x758A;&#x4E2D;&lt;/span&gt;&lt;/p&gt;&#xD;
&#xD;
&lt;p&gt;&lt;span style="font-size:12px"&gt;2.&#x5C07;4&#x5B58;&#x5165;&#x5806;&#x758A;&#x4E2D;&lt;/span&gt;&lt;/p&gt;&#xD;
&#xD;
&lt;p&gt;&lt;span style="font-size:12px"&gt;3.&#x5C07;6&#x5B58;&#x5165;&#x5806;&#x758A;&#x4E2D;&lt;/span&gt;&lt;/p&gt;&#xD;
&#xD;
&lt;p&gt;&lt;span style="font-size:12px"&gt;4.&#x56E0;&#x70BA;&#x9047;&#x5230;&#x904B;&#x7B97;&#x5143;&amp;#39;*&amp;#39;&#xFF0C;&#x6240;&#x4EE5;&#x53D6;&#x5806;&#x758A;&#x6700;&#x4E0A;&#x9762;&#x7684;&#x5169;&#x500B;&#x6578;&#x5B57;(4&#x548C;6)&#xFF0C;&#x4E26;&#x522A;&#x9664;&#x9019;&#x5169;&#x500B;&#x6700;&#x4E0A;&#x9762;&#x7684;&#x6578;&#x5B57;&#xFF0C;&#x4E4B;&#x5F8C;&#x5C07;&#x53D6;&#x51FA;&#x7684;&#x5169;&#x500B;&#x6578;&#x5B57;&#x76F8;&#x4E58;&#xFF0C;&#x4E26;&#x5C07;&#x7D50;&#x679C;&#x653E;&#x5165;&#x5806;&#x758A;&#x4E2D;&lt;/span&gt;&lt;/p&gt;&#xD;
&#xD;
&lt;p&gt;&lt;span style="font-size:12px"&gt;5.&#x56E0;&#x70BA;&#x9047;&#x5230;&#x904B;&#x7B97;&#x5143;&amp;#39;+&amp;#39;&#xFF0C;&#x6240;&#x4EE5;&#x53D6;&#x5806;&#x758A;&#x6700;&#x4E0A;&#x9762;&#x7684;&#x5169;&#x500B;&#x6578;&#x5B57;(24&#x548C;2)&#xFF0C;&#x4E26;&#x522A;&#x9664;&#x9019;&#x5169;&#x500B;&#x6700;&#x4E0A;&#x9762;&#x7684;&#x6578;&#x5B57;&#xFF0C;&#x4E4B;&#x5F8C;&#x5C07;&#x53D6;&#x51FA;&#x7684;&#x5169;&#x500B;&#x6578;&#x5B57;&#x76F8;&#x52A0;&#xFF0C;&#x4E26;&#x5C07;&#x7D50;&#x679C;&#x653E;&#x5165;&#x5806;&#x758A;&#x4E2D;&lt;/span&gt;&lt;/p&gt;&#xD;
&#xD;
&lt;p&gt;&lt;span style="font-size:12px"&gt;6.&#x5C07;7&#x653E;&#x5165;&#x5806;&#x758A;&#x4E2D;&lt;/span&gt;&lt;/p&gt;&#xD;
&#xD;
&lt;p&gt;&lt;span style="font-size:12px"&gt;7.&#x5C07;5&#x653E;&#x5165;&#x5806;&#x758A;&#x4E2D;&lt;/span&gt;&lt;/p&gt;&#xD;
&#xD;
&lt;p&gt;&lt;span style="font-size:12px"&gt;8.&#x56E0;&#x70BA;&#x9047;&#x5230;&#x904B;&#x7B97;&#x5143;&amp;#39;-&amp;#39;&#xFF0C;&#x6240;&#x4EE5;&#x53D6;&#x5806;&#x758A;&#x6700;&#x4E0A;&#x9762;&#x7684;&#x5169;&#x500B;&#x6578;&#x5B57;(5&#x548C;7)&#xFF0C;&#x4E26;&#x522A;&#x9664;&#x9019;&#x5169;&#x500B;&#x6700;&#x4E0A;&#x9762;&#x7684;&#x6578;&#x5B57;&#xFF0C;&#x4E4B;&#x5F8C;&#x5C07;&#x53D6;&#x51FA;&#x7684;&#x5169;&#x500B;&#x6578;&#x5B57;&#x7531;&#x5F8C;&#x53D6;&#x51FA;&#x7684;&#x6E1B;&#x5148;&#x53D6;&#x51FA;&#x7684;&#xFF0C;&#x4E26;&#x5C07;&#x7D50;&#x679C;&#x653E;&#x5165;&#x5806;&#x758A;&#x4E2D;&lt;/span&gt;&lt;/p&gt;&#xD;
&#xD;
&lt;p&gt;9.&lt;span style="font-size:12px"&gt;&#x56E0;&#x70BA;&#x9047;&#x5230;&#x904B;&#x7B97;&#x5143;&amp;#39;*&amp;#39;&#xFF0C;&#x6240;&#x4EE5;&#x53D6;&#x5806;&#x758A;&#x6700;&#x4E0A;&#x9762;&#x7684;&#x5169;&#x500B;&#x6578;&#x5B57;(2&#x548C;26)&#xFF0C;&#x4E26;&#x522A;&#x9664;&#x9019;&#x5169;&#x500B;&#x6700;&#x4E0A;&#x9762;&#x7684;&#x6578;&#x5B57;&#xFF0C;&#x4E4B;&#x5F8C;&#x5C07;&#x53D6;&#x51FA;&#x7684;&#x5169;&#x500B;&#x6578;&#x5B57;&#x76F8;&#x4E58;&#xFF0C;&#x4E26;&#x5C07;&#x7D50;&#x679C;&#x653E;&#x5165;&#x5806;&#x758A;&#x4E2D;&lt;/span&gt;&lt;/p&gt;&#xD;
&#xD;
&lt;p&gt;&lt;span style="font-size:12px"&gt;10.&#x767C;&#x73FE;&#x5DF2;&#x7D93;&#x6C92;&#x6709;&#x5B57;&#x7B26;&#x4E86;&#xFF0C;&#x6240;&#x4EE5;&#x5806;&#x758A;&#x4E2D;&#x76EE;&#x524D;&#x7684;&#x6578;&#x5B57;&#x5373;&#x70BA;&#x89E3;&lt;/span&gt;&lt;/p&gt; </content>
  <attach></attach>
  <rcount></rcount>
  <rank></rank>
  <hit>8</hit>
  <lang>1</lang>
</data>
