<?xml version="1.0"?>
<data version="3.0" time="2024-07-19 08:54:13" type="post" filename="b000000004000000003.xml">
  <open_time>0000-00-00</open_time>
  <close_time>0000-00-00</close_time>
  <lang_name>Big5</lang_name>
  <board_id>1001296422</board_id>
  <node>000000004000000003</node>
  <site>1000110001</site>
  <pt>2023-10-26 23:46:28</pt>
  <poster>11127140</poster>
  <realname>&#x59DC;&#x7FA9;&#x65B0;  </realname>
  <email>jabeeschool@gmail.com</email>
  <homepage>  </homepage>
  <subject>Re: 129  </subject>
  <content>&lt;p&gt;&#x597D;&#x5F37;&#xFF01;&#x770B;&#x5B8C;&#x5C31;&#x6703;&#xFF0C;&#x5165;&#x53E3;&#x5373;&#x5316;&#x7684;&#x611F;&#x89BA;&#xFF01;&lt;/p&gt; </content>
  <attach></attach>
  <rcount></rcount>
  <rank></rank>
  <hit>1</hit>
  <lang>1</lang>
</data>
