<?xml version="1.0"?>
<data version="3.0" time="2024-07-19 08:54:13" type="post" filename="b000000012.xml">
  <open_time>0000-00-00</open_time>
  <close_time>0000-00-00</close_time>
  <lang_name>Big5</lang_name>
  <board_id>1001296422</board_id>
  <node>000000012</node>
  <site>1000110001</site>
  <pt>2023-10-25 11:57:12</pt>
  <poster>11127126</poster>
  <realname>&#x9EC3;&#x67CF;&#x5BE7;  </realname>
  <email>kevinqwer666@gmail.com</email>
  <homepage>  </homepage>
  <subject>126 </subject>
  <content>&lt;p&gt;126. + * 2 4 6 * - 7 5&#x662F;&#x524D;&#x5E8F;&#x5F0F;&#x55CE;&#xFF1F;&#x70BA;&#x4EC0;&#x9EBC;&#xFF1F;&lt;/p&gt;&#xD;
&#xD;
&lt;p&gt;&#x4E0D;&#x662F;&#xFF0C;&#x4EE5;&#x4E0B;&#x70BA;+ * 2 4 6 * - 7 5&#x7684;&#x6C42;&#x89E3;&#x904E;&#x7A0B;:&lt;/p&gt;&#xD;
&#xD;
&lt;p&gt;1.&amp;quot;* 2 4&amp;quot;&#x5148;&#x505A;&#x904B;&#x7B97;&#xFF0C;&#x5F97;&#x77E5;&amp;quot;* 2 4&amp;quot;&#x7684;&#x7B54;&#x6848;&#x70BA;8&#xFF0C;&#x8A08;&#x7B97;&#x5B8C;&#x5F8C;&#x65B0;&#x7684;&#x524D;&#x5E8F;&#x5F0F;&#x70BA;:+ 8 6 * - 7 5&lt;/p&gt;&#xD;
&#xD;
&lt;p&gt;2.&amp;quot;+&amp;nbsp;8&amp;nbsp;6&amp;quot;&#x5148;&#x505A;&#x904B;&#x7B97;&#xFF0C;&#x5F97;&#x77E5;&amp;quot;+&amp;nbsp;8&amp;nbsp;6&amp;quot;&#x7684;&#x7B54;&#x6848;&#x70BA;14&#xFF0C;&#x8A08;&#x7B97;&#x5B8C;&#x5F8C;&#x65B0;&#x7684;&#x524D;&#x5E8F;&#x5F0F;&#x70BA;:&amp;nbsp;14 *&amp;nbsp;- 7 5&lt;/p&gt;&#xD;
&#xD;
&lt;p&gt;3.&amp;quot;- 7 5&amp;quot;&#x5148;&#x505A;&#x904B;&#x7B97;&#xFF0C;&#x5F97;&#x77E5;&amp;quot;- 7 5&amp;quot;&#x7684;&#x7B54;&#x6848;&#x70BA;2&#xFF0C;&#x8A08;&#x7B97;&#x5B8C;&#x5F8C;&#x65B0;&#x7684;&#x524D;&#x5E8F;&#x5F0F;&#x70BA;:&amp;nbsp;14 *&amp;nbsp;2&lt;/p&gt;&#xD;
&#xD;
&lt;p&gt;&#x5230;&#x9019;&#x88E1;&#x70BA;&#x6B62;&#xFF0C;&amp;nbsp;14 *&amp;nbsp;2&#x5C31;&#x5DF2;&#x7D93;&#x4E0D;&#x662F;&#x524D;&#x5E8F;&#x5F0F;&#x4E86;&#xFF0C;&#x56E0;&#x70BA;&#x524D;&#x5E8F;&#x5F0F;&#x7684;&#x683C;&#x5F0F;&#x70BA;&#x4E00;&#x500B;&#x904B;&#x7B97;&#x5B50;&#x5F8C;&#x9762;&#x8981;&#x63A5;&#x5169;&#x500B;&#x904B;&#x7B97;&#x5143;&#xFF0C;&#x800C;14 *&amp;nbsp;2&#x7684;&#x683C;&#x5F0F;&#x70BA;&#x5169;&#x500B;&#x904B;&#x7B97;&#x5143;&#x4E2D;&#x9593;&#x653E;&#x4E00;&#x500B;&#x904B;&#x7B97;&#x5B50;&#xFF0C;&#x9019;&#x662F;&#x4E2D;&#x5E8F;&#x5F0F;&#x7684;&#x683C;&#x5F0F;&#xFF0C;&#x6240;&#x4EE5;+ * 2 4 6 * - 7 5&#x4E0D;&#x662F;&#x524D;&#x5E8F;&#x5F0F;&#x3002;&lt;/p&gt; </content>
  <attach></attach>
  <rcount></rcount>
  <rank></rank>
  <hit>29</hit>
  <lang>1</lang>
</data>
