<?xml version="1.0"?>
<data version="3.0" time="2024-07-19 08:54:30" type="post" filename="b000000002.xml">
  <open_time>0000-00-00</open_time>
  <close_time>0000-00-00</close_time>
  <lang_name>Big5</lang_name>
  <board_id>1001296424</board_id>
  <node>000000002</node>
  <site>1000110001</site>
  <pt>2023-11-18 15:37:04</pt>
  <poster>11127137</poster>
  <realname>&#x9EC3;&#x4E59;&#x5BB6;  </realname>
  <email>u810025@gmail.com</email>
  <homepage>https://ja-errorpro.cf </homepage>
  <subject>210 </subject>
  <content>&lt;p&gt;&lt;strong&gt;&lt;span style="font-size:16px"&gt;&#x4F9D;&#x64DA;&#x7A0B;&#x5F0F;&#x78BC;&#x89E3;&#x8AAA;&#x9078;&#x64C7;&#x6392;&#x5E8F;&#x7684;&#x6642;&#x9593;&#x8907;&#x96DC;&#x5EA6;&#x3002;&lt;/span&gt;&lt;/strong&gt;&lt;/p&gt;&#xD;
&#xD;
&lt;p&gt;&#x9078;&#x64C7;&#x6392;&#x5E8F;&#x662F;&#x5728;&#x6578;&#x7D44;&#x4E2D;&#x627E;&#x51FA;&#x6975;&#x503C;&#xFF0C;&#x4EE5;&#x7531;&#x5C0F;&#x5230;&#x5927;&#x6392;&#x5E8F;&#x70BA;&#x4F8B;&#xFF0C;&#x5148;&#x627E;&#x51FA;&#x6700;&#x5C0F;&#x7684;&#x6578;&#xFF0C;&#x653E;&#x5728;&#x7B2C;&#x4E00;&#x500B;&#x4F4D;&#x7F6E;&#xFF0C;&#x518D;&#x627E;&#x51FA;&#x7B2C;&#x4E8C;&#x5C0F;&#x7684;&#x6578;&#xFF0C;&#x653E;&#x5728;&#x7B2C;&#x4E8C;&#x500B;&#x4F4D;&#x7F6E;&#xFF0C;&#x4EE5;&#x6B64;&#x985E;&#x63A8;&#x3002;&lt;/p&gt;&#xD;
&#xD;
&lt;p&gt;```cpp&lt;/p&gt;&#xD;
&#xD;
&lt;p&gt;void selectionSort(int arr[], int n) {&lt;/p&gt;&#xD;
&#xD;
&lt;p&gt;&amp;nbsp; &amp;nbsp; for (int i = 0; i &amp;lt; n - 1; i++) {&lt;/p&gt;&#xD;
&#xD;
&lt;p&gt;&amp;nbsp; &amp;nbsp; &amp;nbsp; &amp;nbsp; int min = i;&lt;/p&gt;&#xD;
&#xD;
&lt;p&gt;&amp;nbsp; &amp;nbsp; &amp;nbsp; &amp;nbsp; for (int j = i + 1; j &amp;lt; n; j++) {&lt;/p&gt;&#xD;
&#xD;
&lt;p&gt;&amp;nbsp; &amp;nbsp; &amp;nbsp; &amp;nbsp; &amp;nbsp; &amp;nbsp; if (arr[j] &amp;lt; arr[min]) {&lt;/p&gt;&#xD;
&#xD;
&lt;p&gt;&amp;nbsp; &amp;nbsp; &amp;nbsp; &amp;nbsp; &amp;nbsp; &amp;nbsp; &amp;nbsp; &amp;nbsp; min = j;&lt;/p&gt;&#xD;
&#xD;
&lt;p&gt;&amp;nbsp; &amp;nbsp; &amp;nbsp; &amp;nbsp; &amp;nbsp; &amp;nbsp; }&lt;/p&gt;&#xD;
&#xD;
&lt;p&gt;&amp;nbsp; &amp;nbsp; &amp;nbsp; &amp;nbsp; }&lt;/p&gt;&#xD;
&#xD;
&lt;p&gt;&amp;nbsp; &amp;nbsp; &amp;nbsp; &amp;nbsp; swap(arr[i], arr[min]);&lt;/p&gt;&#xD;
&#xD;
&lt;p&gt;&amp;nbsp; &amp;nbsp; }&lt;/p&gt;&#xD;
&#xD;
&lt;p&gt;}&lt;/p&gt;&#xD;
&#xD;
&lt;p&gt;```&lt;/p&gt;&#xD;
&#xD;
&lt;p&gt;&#x5148;&#x5047;&#x8A2D;arr[0]&#x70BA;&#x6975;&#x503C;&#xFF0C;&#x63A5;&#x8457;&#x6BD4;&#x8F03;n-1&#x6B21;&#xFF0C;&#x5982;&#x679C;&#x6709;&#x66F4;&#x5C0F;&#x7684;&#x5C31;&#x628A;&#x6975;&#x503C;&#x63DB;&#x6389;&#xFF0C;&#x627E;&#x5230;&#x6975;&#x503C;&#x5F8C;&#x628A;&#x6975;&#x503C;&#x653E;&#x5230;&#x6700;&#x524D;&#x9762;(&#x4EA4;&#x63DB;)&lt;/p&gt;&#xD;
&#xD;
&lt;p&gt;&#x63A5;&#x8457;&#x4EE5;&#x540C;&#x6A23;&#x7684;&#x601D;&#x8DEF;&#x6392;&#x5E8F;&amp;nbsp;arr[1:n] &#x3001;arr[2:n] &#x3001;arr[3:n] ...&lt;/p&gt;&#xD;
&#xD;
&lt;p&gt;&#x6700;&#x5F8C;&#x7E3D;&#x6BD4;&#x8F03;&#x6B21;&#x6578;&#x70BA; &lt;img alt="(n-1)+(n-2)+(n-3)+ \dots 1 = \frac{n*(n-1)}{2}" src="https://latex.codecogs.com/gif.latex?%28n-1%29&amp;amp;plus;%28n-2%29&amp;amp;plus;%28n-3%29&amp;amp;plus;%20%5Cdots%201%20%3D%20%5Cfrac%7Bn*%28n-1%29%7D%7B2%7D" /&gt;&lt;/p&gt;&#xD;
&#xD;
&lt;p&gt;&lt;img alt="O(\frac{n*(n-1)}{2}) = O(\frac{1}{2}n^2-\frac{1}{2}n)" src="https://latex.codecogs.com/gif.latex?O%28%5Cfrac%7Bn*%28n-1%29%7D%7B2%7D%29%20%3D%20O%28%5Cfrac%7B1%7D%7B2%7Dn%5E2-%5Cfrac%7B1%7D%7B2%7Dn%29" /&gt;&lt;/p&gt;&#xD;
&#xD;
&lt;p&gt;&#x8907;&#x96DC;&#x5EA6;&#x5206;&#x6790;&#x539F;&#x5247;(&#x6839;&#x64DA;&#x8907;&#x96DC;&#x5EA6;&#x5B9A;&#x7FA9;)&#xFF1A;&lt;/p&gt;&#xD;
&#xD;
&lt;p&gt;1.&#x5C0F;&#x5E38;&#x6578;&#x500D;&#x6578;&#x4E0D;&#x8A08;&lt;/p&gt;&#xD;
&#xD;
&lt;p&gt;&lt;img alt="O(\frac{1}{2}n^2-\frac{1}{2}n) = O(n^2-n)" src="https://latex.codecogs.com/gif.latex?O%28%5Cfrac%7B1%7D%7B2%7Dn%5E2-%5Cfrac%7B1%7D%7B2%7Dn%29%20%3D%20O%28n%5E2-n%29" /&gt;&lt;/p&gt;&#xD;
&#xD;
&lt;p&gt;2.&#x4F4E;&#x6B21;&#x9805;&#x4E0D;&#x8A08;&lt;/p&gt;&#xD;
&#xD;
&lt;p&gt;&lt;img alt="O(n^2-n) = O(n^2)" src="https://latex.codecogs.com/gif.latex?O%28n%5E2-n%29%20%3D%20O%28n%5E2%29" /&gt;&lt;/p&gt;&#xD;
&#xD;
&lt;p&gt;3.&lt;img alt="O(f(n))" src="https://latex.codecogs.com/gif.latex?O%28f%28n%29%29" /&gt;&#x57F7;&#x884C;&lt;img alt="g(n)" src="https://latex.codecogs.com/gif.latex?g%28n%29" /&gt;&#x6B21;&#xFF0C;&#x7E3D;&#x8907;&#x96DC;&#x5EA6;&lt;img alt="O(f(n)*g(n))" src="https://latex.codecogs.com/gif.latex?O%28f%28n%29*g%28n%29%29" /&gt;&lt;/p&gt;&#xD;
&#xD;
&lt;p&gt;&#x6BD4;&#x8F03; O(n-1) &#x57F7;&#x884C; n-1 &#x6B21;&#xFF0C;&#x7D50;&#x679C;&#x4ECD;&#x70BA;&#x539F;&#x8907;&#x96DC;&#x5EA6;&lt;/p&gt;&#xD;
&#xD;
&lt;p&gt;&#x56E0;&#x70BA;&#x9078;&#x64C7;&#x6392;&#x5E8F;&#x4E0D;&#x7BA1;&#x521D;&#x59CB;&#x72C0;&#x614B;&#xFF0C;&#x6BD4;&#x8F03;&#x6B21;&#x6578; worst case&#x3001;best case&#x3001;average case&#x90FD;&#x4E00;&#x6A23;&#xFF0C;&#x6240;&#x4EE5;&#x6BD4;&#x8F03;&#x7684;&#x8907;&#x96DC;&#x5EA6;&#x4E00;&#x6A23;&lt;/p&gt;&#xD;
&#xD;
&lt;p&gt;&lt;img alt="O(n^2)" src="https://latex.codecogs.com/gif.latex?O%28n%5E2%29" /&gt;&lt;/p&gt;&#xD;
&#xD;
&lt;p&gt;&#x800C;&#x4EA4;&#x63DB;&#x7684;&#x8907;&#x96DC;&#x5EA6;&#xFF0C;&#x6700;&#x597D;&#x60C5;&#x6CC1;&#x662F;&#x5DF2;&#x6392;&#x597D;&#x5E8F;&#xFF0C;&lt;img alt="O(1)" src="https://latex.codecogs.com/gif.latex?O%281%29" /&gt;&#xFF0C;&#x6700;&#x5DEE;&#x662F;&#x9006;&#x5E8F;&#xFF0C;&#x8981;&#x4EA4;&#x63DB; n-1 &#x6B21;&#xFF0C;&lt;img alt="O(n)" src="https://latex.codecogs.com/gif.latex?O%28n%29" /&gt;&lt;/p&gt;&#xD;
&#xD;
&lt;p&gt;&#x7E3D;&#x8907;&#x96DC;&#x5EA6;&#x70BA;&amp;nbsp;&lt;img alt="O(n^2)" src="https://latex.codecogs.com/gif.latex?O%28n%5E2%29" /&gt;&lt;/p&gt;</content>
  <attach></attach>
  <rcount></rcount>
  <rank></rank>
  <hit>21</hit>
  <lang>1</lang>
</data>
