<?xml version="1.0"?>
<data version="3.0" time="2024-07-19 08:54:30" type="post" filename="b000000006000000001.xml">
  <open_time>0000-00-00</open_time>
  <close_time>0000-00-00</close_time>
  <lang_name>Big5</lang_name>
  <board_id>1001296424</board_id>
  <node>000000006000000001</node>
  <site>1000110001</site>
  <pt>2023-12-05 08:49:26</pt>
  <poster>11813</poster>
  <realname>&#x5433;&#x5B9C;&#x9D3B;  </realname>
  <email>yhwu@cycu.edu.tw</email>
  <homepage>https://www.researchgate.net/profile/Yi-Hung-Wu-2  </homepage>
  <subject>Re: 207  </subject>
  <content>&lt;p&gt;OK.&lt;/p&gt;&#xD;
&#xD;
&lt;p&gt;&#x6210;&#x529F;&#x8209;&#x4F8B;&#x4E4B;&#x5F8C;&#xFF0C;&#x53EF;&#x5617;&#x8A66;&#x7C21;&#x6F54;&#x5730;&#x6558;&#x8FF0;&#x5176;&#x95DC;&#x9375;&#x7406;&#x7531;&#x7684;&#x908F;&#x8F2F;&#x3002;&lt;/p&gt; </content>
  <attach></attach>
  <rcount></rcount>
  <rank></rank>
  <hit>1</hit>
  <lang>1</lang>
</data>
