<?xml version="1.0"?>
<data version="3.0" time="2024-07-19 08:54:30" type="post" filename="b000000006.xml">
  <open_time>0000-00-00</open_time>
  <close_time>0000-00-00</close_time>
  <lang_name>Big5</lang_name>
  <board_id>1001296424</board_id>
  <node>000000006</node>
  <site>1000110001</site>
  <pt>2023-12-02 21:21:42</pt>
  <poster>11127110</poster>
  <realname>&#x8A31;&#x81F3;&#x6600;  </realname>
  <email>alberthsu919@gmail.com</email>
  <homepage>  </homepage>
  <subject>207 </subject>
  <content>&lt;p&gt;&lt;span style="font-family:&#x65B0;&#x7D30;&#x660E;&#x9AD4;,serif"&gt;&#x8209;&#x4F8B;&#x89E3;&#x8AAA;&#x9078;&#x64C7;&#x6392;&#x5E8F;&lt;/span&gt;selection sort&lt;span style="font-family:&#x65B0;&#x7D30;&#x660E;&#x9AD4;,serif"&gt;&#x4E26;&#x975E;&#x7A69;&#x5B9A;&lt;/span&gt;stable&lt;span style="font-family:&#x65B0;&#x7D30;&#x660E;&#x9AD4;,serif"&gt;&#x7684;&#x6392;&#x5E8F;&#x65B9;&#x6CD5;&#x3002;&lt;/span&gt;&lt;/p&gt;&#xD;
&#xD;
&lt;p&gt;&lt;span style="font-family:&#x65B0;&#x7D30;&#x660E;&#x9AD4;,serif"&gt;&#x6709;&#x4E00;&#x5E8F;&#x5217;&#x5982;&#x4E0B;&#xFF0C;&#x7531;&#x5C0F;&#x800C;&#x5927;&#x505A;&#x9078;&#x64C7;&#x6392;&#x5E8F;&#xFF0C;&#x6BCF;&#x6B21;&#x9078;&#x64C7;&#x6700;&#x5C0F;&#x8005;&#xFF1A;&lt;/span&gt;&lt;/p&gt;&#xD;
&#xD;
&lt;table border="1" cellpadding="0" cellspacing="0" style="border-collapse:collapse; border:none"&gt;&#xD;
	&lt;tbody&gt;&#xD;
		&lt;tr&gt;&#xD;
			&lt;td style="vertical-align:top; width:56px"&gt;&#xD;
			&lt;p&gt;8a&lt;/p&gt;&#xD;
			&lt;/td&gt;&#xD;
			&lt;td style="vertical-align:top; width:56px"&gt;&#xD;
			&lt;p&gt;28&lt;/p&gt;&#xD;
			&lt;/td&gt;&#xD;
			&lt;td style="vertical-align:top; width:56px"&gt;&#xD;
			&lt;p&gt;14&lt;/p&gt;&#xD;
			&lt;/td&gt;&#xD;
			&lt;td style="vertical-align:top; width:56px"&gt;&#xD;
			&lt;p&gt;5a&lt;/p&gt;&#xD;
			&lt;/td&gt;&#xD;
			&lt;td style="vertical-align:top; width:56px"&gt;&#xD;
			&lt;p&gt;8b&lt;/p&gt;&#xD;
			&lt;/td&gt;&#xD;
			&lt;td style="vertical-align:top; width:56px"&gt;&#xD;
			&lt;p&gt;26&lt;/p&gt;&#xD;
			&lt;/td&gt;&#xD;
			&lt;td style="vertical-align:top; width:56px"&gt;&#xD;
			&lt;p&gt;2&lt;/p&gt;&#xD;
			&lt;/td&gt;&#xD;
			&lt;td style="vertical-align:top; width:56px"&gt;&#xD;
			&lt;p&gt;6&lt;/p&gt;&#xD;
			&lt;/td&gt;&#xD;
			&lt;td style="vertical-align:top; width:56px"&gt;&#xD;
			&lt;p&gt;29&lt;/p&gt;&#xD;
			&lt;/td&gt;&#xD;
			&lt;td style="vertical-align:top; width:56px"&gt;&#xD;
			&lt;p&gt;5b&lt;/p&gt;&#xD;
			&lt;/td&gt;&#xD;
		&lt;/tr&gt;&#xD;
	&lt;/tbody&gt;&#xD;
&lt;/table&gt;&#xD;
&#xD;
&lt;p&gt;&lt;span style="font-family:&#x65B0;&#x7D30;&#x660E;&#x9AD4;,serif"&gt;&#x7B2C;&#x4E00;&#x6B21;&#xFF0C;&lt;/span&gt;2&lt;span style="font-family:&#x65B0;&#x7D30;&#x660E;&#x9AD4;,serif"&gt;&#x8207;&lt;/span&gt;8a&lt;span style="font-family:&#x65B0;&#x7D30;&#x660E;&#x9AD4;,serif"&gt;&#x4EA4;&#x63DB;&#xFF1A;&lt;/span&gt;&lt;/p&gt;&#xD;
&#xD;
&lt;table border="1" cellpadding="0" cellspacing="0" style="border-collapse:collapse; border:none"&gt;&#xD;
	&lt;tbody&gt;&#xD;
		&lt;tr&gt;&#xD;
			&lt;td style="vertical-align:top; width:56px"&gt;&#xD;
			&lt;p&gt;2&lt;/p&gt;&#xD;
			&lt;/td&gt;&#xD;
			&lt;td style="vertical-align:top; width:56px"&gt;&#xD;
			&lt;p&gt;28&lt;/p&gt;&#xD;
			&lt;/td&gt;&#xD;
			&lt;td style="vertical-align:top; width:56px"&gt;&#xD;
			&lt;p&gt;14&lt;/p&gt;&#xD;
			&lt;/td&gt;&#xD;
			&lt;td style="vertical-align:top; width:56px"&gt;&#xD;
			&lt;p&gt;5a&lt;/p&gt;&#xD;
			&lt;/td&gt;&#xD;
			&lt;td style="vertical-align:top; width:56px"&gt;&#xD;
			&lt;p&gt;8b&lt;/p&gt;&#xD;
			&lt;/td&gt;&#xD;
			&lt;td style="vertical-align:top; width:56px"&gt;&#xD;
			&lt;p&gt;26&lt;/p&gt;&#xD;
			&lt;/td&gt;&#xD;
			&lt;td style="vertical-align:top; width:56px"&gt;&#xD;
			&lt;p&gt;8a&lt;/p&gt;&#xD;
			&lt;/td&gt;&#xD;
			&lt;td style="vertical-align:top; width:56px"&gt;&#xD;
			&lt;p&gt;6&lt;/p&gt;&#xD;
			&lt;/td&gt;&#xD;
			&lt;td style="vertical-align:top; width:56px"&gt;&#xD;
			&lt;p&gt;29&lt;/p&gt;&#xD;
			&lt;/td&gt;&#xD;
			&lt;td style="vertical-align:top; width:56px"&gt;&#xD;
			&lt;p&gt;5b&lt;/p&gt;&#xD;
			&lt;/td&gt;&#xD;
		&lt;/tr&gt;&#xD;
	&lt;/tbody&gt;&#xD;
&lt;/table&gt;&#xD;
&#xD;
&lt;p&gt;&lt;span style="font-family:&#x65B0;&#x7D30;&#x660E;&#x9AD4;,serif"&gt;&#x7B2C;&#x4E8C;&#x6B21;&#xFF0C;&lt;/span&gt;5a&lt;span style="font-family:&#x65B0;&#x7D30;&#x660E;&#x9AD4;,serif"&gt;&#x8207;&lt;/span&gt;28&lt;span style="font-family:&#x65B0;&#x7D30;&#x660E;&#x9AD4;,serif"&gt;&#x4EA4;&#x63DB;&#xFF1A;&lt;/span&gt;&lt;/p&gt;&#xD;
&#xD;
&lt;table border="1" cellpadding="0" cellspacing="0" style="border-collapse:collapse; border:none"&gt;&#xD;
	&lt;tbody&gt;&#xD;
		&lt;tr&gt;&#xD;
			&lt;td style="vertical-align:top; width:56px"&gt;&#xD;
			&lt;p&gt;2&lt;/p&gt;&#xD;
			&lt;/td&gt;&#xD;
			&lt;td style="vertical-align:top; width:56px"&gt;&#xD;
			&lt;p&gt;5a&lt;/p&gt;&#xD;
			&lt;/td&gt;&#xD;
			&lt;td style="vertical-align:top; width:56px"&gt;&#xD;
			&lt;p&gt;14&lt;/p&gt;&#xD;
			&lt;/td&gt;&#xD;
			&lt;td style="vertical-align:top; width:56px"&gt;&#xD;
			&lt;p&gt;28&lt;/p&gt;&#xD;
			&lt;/td&gt;&#xD;
			&lt;td style="vertical-align:top; width:56px"&gt;&#xD;
			&lt;p&gt;8b&lt;/p&gt;&#xD;
			&lt;/td&gt;&#xD;
			&lt;td style="vertical-align:top; width:56px"&gt;&#xD;
			&lt;p&gt;26&lt;/p&gt;&#xD;
			&lt;/td&gt;&#xD;
			&lt;td style="vertical-align:top; width:56px"&gt;&#xD;
			&lt;p&gt;8a&lt;/p&gt;&#xD;
			&lt;/td&gt;&#xD;
			&lt;td style="vertical-align:top; width:56px"&gt;&#xD;
			&lt;p&gt;6&lt;/p&gt;&#xD;
			&lt;/td&gt;&#xD;
			&lt;td style="vertical-align:top; width:56px"&gt;&#xD;
			&lt;p&gt;29&lt;/p&gt;&#xD;
			&lt;/td&gt;&#xD;
			&lt;td style="vertical-align:top; width:56px"&gt;&#xD;
			&lt;p&gt;5b&lt;/p&gt;&#xD;
			&lt;/td&gt;&#xD;
		&lt;/tr&gt;&#xD;
	&lt;/tbody&gt;&#xD;
&lt;/table&gt;&#xD;
&#xD;
&lt;p&gt;&lt;span style="font-family:&#x65B0;&#x7D30;&#x660E;&#x9AD4;,serif"&gt;&#x7B2C;&#x4E09;&#x6B21;&#xFF0C;&lt;/span&gt;5b&lt;span style="font-family:&#x65B0;&#x7D30;&#x660E;&#x9AD4;,serif"&gt;&#x8207;&lt;/span&gt;14&lt;span style="font-family:&#x65B0;&#x7D30;&#x660E;&#x9AD4;,serif"&gt;&#x4EA4;&#x63DB;&#xFF1A;&lt;/span&gt;&lt;/p&gt;&#xD;
&#xD;
&lt;table border="1" cellpadding="0" cellspacing="0" style="border-collapse:collapse; border:none"&gt;&#xD;
	&lt;tbody&gt;&#xD;
		&lt;tr&gt;&#xD;
			&lt;td style="vertical-align:top; width:56px"&gt;&#xD;
			&lt;p&gt;2&lt;/p&gt;&#xD;
			&lt;/td&gt;&#xD;
			&lt;td style="vertical-align:top; width:56px"&gt;&#xD;
			&lt;p&gt;5a&lt;/p&gt;&#xD;
			&lt;/td&gt;&#xD;
			&lt;td style="vertical-align:top; width:56px"&gt;&#xD;
			&lt;p&gt;5b&lt;/p&gt;&#xD;
			&lt;/td&gt;&#xD;
			&lt;td style="vertical-align:top; width:56px"&gt;&#xD;
			&lt;p&gt;28&lt;/p&gt;&#xD;
			&lt;/td&gt;&#xD;
			&lt;td style="vertical-align:top; width:56px"&gt;&#xD;
			&lt;p&gt;8b&lt;/p&gt;&#xD;
			&lt;/td&gt;&#xD;
			&lt;td style="vertical-align:top; width:56px"&gt;&#xD;
			&lt;p&gt;26&lt;/p&gt;&#xD;
			&lt;/td&gt;&#xD;
			&lt;td style="vertical-align:top; width:56px"&gt;&#xD;
			&lt;p&gt;8a&lt;/p&gt;&#xD;
			&lt;/td&gt;&#xD;
			&lt;td style="vertical-align:top; width:56px"&gt;&#xD;
			&lt;p&gt;6&lt;/p&gt;&#xD;
			&lt;/td&gt;&#xD;
			&lt;td style="vertical-align:top; width:56px"&gt;&#xD;
			&lt;p&gt;29&lt;/p&gt;&#xD;
			&lt;/td&gt;&#xD;
			&lt;td style="vertical-align:top; width:56px"&gt;&#xD;
			&lt;p&gt;14&lt;/p&gt;&#xD;
			&lt;/td&gt;&#xD;
		&lt;/tr&gt;&#xD;
	&lt;/tbody&gt;&#xD;
&lt;/table&gt;&#xD;
&#xD;
&lt;p&gt;&lt;span style="font-family:&#x65B0;&#x7D30;&#x660E;&#x9AD4;,serif"&gt;&#x7B2C;&#x56DB;&#x6B21;&#xFF0C;&lt;/span&gt;6&lt;span style="font-family:&#x65B0;&#x7D30;&#x660E;&#x9AD4;,serif"&gt;&#x8207;&lt;/span&gt;28&lt;span style="font-family:&#x65B0;&#x7D30;&#x660E;&#x9AD4;,serif"&gt;&#x4EA4;&#x63DB;&#xFF1A;&lt;/span&gt;&lt;/p&gt;&#xD;
&#xD;
&lt;table border="1" cellpadding="0" cellspacing="0" style="border-collapse:collapse; border:none"&gt;&#xD;
	&lt;tbody&gt;&#xD;
		&lt;tr&gt;&#xD;
			&lt;td style="vertical-align:top; width:56px"&gt;&#xD;
			&lt;p&gt;2&lt;/p&gt;&#xD;
			&lt;/td&gt;&#xD;
			&lt;td style="vertical-align:top; width:56px"&gt;&#xD;
			&lt;p&gt;5a&lt;/p&gt;&#xD;
			&lt;/td&gt;&#xD;
			&lt;td style="vertical-align:top; width:56px"&gt;&#xD;
			&lt;p&gt;5b&lt;/p&gt;&#xD;
			&lt;/td&gt;&#xD;
			&lt;td style="vertical-align:top; width:56px"&gt;&#xD;
			&lt;p&gt;6&lt;/p&gt;&#xD;
			&lt;/td&gt;&#xD;
			&lt;td style="vertical-align:top; width:56px"&gt;&#xD;
			&lt;p&gt;8b&lt;/p&gt;&#xD;
			&lt;/td&gt;&#xD;
			&lt;td style="vertical-align:top; width:56px"&gt;&#xD;
			&lt;p&gt;26&lt;/p&gt;&#xD;
			&lt;/td&gt;&#xD;
			&lt;td style="vertical-align:top; width:56px"&gt;&#xD;
			&lt;p&gt;8a&lt;/p&gt;&#xD;
			&lt;/td&gt;&#xD;
			&lt;td style="vertical-align:top; width:56px"&gt;&#xD;
			&lt;p&gt;28&lt;/p&gt;&#xD;
			&lt;/td&gt;&#xD;
			&lt;td style="vertical-align:top; width:56px"&gt;&#xD;
			&lt;p&gt;29&lt;/p&gt;&#xD;
			&lt;/td&gt;&#xD;
			&lt;td style="vertical-align:top; width:56px"&gt;&#xD;
			&lt;p&gt;14&lt;/p&gt;&#xD;
			&lt;/td&gt;&#xD;
		&lt;/tr&gt;&#xD;
	&lt;/tbody&gt;&#xD;
&lt;/table&gt;&#xD;
&#xD;
&lt;p&gt;&lt;span style="font-family:&#x65B0;&#x7D30;&#x660E;&#x9AD4;,serif"&gt;&#x7B2C;&#x4E94;&#x6B21;&#xFF0C;&lt;/span&gt;8b&lt;span style="font-family:&#x65B0;&#x7D30;&#x660E;&#x9AD4;,serif"&gt;&#x8207;&#x81EA;&#x5DF1;&#x4EA4;&#x63DB;&#xFF0C;&#x4E0D;&#x8B8A;&#xFF1A;&lt;/span&gt;&lt;/p&gt;&#xD;
&#xD;
&lt;table border="1" cellpadding="0" cellspacing="0" style="border-collapse:collapse; border:none"&gt;&#xD;
	&lt;tbody&gt;&#xD;
		&lt;tr&gt;&#xD;
			&lt;td style="vertical-align:top; width:56px"&gt;&#xD;
			&lt;p&gt;2&lt;/p&gt;&#xD;
			&lt;/td&gt;&#xD;
			&lt;td style="vertical-align:top; width:56px"&gt;&#xD;
			&lt;p&gt;5a&lt;/p&gt;&#xD;
			&lt;/td&gt;&#xD;
			&lt;td style="vertical-align:top; width:56px"&gt;&#xD;
			&lt;p&gt;5b&lt;/p&gt;&#xD;
			&lt;/td&gt;&#xD;
			&lt;td style="vertical-align:top; width:56px"&gt;&#xD;
			&lt;p&gt;6&lt;/p&gt;&#xD;
			&lt;/td&gt;&#xD;
			&lt;td style="vertical-align:top; width:56px"&gt;&#xD;
			&lt;p&gt;8b&lt;/p&gt;&#xD;
			&lt;/td&gt;&#xD;
			&lt;td style="vertical-align:top; width:56px"&gt;&#xD;
			&lt;p&gt;26&lt;/p&gt;&#xD;
			&lt;/td&gt;&#xD;
			&lt;td style="vertical-align:top; width:56px"&gt;&#xD;
			&lt;p&gt;8a&lt;/p&gt;&#xD;
			&lt;/td&gt;&#xD;
			&lt;td style="vertical-align:top; width:56px"&gt;&#xD;
			&lt;p&gt;28&lt;/p&gt;&#xD;
			&lt;/td&gt;&#xD;
			&lt;td style="vertical-align:top; width:56px"&gt;&#xD;
			&lt;p&gt;29&lt;/p&gt;&#xD;
			&lt;/td&gt;&#xD;
			&lt;td style="vertical-align:top; width:56px"&gt;&#xD;
			&lt;p&gt;14&lt;/p&gt;&#xD;
			&lt;/td&gt;&#xD;
		&lt;/tr&gt;&#xD;
	&lt;/tbody&gt;&#xD;
&lt;/table&gt;&#xD;
&#xD;
&lt;p&gt;&lt;span style="font-family:&#x65B0;&#x7D30;&#x660E;&#x9AD4;,serif"&gt;&#x7B2C;&#x516D;&#x6B21;&#xFF0C;&lt;/span&gt;8a&lt;span style="font-family:&#x65B0;&#x7D30;&#x660E;&#x9AD4;,serif"&gt;&#x8207;&lt;/span&gt;26&lt;span style="font-family:&#x65B0;&#x7D30;&#x660E;&#x9AD4;,serif"&gt;&#x4EA4;&#x63DB;&#xFF1A;&lt;/span&gt;&lt;/p&gt;&#xD;
&#xD;
&lt;table border="1" cellpadding="0" cellspacing="0" style="border-collapse:collapse; border:none"&gt;&#xD;
	&lt;tbody&gt;&#xD;
		&lt;tr&gt;&#xD;
			&lt;td style="vertical-align:top; width:56px"&gt;&#xD;
			&lt;p&gt;2&lt;/p&gt;&#xD;
			&lt;/td&gt;&#xD;
			&lt;td style="vertical-align:top; width:56px"&gt;&#xD;
			&lt;p&gt;5a&lt;/p&gt;&#xD;
			&lt;/td&gt;&#xD;
			&lt;td style="vertical-align:top; width:56px"&gt;&#xD;
			&lt;p&gt;5b&lt;/p&gt;&#xD;
			&lt;/td&gt;&#xD;
			&lt;td style="vertical-align:top; width:56px"&gt;&#xD;
			&lt;p&gt;6&lt;/p&gt;&#xD;
			&lt;/td&gt;&#xD;
			&lt;td style="vertical-align:top; width:56px"&gt;&#xD;
			&lt;p&gt;8b&lt;/p&gt;&#xD;
			&lt;/td&gt;&#xD;
			&lt;td style="vertical-align:top; width:56px"&gt;&#xD;
			&lt;p&gt;8a&lt;/p&gt;&#xD;
			&lt;/td&gt;&#xD;
			&lt;td style="vertical-align:top; width:56px"&gt;&#xD;
			&lt;p&gt;26&lt;/p&gt;&#xD;
			&lt;/td&gt;&#xD;
			&lt;td style="vertical-align:top; width:56px"&gt;&#xD;
			&lt;p&gt;28&lt;/p&gt;&#xD;
			&lt;/td&gt;&#xD;
			&lt;td style="vertical-align:top; width:56px"&gt;&#xD;
			&lt;p&gt;29&lt;/p&gt;&#xD;
			&lt;/td&gt;&#xD;
			&lt;td style="vertical-align:top; width:56px"&gt;&#xD;
			&lt;p&gt;14&lt;/p&gt;&#xD;
			&lt;/td&gt;&#xD;
		&lt;/tr&gt;&#xD;
	&lt;/tbody&gt;&#xD;
&lt;/table&gt;&#xD;
&#xD;
&lt;p&gt;&lt;span style="font-family:&#x65B0;&#x7D30;&#x660E;&#x9AD4;,serif"&gt;&#x7B2C;&#x4E03;&#x6B21;&#xFF0C;&lt;/span&gt;14&lt;span style="font-family:&#x65B0;&#x7D30;&#x660E;&#x9AD4;,serif"&gt;&#x8207;&lt;/span&gt;26&lt;span style="font-family:&#x65B0;&#x7D30;&#x660E;&#x9AD4;,serif"&gt;&#x4EA4;&#x63DB;&#xFF1A;&lt;/span&gt;&lt;/p&gt;&#xD;
&#xD;
&lt;table border="1" cellpadding="0" cellspacing="0" style="border-collapse:collapse; border:none"&gt;&#xD;
	&lt;tbody&gt;&#xD;
		&lt;tr&gt;&#xD;
			&lt;td style="vertical-align:top; width:56px"&gt;&#xD;
			&lt;p&gt;2&lt;/p&gt;&#xD;
			&lt;/td&gt;&#xD;
			&lt;td style="vertical-align:top; width:56px"&gt;&#xD;
			&lt;p&gt;5a&lt;/p&gt;&#xD;
			&lt;/td&gt;&#xD;
			&lt;td style="vertical-align:top; width:56px"&gt;&#xD;
			&lt;p&gt;5b&lt;/p&gt;&#xD;
			&lt;/td&gt;&#xD;
			&lt;td style="vertical-align:top; width:56px"&gt;&#xD;
			&lt;p&gt;6&lt;/p&gt;&#xD;
			&lt;/td&gt;&#xD;
			&lt;td style="vertical-align:top; width:56px"&gt;&#xD;
			&lt;p&gt;8b&lt;/p&gt;&#xD;
			&lt;/td&gt;&#xD;
			&lt;td style="vertical-align:top; width:56px"&gt;&#xD;
			&lt;p&gt;8a&lt;/p&gt;&#xD;
			&lt;/td&gt;&#xD;
			&lt;td style="vertical-align:top; width:56px"&gt;&#xD;
			&lt;p&gt;14&lt;/p&gt;&#xD;
			&lt;/td&gt;&#xD;
			&lt;td style="vertical-align:top; width:56px"&gt;&#xD;
			&lt;p&gt;28&lt;/p&gt;&#xD;
			&lt;/td&gt;&#xD;
			&lt;td style="vertical-align:top; width:56px"&gt;&#xD;
			&lt;p&gt;29&lt;/p&gt;&#xD;
			&lt;/td&gt;&#xD;
			&lt;td style="vertical-align:top; width:56px"&gt;&#xD;
			&lt;p&gt;26&lt;/p&gt;&#xD;
			&lt;/td&gt;&#xD;
		&lt;/tr&gt;&#xD;
	&lt;/tbody&gt;&#xD;
&lt;/table&gt;&#xD;
&#xD;
&lt;p&gt;&lt;span style="font-family:&#x65B0;&#x7D30;&#x660E;&#x9AD4;,serif"&gt;&#x7B2C;&#x516B;&#x6B21;&#xFF0C;&lt;/span&gt;14&lt;span style="font-family:&#x65B0;&#x7D30;&#x660E;&#x9AD4;,serif"&gt;&#x8207;&#x81EA;&#x5DF1;&#x4EA4;&#x63DB;&#xFF0C;&#x4E0D;&#x8B8A;&#xFF1A;&lt;/span&gt;&lt;/p&gt;&#xD;
&#xD;
&lt;table border="1" cellpadding="0" cellspacing="0" style="border-collapse:collapse; border:none"&gt;&#xD;
	&lt;tbody&gt;&#xD;
		&lt;tr&gt;&#xD;
			&lt;td style="vertical-align:top; width:56px"&gt;&#xD;
			&lt;p&gt;2&lt;/p&gt;&#xD;
			&lt;/td&gt;&#xD;
			&lt;td style="vertical-align:top; width:56px"&gt;&#xD;
			&lt;p&gt;5a&lt;/p&gt;&#xD;
			&lt;/td&gt;&#xD;
			&lt;td style="vertical-align:top; width:56px"&gt;&#xD;
			&lt;p&gt;5b&lt;/p&gt;&#xD;
			&lt;/td&gt;&#xD;
			&lt;td style="vertical-align:top; width:56px"&gt;&#xD;
			&lt;p&gt;6&lt;/p&gt;&#xD;
			&lt;/td&gt;&#xD;
			&lt;td style="vertical-align:top; width:56px"&gt;&#xD;
			&lt;p&gt;8b&lt;/p&gt;&#xD;
			&lt;/td&gt;&#xD;
			&lt;td style="vertical-align:top; width:56px"&gt;&#xD;
			&lt;p&gt;8a&lt;/p&gt;&#xD;
			&lt;/td&gt;&#xD;
			&lt;td style="vertical-align:top; width:56px"&gt;&#xD;
			&lt;p&gt;14&lt;/p&gt;&#xD;
			&lt;/td&gt;&#xD;
			&lt;td style="vertical-align:top; width:56px"&gt;&#xD;
			&lt;p&gt;28&lt;/p&gt;&#xD;
			&lt;/td&gt;&#xD;
			&lt;td style="vertical-align:top; width:56px"&gt;&#xD;
			&lt;p&gt;29&lt;/p&gt;&#xD;
			&lt;/td&gt;&#xD;
			&lt;td style="vertical-align:top; width:56px"&gt;&#xD;
			&lt;p&gt;26&lt;/p&gt;&#xD;
			&lt;/td&gt;&#xD;
		&lt;/tr&gt;&#xD;
	&lt;/tbody&gt;&#xD;
&lt;/table&gt;&#xD;
&#xD;
&lt;p&gt;&lt;span style="font-family:&#x65B0;&#x7D30;&#x660E;&#x9AD4;,serif"&gt;&#x7B2C;&#x4E5D;&#x6B21;&#xFF0C;&lt;/span&gt;26&lt;span style="font-family:&#x65B0;&#x7D30;&#x660E;&#x9AD4;,serif"&gt;&#x8207;&lt;/span&gt;28&lt;span style="font-family:&#x65B0;&#x7D30;&#x660E;&#x9AD4;,serif"&gt;&#x4EA4;&#x63DB;&#xFF1A;&lt;/span&gt;&lt;/p&gt;&#xD;
&#xD;
&lt;table border="1" cellpadding="0" cellspacing="0" style="border-collapse:collapse; border:none"&gt;&#xD;
	&lt;tbody&gt;&#xD;
		&lt;tr&gt;&#xD;
			&lt;td style="vertical-align:top; width:56px"&gt;&#xD;
			&lt;p&gt;2&lt;/p&gt;&#xD;
			&lt;/td&gt;&#xD;
			&lt;td style="vertical-align:top; width:56px"&gt;&#xD;
			&lt;p&gt;5a&lt;/p&gt;&#xD;
			&lt;/td&gt;&#xD;
			&lt;td style="vertical-align:top; width:56px"&gt;&#xD;
			&lt;p&gt;5b&lt;/p&gt;&#xD;
			&lt;/td&gt;&#xD;
			&lt;td style="vertical-align:top; width:56px"&gt;&#xD;
			&lt;p&gt;6&lt;/p&gt;&#xD;
			&lt;/td&gt;&#xD;
			&lt;td style="vertical-align:top; width:56px"&gt;&#xD;
			&lt;p&gt;8b&lt;/p&gt;&#xD;
			&lt;/td&gt;&#xD;
			&lt;td style="vertical-align:top; width:56px"&gt;&#xD;
			&lt;p&gt;8a&lt;/p&gt;&#xD;
			&lt;/td&gt;&#xD;
			&lt;td style="vertical-align:top; width:56px"&gt;&#xD;
			&lt;p&gt;14&lt;/p&gt;&#xD;
			&lt;/td&gt;&#xD;
			&lt;td style="vertical-align:top; width:56px"&gt;&#xD;
			&lt;p&gt;26&lt;/p&gt;&#xD;
			&lt;/td&gt;&#xD;
			&lt;td style="vertical-align:top; width:56px"&gt;&#xD;
			&lt;p&gt;29&lt;/p&gt;&#xD;
			&lt;/td&gt;&#xD;
			&lt;td style="vertical-align:top; width:56px"&gt;&#xD;
			&lt;p&gt;28&lt;/p&gt;&#xD;
			&lt;/td&gt;&#xD;
		&lt;/tr&gt;&#xD;
	&lt;/tbody&gt;&#xD;
&lt;/table&gt;&#xD;
&#xD;
&lt;p&gt;&lt;span style="font-family:&#x65B0;&#x7D30;&#x660E;&#x9AD4;,serif"&gt;&#x7B2C;&#x5341;&#x6B21;&#xFF0C;&lt;/span&gt;28&lt;span style="font-family:&#x65B0;&#x7D30;&#x660E;&#x9AD4;,serif"&gt;&#x8207;&lt;/span&gt;29&lt;span style="font-family:&#x65B0;&#x7D30;&#x660E;&#x9AD4;,serif"&gt;&#x4EA4;&#x63DB;&#xFF0C;&#x5B8C;&#x6210;&#x6392;&#x5E8F;&#xFF1A;&lt;/span&gt;&lt;/p&gt;&#xD;
&#xD;
&lt;table border="1" cellpadding="0" cellspacing="0" style="border-collapse:collapse; border:none"&gt;&#xD;
	&lt;tbody&gt;&#xD;
		&lt;tr&gt;&#xD;
			&lt;td style="vertical-align:top; width:56px"&gt;&#xD;
			&lt;p&gt;2&lt;/p&gt;&#xD;
			&lt;/td&gt;&#xD;
			&lt;td style="vertical-align:top; width:56px"&gt;&#xD;
			&lt;p&gt;5a&lt;/p&gt;&#xD;
			&lt;/td&gt;&#xD;
			&lt;td style="vertical-align:top; width:56px"&gt;&#xD;
			&lt;p&gt;5b&lt;/p&gt;&#xD;
			&lt;/td&gt;&#xD;
			&lt;td style="vertical-align:top; width:56px"&gt;&#xD;
			&lt;p&gt;6&lt;/p&gt;&#xD;
			&lt;/td&gt;&#xD;
			&lt;td style="vertical-align:top; width:56px"&gt;&#xD;
			&lt;p&gt;8b&lt;/p&gt;&#xD;
			&lt;/td&gt;&#xD;
			&lt;td style="vertical-align:top; width:56px"&gt;&#xD;
			&lt;p&gt;8a&lt;/p&gt;&#xD;
			&lt;/td&gt;&#xD;
			&lt;td style="vertical-align:top; width:56px"&gt;&#xD;
			&lt;p&gt;14&lt;/p&gt;&#xD;
			&lt;/td&gt;&#xD;
			&lt;td style="vertical-align:top; width:56px"&gt;&#xD;
			&lt;p&gt;26&lt;/p&gt;&#xD;
			&lt;/td&gt;&#xD;
			&lt;td style="vertical-align:top; width:56px"&gt;&#xD;
			&lt;p&gt;28&lt;/p&gt;&#xD;
			&lt;/td&gt;&#xD;
			&lt;td style="vertical-align:top; width:56px"&gt;&#xD;
			&lt;p&gt;29&lt;/p&gt;&#xD;
			&lt;/td&gt;&#xD;
		&lt;/tr&gt;&#xD;
	&lt;/tbody&gt;&#xD;
&lt;/table&gt;&#xD;
&#xD;
&lt;p&gt;&lt;span style="font-family:&#x65B0;&#x7D30;&#x660E;&#x9AD4;,serif"&gt;&#x7531;&#x6B64;&#x53EF;&#x77E5;&lt;/span&gt;8a&lt;span style="font-family:&#x65B0;&#x7D30;&#x660E;&#x9AD4;,serif"&gt;&#x8207;&lt;/span&gt;8b&lt;span style="font-family:&#x65B0;&#x7D30;&#x660E;&#x9AD4;,serif"&gt;&#x7684;&#x521D;&#x59CB;&#x4F4D;&#x7F6E;&#x8207;&#x6392;&#x5E8F;&#x5F8C;&#x4F4D;&#x7F6E;&#x4E0D;&#x540C;&#xFF0C;&#x56E0;&#x6B64;&#x9078;&#x64C7;&#x6392;&#x5E8F;&#x4E26;&#x975E;&#x4E00;&#x7A2E;&#x7A69;&#x5B9A;&#x7684;&#x6392;&#x5E8F;&#x65B9;&#x6CD5;&#x3002;&lt;/span&gt;&lt;/p&gt; </content>
  <attach></attach>
  <rcount></rcount>
  <rank></rank>
  <hit>12</hit>
  <lang>1</lang>
</data>
