<?xml version="1.0"?>
<data version="3.0" time="2024-07-20 09:55:33" type="post" filename="b000000009000000001.xml">
  <open_time>0000-00-00</open_time>
  <close_time>0000-00-00</close_time>
  <lang_name>Big5</lang_name>
  <board_id>1001278684</board_id>
  <node>000000009000000001</node>
  <site>1000110001</site>
  <pt>2023-07-22 16:57:43</pt>
  <poster>11813</poster>
  <realname>&#x5433;&#x5B9C;&#x9D3B;  </realname>
  <email>yhwu@cycu.edu.tw</email>
  <homepage>https://www.researchgate.net/profile/Yi-Hung-Wu-2  </homepage>
  <subject>Re: &#x6436;&#x7B54;215  </subject>
  <content>&lt;p&gt;&lt;span style="color:#ff0000"&gt;&#x4E2D;&#x5FC3;&#x5143;&#x7D20;&#x662F;&#x6307;&#x4EC0;&#x9EBC;&#xFF1F;&#x9019;&#x4E0D;&#x662F;&#x6559;&#x6750;&#x7D66;&#x5B9A;&#x7684;&#x4E2D;&#x8B6F;&#x540D;&#x7A31;&#xFF0C;&#x800C;&#x4E14;&#x4E2D;&#x5FC3;&#x4E8C;&#x5B57;&#x7684;&#x8A9E;&#x610F;&#x4E5F;&#x4E0D;&#x9069;&#x5408;&#x4F5C;&#x70BA;&#x4E2D;&#x8B6F;&#xFF0C;&#x81EA;&#x5B9A;&#x7FA9;&#x7684;&#x540D;&#x8A5E;&#x9808;&#x9644;&#x4E0A;&#x82F1;&#x6587;&#x5C08;&#x6709;&#x540D;&#x8A5E;&#xFF0C;&lt;/span&gt;&lt;/p&gt; </content>
  <attach></attach>
  <rcount></rcount>
  <rank></rank>
  <hit>1</hit>
  <lang>1</lang>
</data>
