<?xml version="1.0"?>
<data version="3.0" time="2024-07-20 09:55:33" type="post" filename="b000000010.xml">
  <open_time>0000-00-00</open_time>
  <close_time>0000-00-00</close_time>
  <lang_name>Big5</lang_name>
  <board_id>1001278684</board_id>
  <node>000000010</node>
  <site>1000110001</site>
  <pt>2023-07-23 14:16:32</pt>
  <poster>06005771</poster>
  <realname>&#x838A;&#x660E;&#x9D3B;  </realname>
  <email>mattsonc204@gmail.com</email>
  <homepage>  </homepage>
  <subject>&#x6436;&#x7B54;214 </subject>
  <content>&lt;p&gt;&#x7576;&#x8CC7;&#x6599;&#x7B46;&#x6578;&#x70BA;n&#x6642;&#xFF0C;&#x5408;&#x4F75;&#x6392;&#x5E8F;&#x7684;&#x905E;&#x8FF4;&#x6DF1;&#x5EA6;&#x53EF;&#x4EE5;&#x7528;log&#x2082;(n)&#x4F86;&#x8868;&#x793A;&#x3002;&#x4E0B;&#x9762;&#x6211;&#x5011;&#x4F7F;&#x7528;&#x4E0D;&#x540C;&#x7684;&#x8CC7;&#x6599;&#x7B46;&#x6578;&#x4F86;&#x8209;&#x4F8B;&#x8AAA;&#x660E;&#x5408;&#x4F75;&#x6392;&#x5E8F;&#x7684;&#x905E;&#x8FF4;&#x6DF1;&#x5EA6;&#x548C;&#x8CC7;&#x6599;&#x7B46;&#x6578;&#x7684;&#x95DC;&#x4FC2;&#x3002;&lt;/p&gt;&#xD;
&#xD;
&lt;p&gt;&#x4F8B;&#x5B50;1&#xFF1A;&#x8CC7;&#x6599;&#x7B46;&#x6578;&#x70BA;16&#x7684;&#x60C5;&#x6CC1;&lt;/p&gt;&#xD;
&#xD;
&lt;p&gt;&#x5047;&#x8A2D;&#x6709;&#x4E00;&#x500B;&#x5305;&#x542B;16&#x7B46;&#x8CC7;&#x6599;&#x7684;&#x5217;&#x8868;&#x9700;&#x8981;&#x9032;&#x884C;&#x5408;&#x4F75;&#x6392;&#x5E8F;&#xFF1A;[38, 27, 43, 3, 9, 82, 10, 5, 21, 13, 7, 55, 1, 92, 33, 77]&lt;/p&gt;&#xD;
&#xD;
&lt;p&gt;&#x5408;&#x4F75;&#x6392;&#x5E8F;&#x7684;&#x904E;&#x7A0B;&#x5982;&#x4E0B;&#xFF1A;&lt;/p&gt;&#xD;
&#xD;
&lt;p&gt;Step 1: &#x62C6;&#x5206; [38, 27, 43, 3, 9, 82, 10, 5, 21, 13, 7, 55, 1, 92, 33, 77]&lt;/p&gt;&#xD;
&#xD;
&lt;p&gt;&#x62C6;&#x5206;&#x6210;&#x5169;&#x534A;&#xFF1A;&lt;/p&gt;&#xD;
&#xD;
&lt;p&gt;[38, 27, 43, 3, 9, 82, 10, 5] &#x548C; [21, 13, 7, 55, 1, 92, 33, 77]&lt;/p&gt;&#xD;
&#xD;
&lt;p&gt;Step 2: &#x905E;&#x8FF4;&#x51FD;&#x6578;&#x8655;&#x7406;&#x5DE6;&#x534A;&#x90E8;&#x5206; [38, 27, 43, 3, 9, 82, 10, 5]&lt;/p&gt;&#xD;
&#xD;
&lt;p&gt;&#x62C6;&#x5206;&#x6210;&#x5169;&#x534A;&#xFF1A;&lt;/p&gt;&#xD;
&#xD;
&lt;p&gt;[38, 27, 43, 3] &#x548C; [9, 82, 10, 5]&lt;/p&gt;&#xD;
&#xD;
&lt;p&gt;&#x518D;&#x62C6;&#x5206;&#x6210;&#x5169;&#x534A;&#xFF1A;&lt;/p&gt;&#xD;
&#xD;
&lt;p&gt;[38, 27] &#x548C; [43, 3]&lt;/p&gt;&#xD;
&#xD;
&lt;p&gt;&#x518D;&#x62C6;&#x5206;&#x6210;&#x5169;&#x534A;&#xFF1A;&lt;/p&gt;&#xD;
&#xD;
&lt;p&gt;[38] &#x548C; [27]&lt;/p&gt;&#xD;
&#xD;
&lt;p&gt;&#x5DE6;&#x534A;&#x90E8;&#x5206;&#x7684;&#x905E;&#x8FF4;&#x7D42;&#x6B62;&#xFF0C;&#x9032;&#x884C;&#x5408;&#x4F75;&#x5F97;&#x5230;&#xFF1A;[27, 38]&lt;/p&gt;&#xD;
&#xD;
&lt;p&gt;Step 3: &#x905E;&#x8FF4;&#x51FD;&#x6578;&#x8655;&#x7406;&#x53F3;&#x534A;&#x90E8;&#x5206; [21, 13, 7, 55, 1, 92, 33, 77]&lt;/p&gt;&#xD;
&#xD;
&lt;p&gt;&#x62C6;&#x5206;&#x6210;&#x5169;&#x534A;&#xFF1A;&lt;/p&gt;&#xD;
&#xD;
&lt;p&gt;[21, 13, 7, 55] &#x548C; [1, 92, 33, 77]&lt;/p&gt;&#xD;
&#xD;
&lt;p&gt;&#x518D;&#x62C6;&#x5206;&#x6210;&#x5169;&#x534A;&#xFF1A;&lt;/p&gt;&#xD;
&#xD;
&lt;p&gt;[21, 13] &#x548C; [7, 55]&lt;/p&gt;&#xD;
&#xD;
&lt;p&gt;&#x518D;&#x62C6;&#x5206;&#x6210;&#x5169;&#x534A;&#xFF1A;&lt;/p&gt;&#xD;
&#xD;
&lt;p&gt;[21] &#x548C; [13]&lt;/p&gt;&#xD;
&#xD;
&lt;p&gt;&#x53F3;&#x534A;&#x90E8;&#x5206;&#x7684;&#x905E;&#x8FF4;&#x7D42;&#x6B62;&#xFF0C;&#x9032;&#x884C;&#x5408;&#x4F75;&#x5F97;&#x5230;&#xFF1A;[13, 21]&lt;/p&gt;&#xD;
&#xD;
&lt;p&gt;Step 4: &#x5408;&#x4F75;&#x5DE6;&#x53F3;&#x5169;&#x534A; &#x5DE6;&#x534A;&#x90E8;&#x5206;&#xFF1A;[27, 38] &#x548C; &#x53F3;&#x534A;&#x90E8;&#x5206;&#xFF1A;[13, 21]&lt;/p&gt;&#xD;
&#xD;
&lt;p&gt;&#x5408;&#x4F75;&#x5F8C;&#x5F97;&#x5230;&#xFF1A;[13, 21, 27, 38]&lt;/p&gt;&#xD;
&#xD;
&lt;p&gt;Step 5: &#x5408;&#x4F75;&#x5269;&#x9918;&#x7684;&#x5DE6;&#x53F3;&#x5169;&#x534A; &#x5DE6;&#x534A;&#x90E8;&#x5206;&#xFF1A;[43, 3] &#x548C; &#x53F3;&#x534A;&#x90E8;&#x5206;&#xFF1A;[9, 82, 10, 5]&lt;/p&gt;&#xD;
&#xD;
&lt;p&gt;&#x5408;&#x4F75;&#x5F8C;&#x5F97;&#x5230;&#xFF1A;[3, 9, 10, 5, 43, 82]&lt;/p&gt;&#xD;
&#xD;
&lt;p&gt;Step 6: &#x5408;&#x4F75;&#x5269;&#x9918;&#x7684;&#x5DE6;&#x53F3;&#x5169;&#x534A; &#x5DE6;&#x534A;&#x90E8;&#x5206;&#xFF1A;[1, 92] &#x548C; &#x53F3;&#x534A;&#x90E8;&#x5206;&#xFF1A;[33, 77]&lt;/p&gt;&#xD;
&#xD;
&lt;p&gt;&#x5408;&#x4F75;&#x5F8C;&#x5F97;&#x5230;&#xFF1A;[1, 33, 77, 92]&lt;/p&gt;&#xD;
&#xD;
&lt;p&gt;Step 7: &#x6700;&#x5F8C;&#x5408;&#x4F75; &#x5DE6;&#x534A;&#x90E8;&#x5206;&#xFF1A;[3, 9, 10, 5, 43, 82] &#x548C; &#x53F3;&#x534A;&#x90E8;&#x5206;&#xFF1A;[1, 33, 77, 92]&lt;/p&gt;&#xD;
&#xD;
&lt;p&gt;&#x6700;&#x5F8C;&#x7684;&#x5408;&#x4F75;&#x5F97;&#x5230;&#x6392;&#x5E8F;&#x5F8C;&#x7684;&#x7D50;&#x679C;&#xFF1A;[1, 3, 5, 9, 10, 13, 21, 27, 33, 38, 43, 55, 77, 82, 92]&lt;/p&gt;&#xD;
&#xD;
&lt;p&gt;&#x5728;&#x9019;&#x500B;&#x4F8B;&#x5B50;&#x4E2D;&#xFF0C;&#x8CC7;&#x6599;&#x7B46;&#x6578;&#x70BA;16&#xFF0C;&#x800C;&#x905E;&#x8FF4;&#x6DF1;&#x5EA6;&#x70BA;log&#x2082;(16) = 4&#x3002;&lt;/p&gt;&#xD;
&#xD;
&lt;p&gt;&#x4F8B;&#x5B50;2&#xFF1A;&#x8CC7;&#x6599;&#x7B46;&#x6578;&#x70BA;32&#x7684;&#x60C5;&#x6CC1;&lt;/p&gt;&#xD;
&#xD;
&lt;p&gt;&#x5047;&#x8A2D;&#x6709;&#x4E00;&#x500B;&#x5305;&#x542B;32&#x7B46;&#x8CC7;&#x6599;&#x7684;&#x5217;&#x8868;&#x9700;&#x8981;&#x9032;&#x884C;&#x5408;&#x4F75;&#x6392;&#x5E8F;&#xFF0C;&#x8CC7;&#x6599;&#x7BC4;&#x4F8B;&#x7565;&#x3002;&lt;/p&gt;&#xD;
&#xD;
&lt;p&gt;&#x5728;&#x9019;&#x500B;&#x4F8B;&#x5B50;&#x4E2D;&#xFF0C;&#x8CC7;&#x6599;&#x7B46;&#x6578;&#x70BA;32&#xFF0C;&#x800C;&#x905E;&#x8FF4;&#x6DF1;&#x5EA6;&#x70BA;log&#x2082;(32) = 5&#x3002;&lt;/p&gt;&#xD;
&#xD;
&lt;p&gt;&#x7D9C;&#x4E0A;&#x6240;&#x8FF0;&#xFF0C;&#x6211;&#x5011;&#x53EF;&#x4EE5;&#x770B;&#x51FA;&#xFF0C;&#x5408;&#x4F75;&#x6392;&#x5E8F;&#x7684;&#x905E;&#x8FF4;&#x6DF1;&#x5EA6;&#x8207;&#x8CC7;&#x6599;&#x7B46;&#x6578;&#x4E4B;&#x9593;&#x7684;&#x95DC;&#x4FC2;&#x662F;log&#x2082;(n)&#xFF0C;&#x5176;&#x4E2D;n&#x70BA;&#x8CC7;&#x6599;&#x7B46;&#x6578;&#x3002;&#x7576;&#x8CC7;&#x6599;&#x7B46;&#x6578;&#x589E;&#x52A0;&#x6642;&#xFF0C;&#x905E;&#x8FF4;&#x6DF1;&#x5EA6;&#x6703;&#x76F8;&#x61C9;&#x5730;&#x589E;&#x52A0;&#xFF0C;&#x4F46;&#x589E;&#x9577;&#x901F;&#x7387;&#x662F;&#x4EE5;&#x5C0D;&#x6578;&#x5F62;&#x5F0F;&#x589E;&#x52A0;&#x7684;&#xFF0C;&#x9019;&#x4F7F;&#x5F97;&#x5408;&#x4F75;&#x6392;&#x5E8F;&#x5728;&#x8655;&#x7406;&#x5927;&#x91CF;&#x8CC7;&#x6599;&#x6642;&#x4F9D;&#x7136;&#x80FD;&#x5920;&#x4FDD;&#x6301;&#x9AD8;&#x6548;&#x7387;&#x3002;&lt;/p&gt; </content>
  <attach></attach>
  <rcount></rcount>
  <rank></rank>
  <hit>11</hit>
  <lang>1</lang>
</data>
