<?xml version="1.0"?>
<data version="3.0" time="2024-07-20 09:55:33" type="post" filename="b000000006000000001.xml">
  <open_time>0000-00-00</open_time>
  <close_time>0000-00-00</close_time>
  <lang_name>Big5</lang_name>
  <board_id>1001278684</board_id>
  <node>000000006000000001</node>
  <site>1000110001</site>
  <pt>2023-07-20 19:36:06</pt>
  <poster>10827143</poster>
  <realname>&#x6C5F;&#x6668;&#x9298;  </realname>
  <email>gugugu1127@gmail.com</email>
  <homepage> </homepage>
  <subject>Re: &#x6436;&#x7B54;212  </subject>
  <content>&lt;p&gt;&lt;span style="color:#ff0000"&gt;&#x4EE5;&#x5E0C;&#x723E;&#x6392;&#x5E8F;&#x4F86;&#x8AAA;&#xFF0C;&#x5DF2;&#x6392;&#x597D;&#x5E8F;&#x7684;&#x5143;&#x7D20;&#x4E0D;&#x6703;&#x505A;&#x4E0D;&#x5FC5;&#x8981;&#x7684;&#x6578;&#x64DA;&#x504F;&#x79FB;&#x3002;&lt;/span&gt;&lt;/p&gt;</content>
  <attach></attach>
  <rcount></rcount>
  <rank></rank>
  <hit>2</hit>
  <lang>1</lang>
</data>
