<?xml version="1.0"?>
<data version="3.0" time="2024-07-20 09:55:33" type="post" filename="b000000004.xml">
  <open_time>0000-00-00</open_time>
  <close_time>0000-00-00</close_time>
  <lang_name>Big5</lang_name>
  <board_id>1001278684</board_id>
  <node>000000004</node>
  <site>1000110001</site>
  <pt>2023-07-20 13:23:41</pt>
  <poster>06005636</poster>
  <realname>&#x6731;&#x7D18;&#x6B63;  </realname>
  <email>henry3446@gmail.com</email>
  <homepage> </homepage>
  <subject>&#x6436;&#x7B54;213 </subject>
  <content>&lt;p&gt;213. &#x8209;&#x4F8B;&#x8AAA;&#x660E;&#x4F55;&#x6642;&#x5E0C;&#x723E;&#x6392;&#x5E8F;&#x7684;&#x8CC7;&#x6599;&#x642C;&#x52D5;&#x6B21;&#x6578;&#x6BD4;&#x63D2;&#x5165;&#x6392;&#x5E8F;&#x591A;&#xFF1F;&lt;/p&gt;&#xD;
&#xD;
&lt;p&gt;&#x6BD4;&#x8F03;&#x7B2C;[i]&#x7B46;&#x8207;&#x7B2C;[i+span]&#x7B46;&#x8CC7;&#x6599;&#xFF0C;&#x82E5;&#x524D;&#x8005; &amp;gt; &#x5F8C;&#x8005;&#xFF0C;&#x5247;&#x4EA4;&#x63DB;&#xFF0C;&#x5247;&#x4EA4;&#x63DB;&#x5169;&#x8005;&#xFF0C;&#x6BCF;&#x4E00;&#x56DE;&#x5408; i = 1 to (n-span)&#x3002;&#x6BCF;&#x4E00;&#x56DE;&#x5408;&#x5FC5;&#x9808;&#x505A;&#x5230;&lt;strong&gt;&#x4E0D;&#x80FD;&#x4EA4;&#x63DB;&lt;/strong&gt;&#x767C;&#x751F;&#xFF0C;&#x624D;&#x53EF;&#x7D50;&#x675F;&#xFF0C;&#x9032;&#x5165;&#x4E0B;&#x4E00;&#x56DE;&#x5408;&#x3002;&lt;/p&gt;&#xD;
&#xD;
&lt;p&gt;&#x4F7F;&#x7528;&#x5E0C;&#x723E;&#x6392;&#x5E8F;&#x4F86;&#x9032;&#x884C;&#x6392;&#x5E8F;&#x3002;&#x5E0C;&#x723E;&#x6392;&#x5E8F;&#x662F;&#x63D2;&#x5165;&#x6392;&#x5E8F;&#x7684;&#x4E00;&#x7A2E;&#x6539;&#x9032;&#x7248;&#x672C;&#xFF0C;&#x5B83;&#x901A;&#x904E;&#x5C07;&#x6578;&#x7D44;&#x5206;&#x70BA;&#x591A;&#x500B;&#x5B50;&#x5217;&#x8868;&#x4F86;&#x9032;&#x884C;&#x6392;&#x5E8F;&#xFF0C;&#x9010;&#x6B65;&#x7E2E;&#x5C0F;&#x5B50;&#x5217;&#x8868;&#x7684;&#x5927;&#x5C0F;&#xFF0C;&#x6700;&#x7D42;&#x5BE6;&#x73FE;&#x6574;&#x500B;&#x6578;&#x7D44;&#x7684;&#x6392;&#x5E8F;&#x3002;&#x5047;&#x8A2D;&#x6211;&#x5011;&#x6709;&#x4E00;&#x500B;&#x5305;&#x542B;&#x4EE5;&#x4E0B;&#x6574;&#x6578;&#x7684;&#x6578;&#x7D44;&#x9700;&#x8981;&#x9032;&#x884C;&#x6392;&#x5E8F;&#xFF1A; [20, 50, 40, 30, 10]&lt;/p&gt;&#xD;
&#xD;
&lt;p&gt;&#x7B2C;&#x4E00;&#x6B65;&#xFF08;&#x589E;&#x91CF;&#x70BA;2&#xFF09;[20, 30]&#xFF0C;[50, 10]&#xFF0C;&#x642C;&#x52D5;&#x6B21;&#x6578;&#xFF1A;2&lt;/p&gt;&#xD;
&#xD;
&lt;p&gt;&#x7B2C;&#x4E8C;&#x6B65;&#xFF08;&#x589E;&#x91CF;&#x70BA;1&#xFF09;[20, 30, 50, 10]&#xFF0C;&#x642C;&#x52D5;&#x6B21;&#x6578;&#xFF1A;2&lt;/p&gt;&#xD;
&#xD;
&lt;p&gt;&#x5B8C;&#x6210;&#x6392;&#x5E8F;&#xFF0C;&#x6392;&#x5E8F;&#x7D50;&#x679C;&#x70BA;&#xFF1A; [10, 20, 30, 50]&#xFF0C;&#x7E3D;&#x642C;&#x52D5;&#x6B21;&#x6578;&#xFF1A;4&lt;/p&gt;&#xD;
&#xD;
&lt;p&gt;&#x63D2;&#x5165;&#x6392;&#x5E8F;&#x4F86;&#x9032;&#x884C;&#x6392;&#x5E8F;&#x3002;&#x63D2;&#x5165;&#x6392;&#x5E8F;&#x7684;&#x57FA;&#x672C;&#x601D;&#x60F3;&#x662F;&#x5C07;&#x6578;&#x7D44;&#x5206;&#x70BA;&#x5DF2;&#x6392;&#x5E8F;&#x5340;&#x57DF;&#x548C;&#x672A;&#x6392;&#x5E8F;&#x5340;&#x57DF;&#xFF0C;&#x9010;&#x6B65;&#x5C07;&#x5143;&#x7D20;&#x63D2;&#x5165;&#x5230;&#x5DF2;&#x6392;&#x5E8F;&#x5340;&#x57DF;&#x4E2D;&#x7684;&#x9069;&#x7576;&#x4F4D;&#x7F6E;&#x3002;&lt;/p&gt;&#xD;
&#xD;
&lt;p&gt;&#x7B2C;&#x4E00;&#x6B65;&#x5DF2;&#x6392;&#x5E8F;&#x5340;&#x57DF;&#xFF1A;[20]&#xFF0C;&#x672A;&#x6392;&#x5E8F;&#x5340;&#x57DF;&#xFF1A;[50, 40, 30, 10]&#xFF0C;&#x642C;&#x52D5;&#x6B21;&#x6578;&#xFF1A;0&lt;/p&gt;&#xD;
&#xD;
&lt;p&gt;&#x7B2C;&#x4E8C;&#x6B65;&#x5DF2;&#x6392;&#x5E8F;&#x5340;&#x57DF;&#xFF1A;[20, 50]&#xFF0C;&#x672A;&#x6392;&#x5E8F;&#x5340;&#x57DF;&#xFF1A;[40, 30, 10]&#xFF0C;&#x642C;&#x52D5;&#x6B21;&#x6578;&#xFF1A;1&lt;/p&gt;&#xD;
&#xD;
&lt;p&gt;&#x7B2C;&#x4E09;&#x6B65;&#x5DF2;&#x6392;&#x5E8F;&#x5340;&#x57DF;&#xFF1A;[20, 40, 50]&#xFF0C;&#x672A;&#x6392;&#x5E8F;&#x5340;&#x57DF;&#xFF1A;[30, 10]&#xFF0C;&#x642C;&#x52D5;&#x6B21;&#x6578;&#xFF1A;1&lt;/p&gt;&#xD;
&#xD;
&lt;p&gt;&#x7B2C;&#x56DB;&#x6B65;&#x5DF2;&#x6392;&#x5E8F;&#x5340;&#x57DF;&#xFF1A;[20, 30, 40, 50]&#xFF0C;&#x672A;&#x6392;&#x5E8F;&#x5340;&#x57DF;&#xFF1A;[10]&#xFF0C;&#x642C;&#x52D5;&#x6B21;&#x6578;&#xFF1A;2&lt;/p&gt;&#xD;
&#xD;
&lt;p&gt;&#x7B2C;&#x4E94;&#x6B65;&#x5DF2;&#x6392;&#x5E8F;&#x5340;&#x57DF;&#xFF1A;[10, 20, 30, 40, 50]&#xFF0C;&#x672A;&#x6392;&#x5E8F;&#x5340;&#x57DF;&#xFF1A;[]&#xFF0C;&#x642C;&#x52D5;&#x6B21;&#x6578;&#xFF1A;3&lt;/p&gt;&#xD;
&#xD;
&lt;p&gt;&#x5B8C;&#x6210;&#x6392;&#x5E8F;&#xFF0C; &#x6392;&#x5E8F;&#x7D50;&#x679C;&#x70BA;&#xFF1A;[10, 20, 30, 40, 50]&#xFF0C;&#x7E3D;&#x642C;&#x52D5;&#x6B21;&#x6578;&#xFF1A;7&lt;/p&gt;&#xD;
&#xD;
&lt;p&gt;&#x5F9E;&#x4E0A;&#x8FF0;&#x793A;&#x4F8B;&#x53EF;&#x4EE5;&#x770B;&#x51FA;&#xFF0C;&#x5728;&#x9019;&#x500B;&#x7279;&#x5B9A;&#x7684;&#x6578;&#x64DA;&#x96C6;&#x4E0A;&#xFF0C;&#x5E0C;&#x723E;&#x6392;&#x5E8F;&#x7684;&#x8CC7;&#x6599;&#x642C;&#x52D5;&#x6B21;&#x6578;&#xFF08;4&#x6B21;&#xFF09;&#x6BD4;&#x63D2;&#x5165;&#x6392;&#x5E8F;&#xFF08;7&#x6B21;&#xFF09;&#x8981;&#x5C11;&#x3002;&#x9019;&#x662F;&#x56E0;&#x70BA;&#x5E0C;&#x723E;&#x6392;&#x5E8F;&#x5229;&#x7528;&#x589E;&#x91CF;&#x5E8F;&#x5217;&#x7684;&#x7279;&#x6027;&#xFF0C;&#x5148;&#x9032;&#x884C;&#x8F03;&#x5927;&#x8DE8;&#x6B65;&#x7684;&#x6392;&#x5E8F;&#xFF0C;&#x4F7F;&#x5F97;&#x6578;&#x64DA;&#x53EF;&#x4EE5;&#x66F4;&#x5FEB;&#x5730;&#x63A5;&#x8FD1;&#x5176;&#x6392;&#x5E8F;&#x5F8C;&#x7684;&#x6700;&#x7D42;&#x4F4D;&#x7F6E;&#xFF0C;&#x5F9E;&#x800C;&#x6E1B;&#x5C11;&#x4E86;&#x8CC7;&#x6599;&#x7684;&#x642C;&#x52D5;&#x6B21;&#x6578;&#x3002;&#x9019;&#x500B;&#x4F8B;&#x5B50;&#x5C55;&#x793A;&#x4E86;&#x5E0C;&#x723E;&#x6392;&#x5E8F;&#x5728;&#x7279;&#x5B9A;&#x6578;&#x64DA;&#x96C6;&#x4E0A;&#x6BD4;&#x63D2;&#x5165;&#x6392;&#x5E8F;&#x6548;&#x7387;&#x66F4;&#x9AD8;&#x7684;&#x60C5;&#x6CC1;&#x3002;&#x7136;&#x800C;&#xFF0C;&#x5E0C;&#x723E;&#x6392;&#x5E8F;&#x7684;&#x6027;&#x80FD;&#x53D6;&#x6C7A;&#x65BC;&#x589E;&#x91CF;&#x5E8F;&#x5217;&#x7684;&#x9078;&#x64C7;&#xFF0C;&#x4E0D;&#x540C;&#x7684;&#x589E;&#x91CF;&#x5E8F;&#x5217;&#x53EF;&#x80FD;&#x6703;&#x5C0E;&#x81F4;&#x4E0D;&#x540C;&#x7684;&#x7D50;&#x679C;&#x3002;&lt;/p&gt;</content>
  <attach></attach>
  <rcount></rcount>
  <rank></rank>
  <hit>27</hit>
  <lang>1</lang>
</data>
