<?xml version="1.0"?>
<data version="3.0" time="2024-07-20 09:55:33" type="post" filename="b000000009.xml">
  <open_time>0000-00-00</open_time>
  <close_time>0000-00-00</close_time>
  <lang_name>Big5</lang_name>
  <board_id>1001278684</board_id>
  <node>000000009</node>
  <site>1000110001</site>
  <pt>2023-07-22 15:14:16</pt>
  <poster>10924326</poster>
  <realname>&#x5433;&#x82F1;&#x777F;  </realname>
  <email>incaray901228@gmail.com</email>
  <homepage> </homepage>
  <subject>&#x6436;&#x7B54;215 </subject>
  <content>&lt;p&gt;&#x984C;&#x76EE;&#xFF1A;&#x8209;&#x4F8B;&#x8AAA;&#x660E;&#x5FEB;&#x901F;&#x6392;&#x5E8F;&#x7684;&#x905E;&#x8FF4;&#x6DF1;&#x5EA6;&#x6703;&#x53D7;&#x4F55;&#x8005;&#x5F71;&#x97FF;&lt;/p&gt;&#xD;
&#xD;
&lt;p&gt;&#x5FEB;&#x901F;&#x6392;&#x5E8F;&#xFF08;Quick Sort&#xFF09;&#x7684;&#x905E;&#x8FF4;&#x6DF1;&#x5EA6;&#x53D6;&#x6C7A;&#x65BC;&#x6578;&#x64DA;&#x7684;&#x521D;&#x59CB;&#x72C0;&#x614B;&#x548C;&#x4E2D;&#x5FC3;&#x5143;&#x7D20;&#x9078;&#x64C7;&#x3002;&lt;/p&gt;&#xD;
&#xD;
&lt;p&gt;1.&#x6578;&#x64DA;&#x7684;&#x521D;&#x59CB;&#x72C0;&#x614B;&#xFF1A;&#x82E5;&#x6578;&#x64DA;&#x5DF2;&#x7D93;&#x8FD1;&#x4E4E;&#x6709;&#x5E8F;&#x6216;&#x5B8C;&#x5168;&#x6709;&#x5E8F;&#xFF0C;&#x5FEB;&#x901F;&#x6392;&#x5E8F;&#x7684;&#x6548;&#x7387;&#x6703;&#x53D7;&#x5230;&#x5F71;&#x97FF;&#xFF0C;&#x53EF;&#x80FD;&#x5C0E;&#x81F4;&#x905E;&#x8FF4;&#x6DF1;&#x5EA6;&#x589E;&#x52A0;&#x3002;&#x4F8B;&#x5982;&#xFF0C;&#x5982;&#x679C;&#x6BCF;&#x6B21;&#x9078;&#x64C7;&#x7684;&#x4E3B;&#x5143;&#x90FD;&#x662F;&#x6578;&#x64DA;&#x7684;&#x6700;&#x5C0F;&#x6216;&#x6700;&#x5927;&#x5143;&#x7D20;&#xFF0C;&#x90A3;&#x9EBC;&#x5FEB;&#x901F;&#x6392;&#x5E8F;&#x53EF;&#x80FD;&#x6703;&#x5C0E;&#x81F4;&#x6700;&#x58DE;&#x60C5;&#x6CC1;&#x7684;&#x905E;&#x8FF4;&#x6DF1;&#x5EA6;&#xFF0C;&#x905E;&#x8FF4;&#x6DF1;&#x5EA6;&#x63A5;&#x8FD1;&#x6578;&#x7D44;&#x7684;&#x9577;&#x5EA6;&#x3002;&lt;/p&gt;&#xD;
&#xD;
&lt;p&gt;2.&#x4E3B;&#x5143;&#x7684;&#x9078;&#x64C7;&#xFF1A;&#x5FEB;&#x901F;&#x6392;&#x5E8F;&#x9700;&#x8981;&#x9078;&#x64C7;&#x4E3B;&#x5143;&#x4F86;&#x5C07;&#x6578;&#x7D44;&#x5206;&#x6210;&#x5169;&#x90E8;&#x5206;&#x3002;&#x4E0D;&#x540C;&#x7684;&#x4E3B;&#x5143;&#x9078;&#x64C7;&#x7B56;&#x7565;&#x6703;&#x5F71;&#x97FF;&#x905E;&#x8FF4;&#x6DF1;&#x5EA6;&#x3002;&#x4F8B;&#x5982;&#xFF0C;&#x82E5;&#x6BCF;&#x6B21;&#x9078;&#x64C7;&#x7684;&#x4E3B;&#x5143;&#x90FD;&#x662F;&#x4E2D;&#x9593;&#x5143;&#x7D20;&#xFF0C;&#x901A;&#x5E38;&#x80FD;&#x5F97;&#x5230;&#x8F03;&#x597D;&#x7684;&#x6548;&#x7387;&#x548C;&#x8F03;&#x5C0F;&#x7684;&#x905E;&#x8FF4;&#x6DF1;&#x5EA6;&#x3002;&lt;/p&gt;&#xD;
&#xD;
&lt;p&gt;&#x7E3D;&#x7684;&#x4F86;&#x8AAA;&#xFF0C;&#x5FEB;&#x901F;&#x6392;&#x5E8F;&#x7684;&#x5E73;&#x5747;&#x905E;&#x8FF4;&#x6DF1;&#x5EA6;&#x70BA;O(log n)&#xFF0C;&#x5176;&#x4E2D;n&#x662F;&#x6578;&#x7D44;&#x7684;&#x5927;&#x5C0F;&#x3002;&#x4F46;&#x5728;&#x6700;&#x58DE;&#x60C5;&#x6CC1;&#x4E0B;&#xFF0C;&#x905E;&#x8FF4;&#x6DF1;&#x5EA6;&#x53EF;&#x80FD;&#x9054;&#x5230;O(n)&#xFF0C;&#x9019;&#x7A2E;&#x60C5;&#x6CC1;&#x4E0B;&#x9700;&#x8981;&#x7279;&#x5225;&#x6CE8;&#x610F;&#x6027;&#x80FD;&#x512A;&#x5316;&#x3002;&lt;/p&gt;&#xD;
&#xD;
&lt;p&gt;&#xFF1A;&#x6539;&lt;/p&gt;</content>
  <attach></attach>
  <rcount></rcount>
  <rank></rank>
  <hit>19</hit>
  <lang>1</lang>
</data>
