<?xml version="1.0"?>
<data version="3.0" time="2024-07-20 09:55:33" type="post" filename="b000000012.xml">
  <open_time>0000-00-00</open_time>
  <close_time>0000-00-00</close_time>
  <lang_name>Big5</lang_name>
  <board_id>1001278684</board_id>
  <node>000000012</node>
  <site>1000110001</site>
  <pt>2023-07-23 20:12:27</pt>
  <poster>06005914</poster>
  <realname>&#x9673;&#x5F65;&#x4E2D;  </realname>
  <email>jackson89911@gmail.com</email>
  <homepage>  </homepage>
  <subject>&#x6436;&#x7B54;211 </subject>
  <content>&lt;p&gt;211. &#x8209;&#x4F8B;&#x6BD4;&#x8F03;&#x6C23;&#x6CE1;&#x6392;&#x5E8F;&#x548C;&#x9078;&#x64C7;&#x6392;&#x5E8F;&#x7684;&#x8CC7;&#x6599;&#x4EA4;&#x63DB;swap&#x6B21;&#x6578;&#xFF0C;&#x4F55;&#x8005;&#x8F03;&#x591A;&#xFF1F;&lt;/p&gt;&#xD;
&#xD;
&lt;p&gt;A:&#x5728;&#x6C23;&#x6CE1;&#x6392;&#x5E8F;&#x4E2D;&#x7684;&#x6700;&#x5DEE;&#x72C0;&#x6CC1;&#x4E0B;&#xFF0C;&#x8CC7;&#x6599;&#x4EA4;&#x63DB;&#x7684;&#x6B21;&#x6578;&#x70BA;O(n^2)&#x3002;&#x5728;&#x9078;&#x64C7;&#x6392;&#x5E8F;&#x4E2D;&#x7684;&#x6700;&#x5DEE;&#x72C0;&#x6CC1;&#x4E0B;&#xFF0C;&#x8CC7;&#x6599;&#x4EA4;&#x63DB;&#x7684;&#x6B21;&#x6578;&#x4E5F;&#x70BA;O(n^2)&#x3002;&#x6240;&#x4EE5;&#x5728;&#x6700;&#x5DEE;&#x72C0;&#x6CC1;&#x4E0B;&#x5169;&#x8005;&#x7684;&#x8CC7;&#x6599;&#x4EA4;&#x63DB;&#x6B21;&#x6578;&#x90FD;&#x662F;&#x4E00;&#x6A23;&#x7684;&#x3002;&#x4F46;&#x662F;&#x5728;&#x4E00;&#x822C;&#x7684;&#x60C5;&#x6CC1;&#x4E2D;&#xFF0C;&#x6709;&#x4E9B;&#x6642;&#x5019;&#x6C23;&#x6CE1;&#x6392;&#x5E8F;&#x4EA4;&#x63DB;&#x7684;&#x6B21;&#x6578;&#x6703;&#x6BD4;&#x9078;&#x64C7;&#x6392;&#x5E8F;&#x6392;&#x7684;&#x591A;&#x3002;&lt;/p&gt;&#xD;
&#xD;
&lt;p&gt;&#x5047;&#x5982;&#x6709;[5,3,1,4,2]&#x9019;&#x4E94;&#x7B46;&#x8CC7;&#x6599;&#x8981;&#x9032;&#x884C;&#x6392;&#x5E8F;&#xFF0C;&#x4F7F;&#x7528;&#x6C23;&#x6CE1;&#x6392;&#x5E8F;&#x7684;&#x65B9;&#x6CD5;&#x5982;&#x4E0B;:&lt;/p&gt;&#xD;
&#xD;
&lt;p&gt;&#x7B2C;&#x4E00;&#x6B21;&#x8FF4;&#x5708;:[3,5,1,4,2]&#x3001;[3,1,5,4,2]&#x3001;[3,1,4,5,2]&#x3001;[3,1,4,2,5]&lt;/p&gt;&#xD;
&#xD;
&lt;p&gt;&#x7B2C;&#x4E8C;&#x6B21;&#x8FF4;&#x5708;:[1,3,4,2,5]&#x3001;[1,3,2,4,5]&lt;/p&gt;&#xD;
&#xD;
&lt;p&gt;&#x7B2C;&#x4E09;&#x6B21;&#x8FF4;&#x5708;:[1,2,3,4,5]&lt;/p&gt;&#xD;
&#xD;
&lt;p&gt;&#x4EA4;&#x63DB;&#x6B21;&#x6578;&#x70BA;:4+2+1=7&lt;/p&gt;&#xD;
&#xD;
&lt;p&gt;&#x4F7F;&#x7528;&#x9078;&#x64C7;&#x6392;&#x5E8F;&#x7684;&#x65B9;&#x6CD5;&#x5982;&#x4E0B;:&lt;/p&gt;&#xD;
&#xD;
&lt;p&gt;&#x7B2C;&#x4E00;&#x6B21;&#x8FF4;&#x5708;:[3,5,1,4,2]&#x3001;[1,5,3,4,2]&lt;/p&gt;&#xD;
&#xD;
&lt;p&gt;&#x7B2C;&#x4E8C;&#x6B21;&#x8FF4;&#x5708;:[1,3,5,4,2]&#x3001;[1,2,5,4,3]&lt;/p&gt;&#xD;
&#xD;
&lt;p&gt;&#x7B2C;&#x4E09;&#x6B21;&#x8FF4;&#x5708;:[1,2,3,4,5]&lt;/p&gt;&#xD;
&#xD;
&lt;p&gt;&#x4EA4;&#x63DB;&#x6B21;&#x6578;&#x70BA;:2+2+1=5&lt;/p&gt;&#xD;
&#xD;
&lt;p&gt;&#x8AAA;&#x660E;&#x4E0A;&#x8FF0;&#x60C5;&#x6CC1;&#x4E2D;&#x6C23;&#x6CE1;&#x6392;&#x5E8F;&#x6CD5;&#x7684;&#x4EA4;&#x63DB;&#x6B21;&#x6578;&#x6BD4;&#x9078;&#x64C7;&#x6392;&#x5E8F;&#x6CD5;&#x591A;&#x3002;&lt;/p&gt; </content>
  <attach></attach>
  <rcount></rcount>
  <rank></rank>
  <hit>13</hit>
  <lang>1</lang>
</data>
