<?xml version="1.0"?>
<data version="3.0" time="2024-07-20 09:55:33" type="post" filename="b000000012000000001.xml">
  <open_time>0000-00-00</open_time>
  <close_time>0000-00-00</close_time>
  <lang_name>Big5</lang_name>
  <board_id>1001278684</board_id>
  <node>000000012000000001</node>
  <site>1000110001</site>
  <pt>2023-07-26 09:57:01</pt>
  <poster>11813</poster>
  <realname>&#x5433;&#x5B9C;&#x9D3B;  </realname>
  <email>yhwu@cycu.edu.tw</email>
  <homepage>https://www.researchgate.net/profile/Yi-Hung-Wu-2  </homepage>
  <subject>Re: &#x6436;&#x7B54;211  </subject>
  <content>&lt;p&gt;&amp;quot;&#x5728;&#x9078;&#x64C7;&#x6392;&#x5E8F;&#x4E2D;&#x7684;&#x6700;&#x5DEE;&#x72C0;&#x6CC1;&#x4E0B;&#xFF0C;&#x8CC7;&#x6599;&#x4EA4;&#x63DB;&#x7684;&#x6B21;&#x6578;&#x4E5F;&#x70BA;O(n^2)&#x3002;&#x6240;&#x4EE5;&#x5728;&#x6700;&#x5DEE;&#x72C0;&#x6CC1;&#x4E0B;&#x5169;&#x8005;&#x7684;&#x8CC7;&#x6599;&#x4EA4;&#x63DB;&#x6B21;&#x6578;&#x90FD;&#x662F;&#x4E00;&#x6A23;&#x7684;&#x3002;&amp;quot;&lt;/p&gt;&#xD;
&#xD;
&lt;p&gt;&lt;span style="color:#ff0000"&gt;&#x4EE5;&#x4E0A;&#x6558;&#x8FF0;&#x4E26;&#x4E0D;&#x6B63;&#x78BA;&#x3002;&lt;/span&gt;&lt;/p&gt; </content>
  <attach></attach>
  <rcount></rcount>
  <rank></rank>
  <hit>1</hit>
  <lang>1</lang>
</data>
