<?xml version="1.0"?>
<data version="3.0" time="2024-07-20 09:55:33" type="post" filename="b000000002.xml">
  <open_time>0000-00-00</open_time>
  <close_time>0000-00-00</close_time>
  <lang_name>Big5</lang_name>
  <board_id>1001278684</board_id>
  <node>000000002</node>
  <site>1000110001</site>
  <pt>2023-07-20 09:47:29</pt>
  <poster>06005634</poster>
  <realname>&#x90ED;&#x5BB8;&#x69A4;  </realname>
  <email>jyh2guo@gmail.com</email>
  <homepage>  </homepage>
  <subject>&#x6436;&#x7B54;214 </subject>
  <content>&lt;p&gt;&#x5047;&#x8A2D;&#x6709;&#x4E00;&#x500B;8&#x500B;&#x5143;&#x7D20;&#x7684;&#x7121;&#x5E8F;&#x5217;&#x8868;&#xFF1A;[20, 15, 30, 6, 50, 90, 33, 5]&lt;/p&gt;&#xD;
&#xD;
&lt;p&gt;&#x5C07;&#x5217;&#x8868;&#x5206;&#x6210;&#x55AE;&#x500B;&#x5143;&#x7D20;&#xFF1A;&lt;/p&gt;&#xD;
&#xD;
&lt;p&gt;[20] [15] [30] [6] [50] [90] [33] [5]&lt;/p&gt;&#xD;
&#xD;
&lt;p&gt;&#x7136;&#x5F8C;&#x5169;&#x5169;&#x5408;&#x4F75;&#x6392;&#x5E8F;&#xFF1A;&lt;/p&gt;&#xD;
&#xD;
&lt;p&gt;[15,20] [6, 30] [50, 90] [5, 33]&lt;/p&gt;&#xD;
&#xD;
&lt;p&gt;&#x518D;&#x9032;&#x884C;&#x56DB;&#x500B;&#x7684;&#x5169;&#x5169;&#x5408;&#x4F75;&#x6392;&#x5E8F;&#xFF1A;&lt;/p&gt;&#xD;
&#xD;
&lt;p&gt;[6, 15, 20, 30] [5, 33, 50, 90]&lt;/p&gt;&#xD;
&#xD;
&lt;p&gt;&#x6700;&#x5F8C;&#x5C07;&#x5169;&#x500B;&#x5DF2;&#x6392;&#x5E8F;&#x7684;&#x5C0F;&#x584A;&#x5408;&#x4F75;&#x6210;&#x6574;&#x500B;&#x6709;&#x5E8F;&#x5217;&#x8868;&#xFF1A;&lt;/p&gt;&#xD;
&#xD;
&lt;p&gt;[5, 6, 15, 20, 30, 33, 50, 90]&lt;/p&gt;&#xD;
&#xD;
&lt;p&gt;&#x5728;&#x9019;&#x500B;&#x4F8B;&#x5B50;&#x4E2D;&#xFF0C;&#x5408;&#x4F75;&#x6392;&#x5E8F;&#x7684;&#x905E;&#x8FF4;&#x6DF1;&#x5EA6;&#x662F;3&#x5C64;&#x3002;&#x53EF;&#x4EE5;&#x767C;&#x73FE;&#x6BCF;&#x6B21;&#x905E;&#x8FF4;&#x5408;&#x4F75;&#x7684;&#x5C0F;&#x584A;&#x6578;&#x91CF;&#x6703;double&#xFF0C;&#x56E0;&#x70BA;&#x6BCF;&#x6B21;&#x5408;&#x4F75;&#x90FD;&#x662F;&#x5169;&#x5169;&#x5408;&#x4F75;&#x7684;&#xFF0C;&#x539F;&#x59CB;&#x5217;&#x8868;&#x7684;&#x5927;&#x5C0F;&#x70BA;2&#x7684;&#x51AA;&#x6B21;&#x65B9;&#xFF08;&#x9019;&#x88E1;&#x662F;8&#xFF09;&#xFF0C;&#x56E0;&#x6B64;&#x905E;&#x8FF4;&#x6DF1;&#x5EA6;&#x525B;&#x597D;&#x70BA;log2(n)&#x5C64;&#x3002;log2(8)=3&lt;/p&gt;&#xD;
&#xD;
&lt;p&gt;&#x5408;&#x4F75;&#x6392;&#x5E8F;&#x7684;&#x905E;&#x8FF4;&#x6DF1;&#x5EA6;&#x548C;&#x8CC7;&#x6599;&#x7B46;&#x6578;&#x7684;&#x95DC;&#x4FC2;&#x662F; log2(n)&#xFF0C;&amp;nbsp;n &#x662F;&#x5217;&#x8868;&#x7684;&#x5143;&#x7D20;&#x500B;&#x6578;&#x3002;&#x5408;&#x4F75;&#x6392;&#x5E8F;&#x5728;average&#x548C;worst case&#x4E0B;&#x7684;&#x6642;&#x9593;&#x8907;&#x96DC;&#x5EA6;&#x90FD;&#x662F; O(n log n) &#x3002;&lt;/p&gt; </content>
  <attach></attach>
  <rcount></rcount>
  <rank></rank>
  <hit>23</hit>
  <lang>1</lang>
</data>
