<?xml version="1.0"?>
<data version="3.0" time="2024-07-20 09:55:33" type="post" filename="b000000008000000001.xml">
  <open_time>0000-00-00</open_time>
  <close_time>0000-00-00</close_time>
  <lang_name>Big5</lang_name>
  <board_id>1001278684</board_id>
  <node>000000008000000001</node>
  <site>1000110001</site>
  <pt>2023-07-22 10:48:54</pt>
  <poster>11813</poster>
  <realname>&#x5433;&#x5B9C;&#x9D3B;  </realname>
  <email>yhwu@cycu.edu.tw</email>
  <homepage>https://www.researchgate.net/profile/Yi-Hung-Wu-2  </homepage>
  <subject>Re: &#x6436;&#x7B54;211  </subject>
  <content>&lt;p&gt;&lt;span style="color:#ff0000"&gt;&#x4F55;&#x4E0D;&#x76F4;&#x63A5;&#x5217;&#x51FA;swap&#x6578;&#x5206;&#x5225;&#x662F;&#x591A;&#x5C11;&#xFF1F;&lt;/span&gt;&lt;/p&gt; </content>
  <attach></attach>
  <rcount></rcount>
  <rank></rank>
  <hit>1</hit>
  <lang>1</lang>
</data>
