<?xml version="1.0"?>
<data version="3.0" time="2024-07-20 09:55:33" type="post" filename="b000000003.xml">
  <open_time>0000-00-00</open_time>
  <close_time>0000-00-00</close_time>
  <lang_name>Big5</lang_name>
  <board_id>1001278684</board_id>
  <node>000000003</node>
  <site>1000110001</site>
  <pt>2023-07-20 12:31:49</pt>
  <poster>06005840</poster>
  <realname>&#x65BD;&#x4F2F;&#x8AED;  </realname>
  <email>u10806215@ms.ttu.edu.tw</email>
  <homepage>  </homepage>
  <subject>&#x6436;&#x7B54;212 </subject>
  <content>&lt;p&gt;212. &#x8209;&#x4F8B;&#x8AAA;&#x660E;&#x4F55;&#x6642;&#x63D2;&#x5165;&#x6392;&#x5E8F;&#x7684;&#x8CC7;&#x6599;&#x642C;&#x52D5;&#x6B21;&#x6578;&#x6BD4;&#x5E0C;&#x723E;&#x6392;&#x5E8F;shell sort&#x591A;&#xFF1F;&lt;br /&gt;&#xD;
&#x5E0C;&#x723E;&#x6392;&#x5E8F;&#x6CD5;&#x662F;&#x63D2;&#x5165;&#x6392;&#x5E8F;&#x7684;&#x6539;&#x826F;&#x7248;&#xFF0C;&#x53EF;&#x6E1B;&#x5C11;&#x63D2;&#x5165;&#x6392;&#x5E8F;&#x7684;&#x8CC7;&#x6599;&#x642C;&#x79FB;&#x6B21;&#x6578;&#xFF0C;&#x4F7F;&#x7528;&#x9593;&#x9694;gap&#x7684;&#x6982;&#x5FF5;&#x5C07;&#x8CC7;&#x6599;&#x5206;&#x6210;&#x591A;&#x500B;&#x5C0F;&#x5340;&#x584A;&#xFF0C;&#x518D;&#x5C07;&#x4E0D;&#x540C;&#x5340;&#x584A;&#x8CC7;&#x6599;&#x9032;&#x884C;&#x63D2;&#x5165;&#x6392;&#x5E8F;&#x3002;&lt;br /&gt;&#xD;
&#x8209;&#x4F8B;&#x6578;&#x5217;[5, 4, 3, 2, 1]&lt;br /&gt;&#xD;
&#x63D2;&#x5165;&#x6392;&#x5E8F;&#x904E;&#x7A0B;:&lt;br /&gt;&#xD;
1.[5]&#x7121;&#x9700;&#x642C;&#x52D5;&lt;br /&gt;&#xD;
2.[5,4]-&amp;gt;[4,5]&#x9700;&#x642C;&#x52D5;1&#x6B21;&lt;br /&gt;&#xD;
3.[4,5,3]-&amp;gt;[3,4,5]&#x9700;&#x642C;&#x52D5;2&#x6B21;&lt;br /&gt;&#xD;
4.[3,4,5,2]-&amp;gt;[2,3,4,5]&#x9700;&#x642C;&#x52D5;3&#x6B21;&lt;br /&gt;&#xD;
5.[2,3,4,5,1]-&amp;gt;[1,2,3,4,5]&#x9700;&#x642C;&#x52D5;4&#x6B21;&lt;br /&gt;&#xD;
&#x5171;10&#x6B21;&lt;/p&gt;&#xD;
&#xD;
&lt;p&gt;&#x5E0C;&#x723E;&#x6392;&#x5E8F;&#x904E;&#x7A0B;:&lt;br /&gt;&#xD;
gap=2&amp;nbsp;&lt;br /&gt;&#xD;
[5, 3, 1]&#x548C; [4, 2]&#x9032;&#x884C;&#x63D2;&#x5165;&#x6392;&#x5E8F;&lt;br /&gt;&#xD;
[5]&#x7121;&#x9700;&#x642C;&#x52D5;&lt;br /&gt;&#xD;
[5,3]-&amp;gt;[3,5]&#x9700;&#x642C;&#x52D5;1&#x6B21;&lt;br /&gt;&#xD;
[3,5,1]-&amp;gt;[1,3,5]&#x9700;&#x642C;&#x52D5;2&#x6B21;&lt;br /&gt;&#xD;
[4]&#x7121;&#x9700;&#x642C;&#x52D5;&lt;br /&gt;&#xD;
[4,2]-&amp;gt;[2,4]&#x9700;&#x642C;&#x52D5;1&#x6B21;&lt;br /&gt;&#xD;
gap=1&lt;br /&gt;&#xD;
[1,2,3,4,5]&#x9032;&#x884C;&#x63D2;&#x5165;&#x6392;&#x5E8F;&lt;br /&gt;&#xD;
[1]&#x7121;&#x9700;&#x642C;&#x52D5;&lt;br /&gt;&#xD;
[1,2]&#x7121;&#x9700;&#x642C;&#x52D5;&lt;br /&gt;&#xD;
[1,2,3]&#x7121;&#x9700;&#x642C;&#x52D5;&lt;br /&gt;&#xD;
[1,2,3,4]&#x7121;&#x9700;&#x642C;&#x52D5;&lt;br /&gt;&#xD;
[1,2,3,4,5]&#x7121;&#x9700;&#x642C;&#x52D5;&lt;br /&gt;&#xD;
&#x5171;4&#x6B21;&lt;br /&gt;&#xD;
&#x6B64;&#x7BC4;&#x4F8B;&#x662F;&#x63D2;&#x5165;&#x6392;&#x5E8F;&#x7684;&#x8CC7;&#x6599;&#x642C;&#x52D5;&#x6B21;&#x6578;&#x6BD4;&#x5E0C;&#x723E;&#x6392;&#x5E8F;&#x591A;&#xFF0C;&#x4F46;&#x662F;&#x5728;&#x7576;&#x8CC7;&#x6599;&#x5DF2;&#x7D93;&#x8FD1;&#x4E4E;&#x6709;&#x5E8F;&#x6642;&#xFF0C;&#x63D2;&#x5165;&#x6392;&#x5E8F;&#x7684;&#x6548;&#x7387;&#x6703;&#x975E;&#x5E38;&#x9AD8;&#xFF0C;&#x6B64;&#x6642;&#x53EF;&#x80FD;&#x8CC7;&#x6599;&#x642C;&#x52D5;&#x6B21;&#x6578;&#x4F4E;&#x65BC;&#x5E0C;&#x723E;&#x6392;&#x5E8F;&lt;/p&gt; </content>
  <attach></attach>
  <rcount></rcount>
  <rank></rank>
  <hit>29</hit>
  <lang>1</lang>
</data>
