<?xml version="1.0"?>
<data version="3.0" time="2024-07-20 09:55:33" type="post" filename="b000000008000000002.xml">
  <open_time>0000-00-00</open_time>
  <close_time>0000-00-00</close_time>
  <lang_name>Big5</lang_name>
  <board_id>1001278684</board_id>
  <node>000000008000000002</node>
  <site>1000110001</site>
  <pt>2023-07-22 16:30:04</pt>
  <poster>06005732</poster>
  <realname>&#x738B;&#x6631;&#x9032;  </realname>
  <email>louis21501@gmail.com</email>
  <homepage>  </homepage>
  <subject>Re: &#x6436;&#x7B54;211  </subject>
  <content>&lt;p&gt;&#x597D;&#x7684;&lt;br /&gt;&#xD;
&#x82E5;&#x662F;A[]={5,4,3,2,1} &#x7528;Bubblesort&#x6392;&#x5217;&#x7684;swap&#x6578;&#x70BA;4+3+2+1&lt;br /&gt;&#xD;
&#x7528;selection sort&#x6392;&#x5217;&#x7684;swap&#x6578;&#x70BA;4+3+2+1 &#x5169;&#x500B;&#x90FD;&#x662F;O(n&lt;sup&gt;2&lt;/sup&gt;)&#x6B21;&amp;nbsp;&lt;/p&gt; </content>
  <attach></attach>
  <rcount></rcount>
  <rank></rank>
  <hit>1</hit>
  <lang>1</lang>
</data>
