<?xml version="1.0"?>
<data version="3.0" time="2024-07-20 09:55:33" type="post" filename="b000000011.xml">
  <open_time>0000-00-00</open_time>
  <close_time>0000-00-00</close_time>
  <lang_name>Big5</lang_name>
  <board_id>1001278684</board_id>
  <node>000000011</node>
  <site>1000110001</site>
  <pt>2023-07-23 19:41:59</pt>
  <poster>06005760</poster>
  <realname>&#x6797;&#x5955;&#x5B8F;  </realname>
  <email>guai900726@gmail.com</email>
  <homepage>  </homepage>
  <subject>&#x6436;&#x7B54;211 </subject>
  <content>&lt;ol&gt;&#xD;
	&lt;li&gt;&#xD;
	&lt;p&gt;&#x6C23;&#x6CE1;&#x6392;&#x5E8F;&#xFF1A;&#x5728;&#x6700;&#x5DEE;&#x60C5;&#x6CC1;&#x4E0B;&#xFF0C;&#x5373;&#x8CC7;&#x6599;&#x96C6;&#x5408;&#x5B8C;&#x5168;&#x5012;&#x5E8F;&#x6392;&#x5217;&#x6642;&#xFF0C;&#x6C23;&#x6CE1;&#x6392;&#x5E8F;&#x6BCF;&#x4E00;&#x6B21;&#x904D;&#x6B77;&#x90FD;&#x6703;&#x4EA4;&#x63DB;&#x76F8;&#x9130;&#x7684;&#x5143;&#x7D20;&#xFF0C;&#x76F4;&#x5230;&#x5C07;&#x6700;&#x5927;&#x5143;&#x7D20;&#x79FB;&#x5230;&#x6B63;&#x78BA;&#x7684;&#x4F4D;&#x7F6E;&#x3002;&#x5728;&#x9019;&#x7A2E;&#x60C5;&#x6CC1;&#x4E0B;&#xFF0C;&#x4EA4;&#x63DB;&#x6B21;&#x6578;&#x5C07;&#x662F;&#x6700;&#x591A;&#x7684;&#xFF0C;&#x7E3D;&#x5171;&#x9700;&#x8981;&#x9032;&#x884C; n-1 &#x6B21;&#x904D;&#x6B77;&#x3002;&#x56E0;&#x6B64;&#xFF0C;&#x6C23;&#x6CE1;&#x6392;&#x5E8F;&#x7684;&#x4EA4;&#x63DB;&#x6B21;&#x6578;&#x6700;&#x591A;&#x70BA; (n-1) + (n-2) + ... + 1 = n * (n-1) / 2&#x3002;&lt;/p&gt;&#xD;
	&lt;/li&gt;&#xD;
	&lt;li&gt;&#xD;
	&lt;p&gt;&#x9078;&#x64C7;&#x6392;&#x5E8F;&#xFF1A;&#x4E0D;&#x8AD6;&#x8CC7;&#x6599;&#x96C6;&#x5408;&#x7684;&#x521D;&#x59CB;&#x6392;&#x5217;&#x5982;&#x4F55;&#xFF0C;&#x9078;&#x64C7;&#x6392;&#x5E8F;&#x6BCF;&#x4E00;&#x6B21;&#x904D;&#x6B77;&#x90FD;&#x6703;&#x627E;&#x5230;&#x6700;&#x5C0F;&#x5143;&#x7D20;&#xFF0C;&#x7136;&#x5F8C;&#x8207;&#x672A;&#x6392;&#x5E8F;&#x90E8;&#x5206;&#x7684;&#x7B2C;&#x4E00;&#x500B;&#x5143;&#x7D20;&#x9032;&#x884C;&#x4EA4;&#x63DB;&#x3002;&#x56E0;&#x6B64;&#xFF0C;&#x9078;&#x64C7;&#x6392;&#x5E8F;&#x7684;&#x4EA4;&#x63DB;&#x6B21;&#x6578;&#x70BA; n-1 &#x6B21;&#x3002;&lt;br /&gt;&#xD;
	&#x6240;&#x4EE5;&#x9078;&#x64C7;&#x6392;&#x5E8F;&#x7684;&#x4EA4;&#x63DB;&#x6B21;&#x6578;&#x7406;&#x8AD6;&#x4E0A;&#x6703;&#x6BD4;&#x8F03;&#x5C11;&lt;/p&gt;&#xD;
	&lt;/li&gt;&#xD;
&lt;/ol&gt; </content>
  <attach></attach>
  <rcount></rcount>
  <rank></rank>
  <hit>12</hit>
  <lang>1</lang>
</data>
