<?xml version="1.0"?>
<data version="3.0" time="2024-07-20 09:55:33" type="post" filename="b000000017.xml">
  <open_time>0000-00-00</open_time>
  <close_time>0000-00-00</close_time>
  <lang_name>Big5</lang_name>
  <board_id>1001278684</board_id>
  <node>000000017</node>
  <site>1000110001</site>
  <pt>2023-07-23 22:22:12</pt>
  <poster>06005836</poster>
  <realname>&#x9673;&#x4E88;&#x7487;  </realname>
  <email>jason40125520@gmail.com</email>
  <homepage>  </homepage>
  <subject>&#x6436;&#x7B54;213 </subject>
  <content>&lt;p&gt;&lt;strong&gt;&amp;nbsp;&lt;/strong&gt;&lt;strong&gt;&lt;span style="font-family:&#x65B0;&#x7D30;&#x660E;&#x9AD4;,serif"&gt;&#x8209;&#x4F8B;&#x8AAA;&#x660E;&#x4F55;&#x6642;&#x5E0C;&#x723E;&#x6392;&#x5E8F;&#x7684;&#x8CC7;&#x6599;&#x642C;&#x52D5;&#x6B21;&#x6578;&#x6BD4;&#x63D2;&#x5165;&#x6392;&#x5E8F;&#x591A;&#xFF1F;&lt;/span&gt;&lt;/strong&gt;&lt;/p&gt;&#xD;
&#xD;
&lt;p&gt;&lt;span style="font-family:&#x65B0;&#x7D30;&#x660E;&#x9AD4;,serif"&gt;&#x5728;&#x4E00;&#x4E9B;&#x7279;&#x5B9A;&#x60C5;&#x6CC1;&#x4E0B;&#xFF0C;&#x5E0C;&#x723E;&#x6392;&#x5E8F;&#x7684;&#x8CC7;&#x6599;&#x642C;&#x52D5;&#x6B21;&#x6578;&#x53EF;&#x80FD;&#x6703;&#x6BD4;&#x63D2;&#x5165;&#x6392;&#x5E8F;&#x591A;&#x3002;&#x9019;&#x901A;&#x5E38;&#x767C;&#x751F;&#x5728;&#x6578;&#x5217;&#x5DF2;&#x7D93;&#x76F8;&#x5C0D;&#x6709;&#x5E8F;&#x7684;&#x60C5;&#x6CC1;&#x4E0B;&#xFF0C;&#x800C;&#x5E0C;&#x723E;&#x6392;&#x5E8F;&#x7684;&#x9593;&#x9694;&#x5E8F;&#x5217;&#x4E26;&#x4E0D;&#x9069;&#x5408;&#x9019;&#x7A2E;&#x7279;&#x6B8A;&#x7684;&#x6578;&#x5217;&#x3002;&lt;/span&gt;&lt;/p&gt;&#xD;
&#xD;
&lt;p&gt;&lt;span style="font-family:&#x65B0;&#x7D30;&#x660E;&#x9AD4;,serif"&gt;&#x8209;&#x500B;&#x4F8B;&#x5B50;&#x4F86;&#x8AAA;&#x660E;&#x4F55;&#x6642;&#x5E0C;&#x723E;&#x6392;&#x5E8F;&#x7684;&#x8CC7;&#x6599;&#x642C;&#x52D5;&#x6B21;&#x6578;&#x6BD4;&#x63D2;&#x5165;&#x6392;&#x5E8F;&#x591A;&#xFF1A;&lt;/span&gt;&lt;/p&gt;&#xD;
&#xD;
&lt;p&gt;&lt;span style="font-family:&#x65B0;&#x7D30;&#x660E;&#x9AD4;,serif"&gt;&#x5047;&#x8A2D;&#x6709;&#x4EE5;&#x4E0B;&#x672A;&#x6392;&#x5E8F;&#x7684;&#x6578;&#x5217;&#xFF1A;&lt;/span&gt;[3, 1, 4, 2, 5]&lt;span style="font-family:&#x65B0;&#x7D30;&#x660E;&#x9AD4;,serif"&gt;&#x3002;&lt;/span&gt;&lt;/p&gt;&#xD;
&#xD;
&lt;p&gt;&lt;strong&gt;&lt;span style="font-family:&#x65B0;&#x7D30;&#x660E;&#x9AD4;,serif"&gt;&#x63D2;&#x5165;&#x6392;&#x5E8F;&#xFF1A;&lt;/span&gt;&lt;/strong&gt;&lt;/p&gt;&#xD;
&#xD;
&lt;p&gt;&lt;span style="font-family:&#x65B0;&#x7D30;&#x660E;&#x9AD4;,serif"&gt;&#x63D2;&#x5165;&#x6392;&#x5E8F;&#x5728;&#x9019;&#x7A2E;&#x60C5;&#x6CC1;&#x4E0B;&#x8868;&#x73FE;&#x826F;&#x597D;&#x3002;&#x5C07;&lt;/span&gt;3&lt;span style="font-family:&#x65B0;&#x7D30;&#x660E;&#x9AD4;,serif"&gt;&#x8996;&#x70BA;&#x5DF2;&#x6392;&#x5E8F;&#x90E8;&#x5206;&#xFF0C;&#x5F9E;&lt;/span&gt;1&lt;span style="font-family:&#x65B0;&#x7D30;&#x660E;&#x9AD4;,serif"&gt;&#x958B;&#x59CB;&#x5411;&#x524D;&#x63D2;&#x5165;&#x3002;&#x9032;&#x884C;&#x4E00;&#x6B21;&#x6BD4;&#x8F03;&#xFF0C;&#x767C;&#x73FE;&lt;/span&gt;3&lt;span style="font-family:&#x65B0;&#x7D30;&#x660E;&#x9AD4;,serif"&gt;&#x6BD4;&lt;/span&gt;1&lt;span style="font-family:&#x65B0;&#x7D30;&#x660E;&#x9AD4;,serif"&gt;&#x5927;&#xFF0C;&#x65BC;&#x662F;&#x5C07;&lt;/span&gt;3&lt;span style="font-family:&#x65B0;&#x7D30;&#x660E;&#x9AD4;,serif"&gt;&#x5F80;&#x5F8C;&#x642C;&#x79FB;&#x4E00;&#x500B;&#x4F4D;&#x7F6E;&#xFF0C;&#x6578;&#x5217;&#x8B8A;&#x70BA;&#xFF1A;&lt;/span&gt;[1, 3, 4, 2, 5]&lt;span style="font-family:&#x65B0;&#x7D30;&#x660E;&#x9AD4;,serif"&gt;&#x3002;&#x518D;&#x5C07;&lt;/span&gt;4&lt;span style="font-family:&#x65B0;&#x7D30;&#x660E;&#x9AD4;,serif"&gt;&#x63D2;&#x5165;&#x5DF2;&#x6392;&#x5E8F;&#x90E8;&#x5206;&#xFF0C;&#x9700;&#x8981;&#x5169;&#x6B21;&#x642C;&#x52D5;&#xFF1A;&lt;/span&gt;[1, 3, 4, 2, 5]&lt;span style="font-family:&#x65B0;&#x7D30;&#x660E;&#x9AD4;,serif"&gt;&#x3002;&#x63D2;&#x5165;&#x6392;&#x5E8F;&#x7684;&#x7E3D;&#x8CC7;&#x6599;&#x642C;&#x52D5;&#x6B21;&#x6578;&#x662F;&#xFF1A;&lt;/span&gt;0 + 1 + 2 + 1 = 4&lt;span style="font-family:&#x65B0;&#x7D30;&#x660E;&#x9AD4;,serif"&gt;&#x6B21;&#x3002;&lt;/span&gt;&lt;/p&gt;&#xD;
&#xD;
&lt;p&gt;&lt;strong&gt;&lt;span style="font-family:&#x65B0;&#x7D30;&#x660E;&#x9AD4;,serif"&gt;&#x5E0C;&#x723E;&#x6392;&#x5E8F;&#xFF1A;&lt;/span&gt;&lt;/strong&gt;&lt;/p&gt;&#xD;
&#xD;
&lt;p&gt;&lt;span style="font-family:&#x65B0;&#x7D30;&#x660E;&#x9AD4;,serif"&gt;&#x4F7F;&#x7528;&#x5E0C;&#x723E;&#x6392;&#x5E8F;&#xFF0C;&#x4E26;&#x4E14;&#x9078;&#x64C7;&#x4E00;&#x500B;&#x9593;&#x9694;&#x70BA;&lt;/span&gt;2&lt;span style="font-family:&#x65B0;&#x7D30;&#x660E;&#x9AD4;,serif"&gt;&#xFF08;&#x4E5F;&#x5C31;&#x662F;&#x6BCF;&#x9694;&#x4E00;&#x500B;&#x5143;&#x7D20;&#x9032;&#x884C;&#x5206;&#x7D44;&#xFF09;&#x3002;&#x5C07;&#x6578;&#x5217;&#x5206;&#x7D44;&#x70BA;&#xFF1A;&lt;/span&gt;[3, 4], [1, 2], [5]&lt;span style="font-family:&#x65B0;&#x7D30;&#x660E;&#x9AD4;,serif"&gt;&#x3002;&#x5C0D;&#x6BCF;&#x4E00;&#x7D44;&#x9032;&#x884C;&#x63D2;&#x5165;&#x6392;&#x5E8F;&#x3002;&#x7B2C;&#x4E00;&#x7D44;&#x9700;&#x8981;&#x4E00;&#x6B21;&#x642C;&#x52D5;&#xFF1A;&lt;/span&gt;[3, 4]&lt;span style="font-family:&#x65B0;&#x7D30;&#x660E;&#x9AD4;,serif"&gt;&#xFF1B;&#x7B2C;&#x4E8C;&#x7D44;&#x9700;&#x8981;&#x4E00;&#x6B21;&#x642C;&#x52D5;&#xFF1A;&lt;/span&gt;[1, 2]&lt;span style="font-family:&#x65B0;&#x7D30;&#x660E;&#x9AD4;,serif"&gt;&#xFF1B;&#x7B2C;&#x4E09;&#x7D44;&#x7121;&#x9700;&#x642C;&#x52D5;&#xFF1A;&lt;/span&gt;[5]&lt;span style="font-family:&#x65B0;&#x7D30;&#x660E;&#x9AD4;,serif"&gt;&#x3002;&#x63A5;&#x4E0B;&#x4F86;&#x7E2E;&#x5C0F;&#x9593;&#x9694;&#x70BA;&lt;/span&gt;1&lt;span style="font-family:&#x65B0;&#x7D30;&#x660E;&#x9AD4;,serif"&gt;&#xFF0C;&#x5C0D;&#x6574;&#x500B;&#x6578;&#x5217;&#x9032;&#x884C;&#x5E38;&#x898F;&#x7684;&#x63D2;&#x5165;&#x6392;&#x5E8F;&#x3002;&#x6B64;&#x6642;&#x9700;&#x8981;&#x5169;&#x6B21;&#x642C;&#x52D5;&#xFF1A;&lt;/span&gt;[1, 3, 2, 4, 5]&lt;span style="font-family:&#x65B0;&#x7D30;&#x660E;&#x9AD4;,serif"&gt;&#x3002;&#x5E0C;&#x723E;&#x6392;&#x5E8F;&#x7684;&#x7E3D;&#x8CC7;&#x6599;&#x642C;&#x52D5;&#x6B21;&#x6578;&#x662F;&#xFF1A;&lt;/span&gt;1 + 1 + 0 + 2 = 4&lt;span style="font-family:&#x65B0;&#x7D30;&#x660E;&#x9AD4;,serif"&gt;&#x6B21;&#x3002;&lt;/span&gt;&lt;/p&gt;&#xD;
&#xD;
&lt;p&gt;&lt;span style="font-family:&#x65B0;&#x7D30;&#x660E;&#x9AD4;,serif"&gt;&#x5E0C;&#x723E;&#x6392;&#x5E8F;&#x7684;&#x8CC7;&#x6599;&#x642C;&#x52D5;&#x6B21;&#x6578;&#x548C;&#x63D2;&#x5165;&#x6392;&#x5E8F;&#x76F8;&#x540C;&#x3002;&#x9019;&#x662F;&#x56E0;&#x70BA;&#x9593;&#x9694;&#x5E8F;&#x5217;&lt;/span&gt;2&lt;span style="font-family:&#x65B0;&#x7D30;&#x660E;&#x9AD4;,serif"&gt;&#x4E26;&#x4E0D;&#x9069;&#x5408;&#x9019;&#x500B;&#x7279;&#x5B9A;&#x7684;&#x6578;&#x5217;&#xFF0C;&#x7121;&#x6CD5;&#x767C;&#x63EE;&#x5E0C;&#x723E;&#x6392;&#x5E8F;&#x7684;&#x6548;&#x80FD;&#x512A;&#x52E2;&#x3002;&#x7576;&#x6578;&#x5217;&#x5DF2;&#x7D93;&#x76F8;&#x5C0D;&#x6709;&#x5E8F;&#x6642;&#xFF0C;&#x63D2;&#x5165;&#x6392;&#x5E8F;&#x5728;&#x9019;&#x7A2E;&#x60C5;&#x6CC1;&#x4E0B;&#x53EF;&#x80FD;&#x8868;&#x73FE;&#x5F97;&#x66F4;&#x597D;&#xFF0C;&#x56E0;&#x70BA;&#x5B83;&#x53EA;&#x9700;&#x8981;&#x9032;&#x884C;&#x5C11;&#x91CF;&#x7684;&#x8CC7;&#x6599;&#x642C;&#x52D5;&#x64CD;&#x4F5C;&#x5373;&#x53EF;&#x4FDD;&#x6301;&#x6578;&#x5217;&#x7684;&#x6709;&#x5E8F;&#x6027;&#x3002;&lt;/span&gt;&lt;/p&gt;&#xD;
&#xD;
&lt;p&gt;&lt;span style="font-family:&#x65B0;&#x7D30;&#x660E;&#x9AD4;,serif"&gt;&#x5E0C;&#x723E;&#x6392;&#x5E8F;&#x7684;&#x6548;&#x80FD;&#x512A;&#x52E2;&#x901A;&#x5E38;&#x5728;&#x65BC;&#x5C0D;&#x65BC;&#x96A8;&#x6A5F;&#x6216;&#x5927;&#x81F4;&#x7121;&#x5E8F;&#x7684;&#x6578;&#x5217;&#xFF0C;&#x5728;&#x6578;&#x5217;&#x76F8;&#x5C0D;&#x6709;&#x5E8F;&#x6642;&#xFF0C;&#x63D2;&#x5165;&#x6392;&#x5E8F;&#x53EF;&#x80FD;&#x66F4;&#x52A0;&#x9AD8;&#x6548;&#x3002;&#x9019;&#x4E5F;&#x8AAA;&#x660E;&#x4E86;&#x70BA;&#x4EC0;&#x9EBC;&#x5728;&#x5BE6;&#x969B;&#x61C9;&#x7528;&#x4E2D;&#xFF0C;&#x9078;&#x64C7;&#x5408;&#x9069;&#x7684;&#x6392;&#x5E8F;&#x7B97;&#x6CD5;&#x5F88;&#x91CD;&#x8981;&#xFF0C;&#x4E26;&#x4E14;&#x4E0D;&#x80FD;&#x76F2;&#x76EE;&#x5730;&#x9078;&#x64C7;&#x4E00;&#x7A2E;&#x7B97;&#x6CD5;&#x4F86;&#x61C9;&#x7528;&#x65BC;&#x6240;&#x6709;&#x60C5;&#x6CC1;&#x3002;&lt;/span&gt;&lt;/p&gt; </content>
  <attach></attach>
  <rcount></rcount>
  <rank></rank>
  <hit>6</hit>
  <lang>1</lang>
</data>
