<?xml version="1.0"?>
<data version="3.0" time="2024-07-20 09:55:33" type="post" filename="b000000018.xml">
  <open_time>0000-00-00</open_time>
  <close_time>0000-00-00</close_time>
  <lang_name>Big5</lang_name>
  <board_id>1001278684</board_id>
  <node>000000018</node>
  <site>1000110001</site>
  <pt>2023-07-23 22:24:00</pt>
  <poster>06005836</poster>
  <realname>&#x9673;&#x4E88;&#x7487;  </realname>
  <email>jason40125520@gmail.com</email>
  <homepage>  </homepage>
  <subject>&#x6436;&#x7B54;214 </subject>
  <content>&lt;p&gt;&lt;strong&gt;214. &lt;/strong&gt;&lt;strong&gt;&lt;span style="font-family:&#x65B0;&#x7D30;&#x660E;&#x9AD4;,serif"&gt;&#x8209;&#x4F8B;&#x8AAA;&#x660E;&#x5408;&#x4F75;&#x6392;&#x5E8F;&#x7684;&#x905E;&#x8FF4;&#x6DF1;&#x5EA6;&#x548C;&#x8CC7;&#x6599;&#x7B46;&#x6578;&#x7684;&#x95DC;&#x4FC2;&#x3002;&lt;/span&gt;&lt;/strong&gt;&lt;/p&gt;&#xD;
&#xD;
&lt;p&gt;&lt;span style="font-family:&#x65B0;&#x7D30;&#x660E;&#x9AD4;,serif"&gt;&#x5408;&#x4F75;&#x6392;&#x5E8F;&#x662F;&#x4E00;&#x7A2E;&#x6548;&#x7387;&#x8F03;&#x9AD8;&#x7684;&#x6392;&#x5E8F;&#x7B97;&#x6CD5;&#xFF0C;&#x5B83;&#x63A1;&#x7528;&#x5206;&#x6CBB;&#x6CD5;&#x7684;&#x601D;&#x60F3;&#xFF0C;&#x5C07;&#x5F85;&#x6392;&#x5E8F;&#x7684;&#x6578;&#x5217;&#x5206;&#x6210;&#x82E5;&#x5E72;&#x500B;&#x5B50;&#x6578;&#x5217;&#xFF0C;&#x5206;&#x5225;&#x9032;&#x884C;&#x6392;&#x5E8F;&#xFF0C;&#x7136;&#x5F8C;&#x518D;&#x5C07;&#x6392;&#x597D;&#x5E8F;&#x7684;&#x5B50;&#x6578;&#x5217;&#x5408;&#x4F75;&#x6210;&#x4E00;&#x500B;&#x6709;&#x5E8F;&#x7684;&#x6578;&#x5217;&#x3002;&#x5408;&#x4F75;&#x6392;&#x5E8F;&#x7684;&#x905E;&#x8FF4;&#x6DF1;&#x5EA6;&#xFF08;&#x5373;&#x905E;&#x8FF4;&#x7684;&#x5C64;&#x6578;&#xFF09;&#x8207;&#x8CC7;&#x6599;&#x7B46;&#x6578;&#x4E4B;&#x9593;&#x5B58;&#x5728;&#x95DC;&#x4FC2;&#xFF0C;&#x9019;&#x500B;&#x95DC;&#x4FC2;&#x662F;&#x7531;&#x905E;&#x8FF4;&#x904E;&#x7A0B;&#x6240;&#x6C7A;&#x5B9A;&#x7684;&#x3002;&lt;/span&gt;&lt;/p&gt;&#xD;
&#xD;
&lt;p&gt;&lt;span style="font-family:&#x65B0;&#x7D30;&#x660E;&#x9AD4;,serif"&gt;&#x5047;&#x8A2D;&#x6211;&#x5011;&#x6709;&#x4E00;&#x500B;&#x5305;&#x542B;&lt;/span&gt; n &lt;span style="font-family:&#x65B0;&#x7D30;&#x660E;&#x9AD4;,serif"&gt;&#x500B;&#x5143;&#x7D20;&#x7684;&#x6578;&#x5217;&#x8981;&#x9032;&#x884C;&#x5408;&#x4F75;&#x6392;&#x5E8F;&#x3002;&lt;/span&gt;&lt;/p&gt;&#xD;
&#xD;
&lt;p&gt;1.&lt;span style="font-family:&#x65B0;&#x7D30;&#x660E;&#x9AD4;,serif"&gt;&#x5728;&#x5408;&#x4F75;&#x6392;&#x5E8F;&#x7684;&#x905E;&#x8FF4;&#x904E;&#x7A0B;&#x4E2D;&#xFF0C;&#x9996;&#x5148;&#x5C07;&#x6578;&#x5217;&#x9032;&#x884C;&#x5C0D;&#x534A;&#x5283;&#x5206;&#xFF0C;&#x76F4;&#x5230;&#x7121;&#x6CD5;&#x518D;&#x9032;&#x884C;&#x5283;&#x5206;&#xFF08;&#x5373;&#x53EA;&#x6709;&#x4E00;&#x500B;&#x5143;&#x7D20;&#xFF09;&#xFF0C;&#x6B64;&#x6642;&#x6BCF;&#x500B;&#x5B50;&#x6578;&#x5217;&#x7684;&#x9577;&#x5EA6;&#x662F;&lt;/span&gt; 1&lt;span style="font-family:&#x65B0;&#x7D30;&#x660E;&#x9AD4;,serif"&gt;&#x3002;&lt;/span&gt;&lt;/p&gt;&#xD;
&#xD;
&lt;p&gt;2.&lt;span style="font-family:&#x65B0;&#x7D30;&#x660E;&#x9AD4;,serif"&gt;&#x9019;&#x4E9B;&#x5B50;&#x6578;&#x5217;&#x5169;&#x5169;&#x9032;&#x884C;&#x5408;&#x4F75;&#x64CD;&#x4F5C;&#xFF0C;&#x5F97;&#x5230;&#x9577;&#x5EA6;&#x70BA;&lt;/span&gt; 2 &lt;span style="font-family:&#x65B0;&#x7D30;&#x660E;&#x9AD4;,serif"&gt;&#x7684;&#x6709;&#x5E8F;&#x5B50;&#x6578;&#x5217;&#x3002;&lt;/span&gt;&lt;/p&gt;&#xD;
&#xD;
&lt;p&gt;3.&lt;span style="font-family:&#x65B0;&#x7D30;&#x660E;&#x9AD4;,serif"&gt;&#x518D;&#x5C07;&#x9019;&#x4E9B;&#x9577;&#x5EA6;&#x70BA;&lt;/span&gt; 2 &lt;span style="font-family:&#x65B0;&#x7D30;&#x660E;&#x9AD4;,serif"&gt;&#x7684;&#x6709;&#x5E8F;&#x5B50;&#x6578;&#x5217;&#x5169;&#x5169;&#x5408;&#x4F75;&#xFF0C;&#x5F97;&#x5230;&#x9577;&#x5EA6;&#x70BA;&lt;/span&gt; 4 &lt;span style="font-family:&#x65B0;&#x7D30;&#x660E;&#x9AD4;,serif"&gt;&#x7684;&#x6709;&#x5E8F;&#x5B50;&#x6578;&#x5217;&#x3002;&lt;/span&gt;&lt;/p&gt;&#xD;
&#xD;
&lt;p&gt;4.&lt;span style="font-family:&#x65B0;&#x7D30;&#x660E;&#x9AD4;,serif"&gt;&#x76F4;&#x5230;&#x6700;&#x5F8C;&#x5408;&#x4F75;&#x6210;&#x4E00;&#x500B;&#x5305;&#x542B;&lt;/span&gt; n &lt;span style="font-family:&#x65B0;&#x7D30;&#x660E;&#x9AD4;,serif"&gt;&#x500B;&#x5143;&#x7D20;&#x7684;&#x6709;&#x5E8F;&#x6578;&#x5217;&#x3002;&lt;/span&gt;&lt;/p&gt;&#xD;
&#xD;
&lt;p&gt;&lt;span style="font-family:&#x65B0;&#x7D30;&#x660E;&#x9AD4;,serif"&gt;&#x6BCF;&#x6B21;&#x905E;&#x8FF4;&#xFF0C;&#x6578;&#x5217;&#x7684;&#x5927;&#x5C0F;&#x90FD;&#x6703;&#x8B8A;&#x6210;&#x539F;&#x4F86;&#x7684;&#x4E00;&#x534A;&#x3002;&#x56E0;&#x6B64;&#xFF0C;&#x5728;&#x7B2C;&lt;/span&gt; k &lt;span style="font-family:&#x65B0;&#x7D30;&#x660E;&#x9AD4;,serif"&gt;&#x5C64;&#x905E;&#x8FF4;&#x4E2D;&#xFF0C;&#x6578;&#x5217;&#x7684;&#x5927;&#x5C0F;&#x5C07;&#x8B8A;&#x6210;&lt;/span&gt; n / 2^k&lt;span style="font-family:&#x65B0;&#x7D30;&#x660E;&#x9AD4;,serif"&gt;&#x3002;&lt;/span&gt;&lt;/p&gt;&#xD;
&#xD;
&lt;p&gt;&lt;span style="font-family:&#x65B0;&#x7D30;&#x660E;&#x9AD4;,serif"&gt;&#x7576;&#x6578;&#x5217;&#x7684;&#x5927;&#x5C0F;&#x70BA;&lt;/span&gt; 1 &lt;span style="font-family:&#x65B0;&#x7D30;&#x660E;&#x9AD4;,serif"&gt;&#x6642;&#xFF0C;&#x905E;&#x8FF4;&#x505C;&#x6B62;&#x3002;&#x9019;&#x6642;&lt;/span&gt; k &lt;span style="font-family:&#x65B0;&#x7D30;&#x660E;&#x9AD4;,serif"&gt;&#x7684;&#x503C;&#x5373;&#x70BA;&#x905E;&#x8FF4;&#x6DF1;&#x5EA6;&#x3002;&lt;/span&gt;&lt;/p&gt;&#xD;
&#xD;
&lt;p&gt;&lt;span style="font-family:&#x65B0;&#x7D30;&#x660E;&#x9AD4;,serif"&gt;&#x5408;&#x4F75;&#x6392;&#x5E8F;&#x7684;&#x905E;&#x8FF4;&#x6DF1;&#x5EA6;&lt;/span&gt; k &lt;span style="font-family:&#x65B0;&#x7D30;&#x660E;&#x9AD4;,serif"&gt;&#x548C;&#x8CC7;&#x6599;&#x7B46;&#x6578;&lt;/span&gt; n &lt;span style="font-family:&#x65B0;&#x7D30;&#x660E;&#x9AD4;,serif"&gt;&#x4E4B;&#x9593;&#x7684;&#x95DC;&#x4FC2;&#x53EF;&#x4EE5;&#x901A;&#x904E;&#x4EE5;&#x4E0B;&#x516C;&#x5F0F;&#x8868;&#x793A;&#xFF1A;&lt;/span&gt;n / 2^k = 1&lt;/p&gt;&#xD;
&#xD;
&lt;p&gt;&lt;span style="font-family:&#x65B0;&#x7D30;&#x660E;&#x9AD4;,serif"&gt;&#x89E3;&#x9019;&#x500B;&#x65B9;&#x7A0B;&#x53EF;&#x4EE5;&#x5F97;&#x5230;&lt;/span&gt; k = log2(n)&lt;span style="font-family:&#x65B0;&#x7D30;&#x660E;&#x9AD4;,serif"&gt;&#x3002;&lt;/span&gt;&lt;/p&gt;&#xD;
&#xD;
&lt;p&gt;&lt;span style="font-family:&#x65B0;&#x7D30;&#x660E;&#x9AD4;,serif"&gt;&#x5408;&#x4F75;&#x6392;&#x5E8F;&#x7684;&#x905E;&#x8FF4;&#x6DF1;&#x5EA6;&#x8207;&#x8CC7;&#x6599;&#x7B46;&#x6578;&lt;/span&gt; n &lt;span style="font-family:&#x65B0;&#x7D30;&#x660E;&#x9AD4;,serif"&gt;&#x6210;&#x6B63;&#x6BD4;&#xFF0C;&#x4E26;&#x4E14;&#x905E;&#x8FF4;&#x6DF1;&#x5EA6;&#x70BA;&lt;/span&gt; log2(n)&lt;span style="font-family:&#x65B0;&#x7D30;&#x660E;&#x9AD4;,serif"&gt;&#x3002;&#x9019;&#x4E5F;&#x662F;&#x5408;&#x4F75;&#x6392;&#x5E8F;&#x5728;&#x5927;&#x898F;&#x6A21;&#x6578;&#x5217;&#x6392;&#x5E8F;&#x4E2D;&#x7684;&#x512A;&#x52E2;&#x4E4B;&#x4E00;&#xFF0C;&#x56E0;&#x70BA;&#x5B83;&#x7684;&#x905E;&#x8FF4;&#x6DF1;&#x5EA6;&#x76F8;&#x5C0D;&#x8F03;&#x5C0F;&#xFF0C;&#x4F7F;&#x5F97;&#x6392;&#x5E8F;&#x7684;&#x6548;&#x7387;&#x8F03;&#x9AD8;&#x3002;&lt;/span&gt;&lt;/p&gt; </content>
  <attach></attach>
  <rcount></rcount>
  <rank></rank>
  <hit>5</hit>
  <lang>1</lang>
</data>
