<?xml version="1.0"?>
<data version="3.0" time="2024-07-20 09:55:33" type="post" filename="b000000001.xml">
  <open_time>0000-00-00</open_time>
  <close_time>0000-00-00</close_time>
  <lang_name>Big5</lang_name>
  <board_id>1001278684</board_id>
  <node>000000001</node>
  <site>1000110001</site>
  <pt>2023-07-20 09:40:30</pt>
  <poster>06005634</poster>
  <realname>&#x90ED;&#x5BB8;&#x69A4;  </realname>
  <email>jyh2guo@gmail.com</email>
  <homepage>  </homepage>
  <subject>&#x6436;&#x7B54;211 </subject>
  <content>&lt;ul&gt;&#xD;
	&lt;li&gt;&#xD;
	&lt;p&gt;Bubble sort worst case&#x4EA4;&#x63DB;&#x6B21;&#x6578;&#x662F;O(n^2)&#x3002;&#x7576;&#x8CC7;&#x6599;&#x5F9E;&#x5927;&#x5230;&#x5C0F;&#x6392;&#x5E8F;&#x6642;&#xFF0C;&#x6BCF;&#x4E00;&#x6B21;&#x6BD4;&#x8F03;&#x90FD;&#x9700;&#x8981;&#x4EA4;&#x63DB;&#xFF0C;&#x4EA4;&#x63DB;&#x6B21;&#x6578;&#x6700;&#x591A;&#x3002;&lt;/p&gt;&#xD;
	&lt;/li&gt;&#xD;
	&lt;li&gt;&#xD;
	&lt;p&gt;Selection sort worst case&#x4EA4;&#x63DB;&#x6B21;&#x6578;&#x4E5F;&#x662F;O(n^2)&#x3002;&#x5728;&#x6BCF;&#x4E00;&#x6B21;&#x6392;&#x5E8F;&#x4E2D;&#xFF0C;&#x90FD;&#x9700;&#x8981;&#x4E00;&#x6B21;&#x4EA4;&#x63DB;&#xFF0C;Selection sort&#x7684;&#x4EA4;&#x63DB;&#x6B21;&#x6578;&#x548C;&#x5143;&#x7D20;&#x7684;&#x5206;&#x5E03;&#x60C5;&#x6CC1;&#x6709;&#x95DC;&#x3002;&lt;/p&gt;&#xD;
	&lt;/li&gt;&#xD;
&lt;/ul&gt;&#xD;
&#xD;
&lt;p&gt;Bubble sort&#x548C;Selection sort&#x5728;worst case&#x4E0B;&#x7684;&#x4EA4;&#x63DB;&#x6B21;&#x6578;&#x90FD;&#x662F;&#x76F8;&#x540C;&#x7684;&#xFF0C;&#x90FD;&#x662F;O(n^2)&#x3002;&#x6240;&#x4EE5;&#x5C31;worst case&#x4E0B;&#x7684;&#x4EA4;&#x63DB;&#x6B21;&#x6578;&#xFF0C;&#x5169;&#x500B;&#x662F;&#x4E00;&#x6A23;&#x591A;&#x7684;&#x3002;&lt;/p&gt; </content>
  <attach></attach>
  <rcount></rcount>
  <rank></rank>
  <hit>30</hit>
  <lang>1</lang>
</data>
