<?xml version="1.0"?>
<data version="3.0" time="2024-07-20 09:55:33" type="post" filename="b000000007000000001.xml">
  <open_time>0000-00-00</open_time>
  <close_time>0000-00-00</close_time>
  <lang_name>Big5</lang_name>
  <board_id>1001278684</board_id>
  <node>000000007000000001</node>
  <site>1000110001</site>
  <pt>2023-07-22 10:47:35</pt>
  <poster>11813</poster>
  <realname>&#x5433;&#x5B9C;&#x9D3B;  </realname>
  <email>yhwu@cycu.edu.tw</email>
  <homepage>https://www.researchgate.net/profile/Yi-Hung-Wu-2  </homepage>
  <subject>Re: &#x6436;&#x7B54;213  </subject>
  <content>&lt;p&gt;&lt;span style="color:#ff0000"&gt;&#x8CC7;&#x6599;&#x642C;&#x52D5;&#x6B21;&#x6578;&#x7684;&#x8A08;&#x7B97;&#x4E26;&#x4E0D;&#x6B63;&#x78BA;&#xFF0C;&#x5168;&#x90E8;&#x8981;&#x91CD;&#x7B97;&#x3002;&lt;/span&gt;&lt;/p&gt;&#xD;
&#xD;
&lt;p&gt;&#x6BD4;&#x65B9;&#x8AAA;&#xFF0C;&lt;/p&gt;&#xD;
&#xD;
&lt;p&gt;&amp;quot;&#x7B2C;&#x4E8C;&#x6B65;&#xFF1A;&#x5C07;1&#x63D2;&#x5165;&#x5230;&#x5DF2;&#x6392;&#x5E8F;&#x90E8;&#x5206;[3, 5]&#x7684;&#x524D;&#x9762;&#xFF0C;&#x8CC7;&#x6599;&#x642C;&#x52D5;&#x6B21;&#x6578;&#x70BA;1&#x3002;&amp;quot;&lt;/p&gt;&#xD;
&#xD;
&lt;p&gt;&lt;span style="color:#b22222"&gt;&#x66F4;&#x6B63;&#xFF1A;3, 5&#x90FD;&#x5F80;&#x53F3;&#x5074;&#x79FB;&#x4E00;&#x500B;&#x4F4D;&#x7F6E;&#xFF0C;1&#x653E;&#x5165;&#x6700;&#x524D;&#x9762;&#xFF0C;&#x6240;&#x4EE5;&#x8CC7;&#x6599;&#x642C;&#x52D5;&#x4E86;3&#x6B21;&#x3002;&lt;/span&gt;&lt;/p&gt; </content>
  <attach></attach>
  <rcount></rcount>
  <rank></rank>
  <hit>1</hit>
  <lang>1</lang>
</data>
