<?xml version="1.0"?>
<data version="3.0" time="2024-07-20 09:55:33" type="post" filename="b000000006.xml">
  <open_time>0000-00-00</open_time>
  <close_time>0000-00-00</close_time>
  <lang_name>Big5</lang_name>
  <board_id>1001278684</board_id>
  <node>000000006</node>
  <site>1000110001</site>
  <pt>2023-07-20 16:38:24</pt>
  <poster>06005645</poster>
  <realname>&#x6797;&#x54C1;&#x7444;  </realname>
  <email>hank61061007@gmail.com</email>
  <homepage>  </homepage>
  <subject>&#x6436;&#x7B54;212 </subject>
  <content>&lt;p&gt;212.&amp;nbsp;&#x8209;&#x4F8B;&#x8AAA;&#x660E;&#x4F55;&#x6642;&#x63D2;&#x5165;&#x6392;&#x5E8F;&#x7684;&#x8CC7;&#x6599;&#x642C;&#x52D5;&#x6B21;&#x6578;&#x6BD4;&#x5E0C;&#x723E;&#x6392;&#x5E8F;shell sort&#x591A;&#xFF1F;&lt;/p&gt;&#xD;
&#xD;
&lt;p&gt;&#x8003;&#x616E;&#x4E00;&#x500B;&#x7279;&#x6B8A;&#x7684;&#x60C5;&#x6CC1;&#xFF0C;&#x5373;&#x6240;&#x6709;&#x7684;&#x5143;&#x7D20;&#x90FD;&#x662F;&#x76F8;&#x540C;&#x7684;&#x3002;&#x5728;&#x9019;&#x7A2E;&#x60C5;&#x6CC1;&#x4E0B;&#xFF0C;&#x63D2;&#x5165;&#x6392;&#x5E8F;&#x548C;&#x5E0C;&#x723E;&#x6392;&#x5E8F;&#x7684;&#x8868;&#x73FE;&#x6703;&#x6709;&#x6240;&#x4E0D;&#x540C;&#x3002;&lt;/p&gt;&#xD;
&#xD;
&lt;p&gt;&#x7531;&#x65BC;&#x6240;&#x6709;&#x7684;&#x5143;&#x7D20;&#x90FD;&#x662F;&#x76F8;&#x540C;&#x7684;&#xFF0C;&#x63D2;&#x5165;&#x6392;&#x5E8F;&#x5728;&#x9019;&#x7A2E;&#x60C5;&#x6CC1;&#x4E0B;&#x5C07;&#x53EA;&#x9700;&#x8981;&#x9032;&#x884C;n-1&#x6B21;&#x6BD4;&#x8F03;&#xFF08;&#x5C0D;&#x65BC;&#x4E00;&#x500B;&#x6709;n&#x500B;&#x5143;&#x7D20;&#x7684;&#x6578;&#x5217;&#xFF09;&#xFF0C;&#x800C;&#x4E0D;&#x9700;&#x8981;&#x9032;&#x884C;&#x4EFB;&#x4F55;&#x6578;&#x64DA;&#x7684;&#x642C;&#x79FB;&#xFF08;&#x56E0;&#x70BA;&#x6240;&#x6709;&#x7684;&#x5143;&#x7D20;&#x90FD;&#x5DF2;&#x7D93;&#x5728;&#x6B63;&#x78BA;&#x7684;&#x4F4D;&#x7F6E;&#x4E0A;&#xFF09;&#x3002;&lt;/p&gt;&#xD;
&#xD;
&lt;p&gt;&#x7136;&#x800C;&#xFF0C;&#x5C0D;&#x65BC;&#x5E0C;&#x723E;&#x6392;&#x5E8F;&#x4F86;&#x8AAA;&#xFF0C;&#x5373;&#x4F7F;&#x6240;&#x6709;&#x7684;&#x5143;&#x7D20;&#x90FD;&#x662F;&#x76F8;&#x540C;&#x7684;&#xFF0C;&#x5B83;&#x4ECD;&#x7136;&#x6703;&#x9032;&#x884C;&#x4E0D;&#x5FC5;&#x8981;&#x7684;&#x6578;&#x64DA;&#x642C;&#x79FB;&#x3002;&#x9019;&#x662F;&#x56E0;&#x70BA;&#x5E0C;&#x723E;&#x6392;&#x5E8F;&#x5728;&#x6BCF;&#x4E00;&#x500B;&#x9593;&#x9694;&#x5E8F;&#x5217;&#x4E2D;&#x90FD;&#x6703;&#x9032;&#x884C;&#x63D2;&#x5165;&#x6392;&#x5E8F;&#xFF0C;&#x4E26;&#x4E14;&#x6BCF;&#x6B21;&#x63D2;&#x5165;&#x6392;&#x5E8F;&#x90FD;&#x6703;&#x81F3;&#x5C11;&#x642C;&#x79FB;&#x4E00;&#x500B;&#x5143;&#x7D20;&#x5230;&#x5B83;&#x81EA;&#x5DF1;&#x7684;&#x4F4D;&#x7F6E;&#x4E0A;&#x3002;&#x6240;&#x4EE5;&#xFF0C;&#x5728;&#x9019;&#x7A2E;&#x7279;&#x6B8A;&#x7684;&#x60C5;&#x6CC1;&#x4E0B;&#xFF0C;&#x5E0C;&#x723E;&#x6392;&#x5E8F;&#x7684;&#x6578;&#x64DA;&#x642C;&#x79FB;&#x6B21;&#x6578;&#x5C07;&#x6BD4;&#x63D2;&#x5165;&#x6392;&#x5E8F;&#x591A;&#x3002;&lt;/p&gt;&#xD;
&#xD;
&lt;p&gt;&#x6240;&#x4EE5;&#xFF0C;&#x5373;&#x4F7F;&#x5728;&#x4E00;&#x4E9B;&#x7279;&#x6B8A;&#x7684;&#x60C5;&#x6CC1;&#x4E0B;&#xFF0C;&#x63D2;&#x5165;&#x6392;&#x5E8F;&#x53EF;&#x80FD;&#x6703;&#x6BD4;&#x5E0C;&#x723E;&#x6392;&#x5E8F;&#x66F4;&#x6709;&#x6548;&#x7387;&#xFF0C;&#x4F46;&#x662F;&#x4E00;&#x822C;&#x4F86;&#x8AAA;&#xFF0C;&#x5C0D;&#x65BC;&#x5927;&#x898F;&#x6A21;&#x7684;&#x3001;&#x7121;&#x5E8F;&#x7684;&#x6578;&#x5217;&#xFF0C;&#x5E0C;&#x723E;&#x6392;&#x5E8F;&#x4ECD;&#x7136;&#x662F;&#x4E00;&#x500B;&#x66F4;&#x597D;&#x7684;&#x9078;&#x64C7;&#xFF0C;&#x56E0;&#x70BA;&#x5B83;&#x7684;&#x5E73;&#x5747;&#x6642;&#x9593;&#x8907;&#x96DC;&#x5EA6;&#x8981;&#x6BD4;&#x63D2;&#x5165;&#x6392;&#x5E8F;&#x597D;&#x5F97;&#x591A;&#x3002;&lt;/p&gt; </content>
  <attach></attach>
  <rcount></rcount>
  <rank></rank>
  <hit>26</hit>
  <lang>1</lang>
</data>
