<?xml version="1.0"?>
<data version="3.0" time="2024-07-20 09:55:33" type="post" filename="b000000014.xml">
  <open_time>0000-00-00</open_time>
  <close_time>0000-00-00</close_time>
  <lang_name>Big5</lang_name>
  <board_id>1001278684</board_id>
  <node>000000014</node>
  <site>1000110001</site>
  <pt>2023-07-23 21:11:18</pt>
  <poster>06005734</poster>
  <realname>&#x5B8B;&#x80B2;&#x81F4;  </realname>
  <email>asdeax8177616@gmail.com</email>
  <homepage>  </homepage>
  <subject>&#x6436;&#x7B54;211 </subject>
  <content>&lt;p&gt;211. &#x8209;&#x4F8B;&#x6BD4;&#x8F03;&#x6C23;&#x6CE1;&#x6392;&#x5E8F;&#x548C;&#x9078;&#x64C7;&#x6392;&#x5E8F;&#x7684;&#x8CC7;&#x6599;&#x4EA4;&#x63DB;swap&#x6B21;&#x6578;&#xFF0C;&#x4F55;&#x8005;&#x8F03;&#x591A;&#xFF1F;&lt;/p&gt;&#xD;
&#xD;
&lt;p&gt;A:&#x6C23;&#x6CE1;&#x6392;&#x5E8F;&#x4EA4;&#x63DB;&#x7684;&#x6B21;&#x6578;&#x6703;&#x6BD4;&#x9078;&#x64C7;&#x6392;&#x5E8F;&#x6392;&#x7684;&#x591A;&#x3002;&lt;/p&gt;&#xD;
&#xD;
&lt;p&gt;&#x4EE5;[8,3,1,4,6,2,8]&#x9019;&#x500B;&#x6578;&#x5217;&#x70BA;&#x4F8B;&#x9032;&#x884C;&#x6392;&#x5E8F;&#xFF0C;&#x5F9E;&#x5C0F;&#x5230;&#x5927;&lt;/p&gt;&#xD;
&#xD;
&lt;p&gt;&#x6C23;&#x6CE1;&#x6392;&#x5E8F;:&lt;/p&gt;&#xD;
&#xD;
&lt;p&gt;&#x7B2C;&#x4E00;&#x6B21;&#x8FF4;&#x5708;:[8,3,1,4,6,2,8]-&amp;gt;[3,8,1,4,6,2,8]-&amp;gt;[3,1,8,4,6,2,8]-&amp;gt;[3,1,4,8,6,2,8]-&amp;gt;[3,1,4,6,8,2,8]-&amp;gt;[3,1,4,6,2,8,8]-&amp;gt;[3,1,4,6,2,8,8]-&amp;gt;&#x5171;5&#x6B21;&lt;/p&gt;&#xD;
&#xD;
&lt;p&gt;&#x7B2C;&#x4E8C;&#x6B21;&#x8FF4;&#x5708;:[3,1,4,6,2,8,8]-&amp;gt;[1,3,4,6,2,8,8]-&amp;gt;[1,3,4,6,2,8,8]-&amp;gt;[1,3,4,6,2,8,8]-&amp;gt;[1,3,4,2,6,8,8]-&amp;gt;[1,3,4,2,6,8,8]-&amp;gt;&#x5171;2&#x6B21;&lt;/p&gt;&#xD;
&#xD;
&lt;p&gt;&#x7B2C;&#x4E09;&#x6B21;&#x8FF4;&#x5708;:[1,3,4,2,6,8,8]-&amp;gt;[1,3,4,2,6,8,8]-&amp;gt;[1,3,4,2,6,8,8]-&amp;gt;[1,3,2,4,6,8,8]-&amp;gt;[1,3,2,4,6,8,8]-&amp;gt;&#x5171;1&#x6B21;&lt;/p&gt;&#xD;
&#xD;
&lt;p&gt;&#x7B2C;&#x56DB;&#x6B21;&#x8FF4;&#x5708;:[1,3,2,4,6,8,8]-&amp;gt;[1,3,2,4,6,8,8]-&amp;gt;[1,2,3,4,6,8,8]-&amp;gt;[1,2,3,4,6,8,8]-&amp;gt;&#x5171;1&#x6B21;&lt;/p&gt;&#xD;
&#xD;
&lt;p&gt;&#x505A;&#x5230;&#x9019;&#x908A;&#x5DF2;&#x7D93;&#x77E5;&#x9053;&#x6392;&#x5E8F;&#x597D;&#x4E86;&#xFF0C;&#x5171;&#x63DB;&#x4E86;9&#x6B21;&lt;/p&gt;&#xD;
&#xD;
&lt;p&gt;&#x9078;&#x64C7;&#x6392;&#x5E8F;:&lt;/p&gt;&#xD;
&#xD;
&lt;p&gt;&#x7B2C;&#x4E00;&#x6B21;&#x8FF4;&#x5708;:[8,3,1,4,6,2,8]-&amp;gt;[1,3,8,4,6,2,8]-&amp;gt;&#x5171;1&#x6B21;&lt;/p&gt;&#xD;
&#xD;
&lt;p&gt;&#x7B2C;&#x4E8C;&#x6B21;&#x8FF4;&#x5708;:[1,3,8,4,6,2,8]-&amp;gt;[1,2,8,4,6,3,8]-&amp;gt;&#x5171;1&#x6B21;&lt;/p&gt;&#xD;
&#xD;
&lt;p&gt;&#x7B2C;&#x4E09;&#x6B21;&#x8FF4;&#x5708;:[1,2,8,4,6,3,8]-&amp;gt;[1,2,3,4,6,8,8]-&amp;gt;&#x5171;1&#x6B21;&lt;/p&gt;&#xD;
&#xD;
&lt;p&gt;&#x505A;&#x5230;&#x9019;&#x908A;&#x5DF2;&#x7D93;&#x77E5;&#x9053;&#x6392;&#x5E8F;&#x597D;&#x4E86;&#xFF0C;&#x5171;&#x63DB;&#x4E86;3&#x6B21;&lt;/p&gt;&#xD;
&#xD;
&lt;p&gt;&#x7531;&#x4F8B;&#x5B50;&#x53EF;&#x77E5;&#x9053;&#x9078;&#x64C7;&#x6392;&#x5E8F;&#x6CD5;&#xFF0C;&#x6700;&#x6162;&#x7684;&#x8A71;&#x90FD;&#x4E5F;&#x53EA;&#x8981;&#x5168;&#x90E8;&#x4EA4;&#x63DB;&#x4E00;&#x6B21;&#xFF0C;&#x4F46;&#x6C23;&#x6CE1;&#x6392;&#x5E8F;&#x6CD5;&#x53EF;&#x80FD;&#x6703;&#x8981;&#x4EA4;&#x63DB;&#x597D;&#x5E7E;&#x6B21;&lt;/p&gt; </content>
  <attach></attach>
  <rcount></rcount>
  <rank></rank>
  <hit>9</hit>
  <lang>1</lang>
</data>
