<?xml version="1.0"?>
<data version="3.0" time="2024-07-20 09:55:33" type="post" filename="b000000006000000002.xml">
  <open_time>0000-00-00</open_time>
  <close_time>0000-00-00</close_time>
  <lang_name>Big5</lang_name>
  <board_id>1001278684</board_id>
  <node>000000006000000002</node>
  <site>1000110001</site>
  <pt>2023-07-20 22:21:51</pt>
  <poster>11813</poster>
  <realname>&#x5433;&#x5B9C;&#x9D3B;  </realname>
  <email>yhwu@cycu.edu.tw</email>
  <homepage>https://www.researchgate.net/profile/Yi-Hung-Wu-2 </homepage>
  <subject>Re: &#x6436;&#x7B54;212  </subject>
  <content>&lt;p&gt;&#x984C;&#x76EE;&#x662F; &amp;quot;&#x63D2;&#x5165;&#x6392;&#x5E8F;&#x7684;&#x8CC7;&#x6599;&#x642C;&#x52D5;&#x6B21;&#x6578;&#x6BD4;&#x5E0C;&#x723E;&#x6392;&#x5E8F;shell sort&#x591A;&amp;quot;&lt;/p&gt;&#xD;
&#xD;
&lt;p&gt;&amp;quot;&#x5728;&#x9019;&#x7A2E;&#x7279;&#x6B8A;&#x7684;&#x60C5;&#x6CC1;&#x4E0B;&#xFF0C;&#x5E0C;&#x723E;&#x6392;&#x5E8F;&#x7684;&#x6578;&#x64DA;&#x642C;&#x79FB;&#x6B21;&#x6578;&#x5C07;&#x6BD4;&#x63D2;&#x5165;&#x6392;&#x5E8F;&#x591A;&#x3002;&amp;quot;&lt;/p&gt;&#xD;
&#xD;
&lt;p&gt;&lt;span style="color:#ff0000"&gt;&#x7B54;&#x975E;&#x6240;&#x554F;&#xFF1F;&lt;/span&gt;&lt;/p&gt;</content>
  <attach></attach>
  <rcount></rcount>
  <rank></rank>
  <hit>3</hit>
  <lang>1</lang>
</data>
