<?xml version="1.0"?>
<data version="3.0" time="2024-07-19 09:05:55" type="post" filename="b000000002.xml">
  <open_time>0000-00-00</open_time>
  <close_time>0000-00-00</close_time>
  <lang_name>Big5</lang_name>
  <board_id>1001162654</board_id>
  <node>000000002</node>
  <site>1000110001</site>
  <pt>2022-12-13 10:01:28</pt>
  <poster>11027154</poster>
  <realname>&#x5ED6;&#x6893;&#x9038;  </realname>
  <email>joe3727@gmail.com</email>
  <homepage>  </homepage>
  <subject>214. &#x8209;&#x4F8B;&#x8AAA;&#x660E;&#x5408;&#x4F75;&#x6392;&#x5E8F;&#x7684;&#x905E;&#x8FF4;&#x6DF1;&#x5EA6;&#x548C;&#x8CC7;&#x6599;&#x7B46;&#x6578;&#x7684;&#x95DC;&#x4FC2;&#x3002; </subject>
  <content>&lt;p&gt;&#x5728;&#x5408;&#x4F75;&#x6392;&#x5E8F;&#x4E2D;&#xFF0C;&#x905E;&#x8FF4;&#x6DF1;&#x5EA6;&#x548C;&#x8CC7;&#x6599;&#x7B46;&#x6578;&#x4E4B;&#x9593;&#x5B58;&#x5728;&#x4E00;&#x5B9A;&#x7684;&#x95DC;&#x4FC2;&#x3002;&#x901A;&#x5E38;&#x4F86;&#x8AAA;&#xFF0C;&#x905E;&#x8FF4;&#x6DF1;&#x5EA6;&#x8207;&#x8CC7;&#x6599;&#x7B46;&#x6578;&#x4E4B;&#x9593;&#x7684;&#x95DC;&#x4FC2;&#x53EF;&#x4EE5;&#x8868;&#x793A;&#x70BA; O(log&lt;sub&gt;2&lt;/sub&gt;N)&#xFF0C;&#x5176;&#x4E2D; N&amp;nbsp;&#x662F;&#x8CC7;&#x6599;&#x7B46;&#x6578;&#x3002;&#x9019;&#x8868;&#x793A;&#xFF0C;&#x7576;&#x8CC7;&#x6599;&#x7B46;&#x6578;&#x589E;&#x52A0;&#x6642;&#xFF0C;&#x905E;&#x8FF4;&#x6DF1;&#x5EA6;&#x6703;&#x5448;&#x6307;&#x6578;&#x7D1A;&#x589E;&#x9577;&#x3002;&lt;/p&gt;&#xD;
&#xD;
&lt;p&gt;&#x5716;&#x7247;&#x8AAA;&#x660E;&#x53EF;&#x53C3;&#x8003;&lt;a href="https://ithelp.ithome.com.tw/articles/10278179"&gt;&#x9023;&#x7D50;&lt;/a&gt;&lt;/p&gt; </content>
  <attach></attach>
  <rcount></rcount>
  <rank></rank>
  <hit>7</hit>
  <lang>1</lang>
</data>
