<?xml version="1.0"?>
<data version="3.0" time="2024-07-19 09:05:55" type="post" filename="b000000003.xml">
  <open_time>0000-00-00</open_time>
  <close_time>0000-00-00</close_time>
  <lang_name>Big5</lang_name>
  <board_id>1001162654</board_id>
  <node>000000003</node>
  <site>1000110001</site>
  <pt>2022-12-13 22:19:15</pt>
  <poster>10527234</poster>
  <realname>&#x5ED6;&#x5F65;&#x6674;  </realname>
  <email>ingrid.liao@hotmail.com</email>
  <homepage>  </homepage>
  <subject>215. &#x8209;&#x4F8B;&#x8AAA;&#x660E;&#x5FEB;&#x901F;&#x6392;&#x5E8F;&#x7684;&#x905E;&#x8FF4;&#x6DF1;&#x5EA6;&#x6703;&#x53D7;&#x4F55;&#x8005;&#x5F71;&#x97FF; </subject>
  <content>&lt;p&gt;&#x5FEB;&#x901F;&#x6392;&#x5E8F;&#x7684;&#x57F7;&#x884C;&#x6642;&#x9593;&#x8DDF;&#x5982;&#x4F55;&#x6311;&#x9078;&#x57FA;&#x6E96;&#x6709;&#x5F88;&#x5927;&#x7684;&#x95DC;&#x4FC2;&#x3002;&lt;/p&gt;&#xD;
&#xD;
&lt;p&gt;&#x9996;&#x5148;&#xFF0C;&#x7121;&#x8AD6;&#x600E;&#x9EBC;&#x6311;&#x9078;&#x57FA;&#x6E96;&#xFF0C;&#x6BCF;&#x4E00;&#x5C64;&#x905E;&#x8FF4;&#x90FD;&#x6703;&#x8655;&#x7406;&#x9663;&#x5217;&#x88E1;&#x7684;&#x6240;&#x6709;&#x5143;&#x7D20;&#xFF0C;&#x6240;&#x4EE5;&#x6BCF;&#x6B21;&#x589E;&#x52A0;&#x57F7;&#x884C;&#x5806;&#x758A;&#x90FD;&#x6703;&#x7D93;&#x904E;n&#x6B21;&#x64CD;&#x4F5C;&#xFF0C;&#x9019;&#x90E8;&#x4EFD;&#x6642;&#x9593;&#x70BA;O(n)&#x3002;&#x56E0;&#x6B64;&#xFF0C;&#x57F7;&#x884C;&#x5806;&#x758A;&#x8D8A;&#x5C11;&#xFF0C;&#x5247;&#x6574;&#x9AD4;&#x57F7;&#x884C;&#x6642;&#x9593;&#x8D8A;&#x77ED;&#x3002;&lt;/p&gt;&#xD;
&#xD;
&lt;p&gt;&#x4E5F;&#x5C31;&#x662F;&#x8AAA;&#xFF0C;&#x6700;&#x58DE;&#x7684;&#x60C5;&#x6CC1;&#x5C31;&#x662F;&#x57F7;&#x884C;&#x5806;&#x758A;&#x6700;&#x9AD8;&#x7684;&#x60C5;&#x6CC1;&#x3002;&#x5982;&#x679C;&#x6BCF;&#x6B21;&#x7684;&#x57FA;&#x6E96;&#x90FD;&#x662F;&#x9663;&#x5217;&#x4E2D;&#x6700;&#x5927;&#x6216;&#x6700;&#x5C0F;&#x7684;&#x6578;&#x5B57;&#xFF0C;&#x5206;&#x5272;&#x6642;&#x5C31;&#x6703;&#x6240;&#x6709;&#x5143;&#x7D20;&#x90FD;&#x88AB;&#x5206;&#x5728;&#x540C;&#x4E00;&#x908A;&#xFF0C;&#x7B49;&#x65BC;&#x6BCF;&#x6B21;&#x7684;&#x5B50;&#x9663;&#x5217;&#x53EA;&#x6BD4;&#x539F;&#x672C;&#x5C11;&#x4E00;&#x500B;&#x5143;&#x7D20;&#xFF0C;&#x90A3;&#x9EBC;&#x9700;&#x8981;n-1&#x5C64;&#x7684;&#x905E;&#x8FF4;&#x624D;&#x80FD;&#x5B8C;&#x6210;&#x6392;&#x5E8F;&#x3002;&#x518D;&#x4E58;&#x4EE5;&#x6BCF;&#x5C64;&#x7684;&#x64CD;&#x4F5C;&#x6642;&#x9593;&#xFF0C;&#x6574;&#x500B;&#x6F14;&#x7B97;&#x6CD5;&#x7684;&#x6700;&#x58DE;&#x60C5;&#x6CC1;&#x57F7;&#x884C;&#x6642;&#x9593;&#x70BA;O(n&amp;sup2;)&#x3002;&lt;/p&gt;&#xD;
&#xD;
&lt;p&gt;&#x6700;&#x4F73;&#x7684;&#x60C5;&#x6CC1;&#xFF0C;&#x5247;&#x662F;&#x6BCF;&#x6B21;&#x7684;&#x57FA;&#x6E96;&#x90FD;&#x5C07;&#x9663;&#x5217;&#x5206;&#x5272;&#x6210;&#x5169;&#x500B;&#x5DEE;&#x4E0D;&#x591A;&#x5927;&#x5C0F;&#x7684;&#x5B50;&#x9663;&#x5217;&#xFF0C;&#x9019;&#x6A23;&#x5C31;&#x53EA;&#x9700;&#x8981;log n&#x5C64;&#x905E;&#x8FF4;&#x3002;&#x6574;&#x9AD4;&#x57F7;&#x884C;&#x6642;&#x9593;&#x53EF;&#x4EE5;&#x7E2E;&#x77ED;&#x70BA;O(n log n)&#x3002;&lt;/p&gt;&#xD;
&#xD;
&lt;p&gt;&#x4EE5;&#x9663;&#x5217;[1, 2, 3, 4, 5, 6, 7, 8]&#x70BA;&#x4F8B;&#xFF0C;&#x5982;&#x679C;&#x4EE5;&#x7B2C;&#x4E00;&#x500B;&#x6578;&#x5B57;&#x4F5C;&#x70BA;&#x57FA;&#x6E96;&#xFF0C;&#x5206;&#x5272;&#x5F8C;&#x6703;&#x5F97;&#x5230;&#x7A7A;&#x9663;&#x5217;[]&#x3001;[1]&#x3001;[2, 3, 4, 5, 6, 7]&#xFF0C;&#x4EE5;&#x6B64;&#x985E;&#x63A8;&#xFF0C;&#x8981;&#x7D93;&#x904E;7&#x5C64;&#x905E;&#x8FF4;&#x624D;&#x80FD;&#x9054;&#x5230;&#x57FA;&#x672C;&#x60C5;&#x6CC1;&#x3002;&#x4F46;&#x5982;&#x679C;&#x4EE5;4&#x70BA;&#x57FA;&#x6E96;&#xFF0C;&#x53EA;&#x8981;3&#x5C64;&#x6B21;&#x7684;&#x905E;&#x8FF4;&#x5C31;&#x53EF;&#x4EE5;&#x9054;&#x5230;&#x57FA;&#x672C;&#x60C5;&#x6CC1;&#x3002;&lt;/p&gt; </content>
  <attach></attach>
  <rcount></rcount>
  <rank></rank>
  <hit>6</hit>
  <lang>1</lang>
</data>
