<?xml version="1.0"?>
<data version="3.0" time="2024-07-19 09:05:55" type="post" filename="b000000001000000001.xml">
  <open_time>0000-00-00</open_time>
  <close_time>0000-00-00</close_time>
  <lang_name>Big5</lang_name>
  <board_id>1001162654</board_id>
  <node>000000001000000001</node>
  <site>1000110001</site>
  <pt>2022-12-01 10:56:57</pt>
  <poster>11813</poster>
  <realname>&#x5433;&#x5B9C;&#x9D3B;  </realname>
  <email>yhwu@cycu.edu.tw</email>
  <homepage>https://www.researchgate.net/profile/Yi-Hung-Wu-2  </homepage>
  <subject>Re: 211. &#x8209;&#x4F8B;&#x6BD4;&#x8F03;&#x6C23;&#x6CE1;&#x6392;&#x5E8F;&#x548C;&#x9078;&#x64C7;&#x6392;&#x5E8F;&#x7684;&#x8CC7;&#x6599;&#x4EA4;&#x63DB;swap&#x6B21;&#x6578;&#xFF0C;&#x4F55;&#x8005;&#x8F03;&#x591A;&#xFF1F;  </subject>
  <content>&lt;p&gt;OK!&lt;/p&gt;&#xD;
&#xD;
&lt;p&gt;&lt;span style="color:#b22222"&gt;&#x5EF6;&#x4F38;&#x601D;&#x8003;&#xFF1A;&#x6B21;&#x6578;&#x4E0A;&#x9650;&#x7684;&#x4E8C;&#x8005;&#x5DEE;&#x7570;&#xFF1F;swap&#x6B21;&#x6578;&#x5C0D;&#x6548;&#x7387;&#x7684;&#x5F71;&#x97FF;&#xFF1F;&#x53EF;&#x5426;&#x900F;&#x904E;&#x7A0B;&#x5F0F;&#x78BC;&#x6E1B;&#x5C11;&#x5F71;&#x97FF;&#xFF1F;&lt;/span&gt;&lt;/p&gt; </content>
  <attach></attach>
  <rcount></rcount>
  <rank></rank>
  <hit>1</hit>
  <lang>1</lang>
</data>
