<?xml version="1.0"?>
<data version="3.0" time="2024-07-19 08:53:45" type="post" filename="b000000004.xml">
  <open_time>0000-00-00</open_time>
  <close_time>0000-00-00</close_time>
  <lang_name>Big5</lang_name>
  <board_id>1001296419</board_id>
  <node>000000004</node>
  <site>1000110001</site>
  <pt>2023-10-03 16:37:58</pt>
  <poster>11127140</poster>
  <realname>&#x59DC;&#x7FA9;&#x65B0;  </realname>
  <email>jabeeschool@gmail.com</email>
  <homepage> </homepage>
  <subject>114 </subject>
  <content>&lt;p&gt;&lt;span style="font-size:18px"&gt;&#x5BEB;&#x51FA;C++&#x7A0B;&#x5F0F;&#x78BC;&#x8AAA;&#x660E;&#x540C;&#x985E;&#x5225;&#x5169;&#x500B;&#x65B9;&#x6CD5;&#x5982;&#x4F55;&#x5BE6;&#x73FE;&#x591A;&#x8F09;overloading&#x3002;&lt;/span&gt;&lt;/p&gt;&#xD;
&#xD;
&lt;p&gt;&#x5728;&#x4E0D;&#x540C;&#x53C3;&#x6578;&#x4E0B;&#x53BB;&#x547C;&#x53EB;&#x76F8;&#x540C;&#x51FD;&#x5F0F;&#xFF0C;&#x7136;&#x5F8C;&#x505A;&#x51FA;&#x4E0D;&#x540C;&#x4E8B;&#x60C5;&#x3002;&#x4EE5;&#x4E0B;&#x70BA;&#x793A;&#x7BC4;&#x7A0B;&#x5F0F;&#x78BC;&#x3002;&lt;/p&gt;&#xD;
&#xD;
&lt;p&gt;&lt;img alt="" src="/user/1/1/11127140/images/Screen%20Shot%202023-10-03%20at%204.37.34%20PM.png" style="height:261px; width:300px" /&gt;&lt;/p&gt;&#xD;
&#xD;
&lt;p&gt;&#x53EF;&#x4EE5;&#x770B;&#x5230;&#x5118;&#x7BA1;&#x662F;&#x76F8;&#x540C;&#x540D;&#x7A31;&#x7684;function&#xFF0C;&#x4ECD;&#x7136;&#x53EF;&#x4EE5;&#x5B9A;&#x7FA9;&#x5169;&#x6B21;&#xFF0C;&#x4E26;&#x4E14;&#x505A;&#x5F97;&#x4E8B;&#x60C5;&#x53EF;&#x4EE5;&#x4E0D;&#x4E00;&#x6A23;&#x3002;&lt;br /&gt;&#xD;
&#x4F46;&#x5728;&#x50B3;&#x5165;&#x53C3;&#x6578;&#x4E0A;&#x4E00;&#x5B9A;&#x8981;&#x4E0D;&#x4E00;&#x6A23;&#x3002;&lt;/p&gt;</content>
  <attach></attach>
  <rcount></rcount>
  <rank></rank>
  <hit>31</hit>
  <lang>1</lang>
</data>
