<?xml version="1.0"?>
<data version="3.0" time="2024-07-19 08:53:45" type="post" filename="b000000006.xml">
  <open_time>0000-00-00</open_time>
  <close_time>0000-00-00</close_time>
  <lang_name>Big5</lang_name>
  <board_id>1001296419</board_id>
  <node>000000006</node>
  <site>1000110001</site>
  <pt>2023-10-06 20:33:17</pt>
  <poster>11127109</poster>
  <realname>&#x9B4F;&#x76C8;&#x59CD;  </realname>
  <email>reginawei.tw@gmail.com</email>
  <homepage>  </homepage>
  <subject>112. </subject>
  <content>&lt;p&gt;112. &#x5BEB;&#x51FA;C++&#x7A0B;&#x5F0F;&#x78BC;&#x8AAA;&#x660E;&#x5169;&#x500B;&#x985E;&#x5225;&#x9593;&#x7684;&#x7E7C;&#x627F;inheritance&#x3002;&lt;/p&gt;&#xD;
&#xD;
&lt;p&gt;#&#x7E7C;&#x627F;:&amp;nbsp;&#x5B50;&#x985E;&#x5225;&#x53EF;&#x4EE5;&#x627F;&#x63A5;&#x7236;&#x985E;&#x5225;&lt;strong&gt;&#x7684;&lt;/strong&gt;&amp;nbsp;public&#x6210;&#x54E1; ,&#x4F7F;&#x4E4B;&#x5177;&#x6709;&#x5171;&#x901A;&lt;strong&gt;&#x7684;&lt;/strong&gt;public&#x5C6C;&#x6027;&#x6216;&#x65B9;&#x6CD5;, &#x6240;&#x4EE5;&#x53EF;&#x4EE5;&#x8AAA;&#x5B50;&#x985E;&#x5225;&#x662F;&#x7236;&#x985E;&#x5225;&#x7684;&#x5EF6;&#x4F38;&#x3002;&lt;/p&gt;&#xD;
&#xD;
&lt;p&gt;# &#x7E3D;&#x7D50;:&amp;nbsp;&#x7E7C;&#x627F;&#x662F;&#x80FD;&#x6E1B;&#x5C11;&#x76F8;&#x4F3C;&#x7684; code&#xFF0C;&#x4E26;&#x540C;&#x6642;&#x6EFF;&#x8DB3;&#x4E0D;&#x540C;&#x7684;&#x529F;&#x80FD;&lt;/p&gt;&#xD;
&#xD;
&lt;p&gt;&lt;img alt="" src="/user/1/1/11127109/images/Screenshot%202023-10-06%20202955.png" style="height:761px; width:602px" /&gt;&lt;/p&gt; </content>
  <attach></attach>
  <rcount></rcount>
  <rank></rank>
  <hit>24</hit>
  <lang>1</lang>
</data>
