<?xml version="1.0"?>
<data version="3.0" time="2024-07-19 08:53:45" type="post" filename="b000000005.xml">
  <open_time>0000-00-00</open_time>
  <close_time>0000-00-00</close_time>
  <lang_name>Big5</lang_name>
  <board_id>1001296419</board_id>
  <node>000000005</node>
  <site>1000110001</site>
  <pt>2023-10-06 16:02:04</pt>
  <poster>10924148</poster>
  <realname>&#x9673;&#x9EC3;&#x63DA;  </realname>
  <email>conary0917@gmail.com</email>
  <homepage> </homepage>
  <subject>111 </subject>
  <content>&lt;p&gt;&#x984C;&#x76EE;:&lt;/p&gt;&#xD;
&#xD;
&lt;p&gt;111. &#x5BEB;&#x51FA;C++&#x7A0B;&#x5F0F;&#x78BC;&#x8AAA;&#x660E;&#x50B3;&#x503C;&#x547C;&#x53EB;call by value&#x3002;&lt;/p&gt;&#xD;
&#xD;
&lt;p&gt;&#x7A0B;&#x5F0F;&#x78BC;:&lt;/p&gt;&#xD;
&#xD;
&lt;p&gt;#include&amp;lt;iostream&amp;gt;&lt;/p&gt;&#xD;
&#xD;
&lt;p&gt;using namespace std;&lt;/p&gt;&#xD;
&#xD;
&lt;p&gt;void callByValue( int numB ) {&lt;/p&gt;&#xD;
&#xD;
&lt;p&gt;&amp;nbsp; numB += 10;&lt;/p&gt;&#xD;
&#xD;
&lt;p&gt;&amp;nbsp; return;&lt;/p&gt;&#xD;
&#xD;
&lt;p&gt;}&lt;/p&gt;&#xD;
&#xD;
&lt;p&gt;int main() {&lt;/p&gt;&#xD;
&#xD;
&lt;p&gt;&amp;nbsp; int numA = 0;&lt;/p&gt;&#xD;
&#xD;
&lt;p&gt;&amp;nbsp; cout &amp;lt;&amp;lt; numA &amp;lt;&amp;lt; endl;&lt;/p&gt;&#xD;
&#xD;
&lt;p&gt;&amp;nbsp; callByValue( numA );&lt;/p&gt;&#xD;
&#xD;
&lt;p&gt;&amp;nbsp; cout &amp;lt;&amp;lt; numA &amp;lt;&amp;lt; endl;&lt;/p&gt;&#xD;
&#xD;
&lt;p&gt;}&lt;/p&gt;&#xD;
&#xD;
&lt;p&gt;&#x8AAA;&#x660E;:&lt;/p&gt;&#xD;
&#xD;
&lt;p&gt;&#x5982;&#x4E0A;&#x9762;&#x7684;&#x7A0B;&#x5F0F;&#x78BC;&#x6240;&#x793A;&#x7BC4;&#xFF0C;&#x57F7;&#x884C;&#x5F8C;&#x6703;&#x5148;&#x5370;&#x51FA;&#x4E00;&#x958B;&#x59CB;&#x521D;&#x59CB;&#x5316;&#x7684;numA&#x4E5F;&#x5C31;&#x662F;0&#xFF0C;&#x7D93;&#x904E;call by value&#x50B3;&#x5165;&#x51FD;&#x5F0F;&#x4E2D;&#x4EE5;numB&#x63A5;&#xFF0C;&#x63A5;&#x8457;&#x5C07;numB&#x52A0;&#x4E0A;10&#x5F8C;&#x7D50;&#x675F;&#xFF0C;&#x518D;&#x6B21;&#x5728;main&#x4E2D;&#x5370;&#x51FA;numA&#x53EF;&#x4EE5;&#x767C;&#x73FE;&#x9084;&#x662F;0&#x3002;&lt;/p&gt;&#xD;
&#xD;
&lt;p&gt;&#x662F;&#x56E0;&#x70BA;call by value&#x53EA;&#x662F;&#x5C07;&#x50B3;&#x5165;&#x7684;&#x53C3;&#x6578;&#x8907;&#x88FD;&#x4E00;&#x4EFD;&#x4E00;&#x6A21;&#x4E00;&#x6A23;&#x7684;&#x6578;&#x503C;&#xFF0C;&#x7C21;&#x55AE;&#x4F86;&#x8AAA;numA&#x53CA;numB&#x662F;&#x5169;&#x500B;&#x5B8C;&#x5168;&#x4E0D;&#x540C;&#x7684;&#x8B8A;&#x6578;&#xFF0C;&#x53EA;&#x662F;&#x5167;&#x5BB9;&#x525B;&#x597D;&#x76F8;&#x540C;&#x800C;&#x5DF2;&#x3002;&lt;/p&gt;</content>
  <attach></attach>
  <rcount></rcount>
  <rank></rank>
  <hit>22</hit>
  <lang>1</lang>
</data>
