<?xml version="1.0"?>
<data version="3.0" time="2024-07-19 08:53:45" type="post" filename="b000000003000000002.xml">
  <open_time>0000-00-00</open_time>
  <close_time>0000-00-00</close_time>
  <lang_name>Big5</lang_name>
  <board_id>1001296419</board_id>
  <node>000000003000000002</node>
  <site>1000110001</site>
  <pt>2023-11-27 17:58:48</pt>
  <poster>11813</poster>
  <realname>&#x5433;&#x5B9C;&#x9D3B;  </realname>
  <email>yhwu@cycu.edu.tw</email>
  <homepage>https://www.researchgate.net/profile/Yi-Hung-Wu-2  </homepage>
  <subject>Re: 112  </subject>
  <content>&lt;p&gt;OK&lt;/p&gt;&#xD;
&#xD;
&lt;p&gt;&#x7A0B;&#x5F0F;&#x78BC;&#x4EE5;&#x526A;&#x8CBC;&#x6587;&#x5B57;&#x53D6;&#x4EE3;&#x622A;&#x5716;&#xFF0C;&#x4EE5;&#x4FBF;&#x5176;&#x4ED6;&#x540C;&#x5B78;&#x6E2C;&#x8A66;&lt;/p&gt; </content>
  <attach></attach>
  <rcount></rcount>
  <rank></rank>
  <hit>1</hit>
  <lang>1</lang>
</data>
