<?xml version="1.0"?>
<data version="3.0" time="2024-07-19 08:53:45" type="post" filename="b000000008.xml">
  <open_time>0000-00-00</open_time>
  <close_time>0000-00-00</close_time>
  <lang_name>Big5</lang_name>
  <board_id>1001296419</board_id>
  <node>000000008</node>
  <site>1000110001</site>
  <pt>2023-10-09 23:34:13</pt>
  <poster>11127110</poster>
  <realname>&#x8A31;&#x81F3;&#x6600;  </realname>
  <email>alberthsu919@gmail.com</email>
  <homepage>  </homepage>
  <subject>113 </subject>
  <content>&lt;p&gt;&lt;span style="font-family:&#x65B0;&#x7D30;&#x660E;&#x9AD4;,serif"&gt;&#x5C07;&#x6B64;&#x5F8C;&#x5E8F;&#x5F0F;&lt;/span&gt;postfix&lt;span style="font-family:&#x65B0;&#x7D30;&#x660E;&#x9AD4;,serif"&gt;&#x8F49;&#x4E2D;&#x5E8F;&#x5F0F;&lt;/span&gt;infix&lt;span style="font-family:&#x65B0;&#x7D30;&#x660E;&#x9AD4;,serif"&gt;&#xFF0C;&#x4E26;&#x8A73;&#x8FF0;&#x6B65;&#x9A5F;&#x3002;&lt;/span&gt;&lt;/p&gt;&#xD;
&#xD;
&lt;p&gt;a b + c * d e + f * + w z + *&lt;/p&gt;&#xD;
&#xD;
&lt;p&gt;&lt;span style="font-family:&#x65B0;&#x7D30;&#x660E;&#x9AD4;,serif"&gt;&#x4F7F;&#x7528;&#x6A39;&#x72C0;&#x5716;&#x7684;&#x89E3;&#x6CD5;&#xFF0C;&#x4F9D;&#x5DE6;&#x3001;&#x53F3;&#x3001;&#x4E2D;&#x5F8C;&#x5E8F;&#x7684;&#x9806;&#x5E8F;&#xFF0C;&#x5C07;&#x904B;&#x7B97;&#x7B26;&#x865F;&#x8207;&#x5B57;&#x6BCD;&#x4F9D;&#x5E8F;&#x756B;&#x5165;&#x6A39;&#x72C0;&#x5716;&#xFF0C;&#x518D;&#x4F9D;&#x5DE6;&#x3001;&#x4E2D;&#x3001;&#x53F3;&#x4E2D;&#x5E8F;&#x7684;&#x9806;&#x5E8F;&#xFF0C;&#x8B80;&#x53D6;&#x904B;&#x7B97;&#x7B26;&#x865F;&#x8207;&#x5B57;&#x6BCD;&#xFF0C;&#x4E26;&#x52A0;&#x5165;&#x62EC;&#x865F;&#x5B8C;&#x6210;&#x6578;&#x5B78;&#x5217;&#x5F0F;&#x3002;&lt;/span&gt;((((a+b)*c)+((d+e)*f))*(w+z))&lt;/p&gt;&#xD;
&#xD;
&lt;p&gt;&amp;nbsp; &amp;nbsp; &amp;nbsp; &amp;nbsp; &amp;nbsp; &amp;nbsp; &amp;nbsp;&amp;nbsp;*&lt;/p&gt;&#xD;
&#xD;
&lt;p&gt;&amp;nbsp; &amp;nbsp; &amp;nbsp; &amp;nbsp; &amp;nbsp; &amp;nbsp; /&amp;nbsp;&amp;nbsp; \&lt;/p&gt;&#xD;
&#xD;
&lt;p&gt;&amp;nbsp; &amp;nbsp; &amp;nbsp; &amp;nbsp; &amp;nbsp;+&amp;nbsp; &amp;nbsp; &amp;nbsp; +&lt;/p&gt;&#xD;
&#xD;
&lt;p&gt;&amp;nbsp; &amp;nbsp; &amp;nbsp; &amp;nbsp;&amp;nbsp;/ \&amp;nbsp; &amp;nbsp; &amp;nbsp;/ \&lt;/p&gt;&#xD;
&#xD;
&lt;p&gt;&amp;nbsp; &amp;nbsp; &amp;nbsp;&amp;nbsp;*&amp;nbsp; &amp;nbsp;&amp;nbsp;*&amp;nbsp; &amp;nbsp;w&amp;nbsp; &amp;nbsp;z&lt;/p&gt;&#xD;
&#xD;
&lt;p&gt;&amp;nbsp; &amp;nbsp; / \&amp;nbsp; &amp;nbsp;/ \&lt;/p&gt;&#xD;
&#xD;
&lt;p&gt;&amp;nbsp; +&amp;nbsp; c&amp;nbsp; + &amp;nbsp;f&lt;/p&gt;&#xD;
&#xD;
&lt;p&gt;&amp;nbsp;/ \&amp;nbsp; &amp;nbsp; &amp;nbsp;/ \&lt;/p&gt;&#xD;
&#xD;
&lt;p&gt;a &amp;nbsp;b&amp;nbsp; &amp;nbsp;d &amp;nbsp;e&lt;/p&gt; </content>
  <attach></attach>
  <rcount></rcount>
  <rank></rank>
  <hit>19</hit>
  <lang>1</lang>
</data>
