<?xml version="1.0"?>
<data version="3.0" time="2024-07-19 08:53:45" type="post" filename="b000000001000000002.xml">
  <open_time>0000-00-00</open_time>
  <close_time>0000-00-00</close_time>
  <lang_name>Big5</lang_name>
  <board_id>1001296419</board_id>
  <node>000000001000000002</node>
  <site>1000110001</site>
  <pt>2023-11-27 17:55:35</pt>
  <poster>11813</poster>
  <realname>&#x5433;&#x5B9C;&#x9D3B;  </realname>
  <email>yhwu@cycu.edu.tw</email>
  <homepage>https://www.researchgate.net/profile/Yi-Hung-Wu-2  </homepage>
  <subject>Re: 111  </subject>
  <content>&lt;p&gt;Good!&lt;/p&gt; </content>
  <attach></attach>
  <rcount></rcount>
  <rank></rank>
  <hit>1</hit>
  <lang>1</lang>
</data>
