<?xml version="1.0"?>
<data version="3.0" time="2024-07-19 08:53:45" type="post" filename="b000000001.xml">
  <open_time>0000-00-00</open_time>
  <close_time>0000-00-00</close_time>
  <lang_name>Big5</lang_name>
  <board_id>1001296419</board_id>
  <node>000000001</node>
  <site>1000110001</site>
  <pt>2023-10-03 16:03:28</pt>
  <poster>11127116</poster>
  <realname>&#x66FE;&#x8A6E;&#x6DF3;  </realname>
  <email>kevin47338647@gmail.com</email>
  <homepage>  </homepage>
  <subject>111 </subject>
  <content>&lt;p&gt;111.&#x5BEB;&#x51FA;C++&#x7A0B;&#x5F0F;&#x78BC;&#x8AAA;&#x660E;&#x50B3;&#x503C;&#x547C;&#x53EB;call by value&#x3002;&lt;/p&gt;&#xD;
&#xD;
&lt;p&gt;#include &amp;lt;iostream&amp;gt;&lt;br /&gt;&#xD;
void doubleValue(int x) {&lt;br /&gt;&#xD;
&amp;nbsp; &amp;nbsp; x = x * 2; &amp;nbsp;// &#x4FEE;&#x6539;&#x8F38;&#x5165;&#x7684;&#x503C;&lt;br /&gt;&#xD;
&amp;nbsp; &amp;nbsp; std::cout &amp;lt;&amp;lt; &amp;quot;Inside function: x = &amp;quot; &amp;lt;&amp;lt; x &amp;lt;&amp;lt; std::endl;&lt;br /&gt;&#xD;
}&lt;/p&gt;&#xD;
&#xD;
&lt;p&gt;int main() {&lt;br /&gt;&#xD;
&amp;nbsp; &amp;nbsp; int a = 5;&lt;br /&gt;&#xD;
&amp;nbsp; &amp;nbsp; std::cout &amp;lt;&amp;lt; &amp;quot;Before function call: a = &amp;quot; &amp;lt;&amp;lt; a &amp;lt;&amp;lt; std::endl;&lt;br /&gt;&#xD;
&amp;nbsp; &amp;nbsp;&amp;nbsp;&lt;br /&gt;&#xD;
&amp;nbsp; &amp;nbsp; doubleValue(a); &amp;nbsp;// &#x547C;&#x53EB; doubleValue &#x51FD;&#x6578;&lt;br /&gt;&#xD;
&amp;nbsp; &amp;nbsp;&amp;nbsp;&lt;br /&gt;&#xD;
&amp;nbsp; &amp;nbsp; std::cout &amp;lt;&amp;lt; &amp;quot;After function call: a = &amp;quot; &amp;lt;&amp;lt; a &amp;lt;&amp;lt; std::endl; // &#x6CE8;&#x610F;&#x9019;&#x88E1;&#x7684; a &#x503C;&#x6C92;&#x6709;&#x6539;&#x8B8A;&lt;br /&gt;&#xD;
&amp;nbsp; &amp;nbsp; return 0;&lt;br /&gt;&#xD;
}&lt;br /&gt;&#xD;
&#x7576;&#x4F60;&#x904B;&#x884C;&#x9019;&#x6BB5;&#x7A0B;&#x5F0F;&#xFF0C;&#x4F60;&#x6703;&#x5F97;&#x5230;&#x4EE5;&#x4E0B;&#x8F38;&#x51FA;&#xFF1A;&lt;/p&gt;&#xD;
&#xD;
&lt;p&gt;Before function call: a = 5&lt;br /&gt;&#xD;
Inside function: x = 10&lt;br /&gt;&#xD;
After function call: a = 5&lt;/p&gt;&#xD;
&#xD;
&lt;p&gt;&lt;br /&gt;&#xD;
&#x5118;&#x7BA1;&#x5728; doubleValue &#x51FD;&#x6578;&#x4E2D; x &#x7684;&#x503C;&#x88AB;&#x6539;&#x8B8A;&#x4E86;&#xFF0C;&#x4F46;&#x662F;&#x5728; main &#x51FD;&#x6578;&#x4E2D;&#x7684; a &#x7684;&#x503C;&#x4E26;&#x6C92;&#x6709;&#x6539;&#x8B8A;&#x3002;&#x9019;&#x662F;&#x56E0;&#x70BA; doubleValue &#x51FD;&#x6578;&#x7372;&#x5F97;&#x7684;&#x662F; a &#x7684;&#x4E00;&#x500B;&#x62F7;&#x8C9D;&#xFF0C;&#x6240;&#x4EE5;&#x5C0D;&#x5B83;&#x7684;&#x4EFB;&#x4F55;&#x4FEE;&#x6539;&#x90FD;&#x4E0D;&#x6703;&#x5F71;&#x97FF;&#x5230;&#x539F;&#x4F86;&#x7684; a&#x3002;&#x9019;&#x5C31;&#x662F;&#x50B3;&#x503C;&#x547C;&#x53EB;&#x7684;&#x7279;&#x9EDE;&#x3002;&lt;/p&gt;&#xD;
&#xD;
&lt;p&gt;&#x4EE5;&#x4E0B;&#x8A0E;&#x8AD6;&#x7684;&#x70BA;&#x7576;&#x53C3;&#x6578;&#x70BA;&#x6307;&#x6A19;&#x6642;&#xFF0C;&#x8981;&#x6CE8;&#x610F;&#x7684;&#x9EDE;:&lt;/p&gt;&#xD;
&#xD;
&lt;p&gt;&#x4F60;&#x4ECD;&#x7136;&#x662F;&#x5728;&#x4F7F;&#x7528;&#x50B3;&#x503C;&#x547C;&#x53EB;&#xFF0C;&#x4F46;&#x4F60;&#x50B3;&#x905E;&#x7684;&#x662F;&#x6307;&#x6A19;&#x7684;&#x503C; (&#x5373;&#x8A18;&#x61B6;&#x9AD4;&#x5730;&#x5740;)&#x3002;&#x9019;&#x610F;&#x5473;&#x8457;&#x5728;&#x51FD;&#x6578;&#x4E2D;&#x4F60;&#x53EF;&#x4EE5;&#x900F;&#x904E;&#x8A72;&#x6307;&#x6A19;&#x4FEE;&#x6539;&#x5B83;&#x6240;&#x6307;&#x5411;&#x7684;&#x503C;&#xFF0C;&#x4F46;&#x4F60;&#x4E0D;&#x80FD;&#x6539;&#x8B8A;&#x6307;&#x6A19;&#x672C;&#x8EAB;&#x6240;&#x6307;&#x5411;&#x7684;&#x8A18;&#x61B6;&#x9AD4;&#x5730;&#x5740;&#x3002;&lt;/p&gt; </content>
  <attach></attach>
  <rcount></rcount>
  <rank></rank>
  <hit>42</hit>
  <lang>1</lang>
</data>
