<?xml version="1.0"?>
<data version="3.0" time="2024-07-19 09:01:04" type="post" filename="b000000003.xml">
  <open_time>0000-00-00</open_time>
  <close_time>0000-00-00</close_time>
  <lang_name>Big5</lang_name>
  <board_id>1001174281</board_id>
  <node>000000003</node>
  <site>1000110001</site>
  <pt>2022-12-28 01:58:08</pt>
  <poster>11027242</poster>
  <realname>&#x5F35;&#x5B50;&#x5143;  </realname>
  <email>wen031291@gmail.com</email>
  <homepage> </homepage>
  <subject>226. &#x8209;&#x4F8B;&#x8AAA;&#x660E;&#x5982;&#x4F55;&#x70BA;&#x4E8C;&#x5143;&#x641C;&#x5C0B;&#x6A39;&#x522A;&#x9664;&#x7BC0;&#x9EDE;&#x3002; </subject>
  <content>&lt;p&gt;&#x5047;&#x8A2D;&#x8981;&#x522A;&#x9664;&#x6700;&#x5927;&#x7684;&#x7BC0;&#x9EDE;&#xFF0C;&#x56E0;&#x984C;&#x76EE;&#x53EA;&#x554F;&#x5982;&#x4F55;&#x522A;&#x9664;&#x7BC0;&#x9EDE;&#xFF0C;&#x56E0;&#x6B64;&#x7701;&#x7565;&#x67E5;&#x627E;&#x6700;&#x5927;&#x7BC0;&#x9EDE;&#x7684;&#x6B65;&#x9A5F;&lt;/p&gt;&#xD;
&#xD;
&lt;p&gt;&#x5206;&#x56DB;&#x500B;case&lt;/p&gt;&#xD;
&#xD;
&lt;p&gt;&lt;img alt="" src="/user/1/1/11027242/images/S__19152914.jpg" style="height:1479px; width:1109px" /&gt;&lt;/p&gt;</content>
  <attach></attach>
  <rcount></rcount>
  <rank></rank>
  <hit>40</hit>
  <lang>1</lang>
</data>
