<?xml version="1.0"?>
<data version="3.0" time="2024-07-19 09:01:04" type="post" filename="b000000004000000001.xml">
  <open_time>0000-00-00</open_time>
  <close_time>0000-00-00</close_time>
  <lang_name>Big5</lang_name>
  <board_id>1001174281</board_id>
  <node>000000004000000001</node>
  <site>1000110001</site>
  <pt>2022-12-30 11:13:48</pt>
  <poster>11813</poster>
  <realname>&#x5433;&#x5B9C;&#x9D3B;  </realname>
  <email>yhwu@cycu.edu.tw</email>
  <homepage>https://www.researchgate.net/profile/Yi-Hung-Wu-2  </homepage>
  <subject>Re: 227. &#x5217;&#x8209;&#x4E8C;&#x5143;&#x641C;&#x5C0B;&#x6A39;&#x548C;&#x5806;&#x7A4D;heap&#x7684;&#x4E09;&#x9805;&#x5DEE;&#x7570;&#x3002;  </subject>
  <content>&lt;p&gt;&#x5927;&#x81F4;OK&#xFF0C;&#x53EA;&#x6709;&#x6700;&#x5F8C;&#x4E00;&#x53E5;&#x6BD4;&#x8F03;&#x602A;&#xFF1A;&amp;quot;&lt;em&gt;&#x5728;&#x641C;&#x5C0B;&#x6642;&#xFF0C;heap&#x7684;Big O &#x70BA; O(n)&lt;/em&gt;&amp;quot;&lt;/p&gt;&#xD;
&#xD;
&lt;p&gt;&lt;span style="color:#b22222"&gt;&#x53EF;&#x80FD;&#x8981;&#x66F4;&#x7CBE;&#x78BA;&#x6307;&#x51FA;&amp;quot;&#x641C;&#x5C0B;&amp;quot;&#x662F;&#x4EC0;&#x9EBC;&#x610F;&#x601D;&#xFF1F;heap&#x7684;&#x7528;&#x9014;&#x4E26;&#x4E0D;&#x662F;&#x4EFB;&#x610F;&#x641C;&#x5C0B;&#x3002;&lt;/span&gt;&lt;/p&gt; </content>
  <attach></attach>
  <rcount></rcount>
  <rank></rank>
  <hit>1</hit>
  <lang>1</lang>
</data>
