<?xml version="1.0"?>
<data version="3.0" time="2024-07-19 09:01:04" type="post" filename="b000000004.xml">
  <open_time>0000-00-00</open_time>
  <close_time>0000-00-00</close_time>
  <lang_name>Big5</lang_name>
  <board_id>1001174281</board_id>
  <node>000000004</node>
  <site>1000110001</site>
  <pt>2022-12-29 00:08:56</pt>
  <poster>11027256</poster>
  <realname>&#x674E;&#x52BC;&#x53E1;  </realname>
  <email>s11027256@cycu.edu.tw</email>
  <homepage>  </homepage>
  <subject>227. &#x5217;&#x8209;&#x4E8C;&#x5143;&#x641C;&#x5C0B;&#x6A39;&#x548C;&#x5806;&#x7A4D;heap&#x7684;&#x4E09;&#x9805;&#x5DEE;&#x7570;&#x3002; </subject>
  <content>&lt;p&gt;1. heap&#x548C;Binary Search Tree(&#x4EE5;&#x4E0B;&#x7C21;&#x7A31;B.S.T)&#x90FD;&#x70BA;Binary Tree&#x4F46;&#x53EA;&#x6709;heap&#x70BA;&#x4E00;complete Binary Tree&#xFF0C;B.S.T&#x5247;&#x672A;&#x5FC5;(&#x591A;&#x70BA;&#x96A8;&#x610F;&#x7684;&#x6A39;&#x72C0;&#x7D50;&#x69CB;)&lt;/p&gt;&#xD;
&#xD;
&lt;p&gt;2. &#x5EFA;&#x6A39;&#x898F;&#x5247;&#x7684;&#x5DEE;&#x5225;&lt;/p&gt;&#xD;
&#xD;
&lt;p&gt;&lt;strong&gt;heap:&lt;/strong&gt;&lt;/p&gt;&#xD;
&#xD;
&lt;p&gt;heap&#x5206;&#x6210;&#x5169;&#x7A2E;&#x6A39;&#x72C0;&#x7D50;&#x69CB;&#xFF0C;min-heap&#x548C;Max-heap&#x3002;&lt;/p&gt;&#xD;
&#xD;
&lt;p&gt;min-heap&#x7684;&#x4EFB;&#x4E00;&#x7BC0;&#x9EDE;&#x6703;&#x5C0F;&#x65BC;&#x4ED6;&#x7684;&#x5B50;&#x7BC0;&#x9EDE;&#x7684;&#x503C;&#xFF0C;&#x4E14;root&#x70BA;&#x6A39;&#x4E2D;&#x7684;&#x6700;&#x5C0F;&#x503C;&#x3002;&lt;/p&gt;&#xD;
&#xD;
&lt;p&gt;Max-heap&#x7684;&#x4EFB;&#x4E00;&#x7BC0;&#x9EDE;&#x5247;&#x6703;&#x5927;&#x65BC;&#x4ED6;&#x7684;&#x5B50;&#x7BC0;&#x9EDE;&#x7684;&#x503C;&#xFF0C;&#x4E14;root&#x70BA;&#x6A39;&#x4E2D;&#x7684;&#x6700;&#x5927;&#x503C;&#x3002;&lt;/p&gt;&#xD;
&#xD;
&lt;p&gt;&lt;strong&gt;B.S.T:&lt;/strong&gt;&lt;/p&gt;&#xD;
&#xD;
&lt;p&gt;B.S.T&#x7684;&#x6BCF;&#x4E00;&#x500B;&#x7BC0;&#x9EDE;&#x7684;&#x503C;&#x5247;&#x6703;&#x5927;&#x65BC;&#x6240;&#x6709;&#x5DE6;&#x5B50;&#x6A39;&#x7684;&#x503C;&#xFF0C;&#x4E26;&#x5C0F;&#x65BC;&#x6240;&#x6709;&#x53F3;&#x5B50;&#x6A39;&#x7684;&#x503C;&#x3002;&lt;/p&gt;&#xD;
&#xD;
&lt;p&gt;&#x7D50;&#x8AD6;&#xFF1A;&#x7C21;&#x8A00;&#x4E4B;&#xFF0C;heap&#x7684;&#x6392;&#x5E8F;&#x662F;&#x5F9E;root&#x5230;leaf&#xFF0C;&#x800C;B.S.T&#x5247;&#x662F;&#x5F9E;Left subtree&#x5230;Right subtree&lt;/p&gt;&#xD;
&#xD;
&lt;p&gt;3. &#x641C;&#x5C0B;&#x6642;&#x7684;&#x6642;&#x9593;&#x8907;&#x96DC;&#x5EA6;&#x7684;&#x5DEE;&#x7570;&lt;/p&gt;&#xD;
&#xD;
&lt;p&gt;&#x5728;&#x641C;&#x5C0B;&#x6642;&#xFF0C;heap&#x7684;Big O &#x70BA; O(n)&#xFF0C;&#x800C;B.S.T&#x7684;&#x70BA;O(logn)&lt;/p&gt; </content>
  <attach></attach>
  <rcount></rcount>
  <rank></rank>
  <hit>20</hit>
  <lang>1</lang>
</data>
