<?xml version="1.0"?>
<data version="3.0" time="2024-07-19 09:01:04" type="post" filename="b000000006.xml">
  <open_time>0000-00-00</open_time>
  <close_time>0000-00-00</close_time>
  <lang_name>Big5</lang_name>
  <board_id>1001174281</board_id>
  <node>000000006</node>
  <site>1000110001</site>
  <pt>2023-01-02 17:25:20</pt>
  <poster>11027211</poster>
  <realname>&#x6797;&#x82B7;&#xFF1F;  </realname>
  <email>lin0966770819@gmail.com</email>
  <homepage> </homepage>
  <subject>230.&#x6BD4;&#x8F03;&#x4EE5;&#x9663;&#x5217;&#x6216;&#x6307;&#x6A19;&#x5BE6;&#x4F5C;&#x5806;&#x7A4D;&#x7D50;&#x69CB;&#x7684;&#x512A;&#x7F3A;&#x9EDE;&#x3002; </subject>
  <content>&lt;p&gt;&#x9663;&#x5217;&#xFF1A;&lt;/p&gt;&#xD;
&#xD;
&lt;p&gt;&#x512A;&#xFF1A;&#x5B58;&#x53D6;&#x8CC7;&#x6599;&#x4F7F;&#x7528;&#x6642;&#x9593;&#x6BD4;&#x9663;&#x5217;&#x6709;&#x6548;&#x7387; &#x4E5F;&#x4E0D;&#x7528;&#x591A;&#x8A18;&#x9304;&#x6307;&#x6A19; &#x7BC0;&#x7701;&#x8A18;&#x61B6;&#x9AD4;&#x7A7A;&#x9593;&lt;/p&gt;&#xD;
&#xD;
&lt;p&gt;&#x7F3A;&#xFF1A;&#x65B0;&#x589E;&#x8DDF;&#x522A;&#x9664;&#x8F03;&#x9EBB;&#x7169;&lt;/p&gt;&#xD;
&#xD;
&lt;p&gt;&#x6307;&#x6A19;&#xFF1A;&lt;/p&gt;&#xD;
&#xD;
&lt;p&gt;&#x512A;&#xFF1A;&#x65B0;&#x589E;&#x8DDF;&#x522A;&#x9664;&#x8F03;&#x65B9;&#x4FBF;&#xFF0C;&#x53EA;&#x9700;&#x8981;&#x52D5;&#x5230;&#x65B0;&#x589E;&#x6216;&#x662F;&#x522A;&#x9664;&#x7684;&#x76F8;&#x95DC;&#x7BC0;&#x9EDE;&#x5C31;&#x597D;&lt;/p&gt;&#xD;
&#xD;
&lt;p&gt;&#x7F3A;&#xFF1A;&#x4E0D;&#x80FD;&#x50CF;&#x9663;&#x5217;&#x4E00;&#x6A23;&#x76F4;&#x63A5;&#x7528;index&#x627E;&#x5230;&#x5143;&#x7D20;&lt;/p&gt;</content>
  <attach></attach>
  <rcount></rcount>
  <rank></rank>
  <hit>28</hit>
  <lang>1</lang>
</data>
