<?xml version="1.0"?>
<data version="3.0" time="2024-07-19 09:01:04" type="post" filename="b000000008.xml">
  <open_time>0000-00-00</open_time>
  <close_time>0000-00-00</close_time>
  <lang_name>Big5</lang_name>
  <board_id>1001174281</board_id>
  <node>000000008</node>
  <site>1000110001</site>
  <pt>2023-01-03 23:23:45</pt>
  <poster>11027218</poster>
  <realname>&#x4F55;&#x5BB6;&#x965E;  </realname>
  <email>jho2k1@gmail.com</email>
  <homepage>  </homepage>
  <subject>227. &#x5217;&#x8209;&#x4E8C;&#x5143;&#x641C;&#x5C0B;&#x6A39;&#x548C;&#x5806;&#x7A4D;heap&#x7684;&#x4E09;&#x9805;&#x5DEE;&#x7570;&#x3002; </subject>
  <content>&lt;p&gt;1. Heaps have to be complete binary trees, while binary search trees can have unfilled nodes.&lt;/p&gt;&#xD;
&#xD;
&lt;p&gt;2. Binary search trees are sorted with larger values to the right and smaller values to the left, while heaps are not.&lt;/p&gt;&#xD;
&#xD;
&lt;p&gt;3. Heaps allow duplicate values, while binary search trees do not.&lt;/p&gt; </content>
  <attach></attach>
  <rcount></rcount>
  <rank></rank>
  <hit>8</hit>
  <lang>1</lang>
</data>
