<?xml version="1.0"?>
<data version="3.0" time="2024-07-19 09:01:04" type="post" filename="b000000002.xml">
  <open_time>0000-00-00</open_time>
  <close_time>0000-00-00</close_time>
  <lang_name>Big5</lang_name>
  <board_id>1001174281</board_id>
  <node>000000002</node>
  <site>1000110001</site>
  <pt>2022-12-27 12:43:03</pt>
  <poster>10928156</poster>
  <realname>&#x8521;&#x5B9C;&#x5448;  </realname>
  <email>EASONYCTSAI@GMAIL.COM</email>
  <homepage> </homepage>
  <subject>229. &#x8209;&#x4F8B;&#x89E3;&#x8AAA;&#x5806;&#x7A4D;&#x6392;&#x5E8F;heap sort&#x662F;&#x5426;&#x7A69;&#x5B9A;&#x6392;&#x5E8F;&#x3002; </subject>
  <content>&lt;p&gt;Heap sort&#x4E0D;&#x662F;&#x4E00;&#x500B;&#x7A69;&#x5B9A;&#x7684;&#x6392;&#x5E8F;&amp;nbsp;&lt;/p&gt;&#xD;
&#xD;
&lt;p&gt;Heap sort &#x7684;&#x6A5F;&#x5236;&#x662F;&#x5EFA;&#x7ACB;&#x4E00;&#x500B;&#x4E8C;&#x5143;&#x6A39;&#xFF0C;&#x7136;&#x5F8C;&#x53CD;&#x5FA9;&#x5F9E;&#x4E2D;&#x63D0;&#x53D6;&#x6700;&#x5C0F;&#x7684;&#x5143;&#x7D20;&#xFF0C;&#x76F4;&#x5230;&#x6700;&#x5F8C;&#x3002;&amp;nbsp;&lt;/p&gt;&#xD;
&#xD;
&lt;p&gt;&#x7531;&#x65BC;&#x4E8C;&#x5143;&#x6A39;&#x4E2D;&#x4E0D;&#x4FDD;&#x7559;&#x6578;&#x503C;&#x76F8;&#x540C;&#x7684;&#x5143;&#x7D20;&#x7684;&#x76F8;&#x5C0D;&#x9806;&#x5E8F;&#xFF0C;&#x6240;&#x4EE5;&#x7576;&#x4F7F;&#x7528; Heap sort &#x5C0D;&#x6578;&#x5217;&#x9032;&#x884C;&#x6392;&#x5217;&#x6642;&#xFF0C;&#x53EF;&#x80FD;&#x6703;&#x91CD;&#x65B0;&#x6392;&#x5217;&#x6578;&#x5217;&#x88E1;&#x7684;&#x5143;&#x7D20;&#xFF0C;&#x800C;&#x4E0D;&#x4E00;&#x5B9A;&#x662F;&#x6578;&#x7D44;&#x7684;&#x539F;&#x59CB;&#x9806;&#x5E8F;&#x3002;&#x56E0;&#x6B64;&#x6578;&#x503C;&#x76F8;&#x540C;&#x7684;&#x5143;&#x7D20;&#x53EF;&#x80FD;&#x6703;&#x88AB;&#x91CD;&#x65B0;&#x6392;&#x5217;&#xFF0C;&#x56E0;&#x6B64;&#x4ED6;&#x5011;&#x5728;&#x6392;&#x5E8F;&#x5F8C;&#x7684;&#x5217;&#x8868;&#x4E2D;&#x7684;&#x76F8;&#x5C0D;&#x9806;&#x5E8F;&#x53EF;&#x80FD;&#x6703;&#x6539;&#x8B8A;&#x3002;&amp;nbsp;&lt;/p&gt;&#xD;
&#xD;
&lt;p&gt;&amp;nbsp;&amp;nbsp;&lt;/p&gt;&#xD;
&#xD;
&lt;p&gt;&#x8209;&#x4F8B;&#x4F86;&#x8AAA;&amp;nbsp;&lt;/p&gt;&#xD;
&#xD;
&lt;p&gt;&amp;nbsp;4&amp;nbsp;, 3a , 3b , 2 , 1&amp;nbsp;&lt;/p&gt;&#xD;
&#xD;
&lt;p&gt;3a=3b&amp;nbsp;&lt;/p&gt;&#xD;
&#xD;
&lt;p&gt;&#x5982;&#x679C;&#x6211;&#x5011;&#x4F7F;&#x7528;&#x4E00;&#x500B;&#x7A69;&#x5B9A;&#x7684;&#x6392;&#x5E8F;&#x6CD5;ex. Merge sort&#x5C0D;&#x9019;&#x500B;&#x6578;&#x5217;&#x9032;&#x884C;&#x6392;&#x5E8F;&#xFF0C;&#x5F97;&#x5230;&#x7684;&#x6578;&#x5217;&#x5C07;&#x4FDD;&#x6301;&#x5177;&#x6709;&#x539F;&#x6709;&#x7684;&#x76F8;&#x5C0D;&#x9806;&#x5E8F;&#x3002;&amp;nbsp;&lt;/p&gt;&#xD;
&#xD;
&lt;p&gt;&#x4F8B;&#x5982;:&amp;nbsp;1&amp;nbsp;, 2 , 3a , 3b , 4&amp;nbsp;&lt;/p&gt;&#xD;
&#xD;
&lt;p&gt;&#x7136;&#x800C;&#xFF0C;&#x5982;&#x679C;&#x6211;&#x5011;&#x4F7F;&#x7528; Heap sort &#x4F86;&#x5C0D;&#x540C;&#x4E00;&#x500B;&#x6578;&#x5217;&#x9032;&#x884C;&#x6392;&#x5E8F;&#xFF0C;&#x9996;&#x5148;4&#x88AB;&#x79FB;&#x9664;&#x4E26;&#x653E;&#x5728;&#x6700;&#x5F8C;&#x4E00;&#x500B;&#x4F4D;&#x7F6E;&#x4E0A;&#xFF0C;&#x7136;&#x5F8C;3a&#x88AB;&#x79FB;&#x9664;&#x4E26;&#x653E;&#x5728;&#x5012;&#x6578;&#x7B2C;&#x4E8C;&#x7684;&#x4F4D;&#x7F6E;&#x4E0A;&#xFF0C;3b&#x653E;&#x5728;&#x7B2C;&#x4E09;&#x7684;&#x4F4D;&#x7F6E;&#x4E0A;&#xFF0C;&#x6240;&#x4EE5;Heap sort&#x6392;&#x5217;&#x5F8C;&#x7684;&#x6578;&#x7D44;&#x5F97;&#x5230;&#x7684;&#x5217;&#x8868;&#x5C07;&#x4E0D;&#x6703;&#x4FDD;&#x6301;&#x6578;&#x5217;&#x539F;&#x6709;&#x7684;&#x76F8;&#x5C0D;&#x9806;&#x5E8F;&#x3002;&amp;nbsp;&lt;/p&gt;&#xD;
&#xD;
&lt;p&gt;&#x4F8B;&#x5982;:&amp;nbsp;1&amp;nbsp;,2, 3b, 3a, 4&lt;/p&gt;</content>
  <attach></attach>
  <rcount></rcount>
  <rank></rank>
  <hit>25</hit>
  <lang>1</lang>
</data>
