<?xml version="1.0"?>
<data version="3.0" time="2024-07-19 09:01:04" type="post" filename="b000000007.xml">
  <open_time>0000-00-00</open_time>
  <close_time>0000-00-00</close_time>
  <lang_name>Big5</lang_name>
  <board_id>1001174281</board_id>
  <node>000000007</node>
  <site>1000110001</site>
  <pt>2023-01-03 23:19:24</pt>
  <poster>11027218</poster>
  <realname>&#x4F55;&#x5BB6;&#x965E;  </realname>
  <email>jho2k1@gmail.com</email>
  <homepage>  </homepage>
  <subject>226. &#x8209;&#x4F8B;&#x8AAA;&#x660E;&#x5982;&#x4F55;&#x70BA;&#x4E8C;&#x5143;&#x641C;&#x5C0B;&#x6A39;&#x522A;&#x9664;&#x7BC0;&#x9EDE;&#x3002; </subject>
  <content>&lt;p&gt;For a node that is to be deleted there can be four cases.&lt;/p&gt;&#xD;
&#xD;
&lt;p&gt;No nodes below:&lt;br /&gt;&#xD;
Delete current node.&lt;/p&gt;&#xD;
&#xD;
&lt;p&gt;Only left node below:&lt;br /&gt;&#xD;
Delete current node and connect left node to previous node.&lt;/p&gt;&#xD;
&#xD;
&lt;p&gt;Only right node below:&lt;br /&gt;&#xD;
Delete current node and connect right node to previous node.&lt;/p&gt;&#xD;
&#xD;
&lt;p&gt;Both left and right nodes below:&lt;br /&gt;&#xD;
Find the left most node on the sub-tree to the right and replace the current node with the found node, then delete the node that was found.&lt;/p&gt; </content>
  <attach></attach>
  <rcount></rcount>
  <rank></rank>
  <hit>8</hit>
  <lang>1</lang>
</data>
