<?xml version="1.0"?>
<data version="3.0" time="2024-07-19 09:01:04" type="post" filename="b000000001000000001.xml">
  <open_time>0000-00-00</open_time>
  <close_time>0000-00-00</close_time>
  <lang_name>Big5</lang_name>
  <board_id>1001174281</board_id>
  <node>000000001000000001</node>
  <site>1000110001</site>
  <pt>2022-12-26 11:40:13</pt>
  <poster>11813</poster>
  <realname>&#x5433;&#x5B9C;&#x9D3B;  </realname>
  <email>yhwu@cycu.edu.tw</email>
  <homepage>https://www.researchgate.net/profile/Yi-Hung-Wu-2 </homepage>
  <subject>Re: 226. &#x8209;&#x4F8B;&#x8AAA;&#x660E;&#x5982;&#x4F55;&#x70BA;&#x4E8C;&#x5143;&#x641C;&#x5C0B;&#x6A39;&#x522A;&#x9664;&#x7BC0;&#x9EDE;&#x3002;  </subject>
  <content>&lt;p&gt;&amp;quot;&#x8209;&#x4F8B;&#x8AAA;&#x660E;&#x5982;&#x4F55;&#x70BA;&#x4E8C;&#x5143;&#x641C;&#x5C0B;&#x6A39;&#x522A;&#x9664;&#x7BC0;&#x9EDE;&#x3002;&amp;quot;&amp;nbsp;&lt;/p&gt;&#xD;
&#xD;
&lt;p&gt;Give an &lt;strong&gt;example &lt;/strong&gt;to show how to delete a node from binary search tree.&lt;/p&gt;&#xD;
&#xD;
&lt;p&gt;&lt;span style="color:#ff0000"&gt;Do&amp;nbsp;NOT provide the code!&lt;/span&gt;&lt;/p&gt;&#xD;
&#xD;
&lt;p&gt;&lt;em&gt;Only an&amp;nbsp;example and the explanation in your own words are needed!&lt;/em&gt;&lt;/p&gt;&#xD;
&#xD;
&lt;p&gt;PS. An example means the input data, while explanation refers to the steps to proceed.&lt;/p&gt;</content>
  <attach></attach>
  <rcount></rcount>
  <rank></rank>
  <hit>3</hit>
  <lang>1</lang>
</data>
