<?xml version="1.0"?>
<data version="3.0" time="2024-07-19 09:01:04" type="post" filename="b000000001000000002.xml">
  <open_time>0000-00-00</open_time>
  <close_time>0000-00-00</close_time>
  <lang_name>Big5</lang_name>
  <board_id>1001174281</board_id>
  <node>000000001000000002</node>
  <site>1000110001</site>
  <pt>2022-12-26 18:19:19</pt>
  <poster>11027217</poster>
  <realname>&#x80E1;&#x4F51;&#x798E;  </realname>
  <email>jenny920622@gmail.com</email>
  <homepage>  </homepage>
  <subject>Re: 226. &#x8209;&#x4F8B;&#x8AAA;&#x660E;&#x5982;&#x4F55;&#x70BA;&#x4E8C;&#x5143;&#x641C;&#x5C0B;&#x6A39;&#x522A;&#x9664;&#x7BC0;&#x9EDE;&#x3002;  </subject>
  <content>&lt;p&gt;&#x1F44D;&#x1F3FB;&lt;/p&gt; </content>
  <attach></attach>
  <rcount></rcount>
  <rank></rank>
  <hit>1</hit>
  <lang>1</lang>
</data>
