<?xml version="1.0"?>
<data version="3.0" time="2024-07-19 09:01:04" type="post" filename="b000000005.xml">
  <open_time>0000-00-00</open_time>
  <close_time>0000-00-00</close_time>
  <lang_name>Big5</lang_name>
  <board_id>1001174281</board_id>
  <node>000000005</node>
  <site>1000110001</site>
  <pt>2023-01-02 17:16:07</pt>
  <poster>11027211</poster>
  <realname>&#x6797;&#x82B7;&#xFF1F;  </realname>
  <email>lin0966770819@gmail.com</email>
  <homepage>  </homepage>
  <subject>229. &#x8209;&#x4F8B;&#x89E3;&#x8AAA;&#x5806;&#x7A4D;&#x6392;&#x5E8F;heap sort&#x662F;&#x5426;&#x7A69;&#x5B9A;&#x6392;&#x5E8F; </subject>
  <content>&lt;p&gt;&#x4E0D;&#x7A69;&#x5B9A;&#x6392;&#x5E8F;&lt;/p&gt;&#xD;
&#xD;
&lt;p&gt;&#x6392;&#x5E8F;&#x5F8C;&#x76F8;&#x540C;&#x503C;&#x7684;&#x76F8;&#x5C0D;&#x4F4D;&#x7F6E;&#x53EF;&#x80FD;&#x88AB;&#x8ABF;&#x63DB;&lt;/p&gt; </content>
  <attach></attach>
  <rcount></rcount>
  <rank></rank>
  <hit>16</hit>
  <lang>1</lang>
</data>
