<?xml version="1.0"?>
<data version="3.0" time="2024-07-19 09:01:04" type="post" filename="b000000003000000002.xml">
  <open_time>0000-00-00</open_time>
  <close_time>0000-00-00</close_time>
  <lang_name>Big5</lang_name>
  <board_id>1001174281</board_id>
  <node>000000003000000002</node>
  <site>1000110001</site>
  <pt>2022-12-28 20:31:31</pt>
  <poster>11027246</poster>
  <realname>&#x6797;&#x8A70;&#x8A60;  </realname>
  <email>a78419261@gmail.com</email>
  <homepage>  </homepage>
  <subject>Re: 226. &#x8209;&#x4F8B;&#x8AAA;&#x660E;&#x5982;&#x4F55;&#x70BA;&#x4E8C;&#x5143;&#x641C;&#x5C0B;&#x6A39;&#x522A;&#x9664;&#x7BC0;&#x9EDE;&#x3002;  </subject>
  <content>&lt;p&gt;&#x756B;&#x5F97;&#x592A;&#x597D;&#xFF0C;&#x8A2D;&#x8A08;&#x5B78;&#x9662;&#x6C92;&#x8ACB;&#x4F60;&#x53BB;&#x756B;&#x6A39;&#xFF0C;&#x662F;&#x4ED6;&#x5011;&#x83AB;&#x5927;&#x7684;&#x640D;&#x5931;&lt;/p&gt; </content>
  <attach></attach>
  <rcount></rcount>
  <rank></rank>
  <hit>1</hit>
  <lang>1</lang>
</data>
