<?xml version="1.0"?>
<data version="3.0" time="2024-07-19 09:01:04" type="post" filename="b000000005000000001.xml">
  <open_time>0000-00-00</open_time>
  <close_time>0000-00-00</close_time>
  <lang_name>Big5</lang_name>
  <board_id>1001174281</board_id>
  <node>000000005000000001</node>
  <site>1000110001</site>
  <pt>2023-01-02 17:45:00</pt>
  <poster>11813</poster>
  <realname>&#x5433;&#x5B9C;&#x9D3B;  </realname>
  <email>yhwu@cycu.edu.tw</email>
  <homepage>https://www.researchgate.net/profile/Yi-Hung-Wu-2  </homepage>
  <subject>Re: 229. &#x8209;&#x4F8B;&#x89E3;&#x8AAA;&#x5806;&#x7A4D;&#x6392;&#x5E8F;heap sort&#x662F;&#x5426;&#x7A69;&#x5B9A;&#x6392;&#x5E8F;  </subject>
  <content>&lt;p&gt;&lt;span style="color:#ff0000"&gt;&lt;strong&gt;&#x8209;&#x4F8B;&lt;/strong&gt;&#x89E3;&#x8AAA;&#xFF1F;&lt;/span&gt;&lt;/p&gt; </content>
  <attach></attach>
  <rcount></rcount>
  <rank></rank>
  <hit>1</hit>
  <lang>1</lang>
</data>
