<?xml version="1.0"?>
<data version="3.0" time="2024-07-19 09:01:04" type="post" filename="b000000008000000001.xml">
  <open_time>0000-00-00</open_time>
  <close_time>0000-00-00</close_time>
  <lang_name>Big5</lang_name>
  <board_id>1001174281</board_id>
  <node>000000008000000001</node>
  <site>1000110001</site>
  <pt>2023-01-04 15:21:58</pt>
  <poster>11813</poster>
  <realname>&#x5433;&#x5B9C;&#x9D3B;  </realname>
  <email>yhwu@cycu.edu.tw</email>
  <homepage>https://www.researchgate.net/profile/Yi-Hung-Wu-2  </homepage>
  <subject>Re: 227. &#x5217;&#x8209;&#x4E8C;&#x5143;&#x641C;&#x5C0B;&#x6A39;&#x548C;&#x5806;&#x7A4D;heap&#x7684;&#x4E09;&#x9805;&#x5DEE;&#x7570;&#x3002;  </subject>
  <content>&lt;p&gt;&lt;span style="color:#b22222"&gt;The 3rd item is not quite correct. Both of them allow duplicate values.&lt;/span&gt;&lt;/p&gt; </content>
  <attach></attach>
  <rcount></rcount>
  <rank></rank>
  <hit>1</hit>
  <lang>1</lang>
</data>
