<?xml version="1.0"?>
<data version="3.0" time="2024-07-19 08:50:08" type="post" filename="b000000018.xml">
  <open_time>0000-00-00</open_time>
  <close_time>0000-00-00</close_time>
  <lang_name>Big5</lang_name>
  <board_id>1001305434</board_id>
  <node>000000018</node>
  <site>1000110001</site>
  <pt>2023-10-25 15:24:27</pt>
  <poster>11127230</poster>
  <realname>&#x937E;&#x5E1B;&#x52F3;  </realname>
  <email>jone921216@gmail.com</email>
  <homepage>  </homepage>
  <subject>122. &#x5BEB;C++&#x7A0B;&#x5F0F;&#x78BC;&#x8AAA;&#x660E;&#x50B3;&#x53C3;&#x8003;&#x547C;&#x53EB;call by reference&#x3002; </subject>
  <content>&lt;p&gt;void addone(int &amp;amp; a) {&lt;/p&gt;&#xD;
&#xD;
&lt;p&gt;a+=1;&lt;/p&gt;&#xD;
&#xD;
&lt;p&gt;}&lt;/p&gt;&#xD;
&#xD;
&lt;p&gt;int main() {&lt;/p&gt;&#xD;
&#xD;
&lt;p&gt;int a = 1;&lt;/p&gt;&#xD;
&#xD;
&lt;p&gt;addone(a);&lt;/p&gt;&#xD;
&#xD;
&lt;p&gt;cout &amp;lt;&amp;lt; a;&lt;/p&gt;&#xD;
&#xD;
&lt;p&gt;}&lt;/p&gt; </content>
  <attach></attach>
  <rcount></rcount>
  <rank></rank>
  <hit>9</hit>
  <lang>1</lang>
</data>
