<?xml version="1.0"?>
<data version="3.0" time="2024-07-19 08:50:08" type="post" filename="b000000003.xml">
  <open_time>0000-00-00</open_time>
  <close_time>0000-00-00</close_time>
  <lang_name>Big5</lang_name>
  <board_id>1001305434</board_id>
  <node>000000003</node>
  <site>1000110001</site>
  <pt>2023-10-16 08:57:52</pt>
  <poster>11127229</poster>
  <realname>&#x5ED6;&#x7FCA;&#x5D34;  </realname>
  <email>willy.liao921118@gmail.com</email>
  <homepage> </homepage>
  <subject>121. &#x8209;&#x4F8B;&#x8AAA;&#x660E;&#x4F7F;&#x7528;&#x74B0;&#x72C0;&#x93C8;&#x7D50;&#x4E32;&#x5217;Circularly linked list&#x7684;&#x60C5;&#x5883;&#x3002; </subject>
  <content>&lt;ol&gt;&#xD;
	&lt;li&gt;&#xD;
	&lt;p&gt;&#x8F2A;&#x8A62;&#x7B97;&#x6CD5;&#xFF1A;&#x5728;&#x8A08;&#x7B97;&#x6A5F;&#x7DB2;&#x7D61;&#x4E2D;&#xFF0C;&#x8F2A;&#x8A62;&#x7B97;&#x6CD5;&#x901A;&#x5E38;&#x4F7F;&#x7528;&#x74B0;&#x72C0;&#x93C8;&#x7D50;&#x4E32;&#x5217;&#xFF0C;&#x4F86;&#x4F9D;&#x6B21;&#x8655;&#x7406;&#x4E00;&#x7D44;&#x8A2D;&#x5099;&#x6216;&#x4EFB;&#x52D9;&#xFF0C;&#x4E26;&#x5728;&#x8655;&#x7406;&#x5B8C;&#x6700;&#x5F8C;&#x4E00;&#x500B;&#x5F8C;&#x91CD;&#x65B0;&#x5F9E;&#x982D;&#x958B;&#x59CB;&#x3002;&lt;/p&gt;&#xD;
	&lt;/li&gt;&#xD;
	&lt;li&gt;&#xD;
	&lt;p&gt;&#x74B0;&#x5F62;&#x7DE9;&#x5B58;&#xFF1A;&#x5728;&#x5716;&#x5F62;&#x7E6A;&#x88FD;&#x3001;&#x97F3;&#x983B;&#x8655;&#x7406;&#x6216;&#x5716;&#x50CF;&#x8655;&#x7406;&#x4E2D;&#xFF0C;&#x53EF;&#x4EE5;&#x4F7F;&#x7528;&#x74B0;&#x72C0;&#x93C8;&#x7D50;&#x4E32;&#x5217;&#x4F86;&#x5BE6;&#x73FE;&#x74B0;&#x5F62;&#x7DE9;&#x5B58;&#xFF0C;&#x4EE5;&#x4FBF;&#x6301;&#x7E8C;&#x8655;&#x7406;&#x548C;&#x986F;&#x793A;&#x6578;&#x64DA;&#xFF0C;&#x7121;&#x9700;&#x4E2D;&#x65B7;&#x3002;&lt;/p&gt;&#xD;
	&lt;/li&gt;&#xD;
	&lt;li&gt;&#xD;
	&lt;p&gt;&#x5FAA;&#x74B0;&#x904A;&#x6232;&#xFF1A;&#x5728;&#x96FB;&#x5B50;&#x904A;&#x6232;&#x4E2D;&#xFF0C;&#x73A9;&#x5BB6;&#x53EF;&#x80FD;&#x9700;&#x8981;&#x7A7F;&#x8D8A;&#x5730;&#x5716;&#x6216;&#x74B0;&#x5883;&#x7684;&#x908A;&#x754C;&#x800C;&#x4E0D;&#x4E2D;&#x65B7;&#x904A;&#x6232;&#xFF0C;&#x9019;&#x53EF;&#x4EE5;&#x4F7F;&#x7528;&#x74B0;&#x72C0;&#x93C8;&#x7D50;&#x4E32;&#x5217;&#x4F86;&#x5BE6;&#x73FE;&#x3002;&lt;/p&gt;&#xD;
	&lt;/li&gt;&#xD;
	&lt;li&gt;&#xD;
	&lt;p&gt;&#x5FAA;&#x74B0;&#x64AD;&#x653E;&#x5217;&#x8868;&#xFF1A;&#x5728;&#x97F3;&#x6A02;&#x64AD;&#x653E;&#x5668;&#x6216;&#x5A92;&#x9AD4;&#x64AD;&#x653E;&#x61C9;&#x7528;&#x4E2D;&#xFF0C;&#x53EF;&#x4EE5;&#x4F7F;&#x7528;&#x74B0;&#x72C0;&#x93C8;&#x7D50;&#x4E32;&#x5217;&#x4F86;&#x5BE6;&#x73FE;&#x5FAA;&#x74B0;&#x64AD;&#x653E;&#x5217;&#x8868;&#xFF0C;&#x4F7F;&#x64AD;&#x653E;&#x5217;&#x8868;&#x4E2D;&#x7684;&#x6B4C;&#x66F2;&#x7121;&#x9650;&#x5FAA;&#x74B0;&#x3002;&lt;/p&gt;&#xD;
	&lt;/li&gt;&#xD;
	&lt;li&gt;&#xD;
	&lt;p&gt;&#x8F2A;&#x76E4;&#x8CED;&#x5C40;&#xFF1A;&#x5728;&#x8CED;&#x5834;&#x7684;&#x8F2A;&#x76E4;&#x8CED;&#x5C40;&#x4E2D;&#xFF0C;&#x8CED;&#x5834;&#x901A;&#x5E38;&#x4F7F;&#x7528;&#x74B0;&#x72C0;&#x93C8;&#x7D50;&#x4E32;&#x5217;&#x7684;&#x6982;&#x5FF5;&#xFF0C;&#x4EE5;&#x78BA;&#x4FDD;&#x8F2A;&#x76E4;&#x65CB;&#x8F49;&#x4E26;&#x96A8;&#x6A5F;&#x843D;&#x5728;&#x67D0;&#x500B;&#x6578;&#x5B57;&#x6216;&#x8272;&#x584A;&#x4E0A;&#x3002;&lt;/p&gt;&#xD;
	&lt;/li&gt;&#xD;
&lt;/ol&gt;</content>
  <attach></attach>
  <rcount></rcount>
  <rank></rank>
  <hit>27</hit>
  <lang>1</lang>
</data>
