<?xml version="1.0"?>
<data version="3.0" time="2024-07-19 08:50:08" type="post" filename="b000000014.xml">
  <open_time>0000-00-00</open_time>
  <close_time>0000-00-00</close_time>
  <lang_name>Big5</lang_name>
  <board_id>1001305434</board_id>
  <node>000000014</node>
  <site>1000110001</site>
  <pt>2023-10-24 22:04:21</pt>
  <poster>11020116</poster>
  <realname>&#x6F58;&#x7693;&#x7FA4;  </realname>
  <email>chhiun@gmail.com</email>
  <homepage>  </homepage>
  <subject>124. &#x5408;&#x6CD5;&#x904B;&#x7B97;&#x5F0F;&#x82E5;&#x6709;&#x4E09;&#x7D44;&#x62EC;&#x5F27;&#xFF0C;&#x53EF;&#x4EE5;&#x6709;&#x5E7E;&#x7A2E;&#x4E0D;&#x540C;&#x7684;&#x5F62;&#x5F0F;&#xFF1F;&#x4F8B;&#x5982;()()()&#x548C;(()())&#x5C31;&#x662F;&#x4E8C;&#x7A2E;&#x4E0D;&#x540C;&#x7684;&#x5F62;&#x5F0F;&#x3002; </subject>
  <content>&lt;p&gt;&#x7E3D;&#x5171;&#x6709;&#x4E94;&#x7A2E;&#x4E0D;&#x540C;&#x5F62;&#x5F0F;:&amp;nbsp;&lt;/p&gt;&#xD;
&#xD;
&lt;ol&gt;&#xD;
	&lt;li&gt;()()()&lt;/li&gt;&#xD;
	&lt;li&gt;(())()&lt;/li&gt;&#xD;
	&lt;li&gt;((()))&lt;/li&gt;&#xD;
	&lt;li&gt;(()())&lt;/li&gt;&#xD;
	&lt;li&gt;()(())&lt;/li&gt;&#xD;
&lt;/ol&gt; </content>
  <attach></attach>
  <rcount></rcount>
  <rank></rank>
  <hit>10</hit>
  <lang>1</lang>
</data>
