<?xml version="1.0"?>
<data version="3.0" time="2024-07-19 08:50:08" type="post" filename="b000000009.xml">
  <open_time>0000-00-00</open_time>
  <close_time>0000-00-00</close_time>
  <lang_name>Big5</lang_name>
  <board_id>1001305434</board_id>
  <node>000000009</node>
  <site>1000110001</site>
  <pt>2023-10-22 19:09:07</pt>
  <poster>11127232</poster>
  <realname>&#x6797;&#x923A;&#x5BB8;  </realname>
  <email>sam179851@gmail.com</email>
  <homepage>  </homepage>
  <subject>123. &#x5BEB;C++&#x7A0B;&#x5F0F;&#x78BC;&#x8AAA;&#x660E;&#x5982;&#x4F55;&#x8907;&#x88FD;&#x4E00;&#x6574;&#x500B;&#x93C8;&#x7D50;&#x4E32;&#x5217;linked list&#x5230;&#x53E6;&#x4E00;&#x500B;&#x8B8A;&#x6578;&#x3002; </subject>
  <content>&lt;p&gt;#include &amp;lt;iostream&amp;gt;&lt;br /&gt;&#xD;
#include &amp;lt;new&amp;gt;&lt;/p&gt;&#xD;
&#xD;
&lt;p&gt;using namespace std;&amp;nbsp;&lt;/p&gt;&#xD;
&#xD;
&lt;p&gt;typedef struct listNode {&amp;nbsp;&amp;nbsp; &amp;nbsp;// &#x5275;&#x5EFA;&#x4E32;&#x5217;&#x8CC7;&#x6599;&#x7D50;&#x69CB;&amp;nbsp;&lt;br /&gt;&#xD;
&amp;nbsp;&amp;nbsp; &amp;nbsp;&lt;br /&gt;&#xD;
&amp;nbsp;&amp;nbsp; &amp;nbsp;int value;&lt;br /&gt;&#xD;
&amp;nbsp;&amp;nbsp; &amp;nbsp;listNode *next;&lt;br /&gt;&#xD;
&amp;nbsp;&amp;nbsp; &amp;nbsp;&lt;br /&gt;&#xD;
} listNode;&amp;nbsp;&amp;nbsp; &amp;nbsp;&lt;/p&gt;&#xD;
&#xD;
&lt;p&gt;class expLIST {&lt;br /&gt;&#xD;
&amp;nbsp;&amp;nbsp; &amp;nbsp;&lt;br /&gt;&#xD;
&amp;nbsp;&amp;nbsp; &amp;nbsp;private:&amp;nbsp;&amp;nbsp; &amp;nbsp;&amp;nbsp;&amp;nbsp; &amp;nbsp;&amp;nbsp;&amp;nbsp; &amp;nbsp;&amp;nbsp;&amp;nbsp; &amp;nbsp;&lt;br /&gt;&#xD;
&amp;nbsp;&amp;nbsp; &amp;nbsp;&amp;nbsp;&amp;nbsp; &amp;nbsp;&lt;br /&gt;&#xD;
&amp;nbsp;&amp;nbsp; &amp;nbsp;&amp;nbsp;&amp;nbsp; &amp;nbsp;listNode *head, *tail;&amp;nbsp;&amp;nbsp; &amp;nbsp;&amp;nbsp;&amp;nbsp; &amp;nbsp;// &#x5BA3;&#x544A;&#x4E32;&#x5217;&#x7684;head&#x3001;tail&#x6307;&#x6A19;&amp;nbsp;&lt;br /&gt;&#xD;
&amp;nbsp;&amp;nbsp; &amp;nbsp;&lt;br /&gt;&#xD;
&amp;nbsp;&amp;nbsp; &amp;nbsp;public:&lt;br /&gt;&#xD;
&amp;nbsp;&amp;nbsp; &amp;nbsp;&amp;nbsp;&amp;nbsp; &amp;nbsp;&lt;br /&gt;&#xD;
&amp;nbsp;&amp;nbsp; &amp;nbsp;&amp;nbsp;&amp;nbsp; &amp;nbsp;expLIST () {&amp;nbsp;&amp;nbsp; &amp;nbsp;&amp;nbsp;&amp;nbsp; &amp;nbsp;&amp;nbsp;&amp;nbsp; &amp;nbsp;&amp;nbsp;&amp;nbsp; &amp;nbsp;// &#x521D;&#x59CB;&#x5316;head&#x53CA;tail&#x6307;&#x5411;NULL&amp;nbsp;&lt;br /&gt;&#xD;
&amp;nbsp;&amp;nbsp; &amp;nbsp;&amp;nbsp;&amp;nbsp; &amp;nbsp;&amp;nbsp;&amp;nbsp; &amp;nbsp;&lt;br /&gt;&#xD;
&amp;nbsp;&amp;nbsp; &amp;nbsp;&amp;nbsp;&amp;nbsp; &amp;nbsp;&amp;nbsp;&amp;nbsp; &amp;nbsp;head = NULL;&lt;br /&gt;&#xD;
&amp;nbsp;&amp;nbsp; &amp;nbsp;&amp;nbsp;&amp;nbsp; &amp;nbsp;&amp;nbsp;&amp;nbsp; &amp;nbsp;tail = NULL;&lt;br /&gt;&#xD;
&amp;nbsp;&amp;nbsp; &amp;nbsp;&amp;nbsp;&amp;nbsp; &amp;nbsp;&lt;br /&gt;&#xD;
&amp;nbsp;&amp;nbsp; &amp;nbsp;&amp;nbsp;&amp;nbsp; &amp;nbsp;}&lt;br /&gt;&#xD;
&amp;nbsp;&amp;nbsp; &amp;nbsp;&amp;nbsp;&amp;nbsp; &amp;nbsp;&lt;br /&gt;&#xD;
&amp;nbsp;&amp;nbsp; &amp;nbsp;&amp;nbsp;&amp;nbsp; &amp;nbsp;bool isEmpty() {&amp;nbsp;&amp;nbsp; &amp;nbsp;&amp;nbsp;&amp;nbsp; &amp;nbsp;// &#x5224;&#x65B7;&#x4E32;&#x5217;&#x662F;&#x5426;&#x70BA;&#x7A7A;&amp;nbsp;&lt;br /&gt;&#xD;
&amp;nbsp;&amp;nbsp; &amp;nbsp;&amp;nbsp;&amp;nbsp; &amp;nbsp;&amp;nbsp;&amp;nbsp; &amp;nbsp;&lt;br /&gt;&#xD;
&amp;nbsp;&amp;nbsp; &amp;nbsp;&amp;nbsp;&amp;nbsp; &amp;nbsp;&amp;nbsp;&amp;nbsp; &amp;nbsp;if ( head == NULL )&lt;br /&gt;&#xD;
&amp;nbsp;&amp;nbsp; &amp;nbsp;&amp;nbsp;&amp;nbsp; &amp;nbsp;&amp;nbsp;&amp;nbsp; &amp;nbsp;&amp;nbsp;&amp;nbsp; &amp;nbsp;return true;&lt;br /&gt;&#xD;
&amp;nbsp;&amp;nbsp; &amp;nbsp;&amp;nbsp;&amp;nbsp; &amp;nbsp;&amp;nbsp;&amp;nbsp; &amp;nbsp;else&lt;br /&gt;&#xD;
&amp;nbsp;&amp;nbsp; &amp;nbsp;&amp;nbsp;&amp;nbsp; &amp;nbsp;&amp;nbsp;&amp;nbsp; &amp;nbsp;&amp;nbsp;&amp;nbsp; &amp;nbsp;return false;&lt;br /&gt;&#xD;
&amp;nbsp;&amp;nbsp; &amp;nbsp;&amp;nbsp;&amp;nbsp; &amp;nbsp;&amp;nbsp;&amp;nbsp; &amp;nbsp;&lt;br /&gt;&#xD;
&amp;nbsp;&amp;nbsp; &amp;nbsp;&amp;nbsp;&amp;nbsp; &amp;nbsp;}&lt;br /&gt;&#xD;
&amp;nbsp;&amp;nbsp; &amp;nbsp;&amp;nbsp;&amp;nbsp; &amp;nbsp;&lt;br /&gt;&#xD;
&amp;nbsp;&amp;nbsp; &amp;nbsp;&amp;nbsp;&amp;nbsp; &amp;nbsp;void append( int invalue ) {&amp;nbsp;&amp;nbsp; &amp;nbsp;// &#x65B0;&#x589E;&#x8CC7;&#x6599;&#x81F3;&#x4E32;&#x5217;&amp;nbsp;&lt;br /&gt;&#xD;
&amp;nbsp;&amp;nbsp; &amp;nbsp;&amp;nbsp;&amp;nbsp; &amp;nbsp;&amp;nbsp;&amp;nbsp; &amp;nbsp;&lt;br /&gt;&#xD;
&amp;nbsp;&amp;nbsp; &amp;nbsp;&amp;nbsp;&amp;nbsp; &amp;nbsp;&amp;nbsp;&amp;nbsp; &amp;nbsp;if ( head == NULL ) {&amp;nbsp;&amp;nbsp; &amp;nbsp;&amp;nbsp;&amp;nbsp; &amp;nbsp;&amp;nbsp;&amp;nbsp; &amp;nbsp;&lt;br /&gt;&#xD;
&amp;nbsp;&amp;nbsp; &amp;nbsp;&amp;nbsp;&amp;nbsp; &amp;nbsp;&amp;nbsp;&amp;nbsp; &amp;nbsp;&amp;nbsp;&amp;nbsp; &amp;nbsp;&lt;br /&gt;&#xD;
&amp;nbsp;&amp;nbsp; &amp;nbsp;&amp;nbsp;&amp;nbsp; &amp;nbsp;&amp;nbsp;&amp;nbsp; &amp;nbsp;&amp;nbsp;&amp;nbsp; &amp;nbsp;head = new listNode;&lt;br /&gt;&#xD;
&amp;nbsp;&amp;nbsp; &amp;nbsp;&amp;nbsp;&amp;nbsp; &amp;nbsp;&amp;nbsp;&amp;nbsp; &amp;nbsp;&amp;nbsp;&amp;nbsp; &amp;nbsp;head -&amp;gt; value = invalue;&lt;br /&gt;&#xD;
&amp;nbsp;&amp;nbsp; &amp;nbsp;&amp;nbsp;&amp;nbsp; &amp;nbsp;&amp;nbsp;&amp;nbsp; &amp;nbsp;&amp;nbsp;&amp;nbsp; &amp;nbsp;head -&amp;gt; next = NULL;&lt;br /&gt;&#xD;
&amp;nbsp;&amp;nbsp; &amp;nbsp;&amp;nbsp;&amp;nbsp; &amp;nbsp;&amp;nbsp;&amp;nbsp; &amp;nbsp;&amp;nbsp;&amp;nbsp; &amp;nbsp;tail = head;&lt;br /&gt;&#xD;
&amp;nbsp;&amp;nbsp; &amp;nbsp;&amp;nbsp;&amp;nbsp; &amp;nbsp;&amp;nbsp;&amp;nbsp; &amp;nbsp;&amp;nbsp;&amp;nbsp; &amp;nbsp;&lt;br /&gt;&#xD;
&amp;nbsp;&amp;nbsp; &amp;nbsp;&amp;nbsp;&amp;nbsp; &amp;nbsp;&amp;nbsp;&amp;nbsp; &amp;nbsp;}&lt;br /&gt;&#xD;
&amp;nbsp;&amp;nbsp; &amp;nbsp;&amp;nbsp;&amp;nbsp; &amp;nbsp;&amp;nbsp;&amp;nbsp; &amp;nbsp;&amp;nbsp;&lt;br /&gt;&#xD;
&amp;nbsp;&amp;nbsp; &amp;nbsp;&amp;nbsp;&amp;nbsp; &amp;nbsp;&amp;nbsp;&amp;nbsp; &amp;nbsp;else {&amp;nbsp;&amp;nbsp; &amp;nbsp;&amp;nbsp;&amp;nbsp; &amp;nbsp;&amp;nbsp;&amp;nbsp; &amp;nbsp;&amp;nbsp;&amp;nbsp; &amp;nbsp;&amp;nbsp;&amp;nbsp; &amp;nbsp;&amp;nbsp;&amp;nbsp; &amp;nbsp;&amp;nbsp;&amp;nbsp; &amp;nbsp;&lt;br /&gt;&#xD;
&amp;nbsp;&amp;nbsp; &amp;nbsp;&amp;nbsp;&amp;nbsp; &amp;nbsp;&amp;nbsp;&amp;nbsp; &amp;nbsp;&amp;nbsp;&amp;nbsp; &amp;nbsp;&amp;nbsp;&amp;nbsp; &amp;nbsp;&amp;nbsp;&amp;nbsp; &amp;nbsp;&amp;nbsp;&amp;nbsp; &amp;nbsp;&amp;nbsp;&amp;nbsp; &amp;nbsp;&lt;br /&gt;&#xD;
&amp;nbsp;&amp;nbsp; &amp;nbsp;&amp;nbsp;&amp;nbsp; &amp;nbsp;&amp;nbsp;&amp;nbsp; &amp;nbsp;&amp;nbsp;&amp;nbsp; &amp;nbsp;tail -&amp;gt; next = new listNode;&lt;br /&gt;&#xD;
&amp;nbsp;&amp;nbsp; &amp;nbsp;&amp;nbsp;&amp;nbsp; &amp;nbsp;&amp;nbsp;&amp;nbsp; &amp;nbsp;&amp;nbsp;&amp;nbsp; &amp;nbsp;tail = tail -&amp;gt; next;&lt;br /&gt;&#xD;
&amp;nbsp;&amp;nbsp; &amp;nbsp;&amp;nbsp;&amp;nbsp; &amp;nbsp;&amp;nbsp;&amp;nbsp; &amp;nbsp;&amp;nbsp;&amp;nbsp; &amp;nbsp;tail -&amp;gt; value = invalue;&lt;br /&gt;&#xD;
&amp;nbsp;&amp;nbsp; &amp;nbsp;&amp;nbsp;&amp;nbsp; &amp;nbsp;&amp;nbsp;&amp;nbsp; &amp;nbsp;&amp;nbsp;&amp;nbsp; &amp;nbsp;tail -&amp;gt; next = NULL;&lt;br /&gt;&#xD;
&amp;nbsp;&amp;nbsp; &amp;nbsp;&amp;nbsp;&amp;nbsp; &amp;nbsp;&amp;nbsp;&amp;nbsp; &amp;nbsp;&amp;nbsp;&amp;nbsp; &amp;nbsp;&lt;br /&gt;&#xD;
&amp;nbsp;&amp;nbsp; &amp;nbsp;&amp;nbsp;&amp;nbsp; &amp;nbsp;&amp;nbsp;&amp;nbsp; &amp;nbsp;}&lt;br /&gt;&#xD;
&amp;nbsp;&amp;nbsp; &amp;nbsp;&amp;nbsp;&amp;nbsp; &amp;nbsp;&amp;nbsp;&amp;nbsp; &amp;nbsp;&lt;br /&gt;&#xD;
&amp;nbsp;&amp;nbsp; &amp;nbsp;&amp;nbsp;&amp;nbsp; &amp;nbsp;}&lt;br /&gt;&#xD;
&amp;nbsp;&amp;nbsp; &amp;nbsp;&amp;nbsp;&amp;nbsp; &amp;nbsp;&lt;br /&gt;&#xD;
&amp;nbsp;&amp;nbsp; &amp;nbsp;&amp;nbsp;&amp;nbsp; &amp;nbsp;listNode* gethead() {&amp;nbsp;&amp;nbsp; &amp;nbsp;&amp;nbsp;&amp;nbsp; &amp;nbsp;&amp;nbsp;&amp;nbsp; &amp;nbsp;&amp;nbsp;&amp;nbsp; &amp;nbsp;// &#x62FF;&#x5230;&#x6307;&#x5411;head&#x7684;&#x6307;&#x6A19;&amp;nbsp;&lt;br /&gt;&#xD;
&amp;nbsp;&amp;nbsp; &amp;nbsp;&amp;nbsp;&amp;nbsp; &amp;nbsp;&amp;nbsp;&amp;nbsp; &amp;nbsp;&lt;br /&gt;&#xD;
&amp;nbsp;&amp;nbsp; &amp;nbsp;&amp;nbsp;&amp;nbsp; &amp;nbsp;&amp;nbsp;&amp;nbsp; &amp;nbsp;return head;&lt;br /&gt;&#xD;
&amp;nbsp;&amp;nbsp; &amp;nbsp;&amp;nbsp;&amp;nbsp; &amp;nbsp;&amp;nbsp;&amp;nbsp; &amp;nbsp;&lt;br /&gt;&#xD;
&amp;nbsp;&amp;nbsp; &amp;nbsp;&amp;nbsp;&amp;nbsp; &amp;nbsp;}&lt;br /&gt;&#xD;
&amp;nbsp;&amp;nbsp; &amp;nbsp;&amp;nbsp;&amp;nbsp; &amp;nbsp;&lt;br /&gt;&#xD;
&amp;nbsp;&amp;nbsp; &amp;nbsp;&amp;nbsp;&amp;nbsp; &amp;nbsp;void print() {&amp;nbsp;&amp;nbsp; &amp;nbsp;&amp;nbsp;&amp;nbsp; &amp;nbsp;&amp;nbsp;&amp;nbsp; &amp;nbsp;&amp;nbsp;&amp;nbsp; &amp;nbsp;&amp;nbsp;&amp;nbsp; &amp;nbsp;&amp;nbsp;&amp;nbsp; &amp;nbsp;// &#x5370;&#x51FA;linklist&#x4E4B;&#x503C;&lt;br /&gt;&#xD;
&amp;nbsp;&amp;nbsp; &amp;nbsp;&amp;nbsp;&amp;nbsp; &amp;nbsp;&amp;nbsp;&amp;nbsp; &amp;nbsp;&lt;br /&gt;&#xD;
&amp;nbsp;&amp;nbsp; &amp;nbsp;&amp;nbsp;&amp;nbsp; &amp;nbsp;&amp;nbsp;&amp;nbsp; &amp;nbsp;for ( listNode * cur = head ; cur != NULL; cur = cur -&amp;gt; next ) {&lt;br /&gt;&#xD;
&amp;nbsp;&amp;nbsp; &amp;nbsp;&amp;nbsp;&amp;nbsp; &amp;nbsp;&amp;nbsp;&amp;nbsp; &amp;nbsp;&amp;nbsp;&amp;nbsp; &amp;nbsp;&lt;br /&gt;&#xD;
&amp;nbsp;&amp;nbsp; &amp;nbsp;&amp;nbsp;&amp;nbsp; &amp;nbsp;&amp;nbsp;&amp;nbsp; &amp;nbsp;&amp;nbsp;&amp;nbsp; &amp;nbsp;cout &amp;lt;&amp;lt; &amp;quot; &amp;quot; &amp;lt;&amp;lt; cur -&amp;gt; value;&lt;/p&gt;&#xD;
&#xD;
&lt;p&gt;&amp;nbsp;&amp;nbsp; &amp;nbsp;&amp;nbsp;&amp;nbsp; &amp;nbsp;&amp;nbsp;&amp;nbsp; &amp;nbsp;}&lt;br /&gt;&#xD;
&amp;nbsp;&amp;nbsp; &amp;nbsp;&amp;nbsp;&amp;nbsp; &amp;nbsp;&amp;nbsp;&amp;nbsp; &amp;nbsp;&lt;br /&gt;&#xD;
&amp;nbsp;&amp;nbsp; &amp;nbsp;&amp;nbsp;&amp;nbsp; &amp;nbsp;}&lt;br /&gt;&#xD;
&amp;nbsp;&amp;nbsp; &amp;nbsp;&lt;br /&gt;&#xD;
};&lt;/p&gt;&#xD;
&#xD;
&lt;p&gt;void copy( expLIST data, expLIST &amp;amp; copy ) {&amp;nbsp;&amp;nbsp; &amp;nbsp;&amp;nbsp;&amp;nbsp; &amp;nbsp;// &#x8907;&#x88FD;&#x65B0;&#x7684;linklist&lt;/p&gt;&#xD;
&#xD;
&lt;p&gt;&amp;nbsp;&amp;nbsp; &amp;nbsp;for ( listNode * cur = data.gethead() ; cur != NULL; cur = cur -&amp;gt; next ) {&lt;br /&gt;&#xD;
&amp;nbsp;&amp;nbsp; &amp;nbsp;&amp;nbsp;&amp;nbsp; &amp;nbsp;&lt;br /&gt;&#xD;
&amp;nbsp;&amp;nbsp; &amp;nbsp;&amp;nbsp;&amp;nbsp; &amp;nbsp;copy.append( cur -&amp;gt; value );&lt;/p&gt;&#xD;
&#xD;
&lt;p&gt;&amp;nbsp;&amp;nbsp; &amp;nbsp;}&lt;br /&gt;&#xD;
&amp;nbsp;&amp;nbsp; &amp;nbsp;&lt;br /&gt;&#xD;
}&lt;/p&gt;&#xD;
&#xD;
&lt;p&gt;int main() {&lt;br /&gt;&#xD;
&amp;nbsp;&amp;nbsp; &amp;nbsp;&lt;br /&gt;&#xD;
&amp;nbsp;&amp;nbsp; &amp;nbsp;expLIST link1, link2;&lt;br /&gt;&#xD;
&amp;nbsp;&amp;nbsp; &amp;nbsp;link1.append( 100 );&lt;br /&gt;&#xD;
&amp;nbsp;&amp;nbsp; &amp;nbsp;link1.append( 200 );&lt;br /&gt;&#xD;
&amp;nbsp;&amp;nbsp; &amp;nbsp;copy( link1, link2 );&lt;br /&gt;&#xD;
&amp;nbsp;&amp;nbsp; &amp;nbsp;&lt;br /&gt;&#xD;
&amp;nbsp;&amp;nbsp; &amp;nbsp;link1.print();&lt;br /&gt;&#xD;
&amp;nbsp;&amp;nbsp; &amp;nbsp;cout &amp;lt;&amp;lt; &amp;#39;\n&amp;#39;;&lt;br /&gt;&#xD;
&amp;nbsp;&amp;nbsp; &amp;nbsp;link2.print();&lt;br /&gt;&#xD;
&amp;nbsp;&amp;nbsp; &amp;nbsp;&lt;br /&gt;&#xD;
}&lt;/p&gt; </content>
  <attach></attach>
  <rcount></rcount>
  <rank></rank>
  <hit>14</hit>
  <lang>1</lang>
</data>
