<?xml version="1.0"?>
<data version="3.0" time="2024-07-19 08:50:08" type="post" filename="b000000019.xml">
  <open_time>0000-00-00</open_time>
  <close_time>0000-00-00</close_time>
  <lang_name>Big5</lang_name>
  <board_id>1001305434</board_id>
  <node>000000019</node>
  <site>1000110001</site>
  <pt>2023-10-25 16:36:37</pt>
  <poster>11127203</poster>
  <realname>&#x90ED;&#x529B;&#x5ADA;  </realname>
  <email>mandy20030907@gmail.com</email>
  <homepage>  </homepage>
  <subject>124. &#x5408;&#x6CD5;&#x904B;&#x7B97;&#x5F0F;&#x82E5;&#x6709;&#x4E09;&#x7D44;&#x62EC;&#x5F27;&#xFF0C;&#x53EF;&#x4EE5;&#x6709;&#x5E7E;&#x7A2E;&#x4E0D;&#x540C;&#x7684;&#x5F62;&#x5F0F;&#xFF1F; </subject>
  <content>&lt;p&gt;&#x7E3D;&#x5171;&#x70BA;&#x4E94;&#x7A2E;&#xFF1A;&lt;/p&gt;&#xD;
&#xD;
&lt;ol&gt;&#xD;
	&lt;li&gt;((()))&lt;/li&gt;&#xD;
	&lt;li&gt;()(())&lt;/li&gt;&#xD;
	&lt;li&gt;(())()&lt;/li&gt;&#xD;
	&lt;li&gt;(()())&lt;/li&gt;&#xD;
	&lt;li&gt;()()()&lt;/li&gt;&#xD;
&lt;/ol&gt; </content>
  <attach></attach>
  <rcount></rcount>
  <rank></rank>
  <hit>7</hit>
  <lang>1</lang>
</data>
