<?xml version="1.0"?>
<data version="3.0" time="2024-07-19 08:50:08" type="post" filename="b000000009000000001.xml">
  <open_time>0000-00-00</open_time>
  <close_time>0000-00-00</close_time>
  <lang_name>Big5</lang_name>
  <board_id>1001305434</board_id>
  <node>000000009000000001</node>
  <site>1000110001</site>
  <pt>2023-11-27 22:16:32</pt>
  <poster>11813</poster>
  <realname>&#x5433;&#x5B9C;&#x9D3B;  </realname>
  <email>yhwu@cycu.edu.tw</email>
  <homepage>https://www.researchgate.net/profile/Yi-Hung-Wu-2 </homepage>
  <subject>Re: 123. &#x5BEB;C++&#x7A0B;&#x5F0F;&#x78BC;&#x8AAA;&#x660E;&#x5982;&#x4F55;&#x8907;&#x88FD;&#x4E00;&#x6574;&#x500B;&#x93C8;&#x7D50;&#x4E32;&#x5217;linked list&#x5230;&#x53E6;&#x4E00;&#x500B;&#x8B8A;&#x6578;&#x3002;  </subject>
  <content>&lt;p&gt;&lt;span style="color:#b22222"&gt;&#x96D6;&#x7136;&#x7A0B;&#x5F0F;&#x78BC;&#x53EF;&#x4EE5;&#x7DE8;&#x8B6F;&#x57F7;&#x884C;(&#x6700;&#x597D;&#x80FD;&#x6E05;&#x695A;&#x89E3;&#x91CB;&#x539F;&#x56E0;)&#xFF0C;&#x4ECD;&#x8981;&#x907F;&#x514D;&#x8B93;&#x51FD;&#x6578;&#x540D;&#x7A31;&#x548C;&#x8B8A;&#x6578;&#x540D;&#x7A31;&#x76F8;&#x540C;&#x3002;&lt;/span&gt;&lt;/p&gt;&#xD;
&#xD;
&lt;p&gt;void &lt;span style="color:#ff0000"&gt;copy&lt;/span&gt;( expLIST data, expLIST &amp;amp; &lt;span style="color:#ff0000"&gt;copy &lt;/span&gt;) {&amp;nbsp;&amp;nbsp; &amp;nbsp;&amp;nbsp;&amp;nbsp; &amp;nbsp;// &#x8907;&#x88FD;&#x65B0;&#x7684;linklist&lt;/p&gt;</content>
  <attach></attach>
  <rcount></rcount>
  <rank></rank>
  <hit>2</hit>
  <lang>1</lang>
</data>
