<?xml version="1.0"?>
<data version="3.0" time="2024-07-19 08:50:08" type="post" filename="b000000016000000001.xml">
  <open_time>0000-00-00</open_time>
  <close_time>0000-00-00</close_time>
  <lang_name>Big5</lang_name>
  <board_id>1001305434</board_id>
  <node>000000016000000001</node>
  <site>1000110001</site>
  <pt>2023-11-27 22:24:00</pt>
  <poster>11813</poster>
  <realname>&#x5433;&#x5B9C;&#x9D3B;  </realname>
  <email>yhwu@cycu.edu.tw</email>
  <homepage>https://www.researchgate.net/profile/Yi-Hung-Wu-2  </homepage>
  <subject>Re: 121  &#x8209;&#x4F8B;&#x8AAA;&#x660E;&#x4F7F;&#x7528;&#x74B0;&#x72C0;&#x93C8;&#x7D50;&#x4E32;&#x5217;Circularly linked list&#x7684;&#x60C5;&#x5883;&#x3002;  </subject>
  <content>&lt;p&gt;&lt;span style="color:#0000cd"&gt;Excellent!&lt;/span&gt;&lt;/p&gt;&#xD;
&#xD;
&lt;p&gt;&#x64F4;&#x5145;&#x60C5;&#x5883;&#xFF1A;&#x96FB;&#x53F0;&#x5FAA;&#x74B0;&#x64AD;&#x653E;&#x6E05;&#x55AE;&#xFF0C;&#x82E5;&#x6BCF;&#x9996;&#x6B4C;&#x64AD;&#x653E;&#x671F;&#x9593;&#x6536;&#x5230;&#x807D;&#x773E;&#x7559;&#x8A00;&#x3001;&#x9EDE;&#x8B9A;&#x6216;&#x6350;&#x737B;&#xFF0C;&#x6B64;&#x6642;&#x8981;&#x7ACB;&#x5373;&#x8A18;&#x9304;&#x5728;&#x90A3;&#x9996;&#x6B4C;&#x7684;&#x4F4D;&#x7F6E;&#xFF0C;&#x53EF;&#x4EE5;&#x900F;&#x904E;&#x9019;&#x500B;&#x4E32;&#x5217;&#x5132;&#x5B58;&#x3002;&lt;/p&gt; </content>
  <attach></attach>
  <rcount></rcount>
  <rank></rank>
  <hit>1</hit>
  <lang>1</lang>
</data>
