<?xml version="1.0"?>
<data version="3.0" time="2024-07-19 08:50:08" type="post" filename="b000000016.xml">
  <open_time>0000-00-00</open_time>
  <close_time>0000-00-00</close_time>
  <lang_name>Big5</lang_name>
  <board_id>1001305434</board_id>
  <node>000000016</node>
  <site>1000110001</site>
  <pt>2023-10-25 14:22:31</pt>
  <poster>11127201</poster>
  <realname>&#x9673;&#x54C1;&#x59A4;  </realname>
  <email>penguin930707@gmail.com</email>
  <homepage>  </homepage>
  <subject>121  &#x8209;&#x4F8B;&#x8AAA;&#x660E;&#x4F7F;&#x7528;&#x74B0;&#x72C0;&#x93C8;&#x7D50;&#x4E32;&#x5217;Circularly linked list&#x7684;&#x60C5;&#x5883;&#x3002; </subject>
  <content>&lt;p&gt;&#x7576;&#x4F60;&#x9700;&#x8981;&#x8655;&#x7406;&#x4E00;&#x500B;&#x5177;&#x6709;&#x5FAA;&#x74B0;&#x6027;&#x8CEA;&#x7684;&#x4EFB;&#x52D9;&#x6216;&#x8CC7;&#x6599;&#x96C6;&#x6642;&#xFF0C;&#x53EF;&#x4EE5;&#x4F7F;&#x7528;&#x74B0;&#x72C0;&#x93C8;&#x7D50;&#x4E32;&#x5217;&#x3002;&#x4E00;&#x500B;&#x74B0;&#x72C0;&#x93C8;&#x7D50;&#x4E32;&#x5217;&#x5C31;&#x50CF;&#x4E00;&#x500B;&#x5713;&#x5708;&#xFF0C;&#x6700;&#x5F8C;&#x4E00;&#x500B;&#x5143;&#x7D20;&#x6307;&#x5411;&#x7B2C;&#x4E00;&#x500B;&#x5143;&#x7D20;&#xFF0C;&#x9019;&#x6A23;&#x4F60;&#x53EF;&#x4EE5;&#x7121;&#x9650;&#x6B21;&#x5730;&#x74B0;&#x7E5E;&#x3002;&lt;/p&gt;&#xD;
&#xD;
&lt;p&gt;&#x4F8B;&#x5982;&#xFF0C;&#x7576;&#x4F60;&#x5728;&#x4E00;&#x500B;&#x97F3;&#x6A02;&#x64AD;&#x653E;&#x5217;&#x8868;&#x4E2D;&#x64AD;&#x653E;&#x6B4C;&#x66F2;&#x6642;&#xFF0C;&#x7576;&#x4F60;&#x64AD;&#x653E;&#x5230;&#x6700;&#x5F8C;&#x4E00;&#x9996;&#x6B4C;&#x66F2;&#x5F8C;&#xFF0C;&#x5B83;&#x6703;&#x81EA;&#x52D5;&#x56DE;&#x5230;&#x7B2C;&#x4E00;&#x9996;&#x6B4C;&#x66F2;&#xFF0C;&#x5BE6;&#x73FE;&#x7121;&#x7E2B;&#x7684;&#x5FAA;&#x74B0;&#x64AD;&#x653E;&#x3002;&#x9019;&#x662F;&#x4E00;&#x500B;&#x5BE6;&#x969B;&#x4F7F;&#x7528;&#x74B0;&#x72C0;&#x93C8;&#x7D50;&#x4E32;&#x5217;&#x7684;&#x60C5;&#x5883;&#x3002;&lt;/p&gt; </content>
  <attach></attach>
  <rcount></rcount>
  <rank></rank>
  <hit>21</hit>
  <lang>1</lang>
</data>
