<?xml version="1.0"?>
<data version="3.0" time="2024-07-19 08:50:08" type="post" filename="b000000001.xml">
  <open_time>0000-00-00</open_time>
  <close_time>0000-00-00</close_time>
  <lang_name>Big5</lang_name>
  <board_id>1001305434</board_id>
  <node>000000001</node>
  <site>1000110001</site>
  <pt>2023-10-15 07:11:53</pt>
  <poster>11127228</poster>
  <realname>&#x5468;&#x7FA9;&#x5EAD;  </realname>
  <email>qaz20031211@gmail.com</email>
  <homepage>  </homepage>
  <subject>124. &#x5408;&#x6CD5;&#x904B;&#x7B97;&#x5F0F;&#x82E5;&#x6709;&#x4E09;&#x7D44;&#x62EC;&#x5F27;&#xFF0C;&#x53EF;&#x4EE5;&#x6709;&#x5E7E;&#x7A2E;&#x4E0D;&#x540C;&#x7684;&#x5F62;&#x5F0F;&#xFF1F;&#x4F8B;&#x5982;()()()&#x548C;(()())&#x5C31;&#x662F;&#x4E8C;&#x7A2E;&#x4E0D;&#x540C;&#x7684;&#x5F62;&#x5F0F;&#x3002; </subject>
  <content>&lt;p&gt;&#x5C0D;&#x65BC;&#x4E09;&#x7D44;&#x62EC;&#x5F27;&#xFF0C;&#x6709;&#x591A;&#x7A2E;&#x4E0D;&#x540C;&#x7684;&#x5408;&#x6CD5;&#x5F62;&#x5F0F;&#xFF0C;&#x6BCF;&#x7A2E;&#x5F62;&#x5F0F;&#x90FD;&#x5177;&#x6709;&#x4E0D;&#x540C;&#x7684;&#x62EC;&#x5F27;&#x6392;&#x5217;&#x65B9;&#x5F0F;&#x3002;&#x4EE5;&#x4E0B;&#x662F;&#x53EF;&#x80FD;&#x7684;&#x5F62;&#x5F0F;&#xFF1A;&lt;/p&gt;&#xD;
&#xD;
&lt;ol&gt;&#xD;
	&lt;li&gt;()()()&lt;/li&gt;&#xD;
	&lt;li&gt;()(())&lt;/li&gt;&#xD;
	&lt;li&gt;(())()&lt;/li&gt;&#xD;
	&lt;li&gt;(()())&lt;/li&gt;&#xD;
	&lt;li&gt;((()))&lt;/li&gt;&#xD;
&lt;/ol&gt; </content>
  <attach></attach>
  <rcount></rcount>
  <rank></rank>
  <hit>26</hit>
  <lang>1</lang>
</data>
