<?xml version="1.0"?>
<data version="3.0" time="2024-07-19 08:50:08" type="post" filename="b000000005.xml">
  <open_time>0000-00-00</open_time>
  <close_time>0000-00-00</close_time>
  <lang_name>Big5</lang_name>
  <board_id>1001305434</board_id>
  <node>000000005</node>
  <site>1000110001</site>
  <pt>2023-10-20 12:25:25</pt>
  <poster>11020126</poster>
  <realname>&#x912D;&#x7950;&#x6600;  </realname>
  <email>carry0987@gmail.com</email>
  <homepage>  </homepage>
  <subject>122. &#x5BEB;C++&#x7A0B;&#x5F0F;&#x78BC;&#x8AAA;&#x660E;&#x50B3;&#x53C3;&#x8003;&#x547C;&#x53EB;call by reference&#x3002; </subject>
  <content>&lt;blockquote&gt;&#xD;
&lt;p&gt;#include &amp;lt;iostream&amp;gt;&lt;/p&gt;&#xD;
&#xD;
&lt;p&gt;using namespace std;&lt;/p&gt;&#xD;
&#xD;
&lt;p&gt;// &#x51FD;&#x6578;&#x5B9A;&#x7FA9;&lt;br /&gt;&#xD;
void swap(int &amp;amp;x, int &amp;amp;y) {&lt;br /&gt;&#xD;
&amp;nbsp; &amp;nbsp; int temp;&lt;br /&gt;&#xD;
&amp;nbsp; &amp;nbsp; temp = x; //&#x5C07;x&#x7684;&#x503C;&#x5132;&#x5B58;&#x81F3;&#x81E8;&#x6642;&#x8B8A;&#x6578;&lt;br /&gt;&#xD;
&amp;nbsp; &amp;nbsp; x = y; &amp;nbsp; &amp;nbsp;//&#x5C07;y&#x7684;&#x503C;&#x50B3;&#x7D66;x&lt;br /&gt;&#xD;
&amp;nbsp; &amp;nbsp; y = temp; //&#x5C07;&#x81E8;&#x6642;&#x8B8A;&#x6578;&#x7684;&#x503C;&#x50B3;&#x7D66;y&lt;br /&gt;&#xD;
}&lt;/p&gt;&#xD;
&#xD;
&lt;p&gt;int main() {&lt;br /&gt;&#xD;
&amp;nbsp; &amp;nbsp; int a = 100;&lt;br /&gt;&#xD;
&amp;nbsp; &amp;nbsp; int b = 200;&lt;/p&gt;&#xD;
&#xD;
&lt;p&gt;&amp;nbsp; &amp;nbsp; cout &amp;lt;&amp;lt; &amp;quot;&#x5728;&#x4EA4;&#x63DB;&#x524D;&#xFF0C;a&#x7684;&#x503C; &#xFF1A;&amp;quot; &amp;lt;&amp;lt; a &amp;lt;&amp;lt; &amp;quot;, b&#x7684;&#x503C; :&amp;quot; &amp;lt;&amp;lt; b &amp;lt;&amp;lt; endl;&lt;/p&gt;&#xD;
&#xD;
&lt;p&gt;&amp;nbsp; &amp;nbsp; /* &#x7528;swap&#x5C07;&#x503C;&#x4EA4;&#x63DB; */&lt;br /&gt;&#xD;
&amp;nbsp; &amp;nbsp; swap(a, b);&lt;/p&gt;&#xD;
&#xD;
&lt;p&gt;&amp;nbsp; &amp;nbsp; cout &amp;lt;&amp;lt; &amp;quot;&#x5728;&#x4EA4;&#x63DB;&#x5F8C;&#xFF0C;a&#x7684;&#x503C; &#xFF1A;&amp;quot; &amp;lt;&amp;lt; a &amp;lt;&amp;lt; &amp;quot;, b&#x7684;&#x503C; :&amp;quot; &amp;lt;&amp;lt; b &amp;lt;&amp;lt; endl;&lt;/p&gt;&#xD;
&#xD;
&lt;p&gt;&amp;nbsp; &amp;nbsp; return 0;&lt;br /&gt;&#xD;
}&lt;/p&gt;&#xD;
&lt;/blockquote&gt; </content>
  <attach></attach>
  <rcount></rcount>
  <rank></rank>
  <hit>11</hit>
  <lang>1</lang>
</data>
