<?xml version="1.0"?>
<data version="3.0" time="2024-07-19 08:50:08" type="post" filename="b000000013.xml">
  <open_time>0000-00-00</open_time>
  <close_time>0000-00-00</close_time>
  <lang_name>Big5</lang_name>
  <board_id>1001305434</board_id>
  <node>000000013</node>
  <site>1000110001</site>
  <pt>2023-10-24 18:21:55</pt>
  <poster>11127215</poster>
  <realname>&#x674E;&#x5B97;&#x7FF0;  </realname>
  <email>a0901336538@gmail.com</email>
  <homepage> </homepage>
  <subject>124. &#x5408;&#x6CD5;&#x904B;&#x7B97;&#x5F0F;&#x82E5;&#x6709;&#x4E09;&#x7D44;&#x62EC;&#x5F27;&#xFF0C;&#x53EF;&#x4EE5;&#x6709;&#x5E7E;&#x7A2E;&#x4E0D;&#x540C;&#x7684;&#x5F62;&#x5F0F;&#xFF1F;&#x4F8B;&#x5982;()()()&#x548C;(()())&#x5C31;&#x662F;&#x4E8C;&#x7A2E;&#x4E0D;&#x540C;&#x7684;&#x5F62;&#x5F0F;&#x3002;</subject>
  <content>&lt;p&gt;&#x4E09;&#x7D44;&#x62EC;&#x865F;&#x5728;&#x904B;&#x7B97;&#x5F0F;&#x4E2D;&#x7684;&#x4E94;&#x7A2E;&#x7D44;&#x5408;&#xFF0C;&#x53EF;&#x4EE5;&#x6709;&#x4EE5;&#x4E0B;&#x7684;&#x5F62;&#x5F0F;:&lt;/p&gt;&#xD;
&#xD;
&lt;p&gt;&lt;strong&gt;1&#x3001;(())()&lt;/strong&gt;&lt;/p&gt;&#xD;
&#xD;
&lt;p&gt;&lt;strong&gt;2&#x3001;()()()&lt;/strong&gt;&lt;/p&gt;&#xD;
&#xD;
&lt;p&gt;&lt;strong&gt;3&#x3001;()(())&lt;/strong&gt;&lt;/p&gt;&#xD;
&#xD;
&lt;p&gt;&lt;strong&gt;4&#x3001;(()())&lt;/strong&gt;&lt;/p&gt;&#xD;
&#xD;
&lt;p&gt;&lt;strong&gt;5&#x3001;((()))&lt;/strong&gt;&lt;/p&gt;</content>
  <attach></attach>
  <rcount></rcount>
  <rank></rank>
  <hit>12</hit>
  <lang>1</lang>
</data>
