<?xml version="1.0"?>
<data version="3.0" time="2024-07-19 09:00:16" type="post" filename="b000000002000000001.xml">
  <open_time>0000-00-00</open_time>
  <close_time>0000-00-00</close_time>
  <lang_name>Big5</lang_name>
  <board_id>1001174277</board_id>
  <node>000000002000000001</node>
  <site>1000110001</site>
  <pt>2022-11-22 12:26:45</pt>
  <poster>11813</poster>
  <realname>&#x5433;&#x5B9C;&#x9D3B;  </realname>
  <email>yhwu@cycu.edu.tw</email>
  <homepage>https://www.researchgate.net/profile/Yi-Hung-Wu-2  </homepage>
  <subject>Re: 203. &#x8209;&#x4F8B;&#x8AAA;&#x660E;&#x96D9;&#x91CD;&#x4F47;&#x5217;&#x5982;&#x4F55;&#x6A21;&#x64EC;&#xFF0C;&#x9808;&#x6307;&#x51FA;&#x9078;&#x64C7;&#x4F47;&#x5217;&#x7684;&#x7B56;&#x7565;&#x3002;  </subject>
  <content>&lt;p&gt;&lt;strong&gt;&#x5982;&#x679C;&#x5C07;&#x4E0D;&#x540C;&#x610F;&#x7FA9;&#x7684;&#x6642;&#x9593;&#x4EE5;&#x8B8A;&#x6578;&#x540D;&#x7A31;&#x53D6;&#x4EE3;&#xFF0C;&#x6587;&#x5B57;&#x6558;&#x8FF0;&#x7684;&#x908F;&#x8F2F;&#x6BD4;&#x8F03;&#x5BB9;&#x6613;&#x7406;&#x89E3;&#x6216;&#x5075;&#x932F;&#x3002;&lt;/strong&gt;&lt;/p&gt;&#xD;
&#xD;
&lt;p&gt;&#x4F8B;&#x5982;&#xFF1A;&#x4EE4;&#x4E0B;&#x4E00;&#x500B;&#x8A02;&#x55AE;&#x7684;&#x62B5;&#x9054;&#x6642;&#x9593;&#x70BA;O&lt;sub&gt;new&lt;/sub&gt;&#x3001;&#x4F47;&#x5217;1&#x7684;&#x9592;&#x7F6E;&#x6642;&#x9593;&#x70BA;CQ&lt;sub&gt;1&lt;/sub&gt;&#xFF0C;&#x7136;&#x5F8C;&#x6642;&#x9593;&#x65E9;&#x7684;&#x5BEB;&#x5728;&#x524D;&#x9762;&#xFF0C;&#x5C31;&#x53EF;&#x4EE5;&#x7C21;&#x5BEB;&#x6210; CQ&lt;sub&gt;1&lt;/sub&gt;&amp;lt;=O&lt;sub&gt;new&#x3002;&lt;/sub&gt;&lt;/p&gt; </content>
  <attach></attach>
  <rcount></rcount>
  <rank></rank>
  <hit>1</hit>
  <lang>1</lang>
</data>
