<?xml version="1.0"?>
<data version="3.0" time="2024-07-19 09:00:16" type="post" filename="b000000002000000003.xml">
  <open_time>0000-00-00</open_time>
  <close_time>0000-00-00</close_time>
  <lang_name>Big5</lang_name>
  <board_id>1001174277</board_id>
  <node>000000002000000003</node>
  <site>1000110001</site>
  <pt>2022-11-29 17:58:33</pt>
  <poster>11027243</poster>
  <realname>&#x9673;&#x51A0;&#x59A4;  </realname>
  <email>hiroto104360@gmail.com</email>
  <homepage>  </homepage>
  <subject>Re: 203. &#x8209;&#x4F8B;&#x8AAA;&#x660E;&#x96D9;&#x91CD;&#x4F47;&#x5217;&#x5982;&#x4F55;&#x6A21;&#x64EC;&#xFF0C;&#x9808;&#x6307;&#x51FA;&#x9078;&#x64C7;&#x4F47;&#x5217;&#x7684;&#x7B56;&#x7565;&#x3002;  </subject>
  <content>&lt;p&gt;&#x1F44F;&#x1F3FB;&#x1F44F;&#x1F3FB;&#x1F44F;&#x1F3FB;&lt;/p&gt; </content>
  <attach></attach>
  <rcount></rcount>
  <rank></rank>
  <hit>1</hit>
  <lang>1</lang>
</data>
