<?xml version="1.0"?>
<data version="3.0" time="2024-07-19 09:06:10" type="post" filename="b000000002.xml">
  <open_time>0000-00-00</open_time>
  <close_time>0000-00-00</close_time>
  <lang_name>Big5</lang_name>
  <board_id>1001162657</board_id>
  <node>000000002</node>
  <site>1000110001</site>
  <pt>2022-12-21 15:53:44</pt>
  <poster>11027154</poster>
  <realname>&#x5ED6;&#x6893;&#x9038;  </realname>
  <email>joe3727@gmail.com</email>
  <homepage>  </homepage>
  <subject>225. &#x5DF2;&#x6392;&#x5E8F;&#x8CC7;&#x6599;&#x5982;&#x4F55;&#x5EFA;&#x7ACB;&#x4E00;&#x68F5;&#x5E73;&#x8861;&#x7684;&#x4E8C;&#x5143;&#x641C;&#x5C0B;&#x6A39;&#xFF1F; </subject>
  <content>&lt;p&gt;&#x5047;&#x8A2D;&#x6709;&#x4E00;&#x500B;&#x5DF2;&#x6392;&#x5E8F;&#x7684;&#x6578;&#x7D44;&amp;nbsp;[1, 2, 3, 4, 5, 6, 7]&#xFF0C;&#x53EF;&#x4EE5;&#x4F7F;&#x7528;&#x4EE5;&#x4E0B;&#x6B65;&#x9A5F;&#x4F86;&#x5EFA;&#x7ACB;&#x5E73;&#x8861;&#x4E8C;&#x5143;&#x641C;&#x5C0B;&#x6A39;&#xFF1A;&lt;/p&gt;&#xD;
&#xD;
&lt;ol&gt;&#xD;
	&lt;li&gt;&#x627E;&#x4E2D;&#x9593;&#x7BC0;&#x9EDE;&amp;nbsp;4&#xFF0C;&#x4E26;&#x5C07;&#x5176;&#x4F5C;&#x70BA;&#x6A39;&#x7684;&#x6839;&#x7BC0;&#x9EDE;&#x3002;&lt;/li&gt;&#xD;
	&lt;li&gt;&#x627E;&#x5230;&#x7B2C;&#x4E00;&#x500B;&#x7BC0;&#x9EDE;&amp;nbsp;1&#x5230;&amp;nbsp;&#x7B2C;&#x4E09;&#x500B;&#x7BC0;&#x9EDE;3&#x7684;&#x4E2D;&#x9593;&#x7BC0;&#x9EDE;2&#xFF0C;&#x4E26;&#x5C07;&#x5176;&#x63D2;&#x5165;&#x5230;&#x6839;&#x7BC0;&#x9EDE;&#x7684;&#x5DE6;&#x5B50;&#x7BC0;&#x9EDE;&#x3002;&lt;/li&gt;&#xD;
	&lt;li&gt;&#x627E;&#x5230;&#x7B2C;&#x4E94;&#x500B;&#x7BC0;&#x9EDE;&amp;nbsp;5&#x5230;&amp;nbsp;&#x7B2C;&#x4E03;&#x500B;&#x7BC0;&#x9EDE;7&#x7684;&#x4E2D;&#x9593;&#x7BC0;&#x9EDE;6&#xFF0C;&#x4E26;&#x5C07;&#x5176;&#x63D2;&#x5165;&#x5230;&#x6839;&#x7BC0;&#x9EDE;&#x7684;&#x53F3;&#x5B50;&#x7BC0;&#x9EDE;&#x3002;&lt;/li&gt;&#xD;
&lt;/ol&gt;&#xD;
&#xD;
&lt;p&gt;&#x5C07;&#x4E0A;&#x8FF0;&#x898F;&#x5247;&#x5957;&#x7528;&#x5230;&#x5269;&#x4E0B;&#x7BC0;&#x9EDE;&#xFF08;&#x905E;&#x8FF4;&#xFF09;&#xFF0C;&#x5C07;&#x6703;&#x5F97;&#x5230;&#x5E73;&#x8861;&#x4E8C;&#x5143;&#x641C;&#x5C0B;&#x6A39;&#x5982;&#x4E0B;&#x5716;&lt;/p&gt;&#xD;
&#xD;
&lt;p&gt;&lt;img alt="" src="/user/1/1/11027154/images/118BA1AC-3B95-44D5-B176-A13C428F741B.jpeg" style="height:261px; width:198px" /&gt;&lt;/p&gt; </content>
  <attach></attach>
  <rcount></rcount>
  <rank></rank>
  <hit>22</hit>
  <lang>1</lang>
</data>
