<?xml version="1.0"?>
<data version="3.0" time="2024-07-19 09:06:10" type="post" filename="b000000004.xml">
  <open_time>0000-00-00</open_time>
  <close_time>0000-00-00</close_time>
  <lang_name>Big5</lang_name>
  <board_id>1001162657</board_id>
  <node>000000004</node>
  <site>1000110001</site>
  <pt>2022-12-26 21:15:10</pt>
  <poster>10927161</poster>
  <realname>&#x8449;&#x90C5;&#x6690;  </realname>
  <email>judeyeh@gmail.com</email>
  <homepage>  </homepage>
  <subject>223. &#x76F8;&#x540C;&#x641C;&#x5C0B;&#x9375;&#x7684;&#x4E8C;&#x7B46;&#x8CC7;&#x6599;&#x5982;&#x4F55;&#x5B58;&#x5165;&#x4E8C;&#x5143;&#x641C;&#x5C0B;&#x6A39;&#xFF1F; </subject>
  <content>&lt;p&gt;&#x53EF;&#x5728;&#x6BCF;&#x500B;Node&#x90FD;&#x65B0;&#x589E;&#x4E00;&#x500B;&#x52D5;&#x614B;&#x9663;&#x5217;&#x4F86;&#x5132;&#x5B58;&#x9019;&#x4E9B;&#x5143;&#x7D20;&#x539F;&#x672C;&#x7684;index&lt;/p&gt;&#xD;
&#xD;
&lt;p&gt;&#x5047;&#x8A2D;&#x6709;int bst[] = { 7, 9, 3, 5, 5, 8, 2, 10 } &#x4E8C;&#x5143;&#x6A39;&#x6703;&#x9577;&#x9019;&#x6A23;&lt;/p&gt;&#xD;
&#xD;
&lt;p&gt;&amp;nbsp; &amp;nbsp; &amp;nbsp; &amp;nbsp; &amp;nbsp; &amp;nbsp; &amp;nbsp; &amp;nbsp; &amp;nbsp; &amp;nbsp; 7 (0)&lt;/p&gt;&#xD;
&#xD;
&lt;p&gt;&amp;nbsp; &amp;nbsp; &amp;nbsp; &amp;nbsp; &amp;nbsp; &amp;nbsp; &amp;nbsp; &amp;nbsp;/&amp;nbsp; &amp;nbsp; &amp;nbsp; &amp;nbsp; &amp;nbsp; &amp;nbsp; &amp;nbsp; \&lt;/p&gt;&#xD;
&#xD;
&lt;p&gt;&amp;nbsp; &amp;nbsp; &amp;nbsp; &amp;nbsp; &amp;nbsp; &amp;nbsp;3 (2)&amp;nbsp; &amp;nbsp; &amp;nbsp; &amp;nbsp; &amp;nbsp; &amp;nbsp; 9 (1)&lt;/p&gt;&#xD;
&#xD;
&lt;p&gt;&amp;nbsp; &amp;nbsp; &amp;nbsp; &amp;nbsp; &amp;nbsp;/&amp;nbsp; &amp;nbsp; &amp;nbsp; \&amp;nbsp; &amp;nbsp; &amp;nbsp; &amp;nbsp; &amp;nbsp; &amp;nbsp; /&amp;nbsp; &amp;nbsp; &amp;nbsp; \&lt;/p&gt;&#xD;
&#xD;
&lt;p&gt;&amp;nbsp; &amp;nbsp; &amp;nbsp;2 (6)&amp;nbsp;&amp;nbsp; 5(3, 4)&amp;nbsp; &amp;nbsp; 8(5)&amp;nbsp; &amp;nbsp;10(7)&lt;/p&gt; </content>
  <attach></attach>
  <rcount></rcount>
  <rank></rank>
  <hit>15</hit>
  <lang>1</lang>
</data>
