<?xml version="1.0"?>
<data version="3.0" time="2024-07-19 09:06:10" type="post" filename="b000000003.xml">
  <open_time>0000-00-00</open_time>
  <close_time>0000-00-00</close_time>
  <lang_name>Big5</lang_name>
  <board_id>1001162657</board_id>
  <node>000000003</node>
  <site>1000110001</site>
  <pt>2022-12-23 23:50:13</pt>
  <poster>11027139</poster>
  <realname>&#x8A31;&#x66F8;&#x7DAD;  </realname>
  <email>xushuwei1122@gmail.com</email>
  <homepage> </homepage>
  <subject>222. &#x64B0;&#x5BEB;&#x7A0B;&#x5F0F;&#x78BC;&#x6307;&#x51FA;&#x5982;&#x4F55;&#x70BA;&#x4E8C;&#x5143;&#x641C;&#x5C0B;&#x6A39;&#x65B0;&#x589E;&#x7BC0;&#x9EDE; </subject>
  <content>&lt;p&gt;base case :&amp;nbsp;&#x662F;&#x905E;&#x8FF4;&#x5230; root &#x6307;&#x5411; null &#x5C31;&#x65B0;&#x589E;&#x7BC0;&#x9EDE; &#x4E26;&#x4E14;&#x5BEB;&#x5165;&#x6578;&#x503C; &#x8A2D;&#x5B9A;&#x5DE6;&#x53F3;&#x5206;&#x4E4B;&#x70BA; NULL &#x624D;&#x4E0D;&#x6703;&#x57F7;&#x884C;&#x932F;&#x8AA4;&#x3002;&lt;/p&gt;&#xD;
&#xD;
&lt;p&gt;&#x5927;&#x65BC; : &#x65B0;&#x589E;&#x5728;&#x53F3;&#x908A;&#x3002;&lt;/p&gt;&#xD;
&#xD;
&lt;p&gt;&#x5C0F;&#x65BC; : &#x65B0;&#x589E;&#x5728;&#x5DE6;&#x908A;&#x3002;&lt;/p&gt;&#xD;
&#xD;
&lt;p&gt;&#x4E0B;&#x9762;&#x7684;&#x7A0B;&#x5F0F;&#x78BC;&#x591A;&#x4E86;&#x4E00;&#x500B;&#x689D;&#x4EF6;&#x662F;&#x9047;&#x5230;&#x4E00;&#x6A23;&#x7684;&#xFF0C;&#x5C31;&#x5728;&#x539F;&#x7BC0;&#x9EDE; vector &#x505A; push_back&#x3002;&lt;/p&gt;&#xD;
&#xD;
&lt;p&gt;&lt;img alt="" src="/user/1/1/11027139/images/2022-12-23_234602.png" style="height:364px; width:703px" /&gt;&lt;/p&gt;</content>
  <attach></attach>
  <rcount></rcount>
  <rank></rank>
  <hit>17</hit>
  <lang>1</lang>
</data>
