<?xml version="1.0"?>
<data version="3.0" time="2024-07-19 09:06:10" type="post" filename="b000000004000000001.xml">
  <open_time>0000-00-00</open_time>
  <close_time>0000-00-00</close_time>
  <lang_name>Big5</lang_name>
  <board_id>1001162657</board_id>
  <node>000000004000000001</node>
  <site>1000110001</site>
  <pt>2022-12-26 23:53:00</pt>
  <poster>11813</poster>
  <realname>&#x5433;&#x5B9C;&#x9D3B;  </realname>
  <email>yhwu@cycu.edu.tw</email>
  <homepage>https://www.researchgate.net/profile/Yi-Hung-Wu-2  </homepage>
  <subject>Re: 223. &#x76F8;&#x540C;&#x641C;&#x5C0B;&#x9375;&#x7684;&#x4E8C;&#x7B46;&#x8CC7;&#x6599;&#x5982;&#x4F55;&#x5B58;&#x5165;&#x4E8C;&#x5143;&#x641C;&#x5C0B;&#x6A39;&#xFF1F;  </subject>
  <content>&lt;p&gt;OK&lt;/p&gt; </content>
  <attach></attach>
  <rcount></rcount>
  <rank></rank>
  <hit>1</hit>
  <lang>1</lang>
</data>
