<?xml version="1.0"?>
<data version="3.0" time="2024-07-19 09:06:10" type="post" filename="b000000006.xml">
  <open_time>0000-00-00</open_time>
  <close_time>0000-00-00</close_time>
  <lang_name>Big5</lang_name>
  <board_id>1001162657</board_id>
  <node>000000006</node>
  <site>1000110001</site>
  <pt>2022-12-27 22:33:04</pt>
  <poster>10527234</poster>
  <realname>&#x5ED6;&#x5F65;&#x6674;  </realname>
  <email>ingrid.liao@hotmail.com</email>
  <homepage>  </homepage>
  <subject>221. &#x8209;&#x4F8B;&#x89E3;&#x8AAA;&#x4E2D;&#x5E8F;&#x8D70;&#x8A2A;&#x4E8C;&#x5143;&#x641C;&#x5C0B;&#x6A39;&#x662F;&#x5426;&#x7A69;&#x5B9A;&#x6392;&#x5E8F; </subject>
  <content>&lt;p&gt;&#x7576;&#x4E8C;&#x5143;&#x641C;&#x5C0B;&#x6A39;&#x5B9A;&#x7FA9;&#x6210;&#x5F8C;&#x7E8C;&#x76F8;&#x540C;&#x503C;&#x6B78;&#x985E;&#x5728;&#x53F3;&#x5B50;&#x6A39;&#x6642;&#xFF0C;&#x4E2D;&#x5E8F;&#x8D70;&#x8A2A;&#x5C31;&#x662F;&#x7A69;&#x5B9A;&#x6392;&#x5E8F;&#xFF1B;&#x53CD;&#x4E4B;&#x6B78;&#x985E;&#x5728;&#x5DE6;&#x5B50;&#x6A39;&#x5C31;&#x4E0D;&#x662F;&#x3002;&lt;/p&gt;&#xD;
&#xD;
&lt;p&gt;&#x4F8B;&#x5982;&#x7528;&#x9663;&#x5217;[3,1,7,3,2,1,3]&#x5EFA;&#x7ACB;&#x4E8C;&#x5143;&#x641C;&#x5C0B;&#x6A39;&#xFF1A;&lt;img src="blob:https://i-learning.cycu.edu.tw/d71c084c-7be0-400c-ab53-a004b6ffb940" /&gt;&lt;/p&gt;&#xD;
&#xD;
&lt;p&gt;&#x901A;&#x904E;&#x4E2D;&#x5E8F;&#x6392;&#x5E8F;&#x5F8C;&#xFF1A;&lt;/p&gt;&#xD;
&#xD;
&lt;p&gt;&lt;img src="blob:https://i-learning.cycu.edu.tw/a919e5a8-0c20-4849-a970-a9839f1d6eef" /&gt;&lt;/p&gt;&#xD;
&#xD;
&lt;p&gt;&#x9019;&#x6A23;&#x5C31;&#x80FD;&#x5F97;&#x5230;&#x7A69;&#x5B9A;&#x6392;&#x5E8F;&#x3002;&lt;/p&gt; </content>
  <attach></attach>
  <rcount></rcount>
  <rank></rank>
  <hit>6</hit>
  <lang>1</lang>
</data>
