<?xml version="1.0"?>
<data version="3.0" time="2024-07-19 09:06:10" type="post" filename="b000000007.xml">
  <open_time>0000-00-00</open_time>
  <close_time>0000-00-00</close_time>
  <lang_name>Big5</lang_name>
  <board_id>1001162657</board_id>
  <node>000000007</node>
  <site>1000110001</site>
  <pt>2022-12-27 22:56:18</pt>
  <poster>11027143</poster>
  <realname>&#x8A31;&#x62D3;&#x5BB8;  </realname>
  <email>hnes0311@gmail.com</email>
  <homepage> </homepage>
  <subject>221. &#x8209;&#x4F8B;&#x89E3;&#x8AAA;&#x4E2D;&#x5E8F;&#x8D70;&#x8A2A;&#x4E8C;&#x5143;&#x641C;&#x5C0B;&#x6A39;&#x662F;&#x5426;&#x7A69;&#x5B9A;&#x6392;&#x5E8F;&#x3002; </subject>
  <content>&lt;p&gt;&#x9996;&#x5148;&#xFF0C;&amp;#39;&#x4E8C;&#x5143;&#x641C;&#x5C0B;&#x6A39;&amp;quot;&#x5176;&#x5BE6;&#x5C31;&#x662F;&amp;quot;&#x63D2;&#x5165;&#x6392;&#x5E8F;&amp;quot;&#xFF0C;&#x5DEE;&#x5225;&#x5728;&#x65BC;&#x4E8C;&#x5143;&#x641C;&#x5C0B;&#x6A39;&#x5728;&#x63D2;&#x5165;&#x9EDE;&#x662F;&#x4F7F;&#x7528;&#x4E8C;&#x5143;&#x641C;&#x5C0B;(binary search)&#xFF0C;&#x800C;&#x63D2;&#x5165;&#x6392;&#x5E8F;&#x5247;&#x662F;&#x4F7F;&#x7528;&#x7DDA;&#x6027;&#x641C;&#x5C0B;(linear search)&#xFF0C;&#x56E0;&#x70BA;&#x63D2;&#x5165;&#x6392;&#x5E8F;&#x662F;&#x7A69;&#x9802;&#x6392;&#x5E8F;&#x7684;&#x4E00;&#x7A2E;&#xFF0C;&#x56E0;&#x6B64;&#x4E8C;&#x5143;&#x641C;&#x5C0B;&#x6A39;&#x4E5F;&#x662F;&#x7A69;&#x5B9A;&#x6392;&#x5E8F;&#x3002;&lt;br /&gt;&#xD;
&lt;br /&gt;&#xD;
&lt;img src="https://cdn.discordapp.com/attachments/606811480322473985/1057310398208032779/IMG_6786.jpg" /&gt;&lt;/p&gt;&#xD;
&#xD;
&lt;p&gt;&#x5982;&#x5716;&#xFF0C;&#x56E0;&#x70BA;&#x6BD4;&#x8F03;&#x662F;&#x5F9E;&#x6709;&#x5E8F;&#x5E8F;&#x5217;&#x7684;&#x982D;&#x958B;&#x59CB;&#xFF0C;&#x4E5F;&#x5C31;&#x662F;&#x60F3;&#x8981;&#x63D2;&#x5165;&#x7684;&#x5143;&#x7D20;&#x548C;&#x5DF2;&#x7D93;&#x6709;&#x5E8F;&#x7684;&#x6700;&#x5C0F;&#x8005;&#x958B;&#x59CB;&#x6BD4;&#x8D77;&#xFF0C;&#x5982;&#x679C;&#x6BD4;&#x5B83;&#x5927;&#x5247;&#x76F4;&#x63A5;&#x63D2;&#x5165;&#x5728;&#x5176;&#x5F8C;&#x9762;&#xFF0C;&#x5426;&#x5247;&#x4E00;&#x76F4;&#x5F80;&#x5F8C;&#x627E;&#x76F4;&#x5230;&#x627E;&#x5230;&#x5B83;&#x8A72;&#x63D2;&#x5165;&#x7684;&#x4F4D;&#x7F6E;&#x3002;&#x5982;&#x679C;&#x78B0;&#x898B;&#x4E00;&#x500B;&#x548C;&#x63D2;&#x5165;&#x5143;&#x7D20;&#x76F8;&#x7B49;&#x7684;&#xFF0C;&#x90A3;&#x9EBC;&#x628A;&#x60F3;&#x63D2;&#x5165;&#x7684;&#x5143;&#x7D20;&#x76F4;&#x63A5;&#x653E;&#x5728;&#x76F8;&#x7B49;&#x5143;&#x7D20;&#x7684;&#x5F8C;&#x9762;&#x3002;&#x6240;&#x4EE5;&#xFF0C;&#x76F8;&#x7B49;&#x5143;&#x7D20;&#x7684;&#x524D;&#x5F8C;&#x9806;&#x5E8F;&#x6C92;&#x6709;&#x6539;&#x8B8A;&#xFF0C;&#x5F9E;&#x539F;&#x7121;&#x5E8F;&#x5E8F;&#x5217;&#x51FA;&#x53BB;&#x7684;&#x9806;&#x5E8F;&#x5C31;&#x662F;&#x6392;&#x597D;&#x5E8F;&#x5F8C;&#x7684;&#x9806;&#x5E8F;&#xFF0C;&#x56E0;&#x6B64;&#x662F;&#x7A69;&#x5B9A;&#x7684;&#x3002;&lt;/p&gt;</content>
  <attach></attach>
  <rcount></rcount>
  <rank></rank>
  <hit>9</hit>
  <lang>1</lang>
</data>
