<?xml version="1.0"?>
<data version="3.0" time="2024-07-19 09:06:10" type="post" filename="b000000001.xml">
  <open_time>0000-00-00</open_time>
  <close_time>0000-00-00</close_time>
  <lang_name>Big5</lang_name>
  <board_id>1001162657</board_id>
  <node>000000001</node>
  <site>1000110001</site>
  <pt>2022-12-20 14:17:37</pt>
  <poster>10721221</poster>
  <realname>&#x856D;&#x831C;&#x6587;  </realname>
  <email>wen042118@icloud.com</email>
  <homepage>  </homepage>
  <subject>225. &#x5DF2;&#x6392;&#x5E8F;&#x8CC7;&#x6599;&#x5982;&#x4F55;&#x5EFA;&#x7ACB;&#x4E00;&#x68F5;&#x5E73;&#x8861;&#x7684;&#x4E8C;&#x5143;&#x641C;&#x5C0B;&#x6A39;&#xFF1F; </subject>
  <content>&lt;p&gt;&#x6211;&#x5011;&#x9700;&#x8981;&#x5728;&#x6BCF;&#x4E00;&#x500B;&#x7BC0;&#x9EDE;&#x591A;&#x65B0;&#x589E;&#x4E00;&#x500B;&#x8CC7;&#x8A0A;&#xFF0C;&#x4E5F;&#x5C31;&#x662F;&#x7BC0;&#x9EDE;&#x7684;&#x9AD8;&#x5EA6;&#xFF0C;&#x900F;&#x904E;&#x7BC0;&#x9EDE;&#x7684;&#x9AD8;&#x5EA6;&#x4F86;&#x5F97;&#x77E5;&#x5B50;&#x6A39;&#x7684;&#x9AD8;&#x5EA6;&#xFF0C;&#x5F9E;&#x800C;&#x4FDD;&#x6301;&#x5E73;&#x8861;&#x3002;&lt;/p&gt;&#xD;
&#xD;
&lt;p&gt;&#x6700;&#x7C21;&#x55AE;&#x5E73;&#x8861;&#x6A39;&#x7684;&#x60F3;&#x6CD5;&#x5C31;&#x662F;&#x8B93;&#x5DE6;&#x5B50;&#x6A39;&#x548C;&#x53F3;&#x5B50;&#x6A39;&#x9AD8;&#x5EA6;&#x4E00;&#x6A21;&#x4E00;&#x6A23;&#xFF0C;&#x4F46;&#x9019;&#x4EF6;&#x4E8B;&#x60C5;&#x5BE6;&#x969B;&#x4E0A;&#x662F;&#x4E0D;&#x53EF;&#x80FD;&#x7684;&#xFF0C;&#x6703;&#x56E0;&#x70BA;&#x6A39;&#x7684;&#x7BC0;&#x9EDE;&#x500B;&#x6578;&#x662F;&#x5947;&#x6578;&#x9084;&#x662F;&#x5076;&#x6578;&#x800C;&#x5C0E;&#x81F4;&#x6211;&#x5011;&#x7121;&#x6CD5;&#x5BE6;&#x73FE;&#x9019;&#x4E00;&#x4EF6;&#x4E8B;&#x60C5;&#x3002;&lt;/p&gt;&#xD;
&#xD;
&lt;p&gt;&#x6211;&#x5011;&#x5B9A;&#x7FA9;AVL Tree&#x70BA;&#x5C0D;&#x65BC;&#x6BCF;&#x4E00;&#x500B;&#x5DE6;&#x5B50;&#x7BC0;&#x9EDE;&#x7684;&#x9AD8;&#x5EA6;&#x548C;&#x53F3;&#x5B50;&#x7BC0;&#x9EDE;&#x7684;&#x9AD8;&#x5EA6;&#xFF0C;&#x5169;&#x8005;&#x4E4B;&#x9593;&#x7684;&#x5DEE;&#x7570;&#x5FC5;&#x9808;&#x5728;&#x6B63;&#x8CA0;1&#x4E4B;&#x9593;&#x3002;&lt;/p&gt;&#xD;
&#xD;
&lt;p&gt;&#x70BA;&#x4E86;&#x5E73;&#x8861;&#x9700;&#x7528;&#x5230;&#x8A08;&#x7B97;BF(&#x5E73;&#x8861;&#x56E0;&#x5B50;)&#x53CA;&#x56DB;&#x7A2E;&#x65CB;&#x8F49;&#x65B9;&#x5F0F;&#xFF1A;LL&#x3001;RR&#x3001;LR&#x3001;RL&#x3002;&lt;/p&gt; </content>
  <attach></attach>
  <rcount></rcount>
  <rank></rank>
  <hit>19</hit>
  <lang>1</lang>
</data>
