<?xml version="1.0"?>
<data version="3.0" time="2024-07-19 09:06:10" type="post" filename="b000000005000000001.xml">
  <open_time>0000-00-00</open_time>
  <close_time>0000-00-00</close_time>
  <lang_name>Big5</lang_name>
  <board_id>1001162657</board_id>
  <node>000000005000000001</node>
  <site>1000110001</site>
  <pt>2022-12-27 20:11:36</pt>
  <poster>11813</poster>
  <realname>&#x5433;&#x5B9C;&#x9D3B;  </realname>
  <email>yhwu@cycu.edu.tw</email>
  <homepage>https://www.researchgate.net/profile/Yi-Hung-Wu-2  </homepage>
  <subject>Re: 225. &#x5DF2;&#x6392;&#x5E8F;&#x8CC7;&#x6599;&#x5982;&#x4F55;&#x5EFA;&#x7ACB;&#x4E00;&#x68F5;&#x5E73;&#x8861;&#x7684;&#x4E8C;&#x5143;&#x641C;&#x5C0B;&#x6A39;&#xFF1F;  </subject>
  <content>&lt;p&gt;Good!&lt;/p&gt; </content>
  <attach></attach>
  <rcount></rcount>
  <rank></rank>
  <hit>1</hit>
  <lang>1</lang>
</data>
