<?xml version="1.0"?>
<data version="3.0" time="2024-07-19 08:59:46" type="post" filename="b000000006.xml">
  <open_time>0000-00-00</open_time>
  <close_time>0000-00-00</close_time>
  <lang_name>Big5</lang_name>
  <board_id>1001174275</board_id>
  <node>000000006</node>
  <site>1000110001</site>
  <pt>2022-10-24 02:24:58</pt>
  <poster>11027233</poster>
  <realname>&#x66FE;&#x54C1;&#x5143;  </realname>
  <email>daniel29348679@gmail.com</email>
  <homepage>  </homepage>
  <subject>122. &#x5BEB;C++&#x7A0B;&#x5F0F;&#x78BC;&#x8AAA;&#x660E;&#x50B3;&#x53C3;&#x8003;&#x547C;&#x53EB;call by reference&#x3002; </subject>
  <content>&lt;p&gt;int main()&lt;br /&gt;&#xD;
{&lt;br /&gt;&#xD;
&amp;nbsp; &amp;nbsp; vector &amp;lt;int&amp;gt; vec{1, 2, 3, 4, 5, 6, 7, 8};&lt;br /&gt;&#xD;
&amp;nbsp; &amp;nbsp; cout &amp;lt;&amp;lt; &amp;quot;call by value: &amp;nbsp; &amp;nbsp;&amp;quot;;&lt;br /&gt;&#xD;
&amp;nbsp; &amp;nbsp; for(auto i:vec)&lt;br /&gt;&#xD;
&amp;nbsp; &amp;nbsp; &amp;nbsp; &amp;nbsp; i++;&lt;br /&gt;&#xD;
&amp;nbsp; &amp;nbsp; for(auto i:vec)&lt;br /&gt;&#xD;
&amp;nbsp; &amp;nbsp; &amp;nbsp; &amp;nbsp; cout &amp;lt;&amp;lt; i &amp;lt;&amp;lt; &amp;quot; &amp;quot;;&lt;/p&gt;&#xD;
&#xD;
&lt;p&gt;&amp;nbsp; &amp;nbsp; cout &amp;lt;&amp;lt; &amp;quot;\ncall by reference:&amp;quot;;&lt;br /&gt;&#xD;
&amp;nbsp; &amp;nbsp; for(auto&amp;amp;i:vec) //&amp;nbsp;call by reference&lt;br /&gt;&#xD;
&amp;nbsp; &amp;nbsp; &amp;nbsp; &amp;nbsp; i++;&lt;br /&gt;&#xD;
&amp;nbsp; &amp;nbsp; for(auto i:vec)&lt;br /&gt;&#xD;
&amp;nbsp; &amp;nbsp; &amp;nbsp; &amp;nbsp; cout &amp;lt;&amp;lt; i &amp;lt;&amp;lt; &amp;quot; &amp;quot;;&lt;/p&gt;&#xD;
&#xD;
&lt;p&gt;}&lt;/p&gt;&#xD;
&#xD;
&lt;p&gt;call by value:&amp;nbsp; &amp;nbsp; &amp;nbsp; &amp;nbsp;1 2 3 4 5 6 7 8&lt;br /&gt;&#xD;
call by reference:2 3 4 5 6 7 8 9&lt;/p&gt;&#xD;
&#xD;
&lt;p&gt;&#x53EA;&#x6709;call by reference&#x624D;&#x6703;&#x771F;&#x6B63;&#x6539;&#x8B8A;&#x547C;&#x53EB;&#x8B8A;&#x6578;&#x7684;&#x503C;&lt;/p&gt; </content>
  <attach></attach>
  <rcount></rcount>
  <rank></rank>
  <hit>16</hit>
  <lang>1</lang>
</data>
