<?xml version="1.0"?>
<data version="3.0" time="2024-07-19 08:59:46" type="post" filename="b000000003.xml">
  <open_time>0000-00-00</open_time>
  <close_time>0000-00-00</close_time>
  <lang_name>Big5</lang_name>
  <board_id>1001174275</board_id>
  <node>000000003</node>
  <site>1000110001</site>
  <pt>2022-10-21 22:54:51</pt>
  <poster>11027239</poster>
  <realname>&#x90B1;&#x5BA5;&#x6587;  </realname>
  <email>ivan42095108@gmail.com</email>
  <homepage> </homepage>
  <subject>124. &#x5408;&#x6CD5;&#x904B;&#x7B97;&#x5F0F;&#x82E5;&#x6709;&#x4E09;&#x7D44;&#x62EC;&#x5F27;&#xFF0C;&#x53EF;&#x4EE5;&#x6709;&#x5E7E;&#x7A2E;&#x4E0D;&#x540C;&#x7684;&#x5F62;&#x5F0F;&#xFF1F;&#x4F8B;&#x5982;()()()&#x548C;(()())&#x5C31;&#x662F;&#x4E8C;&#x7A2E;&#x4E0D;&#x540C;&#x7684;&#x5F62;&#x5F0F;&#x3002; </subject>
  <content>&lt;p&gt;5&#x7A2E;&lt;/p&gt;&#xD;
&#xD;
&lt;p&gt;1.((()))&lt;/p&gt;&#xD;
&#xD;
&lt;p&gt;2.(()())&lt;/p&gt;&#xD;
&#xD;
&lt;p&gt;3.(())()&lt;/p&gt;&#xD;
&#xD;
&lt;p&gt;4.()()()&lt;/p&gt;&#xD;
&#xD;
&lt;p&gt;5.()(())&lt;/p&gt;&#xD;
&#xD;
&lt;p&gt;&#x7B97;&#x6CD5;&#xFF1A;(2*n!/n!*n!)-(2*n!/(n+1)!*(n-1)!)&lt;/p&gt;</content>
  <attach></attach>
  <rcount></rcount>
  <rank></rank>
  <hit>39</hit>
  <lang>1</lang>
</data>
