<?xml version="1.0"?>
<data version="3.0" time="2024-07-19 08:59:46" type="post" filename="b000000009.xml">
  <open_time>0000-00-00</open_time>
  <close_time>0000-00-00</close_time>
  <lang_name>Big5</lang_name>
  <board_id>1001174275</board_id>
  <node>000000009</node>
  <site>1000110001</site>
  <pt>2022-10-24 19:08:53</pt>
  <poster>11027251</poster>
  <realname>&#x9673;&#x51A0;&#x860B;  </realname>
  <email>tanya0920617@gmail.com</email>
  <homepage> </homepage>
  <subject>121. &#x8209;&#x4F8B;&#x8AAA;&#x660E;&#x4F7F;&#x7528;&#x74B0;&#x72C0;&#x93C8;&#x7D50;&#x4E32;&#x5217;Circularly linked list&#x7684;&#x60C5;&#x5883;&#x3002; </subject>
  <content>&lt;p&gt;&#x74B0;&#x72C0;&#x93C8;&#x7D50;&#x4E32;&#x5217;&#x662F;&#x6307;&#x93C8;&#x7D50;&#x4E32;&#x5217;&#x7684;&#x5C3E;&#x5DF4;&#x6307;&#x5411;&#x982D;&lt;/p&gt;&#xD;
&#xD;
&lt;p&gt;&#x53EF;&#x4EE5;&#x61C9;&#x7528;&#x5728;&#x5FAA;&#x74B0;&#x7684;&#x8CC7;&#x6599;ex Queue&lt;/p&gt;&#xD;
&#xD;
&lt;p&gt;&#x7279;&#x6027;&amp;nbsp;&lt;/p&gt;&#xD;
&#xD;
&lt;ol&gt;&#xD;
	&lt;li&gt;&#x5C0D;&#x65BC;&#x8CC7;&#x6599;&#x6C92;&#x6709;&#x660E;&#x78BA;&#x7684;&#x982D;&#x8DDF;&#x5C3E;&#x7684;&#x5B9A;&#x7FA9;&lt;/li&gt;&#xD;
	&lt;li&gt;&#x6C92;&#x6709;&#x7D50;&#x9EDE;&#x6307;&#x5411;NULL&lt;/li&gt;&#xD;
	&lt;li&gt;&#x5373;&#x4F7F;&#x662F;&#x55AE;&#x5411;&#x74B0;&#x72C0;&#x93C8;&#x7D50;&#x4E32;&#x5217;&#xFF0C;&#x4E0D;&#x8AD6;&#x5F9E;&#x90A3;&#x500B;&#x7D50;&#x9EDE;&#x958B;&#x59CB;&#xFF0C;&#x6240;&#x6709;&#x7BC0;&#x9EDE;&#x7686;&#x53EF;&#x9020;&#x8A2A;&lt;/li&gt;&#xD;
&lt;/ol&gt;</content>
  <attach></attach>
  <rcount></rcount>
  <rank></rank>
  <hit>41</hit>
  <lang>1</lang>
</data>
