<?xml version="1.0"?>
<data version="3.0" time="2024-07-19 08:59:46" type="post" filename="b000000013.xml">
  <open_time>0000-00-00</open_time>
  <close_time>0000-00-00</close_time>
  <lang_name>Big5</lang_name>
  <board_id>1001174275</board_id>
  <node>000000013</node>
  <site>1000110001</site>
  <pt>2022-10-25 22:31:34</pt>
  <poster>11027209</poster>
  <realname>&#x5DEB;&#x5E74;&#x5DE8;  </realname>
  <email>yy911123@gmail.com</email>
  <homepage>  </homepage>
  <subject>121. &#x8209;&#x4F8B;&#x8AAA;&#x660E;&#x4F7F;&#x7528;&#x74B0;&#x72C0;&#x93C8;&#x7D50;&#x4E32;&#x5217;Circularly linked list&#x7684;&#x60C5;&#x5883;&#x3002; </subject>
  <content>&lt;p&gt;&#x5047;&#x8A2D;&#x7528;&#x55AE;&#x5411;&#x93C8;&#x7D50;&#x4E32;&#x5217;&#x7576;&#x4F5C;&#x97F3;&#x6A02;mp3&#x6E05;&#x55AE;&#x64A5;&#x653E;&#x5668;&#x6307;&#x91DD;&#x7684;&#x8A71;&#xFF0C;&#x5F9E;&#x7B2C;&#x4E00;&#x9996;&#x6B4C;&#x9020;&#x9806;&#x5E8F;&#x64A5;&#x653E;&#x5230;&#x6700;&#x5F8C;&#x4E00;&#x9996;&#x6B4C;&#x64AD;&#x5B8C;&#x5C31;&#x6703;&#x505C;&#x6B62;&lt;/p&gt;&#xD;
&#xD;
&lt;p&gt;&#x4F46;&#x662F;&#x4F7F;&#x7528;&#x74B0;&#x72C0;&#x4E32;&#x5217;&#x7576;&#x4F5C;&#x97F3;&#x6A02;mp3&#x6E05;&#x55AE;&#x64A5;&#x653E;&#x5668;&#x7684;&#x6307;&#x91DD;&#x7684;&#x8A71;&#xFF0C;&#x6700;&#x5F8C;&#x4E00;&#x9996;&#x6B4C;&#x64AD;&#x5B8C;&#x4E0D;&#x6703;&#x505C;&#x6B62;&#x53CD;&#x800C;&#x56DE;&#x5230;&#x7B2C;&#x4E00;&#x9996;&#x6B4C;&#x6301;&#x7E8C;&#x8F2A;&#x8FF4;&#xFF0C;&#x6216;&#x8005;&#x6211;&#x5011;&#x53EF;&#x4EE5;&#x8A2D;&#x689D;&#x4EF6;&#x8DD1;&#x5B8C;&#x7B2C;&#x4E00;&#x5708;&#x5C31;&#x522A;&#x9664;&#x67D0;&#x9996;&#x6B4C;&#x9019;&#x6A23;&#x3002;&lt;/p&gt;&#xD;
&#xD;
&lt;p&gt;&#x56E0;&#x70BA;&#x55AE;&#x5411;Circular linked list&#x7684;tail&#x6307;&#x5411;head &#x4EE3;&#x8868;&#x8457;&#x9019;&#x500B;&#x4E32;&#x5217;&#x4E0D;&#x6703;&#x6709;NULL&#x7522;&#x751F;&#x7684;&#x72C0;&#x6CC1;&#xFF0C;&#x6240;&#x4EE5;&#x600E;&#x9EBC;&#x524D;&#x9032;&#x90FD;&#x6703;&#x5FAA;&#x74B0;&#x3002;&amp;nbsp;&lt;/p&gt; </content>
  <attach></attach>
  <rcount></rcount>
  <rank></rank>
  <hit>7</hit>
  <lang>1</lang>
</data>
