<?xml version="1.0"?>
<data version="3.0" time="2024-07-19 08:59:46" type="post" filename="b000000004.xml">
  <open_time>0000-00-00</open_time>
  <close_time>0000-00-00</close_time>
  <lang_name>Big5</lang_name>
  <board_id>1001174275</board_id>
  <node>000000004</node>
  <site>1000110001</site>
  <pt>2022-10-22 15:46:55</pt>
  <poster>11027204</poster>
  <realname>&#x912D;&#x5B87;&#x5091;  </realname>
  <email>11027204@O365st.cycu.edu.tw</email>
  <homepage>  </homepage>
  <subject>121. &#x8209;&#x4F8B;&#x8AAA;&#x660E;&#x4F7F;&#x7528;&#x74B0;&#x72C0;&#x93C8;&#x7D50;&#x4E32;&#x5217;Circularly linked list&#x7684;&#x60C5;&#x5883;&#x3002; </subject>
  <content>&lt;p&gt;&#x5728;&#x56DE;&#x5408;&#x5236;&#x591A;&#x4EBA;&#x904A;&#x6232;&#x88E1;&#x9762;&#xFF0C;&#x6240;&#x6709;&#x73A9;&#x5BB6;&#x7684;&#x56DE;&#x5408;&#x9700;&#x8981;&#x7528;&#x74B0;&#x72C0;&#x93C8;&#x7D50;&#x4E32;&#x5217;&#x4F86;&#x6C7A;&#x5B9A;&#xFF0C;&#x5047;&#x5982;&#x904A;&#x6232;&#x6709;4&#x500B;&#x73A9;&#x5BB6;&#xFF0C;&#x5F9E;&#x73A9;&#x5BB6;&#x4E00;&#x5230;&#x73A9;&#x5BB6;&#x4E8C;&#x5230;&#x73A9;&#x5BB6;&#x4E09;&#x6700;&#x5F8C;&#x5230;&#x73A9;&#x5BB6;&#x56DB;&#x6642;&#xFF0C;&#x56E0;&#x70BA;&#x73A9;&#x5BB6;&#x56DB;&#x662F;&#x6700;&#x5F8C;&#x4E00;&#x500B;&#xFF0C;&#x5982;&#x679C;&#x4E0D;&#x662F;&#x4F7F;&#x7528;&#x74B0;&#x72C0;&#x93C8;&#x7D50;&#x4E32;&#x5217;&#x7684;&#x8A71;&#xFF0C;&#x73A9;&#x5BB6;&#x56DB;&#x7684;next&#x6703;&#x6307;&#x5411;&#xFF2E;&#xFF35;&#xFF2C;&#xFF2C;&#xFF0C;&#x9020;&#x6210;&#x6C92;&#x8FA6;&#x6CD5;&#x6301;&#x7E8C;&#x9032;&#x884C;&#x904A;&#x6232;&#xFF0C;&#x6240;&#x4EE5;&#x5728;&#x9019;&#x908A;&#x4F7F;&#x7528;&#x74B0;&#x72C0;&#x93C8;&#x7D50;&#x4E32;&#x5217;&#xFF0C;&#x5C07;&#x73A9;&#x5BB6;&#x56DB;&#x7684;next&#x6307;&#x5411;&#x73A9;&#x5BB6;&#x4E00;&#xFF0C;&#x4EE5;&#x4F7F;&#x904A;&#x6232;&#x80FD;&#x5920;&#x4E0D;&#x65B7;&#x7684;&#x9032;&#x884C;&#x3002;&lt;img alt="" src="/user/1/1/11027204/images/%E8%B3%87%E6%96%99%E7%B5%90%E6%A7%8B-41.jpg" style="height:800px; width:619px" /&gt;&lt;/p&gt; </content>
  <attach></attach>
  <rcount></rcount>
  <rank></rank>
  <hit>35</hit>
  <lang>1</lang>
</data>
