<?xml version="1.0"?>
<data version="3.0" time="2024-07-19 08:59:46" type="post" filename="b000000005.xml">
  <open_time>0000-00-00</open_time>
  <close_time>0000-00-00</close_time>
  <lang_name>Big5</lang_name>
  <board_id>1001174275</board_id>
  <node>000000005</node>
  <site>1000110001</site>
  <pt>2022-10-22 23:26:37</pt>
  <poster>11027206</poster>
  <realname>&#x6797;&#x80B2;&#x8431;  </realname>
  <email>cindylin911105@gmail.com</email>
  <homepage>  </homepage>
  <subject>121. &#x8209;&#x4F8B;&#x8AAA;&#x660E;&#x4F7F;&#x7528;&#x74B0;&#x72C0;&#x93C8;&#x7D50;&#x4E32;&#x5217;Circularly linked list&#x7684;&#x60C5;&#x5883;&#x3002; </subject>
  <content>&lt;p&gt;&#x74B0;&#x72C0;&#x93C8;&#x7D50;&#x4E32;&#x5217;Circularly linked list&#x7C21;&#x8FF0;:&lt;br /&gt;&#xD;
&amp;nbsp; 1. &#x6700;&#x5F8C;&#x4E00;&#x500B;&#x7BC0;&#x9EDE;&#x7684;&#x6307;&#x6A19;&#x6703;&#x6307;&#x5411;&#x7B2C;&#x4E00;&#x500B;&#x7BC0;&#x9EDE;&#x3002;&lt;br /&gt;&#xD;
&amp;nbsp; 2. &#x6C92;&#x6709;&#x4EFB;&#x4E00;&#x500B;&#x7BC0;&#x9EDE;&#x6307;&#x5411;NULL&#xFF0C;&#x6BCF;&#x500B;&#x7BC0;&#x9EDE;&#x90FD;&#x6709;&#x5F8C;&#x4E00;&#x4F4D;&#x3002;&lt;/p&gt;&#xD;
&#xD;
&lt;p&gt;&#x8209;&#x500B;&#x7C21;&#x55AE;&#x7684;&#x4F8B;&#x5B50;&#xFF0C;&#x5728;&#x5718;&#x5EB7;&#x904A;&#x6232;&#x4E2D;&#xFF0C;&#x5927;&#x5BB6;&#x5F88;&#x5E38;&#x6703;&#x570D;&#x6210;&#x4E00;&#x500B;&#x5708;&#xFF0C;&#x76EE;&#x7684;&#x662F;&#x70BA;&#x4E86;&#x8B93;&#x6BCF;&#x4E00;&#x500B;&#x4EBA;&#x90FD;&#x80FD;&#x73A9;&#x5230;&#x904A;&#x6232;&#xFF0C;&#x4E26;&#x4E14;&#x9084;&#x80FD;&#x73A9;&#x597D;&#x5E7E;&#x56DE;&#x5408;&#xFF0C;&#x9019;&#x5C31;&#x5F88;&#x50CF;&#x74B0;&#x72C0;&#x93C8;&#x7D50;&#x4E32;&#x5217;&#x7684;&#x6982;&#x5FF5;&#xFF0C;&#x4EBA;&#x5C31;&#x662F;&#x4E32;&#x5217;&#x4E2D;&#x7684;&#x7BC0;&#x9EDE;&#xFF0C;&#x5DE6;&#x53F3;(&#x524D;&#x5F8C;)&#x5169;&#x908A;&#x90FD;&#x6709;&#x4EBA;(&#x7BC0;&#x9EDE;)&#xFF0C;&#x4E5F;&#x5C31;&#x662F;&#x8AAA;&#xFF0C;&#x4E32;&#x5217;&#x50CF;&#x74B0;&#x72C0;&#x4E00;&#x6A23;&#xFF0C;&#x4E0D;&#x8AD6;&#x5F9E;&#x54EA;&#x4E00;&#x500B;&#x7BC0;&#x9EDE;&#x958B;&#x59CB;&#x51FA;&#x767C;&#xFF0C;&#x7E5E;&#x4E00;&#x5708;&#x90FD;&#x6703;&#x7D93;&#x904E;&#x6BCF;&#x4E00;&#x500B;&#x7BC0;&#x9EDE;&#x3002;&lt;/p&gt;&#xD;
&#xD;
&lt;p&gt;&#x4F7F;&#x7528;&#x74B0;&#x72C0;&#x4E32;&#x5217;:&lt;br /&gt;&#xD;
&amp;nbsp; 1. &#x5728;&#x5EFA;&#x7ACB;&#x7B2C;&#x4E00;&#x500B;&#x7BC0;&#x9EDE;&#x7684;&#x6642;&#x5019;&#xFF0C;&#x7B2C;&#x4E00;&#x500B;&#x7BC0;&#x9EDE;&#x4E0D;&#x662F;&#x6307;&#x5411;NULL&#xFF0C;&#x800C;&#x662F;&#x6307;&#x5411;&#x4ED6;&#x81EA;&#x5DF1;&#x3002;&lt;br /&gt;&#xD;
&amp;nbsp; 2. &#x5728;&#x8A08;&#x7B97;&#x9577;&#x5EA6;&#x7684;&#x6642;&#x5019;&#xFF0C;&#x4E0D;&#x662F;&#x6307;&#x5411;NULL&#x505C;&#x6B62;&#xFF0C;&#x800C;&#x662F;&#x6307;&#x5411;&#x7B2C;&#x4E00;&#x500B;&#x6642;&#x505C;&#x6B62;&#x3002;(&#x505C;&#x6B62;&#x689D;&#x4EF6;&#x4E0D;&#x4E00;&#x6A23;)&lt;/p&gt;&#xD;
&#xD;
&lt;p&gt;&#x74B0;&#x72C0;&#x93C8;&#x7D50;&#x4E32;&#x5217;&#x7684;&lt;br /&gt;&#xD;
&amp;nbsp; &#x512A;&#x9EDE;: &#x60F3;&#x67E5;&#x8A62;&#x5168;&#x90E8;&#x8CC7;&#x8A0A;&#xFF0C;&#x4EFB;&#x4E00;&#x7BC0;&#x9EDE;&#x90FD;&#x53EF;&#x4EE5;&#x4F5C;&#x70BA;&#x59CB;&#x9EDE;&#x3002;&lt;br /&gt;&#xD;
&amp;nbsp; &#x7F3A;&#x9EDE;: &#x4E0D;&#x80FD;&#x96A8;&#x6A5F;&#x8B80;&#x53D6;&#x6307;&#x5B9A;&#x4F4D;&#x7F6E;&#x7684;&#x8CC7;&#x6599;&#xFF0C;&#x53EA;&#x80FD;&#x4E00;&#x500B;&#x4E00;&#x500B;&#x8D70;&#x5230;&#x6307;&#x5B9A;&#x7684;&#x4F4D;&#x7F6E;&#x624D;&#x80FD;&#x8B80;&#x53D6;&#x3002;&lt;/p&gt; </content>
  <attach></attach>
  <rcount></rcount>
  <rank></rank>
  <hit>35</hit>
  <lang>1</lang>
</data>
