<?xml version="1.0"?>
<data version="3.0" time="2024-07-19 08:59:46" type="post" filename="b000000012.xml">
  <open_time>0000-00-00</open_time>
  <close_time>0000-00-00</close_time>
  <lang_name>Big5</lang_name>
  <board_id>1001174275</board_id>
  <node>000000012</node>
  <site>1000110001</site>
  <pt>2022-10-25 19:38:24</pt>
  <poster>11027262</poster>
  <realname>&#x9418;&#x807F;&#x4EAD;  </realname>
  <email>shenyao0214@gmail.com</email>
  <homepage> </homepage>
  <subject>121. &#x8209;&#x4F8B;&#x8AAA;&#x660E;&#x4F7F;&#x7528;&#x74B0;&#x72C0;&#x93C8;&#x7D50;&#x4E32;&#x5217;Circularly linked list&#x7684;&#x60C5;&#x5883;&#x3002; </subject>
  <content>&lt;p&gt;&lt;span style="font-family:&#x65B0;&#x7D30;&#x660E;&#x9AD4;,serif"&gt;&#x74B0;&#x72C0;&#x93C8;&#x7D50;&#x4E32;&#x5217;&#x662F;&#x6307;&#x93C8;&#x7D50;&#x4E32;&#x5217;&#x7684;&#x6700;&#x5F8C;&#x4E00;&#x500B;&#x7BC0;&#x9EDE;&#x6703;&#x6307;&#x5411;&#x4E32;&#x5217;&#x7684;&#x7B2C;&#x4E00;&#x500B;&#x7BC0;&#x9EDE;&#xFF0C;&#x800C;&#x975E;&#x50CF;&#x55AE;&#x5411;&#x93C8;&#x7D50;&#x4E32;&#x5217;&#x6307;&#x5411;&lt;/span&gt;null&lt;span style="font-family:&#x65B0;&#x7D30;&#x660E;&#x9AD4;,serif"&gt;&#x3002;&lt;/span&gt;&lt;/p&gt;&#xD;
&#xD;
&lt;p&gt;&lt;span style="font-family:&#x65B0;&#x7D30;&#x660E;&#x9AD4;,serif"&gt;&#x50CF;&#x662F;&#x6578;&#x4F4D;&#x76F8;&#x6846;&#x7684;&#x7167;&#x7247;&#x96A8;&#x9806;&#x5E8F;&#x64A5;&#x653E;&#xFF0C;&#x5230;&#x6700;&#x5F8C;&#x4E00;&#x5F35;&#x5716;&#x7247;&#x6642;&#x53EF;&#x4EE5;&#x56DE;&#x5230;&#x7B2C;&#x4E00;&#x5F35;&#x5716;&#x7247;&#x91CD;&#x65B0;&#x958B;&#x59CB;&#xFF0C;&#x53EF;&#x4EE5;&#x904B;&#x7528;&#x5728;&#x9700;&#x8981;&#x4E00;&#x76F4;&#x9032;&#x884C;&#x300C;&#x4E0B;&#x4E00;&#x500B;&#x300D;&#x52D5;&#x4F5C;&#x7684;&#x6A21;&#x5F0F;&#x4E0A;&#xFF0C;&#x4E14;&#x4E0D;&#x7BA1;&#x5F9E;&#x54EA;&#x9EDE;&#x958B;&#x59CB;&#x90FD;&#x80FD;&#x8D70;&#x904D;&#x6BCF;&#x500B;&#x7BC0;&#x9EDE;&#x3002;&lt;/span&gt;&lt;/p&gt;</content>
  <attach></attach>
  <rcount></rcount>
  <rank></rank>
  <hit>16</hit>
  <lang>1</lang>
</data>
