<?xml version="1.0"?>
<data version="3.0" time="2024-07-19 08:59:46" type="post" filename="b000000014.xml">
  <open_time>0000-00-00</open_time>
  <close_time>0000-00-00</close_time>
  <lang_name>Big5</lang_name>
  <board_id>1001174275</board_id>
  <node>000000014</node>
  <site>1000110001</site>
  <pt>2022-10-25 23:57:32</pt>
  <poster>10727120</poster>
  <realname>&#x6D2A;&#x9326;&#x5F64;  </realname>
  <email>m27972729@gmail.com</email>
  <homepage>  </homepage>
  <subject>124. &#x5408;&#x6CD5;&#x904B;&#x7B97;&#x5F0F;&#x82E5;&#x6709;&#x4E09;&#x7D44;&#x62EC;&#x5F27;&#xFF0C;&#x53EF;&#x4EE5;&#x6709;&#x5E7E;&#x7A2E;&#x4E0D;&#x540C;&#x7684;&#x5F62;&#x5F0F;&#xFF1F;&#x4F8B;&#x5982;()()()&#x548C;(()())&#x5C31;&#x662F;&#x4E8C;&#x7A2E;&#x4E0D;&#x540C;&#x7684;&#x5F62;&#x5F0F;&#x3002; </subject>
  <content>&lt;p&gt;&#x5F35;&#x5143;&#x7FD4;&#x8001;&#x5E2B;&#x7684;&#x6F14;&#x7B97;&#x6CD5;&#x5206;&#x6790;&#x6709;&#x6559;&#x5230;&#xFF0C;&#x9019;&#x662F;&#x5361;&#x5854;&#x862D;&#x6578;&#x5217;&lt;br /&gt;&#xD;
&#x6B64;&#x984C;&#x984C;&#x76EE;&#x7684;&#x62EC;&#x5F27;&#x8B8A;&#x5316;&#x70BA;&#x4E94;&#x7A2E;&#xFF0C;&#x7B97;&#x5F0F;&#x53CA;&#x5176;&#x4ED6;&#x8209;&#x4F8B;&#x5982;&#x4E0B;&#x65B9;&#x5169;&#x5F35;&#x5716;&lt;/p&gt;&#xD;
&#xD;
&lt;p&gt;&lt;img alt="" src="/user/1/0/10727120/images/%E6%88%AA%E5%9C%96%202022-10-25%20%E4%B8%8B%E5%8D%8811.55.09.png" style="height:1206px; width:1716px" /&gt;&lt;img alt="" src="/user/1/0/10727120/images/%E6%88%AA%E5%9C%96%202022-10-25%20%E4%B8%8B%E5%8D%8811.55.20.png" style="height:1256px; width:1792px" /&gt;&lt;/p&gt; </content>
  <attach></attach>
  <rcount></rcount>
  <rank></rank>
  <hit>6</hit>
  <lang>1</lang>
</data>
