<?xml version="1.0"?>
<data version="3.0" time="2024-07-19 08:59:46" type="post" filename="b000000005000000002.xml">
  <open_time>0000-00-00</open_time>
  <close_time>0000-00-00</close_time>
  <lang_name>Big5</lang_name>
  <board_id>1001174275</board_id>
  <node>000000005000000002</node>
  <site>1000110001</site>
  <pt>2022-10-25 14:37:43</pt>
  <poster>11177010</poster>
  <realname>&#x5F90;&#x6D77;&#x68E0;  </realname>
  <email>a0976820176@gmail.com</email>
  <homepage>  </homepage>
  <subject>Re: 121. &#x8209;&#x4F8B;&#x8AAA;&#x660E;&#x4F7F;&#x7528;&#x74B0;&#x72C0;&#x93C8;&#x7D50;&#x4E32;&#x5217;Circularly linked list&#x7684;&#x60C5;&#x5883;&#x3002;  </subject>
  <content>&lt;p&gt;&lt;span style="color:#b22222"&gt;Good~&#x6E05;&#x695A;&#x660E;&#x77AD;!&lt;/span&gt;&lt;/p&gt; </content>
  <attach></attach>
  <rcount></rcount>
  <rank></rank>
  <hit>1</hit>
  <lang>1</lang>
</data>
