<?xml version="1.0"?>
<data version="3.0" time="2024-07-19 08:59:46" type="post" filename="b000000008.xml">
  <open_time>0000-00-00</open_time>
  <close_time>0000-00-00</close_time>
  <lang_name>Big5</lang_name>
  <board_id>1001174275</board_id>
  <node>000000008</node>
  <site>1000110001</site>
  <pt>2022-10-24 18:15:39</pt>
  <poster>11020137</poster>
  <realname>&#x95DC;&#x7FD4;&#x8B19;  </realname>
  <email>t1175162tw@gmail.com</email>
  <homepage> </homepage>
  <subject>124. &#x5408;&#x6CD5;&#x904B;&#x7B97;&#x5F0F;&#x82E5;&#x6709;&#x4E09;&#x7D44;&#x62EC;&#x5F27;&#xFF0C;&#x53EF;&#x4EE5;&#x6709;&#x5E7E;&#x7A2E;&#x4E0D;&#x540C;&#x7684;&#x5F62;&#x5F0F;&#xFF1F;&#x4F8B;&#x5982;()()()&#x548C;(()())&#x5C31;&#x662F;&#x4E8C;&#x7A2E;&#x4E0D;&#x540C;&#x7684;&#x5F62;&#x5F0F;&#x3002; </subject>
  <content>&lt;p&gt;&#x7B54;&#x6848;&#x70BA;&#x4E94;&#x7A2E;&#xFF0C;&#x89E3;&#x984C;&#x7D50;&#x679C;&#x5982;&#x4E0B;:&lt;/p&gt;&#xD;
&#xD;
&lt;p&gt;&#x9996;&#x5148;&#xFF0C;&#x5408;&#x6CD5;&#x904B;&#x7B97;&#x5F0F;&#x7684;&#x62EC;&#x865F;&#x5FC5;&#x9808;&#x7B26;&#x5408;&#x7B2C;&#x4E00;&#x500B;&#x662F;&#x5DE6;&#x62EC;&#x865F;&#x3001;&#x6700;&#x5F8C;&#x4E00;&#x500B;&#x662F;&#x53F3;&#x62EC;&#x865F;&#x7684;&#x898F;&#x5247;&#x3002;&lt;/p&gt;&#xD;
&#xD;
&lt;p&gt;&#x56E0;&#x6B64;&#x6211;&#x76F4;&#x63A5;&#x5047;&#x8A2D;&#xFF0C;&#x4E09;&#x7D44;&#x62EC;&#x865F;&#x4E2D;&#x5176;&#x4E2D;&#x6709;&#x4E00;&#x7D44;&#x62EC;&#x865F;&#x8CA0;&#x8CAC;&#x6EFF;&#x8DB3;&#x9019;&#x500B;&#x898F;&#x5247;&#x3002;&lt;/p&gt;&#xD;
&#xD;
&lt;p&gt;&#x5269;&#x4E0B;&#x5C31;&#x662F;&#x5169;&#x7D44;&#x62EC;&#x865F;(&#x5169;&#x7A2E;&#x76F8;&#x7570;&#x7269;)&#x7684;&#x6392;&#x5217;&#x7D44;&#x5408;&#x6578;&#xFF0C;&#x7B54;&#x6848;&#x662F;C4&#x53D6;2&#x7B49;&#x65BC;6&#x3002;&lt;/p&gt;&#xD;
&#xD;
&lt;p&gt;&#x800C;&#x6700;&#x5F8C;&#x7684;&#x7B54;&#x6848;&#x4E26;&#x4E0D;&#x662F;6&#x3002;&lt;/p&gt;&#xD;
&#xD;
&lt;p&gt;&#x5728;&#x5408;&#x6CD5;&#x904B;&#x7B97;&#x5F0F;&#x7576;&#x4E2D;&#xFF0C;&#x82E5;&#x5728;&#x5DF2;&#x6EFF;&#x8DB3;&#x62EC;&#x865F;&#x6210;&#x5C0D;&#x7684;&#x60C5;&#x6CC1;&#x4E4B;&#x4E0B;&#x7684;&#x4E0B;&#x4E00;&#x500B;&#x51FA;&#x73FE;&#x53F3;&#x62EC;&#x865F;(&#x4F8B;&#x5982;&#x300C;()&#x300D;&#x7684;&#x4E0B;&#x4E00;&#x500B;&#x51FA;&#x73FE;&#x53F3;&#x62EC;&#x865F;)&lt;/p&gt;&#xD;
&#xD;
&lt;p&gt;&#x5373;&#x70BA;&#x4E0D;&#x5408;&#x6CD5;&#xFF0C;&#x56E0;&#x6B64;&#x6B64;&#x984C;&#x6211;&#x5047;&#x8A2D;&#x5DF2;&#x6EFF;&#x8DB3;&#x4E00;&#x5C0D;&#x62EC;&#x865F;&#x4E14;&#x4E0B;&#x4E00;&#x500B;&#x70BA;&#x53F3;&#x62EC;&#x865F;&#x7684;&#x60C5;&#x6CC1;(&#x300C;(()XX)&#x300D;) PS:&#x9019;&#x88E1;&#x7684;&#x5169;&#x500B;X&#x4E00;&#x6A23;&#x8981;&#x7B26;&#x5408;&#x5DE6;&#x53F3;&#x62EC;&#x865F;&#x6578;&#x91CF;&#x76F8;&#x540C;&#x7684;&#x898F;&#x5247;&lt;/p&gt;&#xD;
&#xD;
&lt;p&gt;&#x6B64;&#x6642;&#x4E0D;&#x5408;&#x6CD5;&#x7684;&#x60C5;&#x6CC1;&#x5C31;&#x662F;&#x7B2C;&#x4E00;&#x500B;X&#x662F;&#x53F3;&#x62EC;&#x865F;&#x7684;&#x60C5;&#x6CC1;&#xFF0C;&#x4E5F;&#x5C31;&#x662F;&#x4E00;&#x7A2E;(C1&#x53D6;1)&#x3002;&lt;/p&gt;&#xD;
&#xD;
&lt;p&gt;&#x6700;&#x5F8C;&#x7684;&#x7B54;&#x6848;&#x662F; 6-1=5&lt;/p&gt;&#xD;
&#xD;
&lt;p&gt;&#x5982;&#x679C;&#x662F;&#x56DB;&#x7D44;&#x4EE5;&#x4E0A;&#x62EC;&#x865F;&#x4E00;&#x6A23;&#x53EF;&#x4EE5;&#x7167;&#x8457;&#x9019;&#x500B;&#x601D;&#x8DEF;&#x53BB;&#x8A08;&#x7B97;&#x3002;(&#x7B2C;&#x4E00;&#x6B21;&#x5047;&#x8A2D;&#x4E00;&#x7D44;&#x62EC;&#x865F;&#x6210;&#x5C0D;&#xFF0C;&#x7B2C;&#x4E8C;&#x6B21;&#x5047;&#x8A2D;&#x5169;&#x7D44;......&#xFF0C;&#x5C07;&#x6240;&#x6709;&#x4E0D;&#x5408;&#x6CD5;&#x7684;&#x60C5;&#x6CC1;&#x9664;&#x53BB;)&lt;/p&gt;</content>
  <attach></attach>
  <rcount></rcount>
  <rank></rank>
  <hit>39</hit>
  <lang>1</lang>
</data>
