<?xml version="1.0"?>
<data version="3.0" time="2024-07-19 08:59:46" type="post" filename="b000000008000000002.xml">
  <open_time>0000-00-00</open_time>
  <close_time>0000-00-00</close_time>
  <lang_name>Big5</lang_name>
  <board_id>1001174275</board_id>
  <node>000000008000000002</node>
  <site>1000110001</site>
  <pt>2022-10-24 21:44:39</pt>
  <poster>11813</poster>
  <realname>&#x5433;&#x5B9C;&#x9D3B;  </realname>
  <email>yhwu@cycu.edu.tw</email>
  <homepage>https://www.researchgate.net/profile/Yi-Hung-Wu-2  </homepage>
  <subject>Re: 124. &#x5408;&#x6CD5;&#x904B;&#x7B97;&#x5F0F;&#x82E5;&#x6709;&#x4E09;&#x7D44;&#x62EC;&#x5F27;&#xFF0C;&#x53EF;&#x4EE5;&#x6709;&#x5E7E;&#x7A2E;&#x4E0D;&#x540C;&#x7684;&#x5F62;&#x5F0F;&#xFF1F;&#x4F8B;&#x5982;()()()&#x548C;(()())&#x5C31;&#x662F;&#x4E8C;&#x7A2E;&#x4E0D;&#x540C;&#x7684;&#x5F62;&#x5F0F;&#x3002;  </subject>
  <content>&lt;p&gt;&#x601D;&#x8003;&#x908F;&#x8F2F;&#x7684;&#x8868;&#x9054;&#x6558;&#x8FF0;&#x90FD;&#x5F88;&#x6E05;&#x695A;&#xFF0C;&#x53EA;&#x662F;&#x5C0D;&#x65BC;&#x7B2C;&#x4E8C;&#x53E5;&#x8A71;&#x6307;&#x51FA;&#x7684;&#x898F;&#x5247;&#x4E0D;&#x592A;&#x6E05;&#x695A;&#xFF1A;&lt;/p&gt;&#xD;
&#xD;
&lt;p&gt;&amp;quot;&#x5408;&#x6CD5;&#x904B;&#x7B97;&#x5F0F;&#x7684;&#x62EC;&#x865F;&#x5FC5;&#x9808;&#x7B26;&#x5408;&#x7B2C;&#x4E00;&#x500B;&#x662F;&#x5DE6;&#x62EC;&#x865F;&#x3001;&lt;span style="color:#b22222"&gt;&#x7B2C;&#x4E8C;&#x500B;&#x662F;&#x53F3;&#x62EC;&#x865F;&lt;/span&gt;&#x7684;&#x898F;&#x5247;&#x3002;&amp;quot;&lt;/p&gt;&#xD;
&#xD;
&lt;p&gt;&lt;span style="color:#b22222"&gt;&#x7B2C;&#x4E00;&#x500B;&#x662F;&#x5DE6;&#x62EC;&#x865F;&#x6C92;&#x554F;&#x984C;&#xFF0C;&#x4F46;&#x662F;&#xFF0C;&#x7B2C;&#x4E8C;&#x500B;&#x70BA;&#x4EC0;&#x9EBC;&#x5FC5;&#x9808;&#x662F;&#x53F3;&#x62EC;&#x865F;&#x5462;&#xFF1F;&#x4F8B;&#x5982;&#xFF1A;( (&amp;nbsp; (&amp;nbsp; ) ) ) &#x4E5F;&#x662F;&#x5408;&#x6CD5;&#x7684;&#x5440;&#x3002;&lt;/span&gt;&lt;/p&gt; </content>
  <attach></attach>
  <rcount></rcount>
  <rank></rank>
  <hit>1</hit>
  <lang>1</lang>
</data>
