<?xml version="1.0"?>
<data version="3.0" time="2024-07-19 08:59:46" type="post" filename="b000000001000000001.xml">
  <open_time>0000-00-00</open_time>
  <close_time>0000-00-00</close_time>
  <lang_name>Big5</lang_name>
  <board_id>1001174275</board_id>
  <node>000000001000000001</node>
  <site>1000110001</site>
  <pt>2022-10-21 22:58:11</pt>
  <poster>11813</poster>
  <realname>&#x5433;&#x5B9C;&#x9D3B;  </realname>
  <email>yhwu@cycu.edu.tw</email>
  <homepage>https://www.researchgate.net/profile/Yi-Hung-Wu-2  </homepage>
  <subject>Re: 123. &#x5BEB;C++&#x7A0B;&#x5F0F;&#x78BC;&#x8AAA;&#x660E;&#x5982;&#x4F55;&#x8907;&#x88FD;&#x4E00;&#x6574;&#x500B;&#x93C8;&#x7D50;&#x4E32;&#x5217;linked list&#x5230;&#x53E6;&#x4E00;&#x500B;&#x8B8A;&#x6578;&#x3002;  </subject>
  <content>&lt;p&gt;&lt;span style="color:#0000cd"&gt;Excellent!&lt;/span&gt;&lt;/p&gt;&#xD;
&#xD;
&lt;p&gt;&#x6392;&#x5E8F;&#x7684;&#x7A0B;&#x5F0F;&#x78BC;&#x597D;&#x50CF;&#x53CD;&#x800C;&#x5BEB;&#x5F97;&#x6BD4;&#x8907;&#x88FD;&#x591A;...&lt;/p&gt;&#xD;
&#xD;
&lt;p&gt;&#x5C0F;&#x7455;&#x75B5;&#xFF1A;&amp;quot;&#x4E92;&#x76F8;&lt;span style="color:#ff0000"&gt;&#x5F15;&lt;/span&gt;&#x97FF;&amp;quot;&lt;/p&gt; </content>
  <attach></attach>
  <rcount></rcount>
  <rank></rank>
  <hit>1</hit>
  <lang>1</lang>
</data>
