<?xml version="1.0"?>
<data version="3.0" time="2024-07-19 08:59:46" type="post" filename="b000000010000000002.xml">
  <open_time>0000-00-00</open_time>
  <close_time>0000-00-00</close_time>
  <lang_name>Big5</lang_name>
  <board_id>1001174275</board_id>
  <node>000000010000000002</node>
  <site>1000110001</site>
  <pt>2022-10-24 21:55:42</pt>
  <poster>11813</poster>
  <realname>&#x5433;&#x5B9C;&#x9D3B;  </realname>
  <email>yhwu@cycu.edu.tw</email>
  <homepage>https://www.researchgate.net/profile/Yi-Hung-Wu-2  </homepage>
  <subject>Re: 124. &#x5408;&#x6CD5;&#x904B;&#x7B97;&#x5F0F;&#x82E5;&#x6709;&#x4E09;&#x7D44;&#x62EC;&#x5F27;&#xFF0C;&#x53EF;&#x4EE5;&#x6709;&#x5E7E;&#x7A2E;&#x4E0D;&#x540C;&#x7684;&#x5F62;&#x5F0F;&#xFF1F;&#x4F8B;&#x5982;()()()&#x548C;(()())&#x5C31;&#x662F;&#x4E8C;&#x7A2E;&#x4E0D;&#x540C;&#x7684;&#x5F62;&#x5F0F;&#x3002;  </subject>
  <content>&lt;p&gt;&lt;span style="color:#0000cd"&gt;Excellent!&lt;/span&gt;&lt;/p&gt;&#xD;
&#xD;
&lt;p&gt;&#x4EE5;&#x4E0B;&#x662F;&#x756B;&#x86C7;&#x6DFB;&#x8DB3;&#x7684;&#x88DC;&#x5145;&#xFF1A;&lt;/p&gt;&#xD;
&#xD;
&lt;p&gt;&amp;quot;&#x5C07;2m+1&#x4F4D;&#x4EE5;&#x5F8C;&#x7684;&#x62EC;&#x865F;&#x6620;&#x5C04;&#xFF08;&#x5DE6;&#x8B8A;&#x53F3;&#xFF0C;&#x53F3;&#x8B8A;&#x5DE6;&#xFF09;&amp;quot; &#x9019;&#x500B;&#x95DC;&#x9375;&#x6B65;&#x9A5F;&#x4E4B;&#x5F8C;&#xFF0C;&lt;/p&gt;&#xD;
&#xD;
&lt;p&gt;&#x5DE6;&#x62EC;&#x865F;&#x500B;&#x6578; = m + (n-(m+1)) = n - 1&lt;/p&gt;&#xD;
&#xD;
&lt;p&gt;&#x53F3;&#x62EC;&#x865F;&#x500B;&#x6578; = (m+1) + (n-m) = n + 1&lt;/p&gt;&#xD;
&#xD;
&lt;p&gt;&#x63DB;&#x4E00;&#x500B;&#x65B9;&#x5F0F;&#x60F3;&#xFF0C;&#x5230;&#x7B2C;2m+1&#x4F4D;&#x70BA;&#x6B62;&#x5DE6;&#x62EC;&#x865F;&#x591A;&#x4E00;&#x500B;&#xFF0C;&#x5269;&#x9918;&#x7684;&#x539F;&#x672C;&#x5DE6;&#x62EC;&#x865F;&#x5C11;&#x4E00;&#x500B;&#xFF0C;&#x7D93;&#x904E;&#x4E0A;&#x8FF0;&#x6B65;&#x9A5F;&#x5F8C;&#x53CD;&#x800C;&#x8B8A;&#x6210;&#x591A;&#x4E00;&#x500B;&#xFF0C;&#x56E0;&#x6B64;&#x7E3D;&#x5171;&#x591A;&#x4E8C;&#x500B;&#x3002;&lt;/p&gt; </content>
  <attach></attach>
  <rcount></rcount>
  <rank></rank>
  <hit>1</hit>
  <lang>1</lang>
</data>
