<?xml version="1.0"?>
<data version="3.0" time="2024-07-19 08:59:46" type="post" filename="b000000007.xml">
  <open_time>0000-00-00</open_time>
  <close_time>0000-00-00</close_time>
  <lang_name>Big5</lang_name>
  <board_id>1001174275</board_id>
  <node>000000007</node>
  <site>1000110001</site>
  <pt>2022-10-24 12:05:18</pt>
  <poster>11027243</poster>
  <realname>&#x9673;&#x51A0;&#x59A4;  </realname>
  <email>hiroto104360@gmail.com</email>
  <homepage> </homepage>
  <subject>121. &#x8209;&#x4F8B;&#x8AAA;&#x660E;&#x4F7F;&#x7528;&#x74B0;&#x72C0;&#x93C8;&#x7D50;&#x4E32;&#x5217;Circularly linked list&#x7684;&#x60C5;&#x5883;&#x3002; </subject>
  <content>&lt;p&gt;&#x74B0;&#x72C0;&#x93C8;&#x7D50;&#x4E32;&#x5217; Circular Linked List&#xFF1A;&lt;/p&gt;&#xD;
&#xD;
&lt;p&gt;&lt;br /&gt;&#xD;
&#x8AAA;&#x660E;&#xFF1A;&lt;/p&gt;&#xD;
&#xD;
&lt;ul&gt;&#xD;
	&lt;li&gt;&#x5C07;&#x55AE;&#x5411;&#x93C8;&#x63A5;&#x4E32;&#x5217;&#x6700;&#x5F8C;&#x4E00;&#x500B;&#x7BC0;&#x9EDE;&#x7684;&#x6307;&#x6A19;&#xFF0C;&#x6307;&#x5411;&#x7B2C;&#x4E00;&#x500B;&#x7BC0;&#x9EDE;(HEAD)&lt;/li&gt;&#xD;
	&lt;li&gt;&#x4E0D;&#x8AD6;&#x5F9E;&#x54EA;&#x500B;&#x7BC0;&#x9EDE;&#x958B;&#x59CB;&#x8B80;&#x53D6;&#xFF0C;&#x90FD;&#x80FD;&#x7D93;&#x904E;&#x6240;&#x6709;&#x7684;&#x7BC0;&#x9EDE;&#xFF0C;&#x4E0D;&#x6703;&#x6307;&#x5411;NULL&lt;/li&gt;&#xD;
&lt;/ul&gt;&#xD;
&#xD;
&lt;p&gt;&#x8209;&#x4F8B;&#xFF1A;&lt;/p&gt;&#xD;
&#xD;
&lt;p&gt;&#x50CF;&#x662F;&#x5718;&#x5EB7;&#x904A;&#x6232; &#x9B3C;&#x6293;&#x4EBA;&#xFF0C;&#x5927;&#x5BB6;&#x6703;&#x570D;&#x6210;&#x4E00;&#x500B;&#x5713;&#x5708;&#xFF0C;&#x5148;&#x9078;&#x4E00;&#x500B;&#x4EBA;&#x7576;&#x9B3C; &#x9B3C;&#x6703;&#x5728;&#x5713;&#x5708;&#x5916;&#x5C0B;&#x627E;&#x4E0B;&#x624B;&#x7684;&#x76EE;&#x6A19;&#xFF0C;&#x5047;&#x8A2D;&#x9019;&#x500B;&#x9B3C;&#x62CD;&#x4E86;&#x4F60;&amp;nbsp;&#x4F60;&#x5C31;&#x8981;&#x7AD9;&#x8D77;&#x4F86;&#x8FFD;&#x4ED6;&lt;/p&gt;&#xD;
&#xD;
&lt;ul&gt;&#xD;
	&lt;li&gt;&#x5982;&#x679C;&#x8FFD;&#x5230;&#x4ED6;&#xFF0C;&#x4ED6;&#x5C31;&#x7E7C;&#x7E8C;&#x7576;&#x9B3C;&lt;/li&gt;&#xD;
	&lt;li&gt;&#x5982;&#x679C;&#x8B93;&#x9B3C;&#x8DD1;&#x4E00;&#x5708;&#xFF0C;&#x6436;&#x5750;&#x5728;&#x4F60;&#x539F;&#x672C;&#x7684;&#x4F4D;&#x7F6E;&#x4E0A;&#xFF0C;&#x90A3;&#x5C31;&#x8981;&#x63DB;&#x4F60;&#x7576;&#x9B3C;&lt;/li&gt;&#xD;
&lt;/ul&gt;&#xD;
&#xD;
&lt;p&gt;&#x4E0A;&#x8FF0;&#x7684;&#x904A;&#x6232;&#xFF0C;&#x5C31;&#x5F88;&#x50CF;&#x662F;&#x74B0;&#x72C0;&#x9023;&#x7BC0;&#x4E32;&#x5217;&#xFF0C;&#x4E0D;&#x7BA1;&#x9B3C;&#x5F9E;&#x54EA;&#x908A;&#x958B;&#x59CB;&#x8DD1;&#x54EA;&#x908A;&#x958B;&#x59CB;&#x6311;&#x5C0D;&#x8C61;&#xFF0C;&#x4ED6;&#x8DD1;&#x7684;&#x8DEF;&#x5F91;&#x4E00;&#x5B9A;&#x6703;&#x7D93;&#x904E;&#x6240;&#x6709;&#x4EBA;&lt;/p&gt;&#xD;
&#xD;
&lt;p&gt;&lt;br /&gt;&#xD;
&#x53E6;&#x5916;&#x9084;&#x6709;&#x7D04;&#x745F;&#x592B;&#x554F;&#x984C;&#xFF0C;&#x5176;&#x89E3;&#x6CD5;&#x4E5F;&#x662F;&#x4F7F;&#x7528;&#x74B0;&#x72C0;&#x93C8;&#x7D50;&#x4E32;&#x5217;&#x4F86;&#x6A21;&#x64EC;&#x6574;&#x500B;&#x904E;&#x7A0B;&lt;/p&gt;&#xD;
&#xD;
&lt;p&gt;&lt;br /&gt;&#xD;
&#x53C3;&#x8003;&#xFF1A;&lt;/p&gt;&#xD;
&#xD;
&lt;p&gt;https://zh.wikipedia.org/wiki/%E7%BA%A6%E7%91%9F%E5%A4%AB%E6%96%AF%E9%97%AE%E9%A2%98&lt;/p&gt;&#xD;
&#xD;
&lt;p&gt;&lt;a href="https://zh.wikipedia.org/wiki/%E5%BE%AA%E7%8E%AF%E9%93%BE%E8%A1%A8"&gt;https://zh.wikipedia.org/wiki/%E5%BE%AA%E7%8E%AF%E9%93%BE%E8%A1%A8&lt;/a&gt;&lt;/p&gt;</content>
  <attach></attach>
  <rcount></rcount>
  <rank></rank>
  <hit>37</hit>
  <lang>1</lang>
</data>
