<?xml version="1.0"?>
<data version="3.0" time="2024-07-19 08:59:46" type="post" filename="b000000006000000001.xml">
  <open_time>0000-00-00</open_time>
  <close_time>0000-00-00</close_time>
  <lang_name>Big5</lang_name>
  <board_id>1001174275</board_id>
  <node>000000006000000001</node>
  <site>1000110001</site>
  <pt>2022-10-24 10:48:03</pt>
  <poster>11813</poster>
  <realname>&#x5433;&#x5B9C;&#x9D3B;  </realname>
  <email>yhwu@cycu.edu.tw</email>
  <homepage>https://www.researchgate.net/profile/Yi-Hung-Wu-2  </homepage>
  <subject>Re: 122. &#x5BEB;C++&#x7A0B;&#x5F0F;&#x78BC;&#x8AAA;&#x660E;&#x50B3;&#x53C3;&#x8003;&#x547C;&#x53EB;call by reference&#x3002;  </subject>
  <content>&lt;p&gt;The code should be able to run.&lt;/p&gt;&#xD;
&#xD;
&lt;p&gt;&lt;strong&gt;Do not use &amp;quot;auto&amp;quot; in this course, please.&lt;/strong&gt;&lt;/p&gt;&#xD;
&#xD;
&lt;p&gt;If you really like it, you may also try: for(const auto&amp;amp;i: vec).&lt;/p&gt; </content>
  <attach></attach>
  <rcount></rcount>
  <rank></rank>
  <hit>1</hit>
  <lang>1</lang>
</data>
