<?xml version="1.0"?>
<data version="3.0" time="2024-07-19 08:53:54" type="post" filename="b000000011.xml">
  <open_time>0000-00-00</open_time>
  <close_time>0000-00-00</close_time>
  <lang_name>Big5</lang_name>
  <board_id>1001296420</board_id>
  <node>000000011</node>
  <site>1000110001</site>
  <pt>2023-10-18 23:34:17</pt>
  <poster>11127122</poster>
  <realname>&#x80E1;&#x6C9B;&#x980E;  </realname>
  <email>123456789paige26@gmail.com</email>
  <homepage> </homepage>
  <subject>118 </subject>
  <content>&lt;p&gt;&lt;span style="font-size:12px"&gt;&lt;span style="color:#333333"&gt;&lt;span style="font-family:&#x5FAE;&#x8EDF;&#x6B63;&#x9ED1;&#x9AD4;"&gt;&lt;span style="font-family:&#x5FAE;&#x8EDF;&#x6B63;&#x9ED1;&#x9AD4;"&gt;118. &#x4EE4;&lt;/span&gt;ptrX&#x6307;&#x5411;&#x93C8;&#x7D50;&#x4E32;&#x5217;&#x7684;&#x7BC0;&#x9EDE;&#xFF0C;&#x6BD4;&#x8F03;ptrX = ptrX-&amp;gt;next&#x548C;ptrX-&amp;gt;next = ptrX&#x7684;&#x5DEE;&#x7570;&#x3002;&lt;/span&gt;&lt;/span&gt;&lt;/span&gt;&lt;/p&gt;&#xD;
&#xD;
&lt;p&gt;&lt;span style="font-size:12px"&gt;&lt;span style="color:#333333"&gt;&lt;span style="font-family:&#x5FAE;&#x8EDF;&#x6B63;&#x9ED1;&#x9AD4;"&gt;&lt;span style="font-family:&#x5FAE;&#x8EDF;&#x6B63;&#x9ED1;&#x9AD4;"&gt;&#x5047;&#x8A2D;&lt;/span&gt;ptrX&lt;span style="font-family:&#x5FAE;&#x8EDF;&#x6B63;&#x9ED1;&#x9AD4;"&gt;&#x6240;&#x6307;&#x5411;&#x7684;&#x93C8;&#x7D50;&#x4E32;&#x5217;&#x70BA;: &lt;/span&gt;&lt;/span&gt;&lt;/span&gt;&lt;/span&gt;&lt;/p&gt;&#xD;
&#xD;
&lt;p&gt;&lt;span style="font-size:12px"&gt;&lt;span style="color:#333333"&gt;&lt;span style="font-family:&#x5FAE;&#x8EDF;&#x6B63;&#x9ED1;&#x9AD4;"&gt;&lt;span style="font-family:&#x5FAE;&#x8EDF;&#x6B63;&#x9ED1;&#x9AD4;"&gt;&lt;img alt="" src="/user/1/1/11127122/images/1.png" style="height:73px; width:234px" /&gt;&lt;/span&gt;&lt;/span&gt;&lt;/span&gt;&lt;/span&gt;&lt;/p&gt;&#xD;
&#xD;
&lt;p&gt;&lt;br /&gt;&#xD;
&lt;span style="font-size:12px"&gt;&lt;span style="color:#333333"&gt;&lt;span style="font-family:&#x5FAE;&#x8EDF;&#x6B63;&#x9ED1;&#x9AD4;"&gt;&lt;span style="font-family:&#x5FAE;&#x8EDF;&#x6B63;&#x9ED1;&#x9AD4;"&gt;&#x82E5;&lt;/span&gt;ptrX = ptrX-&amp;gt;next&amp;nbsp;&lt;span style="font-family:&#x5FAE;&#x8EDF;&#x6B63;&#x9ED1;&#x9AD4;"&gt;&#xFF0C;&#x5247;&lt;/span&gt;ptrX&lt;span style="font-family:&#x5FAE;&#x8EDF;&#x6B63;&#x9ED1;&#x9AD4;"&gt;&#x6307;&#x5411;&#x539F;&#x672C;&#x6307;&#x7684;&#x7BC0;&#x9EDE;&#x7684;&#x4E0B;&#x4E00;&#x500B;&#x3002;&lt;/span&gt;&lt;/span&gt;&lt;/span&gt;&lt;/span&gt;&lt;/p&gt;&#xD;
&#xD;
&lt;p&gt;&lt;span style="font-size:12px"&gt;&lt;span style="color:#333333"&gt;&lt;span style="font-family:&#x5FAE;&#x8EDF;&#x6B63;&#x9ED1;&#x9AD4;"&gt;&lt;span style="font-family:&#x5FAE;&#x8EDF;&#x6B63;&#x9ED1;&#x9AD4;"&gt;&#x6240;&#x4EE5;&#x64CD;&#x4F5C;&#x5B8C;&#x6210;&#x4E4B;&#x5F8C;&#xFF0C;&lt;/span&gt;ptrX&lt;span style="font-family:&#x5FAE;&#x8EDF;&#x6B63;&#x9ED1;&#x9AD4;"&gt;&#x6240;&#x6307;&#x7684;&#x7BC0;&#x9EDE;&#x6703;&#x8B8A;&#x6210;:&lt;/span&gt;&lt;/span&gt;&lt;/span&gt;&lt;/span&gt;&lt;/p&gt;&#xD;
&#xD;
&lt;p&gt;&lt;span style="font-size:12px"&gt;&lt;img alt="" src="/user/1/1/11127122/images/2%283%29.png" style="height:72px; width:239px" /&gt;&lt;/span&gt;&lt;/p&gt;&#xD;
&#xD;
&lt;p&gt;&lt;span style="font-size:12px"&gt;&lt;span style="color:#333333"&gt;&lt;span style="font-family:&#x5FAE;&#x8EDF;&#x6B63;&#x9ED1;&#x9AD4;"&gt;&lt;span style="font-family:&#x5FAE;&#x8EDF;&#x6B63;&#x9ED1;&#x9AD4;"&gt;&#x82E5;&lt;/span&gt;ptrX-&amp;gt;next = ptrX&amp;nbsp;&lt;span style="font-family:&#x5FAE;&#x8EDF;&#x6B63;&#x9ED1;&#x9AD4;"&gt;&#x6703;&#x4F7F;&#x5F97;&lt;/span&gt;ptrX &lt;span style="font-family:&#x5FAE;&#x8EDF;&#x6B63;&#x9ED1;&#x9AD4;"&gt;&#x6307;&#x7684;&#x7BC0;&#x9EDE;&#x7684;&#x4E0B;&#x4E00;&#x500B;&#x540C;&#x6A23;&#x662F;&#x539F;&#x672C;&lt;/span&gt;ptrX &lt;span style="font-family:&#x5FAE;&#x8EDF;&#x6B63;&#x9ED1;&#x9AD4;"&gt;&#x6307;&#x7684;&#x7BC0;&#x9EDE;&#xFF0C;&#x5F62;&#x6210;&#x8FF4;&#x5708;&#xFF0C;&#x800C;&lt;/span&gt;ptrX&lt;span style="font-family:&#x5FAE;&#x8EDF;&#x6B63;&#x9ED1;&#x9AD4;"&gt;&#x539F;&#x672C;&#x6307;&#x5411;&#x7684;&#x7BC0;&#x9EDE;&#x7684;&#x5F8C;&#x9762;&#x7684;&#x7BC0;&#x9EDE;&#x5168;&#x90E8;&#x907A;&#x5931;&#x3002;&lt;/span&gt;&lt;/span&gt;&lt;/span&gt;&lt;/span&gt;&lt;/p&gt;&#xD;
&#xD;
&lt;p&gt;&lt;span style="font-size:12px"&gt;&lt;span style="color:#333333"&gt;&lt;span style="font-family:&#x5FAE;&#x8EDF;&#x6B63;&#x9ED1;&#x9AD4;"&gt;&lt;span style="font-family:&#x5FAE;&#x8EDF;&#x6B63;&#x9ED1;&#x9AD4;"&gt;&#x6240;&#x4EE5;&#x64CD;&#x4F5C;&#x5B8C;&#x6210;&#x4E4B;&#x5F8C;&#xFF0C;&lt;/span&gt;ptrX&lt;span style="font-family:&#x5FAE;&#x8EDF;&#x6B63;&#x9ED1;&#x9AD4;"&gt;&#x6240;&#x6307;&#x5411;&#x7684;&#x93C8;&#x7D50;&#x4E32;&#x5217;&#x6703;&#x8B8A;&#x6210;:&lt;/span&gt;&lt;/span&gt;&lt;/span&gt;&lt;/span&gt;&lt;/p&gt;&#xD;
&#xD;
&lt;p&gt;&lt;span style="font-size:12px"&gt;&lt;img alt="" src="/user/1/1/11127122/images/3.png" style="height:97px; width:126px" /&gt;&lt;/span&gt;&lt;/p&gt;</content>
  <attach></attach>
  <rcount></rcount>
  <rank></rank>
  <hit>15</hit>
  <lang>1</lang>
</data>
