<?xml version="1.0"?>
<data version="3.0" time="2024-07-19 08:53:54" type="post" filename="b000000001.xml">
  <open_time>0000-00-00</open_time>
  <close_time>0000-00-00</close_time>
  <lang_name>Big5</lang_name>
  <board_id>1001296420</board_id>
  <node>000000001</node>
  <site>1000110001</site>
  <pt>2023-10-06 04:19:50</pt>
  <poster>11120127</poster>
  <realname>&#x9673;&#x5BA5;&#x4EFB;  </realname>
  <email>laohouy@gmail.com</email>
  <homepage> </homepage>
  <subject>117 </subject>
  <content>&lt;p&gt;&#x5BEB;C++&#x7A0B;&#x5F0F;&#x78BC;&#x8AAA;&#x660E;&#x50B3;&#x5740;&#x547C;&#x53EB;call by address&#x3002;&lt;/p&gt;&#xD;
&#xD;
&lt;p&gt;#include &amp;lt;iostream&amp;gt;&lt;/p&gt;&#xD;
&#xD;
&lt;p&gt;using namespace std;&lt;/p&gt;&#xD;
&#xD;
&lt;p&gt;// &#x51FD;&#x6578;&#x63A5;&#x53D7;&#x4E00;&#x500B;&#x6574;&#x6578;address&#xFF0C;&#x901A;&#x904E;address&#x4FEE;&#x6539;&#x8B8A;&#x6578;&#x7684;&#x503C;&lt;br /&gt;&#xD;
void modifyValueByAddress(int&amp;amp; ref) {&lt;br /&gt;&#xD;
&amp;nbsp; &amp;nbsp; ref = ref * 2;&lt;br /&gt;&#xD;
}&lt;/p&gt;&#xD;
&#xD;
&lt;p&gt;int main() {&lt;br /&gt;&#xD;
&amp;nbsp; &amp;nbsp; int x = 5;&lt;/p&gt;&#xD;
&#xD;
&lt;p&gt;&amp;nbsp; &amp;nbsp; cout &amp;lt;&amp;lt; &amp;quot;&#x5728;&#x51FD;&#x6578;&#x8ABF;&#x7528;&#x4E4B;&#x524D;&#xFF1A;x = &amp;quot; &amp;lt;&amp;lt; x &amp;lt;&amp;lt; endl;&lt;br /&gt;&#xD;
&amp;nbsp; &amp;nbsp; modifyValueByAddress(x); // &#x50B3;&#x905E;&#x8B8A;&#x6578; x &#x7684;address&lt;br /&gt;&#xD;
&amp;nbsp; &amp;nbsp; cout &amp;lt;&amp;lt; &amp;quot;&#x5728;&#x51FD;&#x6578;&#x8ABF;&#x7528;&#x4E4B;&#x5F8C;&#xFF1A;x = &amp;quot; &amp;lt;&amp;lt; x &amp;lt;&amp;lt; endl;&lt;/p&gt;&#xD;
&#xD;
&lt;p&gt;&amp;nbsp; &amp;nbsp; return 0;&lt;br /&gt;&#xD;
}&lt;br /&gt;&#xD;
&amp;nbsp;&lt;/p&gt;&#xD;
&#xD;
&lt;p&gt;&#x7576;&#x9019;&#x6BB5;&#x7A0B;&#x5F0F;&#x78BC;&#x904B;&#x884C;&#x5F8C;&#x6703;&#x7372;&#x5F97;&#x4EE5;&#x4E0B;&#x8F38;&#x51FA;:&lt;/p&gt;&#xD;
&#xD;
&lt;p&gt;&#x5728;&#x51FD;&#x6578;&#x8ABF;&#x7528;&#x4E4B;&#x524D;&#xFF1A;x = 5&lt;br /&gt;&#xD;
&#x5728;&#x51FD;&#x6578;&#x8ABF;&#x7528;&#x4E4B;&#x5F8C;&#xFF1A;x = 10&lt;/p&gt;&#xD;
&#xD;
&lt;p&gt;&#x53EF;&#x4EE5;&#x767C;&#x73FE;x&#x7684;&#x503C;&#x88AB;&#x6210;&#x529F;&#x6539;&#x52D5;&#x4E86;,&#x539F;&#x56E0;&#x662F;&#x5C07;&#x6574;&#x6578; x &#x4EE5;call by address&#x7684;&#x65B9;&#x5F0F;&#x50B3;&#x905E;&#x7D66; modifyValueByAddress &#x51FD;&#x6578;&#xFF0C;&#x4E26;&#x901A;&#x904E;ref &#x4FEE;&#x6539;&#x4E86; x &#x7684;&#x503C;&#x3002;&#x4E8B;&#x5BE6;&#x4E0A;&#x7121;&#x8AD6;&#x4F7F;&#x7528;pointer&#x6216;&#x662F;call by address&#x7684;&#x65B9;&#x5F0F;&#xFF0C;&#x5B83;&#x5011;&#x90FD;&#x80FD;&#x5920;&#x4FEE;&#x6539;&#x539F;&#x59CB;&#x8B8A;&#x6578;x&#x7684;&#x503C;&#xFF0C;&#x56E0;&#x70BA;&#x5B83;&#x5011;&#x5BE6;&#x969B;&#x4E0A;&#x662F;&#x4F7F;&#x7528;&#x4E86;x&#x7684;&#x5730;&#x5740;&#x6216;&#x5F15;&#x7528;&#x4F86;&#x9032;&#x884C;&#x64CD;&#x4F5C;&#x3002;&lt;/p&gt;</content>
  <attach></attach>
  <rcount></rcount>
  <rank></rank>
  <hit>38</hit>
  <lang>1</lang>
</data>
