<?xml version="1.0"?>
<data version="3.0" time="2024-07-19 08:53:54" type="post" filename="b000000012000000001.xml">
  <open_time>0000-00-00</open_time>
  <close_time>0000-00-00</close_time>
  <lang_name>Big5</lang_name>
  <board_id>1001296420</board_id>
  <node>000000012000000001</node>
  <site>1000110001</site>
  <pt>2023-11-27 21:55:58</pt>
  <poster>11813</poster>
  <realname>&#x5433;&#x5B9C;&#x9D3B;  </realname>
  <email>yhwu@cycu.edu.tw</email>
  <homepage>https://www.researchgate.net/profile/Yi-Hung-Wu-2  </homepage>
  <subject>Re: 118  </subject>
  <content>&lt;p&gt;&lt;span style="color:#b22222"&gt;Read&amp;nbsp;the previous posts, which look better.&lt;/span&gt;&lt;/p&gt; </content>
  <attach></attach>
  <rcount></rcount>
  <rank></rank>
  <hit>1</hit>
  <lang>1</lang>
</data>
