<?xml version="1.0"?>
<data version="3.0" time="2024-07-19 08:53:54" type="post" filename="b000000007.xml">
  <open_time>0000-00-00</open_time>
  <close_time>0000-00-00</close_time>
  <lang_name>Big5</lang_name>
  <board_id>1001296420</board_id>
  <node>000000007</node>
  <site>1000110001</site>
  <pt>2023-10-15 23:41:57</pt>
  <poster>11127110</poster>
  <realname>&#x8A31;&#x81F3;&#x6600;  </realname>
  <email>alberthsu919@gmail.com</email>
  <homepage> </homepage>
  <subject>118 </subject>
  <content>&lt;p&gt;&lt;span style="font-family:&#x65B0;&#x7D30;&#x660E;&#x9AD4;,serif"&gt;&#x4EE4;&lt;/span&gt;ptrX&lt;span style="font-family:&#x65B0;&#x7D30;&#x660E;&#x9AD4;,serif"&gt;&#x6307;&#x5411;&#x93C8;&#x7D50;&#x4E32;&#x5217;&#x7684;&#x7BC0;&#x9EDE;&#xFF0C;&#x6BD4;&#x8F03;&lt;/span&gt;ptrX = ptrX-&amp;gt;next&lt;span style="font-family:&#x65B0;&#x7D30;&#x660E;&#x9AD4;,serif"&gt;&#x548C;&lt;/span&gt;ptrX-&amp;gt;next = ptrX&lt;span style="font-family:&#x65B0;&#x7D30;&#x660E;&#x9AD4;,serif"&gt;&#x7684;&#x5DEE;&#x7570;&#x3002;&lt;/span&gt;&lt;/p&gt;&#xD;
&#xD;
&lt;p&gt;&lt;span style="font-family:&#x65B0;&#x7D30;&#x660E;&#x9AD4;,serif"&gt;&#x300C;&lt;/span&gt;ptrX = ptrX-&amp;gt;next&lt;span style="font-family:&#x65B0;&#x7D30;&#x660E;&#x9AD4;,serif"&gt;&#x300D;&#x662F;&#x5C07;&lt;/span&gt;ptrX&lt;span style="font-family:&#x65B0;&#x7D30;&#x660E;&#x9AD4;,serif"&gt;&#x6307;&#x5411;&#x76EE;&#x524D;&#x7BC0;&#x9EDE;&#x7684;&#x4E0B;&#x4E00;&#x500B;&#x7BC0;&#x9EDE;&#x3002;&lt;/span&gt;&lt;/p&gt;&#xD;
&#xD;
&lt;p&gt;&lt;span style="font-family:&#x65B0;&#x7D30;&#x660E;&#x9AD4;,serif"&gt;&#x300C;&lt;/span&gt;ptrX-&amp;gt;next = ptrX&lt;span style="font-family:&#x65B0;&#x7D30;&#x660E;&#x9AD4;,serif"&gt;&#x300D;&#x662F;&#x5C07;&lt;/span&gt;ptrX&lt;span style="font-family:&#x65B0;&#x7D30;&#x660E;&#x9AD4;,serif"&gt;&#x6240;&#x6307;&#x5411;&#x7684;&#x7BC0;&#x9EDE;&#x7684;&#x4E0B;&#x4E00;&#x500B;&#x7BC0;&#x9EDE;&#x8A2D;&#x70BA;&#x6307;&#x5411;&lt;/span&gt;ptrX&lt;span style="font-family:&#x65B0;&#x7D30;&#x660E;&#x9AD4;,serif"&gt;&#x76EE;&#x524D;&#x6240;&#x6307;&#x5411;&#x7684;&#x7BC0;&#x9EDE;&#x3002;&#x9019;&#x500B;&#x64CD;&#x4F5C;&#x53EF;&#x80FD;&#x5C0E;&#x81F4;&#x5FAA;&#x74B0;&#xFF0C;&#x4EE5;&#x53CA;&#x93C8;&#x7D50;&#x4E32;&#x5217;&#x65B7;&#x88C2;&#xFF0C;&#x9020;&#x6210;&#x8A18;&#x61B6;&#x9AD4;&#x7684;&#x4F54;&#x7528;&#x8207;&#x8CC7;&#x6599;&#x7121;&#x6CD5;&#x5C0B;&#x627E;&#x7684;&#x554F;&#x984C;&#x3002;&lt;/span&gt;&lt;/p&gt;&#xD;
&#xD;
&lt;p&gt;&lt;img alt="" src="/user/1/1/11127110/images/%E9%99%90%E6%99%82%E6%90%B6%E7%AD%94%20116-120%281%29.png" style="height:323px; width:400px" /&gt;&lt;/p&gt;</content>
  <attach></attach>
  <rcount></rcount>
  <rank></rank>
  <hit>31</hit>
  <lang>1</lang>
</data>
