<?xml version="1.0"?>
<data version="3.0" time="2024-07-19 08:53:54" type="post" filename="b000000008.xml">
  <open_time>0000-00-00</open_time>
  <close_time>0000-00-00</close_time>
  <lang_name>Big5</lang_name>
  <board_id>1001296420</board_id>
  <node>000000008</node>
  <site>1000110001</site>
  <pt>2023-10-17 16:43:57</pt>
  <poster>11127121</poster>
  <realname>&#x9127;&#x4FCA;&#x63DA;  </realname>
  <email>a0988480766@gmail.com</email>
  <homepage>  </homepage>
  <subject>118 </subject>
  <content>&lt;p&gt;&amp;nbsp;&#x4EE4;ptrX&#x6307;&#x5411;&#x93C8;&#x7D50;&#x4E32;&#x5217;&#x7684;&#x7BC0;&#x9EDE;&#xFF0C;&#x6BD4;&#x8F03;ptrX = ptrX-&amp;gt;next&#x548C;ptrX-&amp;gt;next = ptrX&#x7684;&#x5DEE;&#x7570;&#x3002;&lt;br /&gt;&#xD;
&lt;br /&gt;&#xD;
ptrX = ptrX -&amp;gt; next : &#x4EE3;&#x8868;ptr&#x9019;&#x500B;&#x6307;&#x6A19;&#xFF0C;&#x5F9E;&#x539F;&#x4F4D;&#x7F6E;&#x79FB;&#x81F3;ptr -&amp;gt; next&#xFF0C;&#x7C21;&#x55AE;&#x8B1B;&#x5C31;&#x662F;&#x79FB;&#x52D5;ptr&#x81F3;&#x93C8;&#x7D50;&#x4E32;&#x5217;&#x7684;&#x4E0B;&#x4E00;&#x500B;&#x7BC0;&#x9EDE;&#x3002;&lt;br /&gt;&#xD;
ptrX-&amp;gt;next = ptrX : &#x4EE3;&#x8868;ptr&#x9019;&#x500B;&#x6307;&#x6A19;&#x7684;next&#x6307;&#x5411;&#x56DE;ptr&#x672C;&#x8EAB;&#xFF0C;&#x5F62;&#x6210;&#x4E00;&#x500B;&#x5FAA;&#x74B0;&#xFF0C;&#x4E5F;&#x6703;&#x4F7F;&#x539F;&#x8CC7;&#x6599;&#x7684;&#x93C8;&#x7D50;&#x65B7;&#x958B;&#xFF0C;&#x5F9E;&#x800C;&#x79FB;&#x5931;&#x90E8;&#x5206;&#x7684;&#x93C8;&#x7D50;&#x4E32;&#x5217;&#x3002;&lt;/p&gt; </content>
  <attach></attach>
  <rcount></rcount>
  <rank></rank>
  <hit>31</hit>
  <lang>1</lang>
</data>
