<?xml version="1.0"?>
<data version="3.0" time="2024-07-19 08:53:54" type="post" filename="b000000005.xml">
  <open_time>0000-00-00</open_time>
  <close_time>0000-00-00</close_time>
  <lang_name>Big5</lang_name>
  <board_id>1001296420</board_id>
  <node>000000005</node>
  <site>1000110001</site>
  <pt>2023-10-07 21:03:14</pt>
  <poster>10731126</poster>
  <realname>&#x9673;&#x51A0;&#x543E;  </realname>
  <email>aa1025489@gmail.com</email>
  <homepage>  </homepage>
  <subject>116 </subject>
  <content>&lt;p&gt;116. &#x5C07;&#x5F8C;&#x5E8F;&#x5F0F;postfix&#x8F49;&#x524D;&#x5E8F;&#x5F0F;prefix&#xFF0C;&#x4E26;&#x8A73;&#x8FF0;&#x6B65;&#x9A5F;&#x3002;*&lt;br /&gt;&#xD;
a b + c * d e + f * + w z + *&lt;br /&gt;&#xD;
&lt;br /&gt;&#xD;
1.&#x5F9E;&#x5DE6;&#x81F3;&#x53F3;&#x9010;&#x500B;&#x8B80;&#x9032;&#x5F8C;&#x5E8F;&#x5F0F;&#xFF0C;&#x6839;&#x64DA;&#x904B;&#x7B97;&#x5B50;&#x8207;&#x904B;&#x7B97;&#x54E1;&#x4E0D;&#x540C;&#x505A;&#x76F8;&#x61C9;&#x7684;&#x8655;&#x7406;&#x3002;&lt;/p&gt;&#xD;
&#xD;
&lt;p&gt;2-1.&#x82E5;&#x8B80;&#x9032;&#x7684;&#x662F;&#x904B;&#x7B97;&#x5143;&#xFF0C;&#x5247;&#x63A8;&#x9032;&#x68E7;&#x4E2D;&#x4E26;&#x4E14;&#x4EE5;&#x5206;&#x9694;&#x7B26;&#x865F;&#x4F8B;&#x5982;&#xFF1B;&#x6216;$&#x7B49;&#x5B57;&#x5143;&#x4EE3;&#x8868;&#x63A5;&#x4E0B;&#x4F86;&#x78B0;&#x5230;&#x904B;&#x7B97;&#x5B50;&#x6642;&#x7684;&#x5DE6;&#x53F3;&#x904B;&#x7B97;&#x5F0F;&#x3002;&lt;/p&gt;&#xD;
&#xD;
&lt;p&gt;2-2.&#x82E5;&#x8B80;&#x9032;&#x7684;&#x662F;&#x904B;&#x7B97;&#x5B50;&#xFF0C;&#x5247;&#x9010;&#x500B;&#x53D6;&#x51FA;&#x68E7;&#x4E2D;&#x7684;&#x5143;&#x7D20;&#x76F4;&#x5230;&#x53D6;&#x7A7A;&#x6216;&#x662F;&#x5206;&#x9694;&#x7B26;&#x865F;&#x5DF2;&#x53D6;&#x51FA;&#x5169;&#x500B;&#xFF0C;&#x800C;&#x5F8C;&#x5C07;&#x7576;&#x4E0B;&#x8B80;&#x5230;&#x7684;&#x904B;&#x7B97;&#x5B50;&#x63A8;&#x9032;&#x68E7;&#xFF0C;&#x4E26;&#x91CD;&#x65B0;&#x5C07;&#x525B;&#x624D;&#x53D6;&#x51FA;&#x7684;&#x5DE6;&#x53F3;&#x904B;&#x7B97;&#x5F0F;&#x63A8;&#x9032;&#x68E7;&#x4E2D;&#xFF0C;&#x8981;&#x7559;&#x610F;&#x7684;&#x662F;&#x79FB;&#x9664;&#x5176;&#x4E2D;&#x7684;&#x5206;&#x9694;&#x7B26;&#x865F;&#x3002;&lt;/p&gt;&#xD;
&#xD;
&lt;p&gt;3.&#x7576;&#x8B80;&#x5230;&#x5F8C;&#x5E8F;&#x5F0F;&#x6700;&#x5F8C;&#x4E00;&#x500B;&#x5B57;&#x5143;&#x6642;&#xFF0C;&#x6700;&#x5F8C;&#x4E00;&#x500B;&#x5B57;&#x5143;&#x653E;&#x9032;&#x524D;&#x5E8F;&#x5F0F;&#x7B2C;&#x4E00;&#x500B;&#x4F4D;&#x7F6E;&#x3002;&lt;/p&gt;&#xD;
&#xD;
&lt;p&gt;4.&#x6700;&#x5F8C;&#x5C07;&#x68E7;&#x4E2D;&#x6240;&#x6709;&#x5143;&#x7D20;&#x53D6;&#x51FA;&#x4E26;&#x6E05;&#x9664;&#x5176;&#x4E2D;&#x5206;&#x9694;&#x7B26;&#x865F;&#xFF0C;&#x4E26;&#x53CD;&#x5411;&#x6253;&#x5370;&#x5373;&#x5F97;&#x8F49;&#x63DB;&#x5F8C;&#x7684;&#x524D;&#x5E8F;&#x5F0F;&#x3002;&lt;/p&gt;&#xD;
&#xD;
&lt;p&gt;&#x4EE5;&#x4E0B;&#x70BA;&#x9806;&#x5E8F;:&lt;/p&gt;&#xD;
&#xD;
&lt;p&gt;a&amp;nbsp; &amp;nbsp; &amp;nbsp; &amp;nbsp; &amp;nbsp; &amp;nbsp; &amp;nbsp; &amp;nbsp; &amp;nbsp; &amp;nbsp; &amp;nbsp; &amp;nbsp;&amp;nbsp;&lt;br /&gt;&#xD;
a;b&amp;nbsp; &amp;nbsp; &amp;nbsp; &amp;nbsp; &amp;nbsp; &amp;nbsp; &amp;nbsp; &amp;nbsp; &amp;nbsp; &amp;nbsp; &amp;nbsp; &amp;nbsp; &amp;nbsp; &amp;nbsp; &amp;nbsp; &amp;nbsp; &amp;nbsp;//&#x4E2D;&#x9593;&#x4EE5;;&#x4F5C;&#x70BA;&#x5206;&#x9694;&#x7B26;&lt;br /&gt;&#xD;
+ab&amp;nbsp; &amp;nbsp; &amp;nbsp; &amp;nbsp; &amp;nbsp; &amp;nbsp; &amp;nbsp; &amp;nbsp; &amp;nbsp; &amp;nbsp; &amp;nbsp; &amp;nbsp; &amp;nbsp; &amp;nbsp; &amp;nbsp; &amp;nbsp;//&#x8B80;&#x5230;+&#x6642;&#x53D6;&#x51FA;b&#x4E26;&#x8A08;&#x7B97;&#x4E00;&#x500B;&#x5206;&#x9694;&#x7B26;&#x865F;&#xFF0C;&#x53D6;&#x51FA;a&#x8B80;&#x5230;&#x68E7;&#x4E2D;&#x70BA;&#x7A7A;&#xFF0C;&#x653E;&#x9032;+&#x4E26;&#x91CD;&#x65B0;&#x5C07;&#x5DE6;&#x53F3;&#x5F0F;&#x7684;ab&#x653E;&#x5165;&lt;br /&gt;&#xD;
+ab;c&lt;br /&gt;&#xD;
*+abc;&lt;br /&gt;&#xD;
*+abc;d&lt;br /&gt;&#xD;
*+abc;d;e&lt;br /&gt;&#xD;
*+abc;+de;&lt;br /&gt;&#xD;
*+abc;+de;f&lt;br /&gt;&#xD;
*+abc;*+def;&lt;br /&gt;&#xD;
+*+abc;*+def;&lt;br /&gt;&#xD;
+*+abc;*+def;w&lt;br /&gt;&#xD;
+*+abc;*+def;w;z&lt;br /&gt;&#xD;
+*+abc;*+def;+wz;&lt;br /&gt;&#xD;
*+*+abc;*+def;+wz;&lt;br /&gt;&#xD;
zw+fed+*cba+*+*&amp;nbsp; &amp;nbsp; &amp;nbsp; // &#x53D6;&#x51FA;&#x4E26;&#x6574;&#x7406;&lt;br /&gt;&#xD;
*+*+abc*+def+wz&amp;nbsp; &amp;nbsp; &amp;nbsp;//&#x53CD;&#x5411;&#x6253;&#x5370;&lt;/p&gt; </content>
  <attach></attach>
  <rcount></rcount>
  <rank></rank>
  <hit>39</hit>
  <lang>1</lang>
</data>
