<?xml version="1.0"?>
<data version="3.0" time="2024-07-19 08:51:38" type="post" filename="b000000005.xml">
  <open_time>0000-00-00</open_time>
  <close_time>0000-00-00</close_time>
  <lang_name>Big5</lang_name>
  <board_id>1001305440</board_id>
  <node>000000005</node>
  <site>1000110001</site>
  <pt>2024-01-03 02:30:18</pt>
  <poster>11120427</poster>
  <realname>&#x8521;&#x7D5C;&#x8335;  </realname>
  <email>anna0809123@gmail.com</email>
  <homepage> </homepage>
  <subject>226. &#x8209;&#x4F8B;&#x8AAA;&#x660E;&#x5982;&#x4F55;&#x70BA;&#x4E8C;&#x5143;&#x641C;&#x5C0B;&#x6A39;&#x522A;&#x9664;&#x7BC0;&#x9EDE;&#x3002; </subject>
  <content>&lt;ul&gt;&#xD;
	&lt;li&gt;&#xD;
	&lt;p&gt;&lt;strong&gt;&#x7BC0;&#x9EDE;&#x662F;&#x8449;&#x5B50;&#x7BC0;&#x9EDE;&#xFF08;&#x6C92;&#x6709;&#x5B50;&#x7BC0;&#x9EDE;&#xFF09;&lt;/strong&gt;&lt;/p&gt;&#xD;
	&#x76F4;&#x63A5;&#x522A;&#x9664;&#x8A72;&#x8449;&#x5B50;&#x7BC0;&#x9EDE;&#x3002;&lt;/li&gt;&#xD;
	&lt;li&gt;&lt;strong&gt;&#x7BC0;&#x9EDE;&#x6709;&#x4E00;&#x500B;&#x5B50;&#x7BC0;&#x9EDE;&lt;/strong&gt;&amp;nbsp;&lt;/li&gt;&#xD;
&lt;/ul&gt;&#xD;
&#xD;
&lt;p&gt;&amp;nbsp; &amp;nbsp; &amp;nbsp; &amp;nbsp; &amp;nbsp; &amp;nbsp;&#x5C07;&#x8A72;&#x7BC0;&#x9EDE;&#x7684;&#x7236;&#x7BC0;&#x9EDE;&#x6307;&#x5411;&#x8A72;&#x7BC0;&#x9EDE;&#x7684;&#x5B50;&#x7BC0;&#x9EDE;&#xFF0C;&#x522A;&#x9664;&#x8A72;&#x7BC0;&#x9EDE;&#x3002;&lt;/p&gt;&#xD;
&#xD;
&lt;ul&gt;&#xD;
	&lt;li&gt;&lt;strong&gt;&#x7BC0;&#x9EDE;&#x6709;&#x5169;&#x500B;&#x5B50;&#x7BC0;&#x9EDE;&lt;/strong&gt;&lt;/li&gt;&#xD;
&lt;/ul&gt;&#xD;
&#xD;
&lt;p&gt;1.&#x627E;&#x5230;&#x8A72;&#x7BC0;&#x9EDE;&#x7684;&#x53F3;&#x5B50;&#x6A39;&#x7684;&#x6700;&#x5C0F;&#x503C;&#xFF08;&#x6216;&#x5DE6;&#x5B50;&#x6A39;&#x7684;&#x6700;&#x5927;&#x503C;&#xFF09;&#xFF0C;&#x5373;&#x53F3;&#x5B50;&#x6A39;&#x4E00;&#x76F4;&#x5F80;&#x5DE6;&#x8D70;&#xFF08;&#x6216;&#x5DE6;&#x5B50;&#x6A39;&#x4E00;&#x76F4;&#x5F80;&#x53F3;&#x8D70;&#xFF09;&#x627E;&#x5230;&#x7684;&#x6700;&#x5DE6;&#xFF08;&#x6216;&#x6700;&#x53F3;&#xFF09;&#x7684;&#x8449;&#x5B50;&#x7BC0;&#x9EDE;&#x3002;&lt;/p&gt;&#xD;
&#xD;
&lt;p&gt;2.&#x5C07;&#x8A72;&#x6700;&#x5C0F;&#x503C;&#xFF08;&#x6216;&#x6700;&#x5927;&#x503C;&#xFF09;&#x8907;&#x88FD;&#x5230;&#x6B32;&#x522A;&#x9664;&#x7684;&#x7BC0;&#x9EDE;&#x3002;&lt;/p&gt;&#xD;
&#xD;
&lt;p&gt;3.&#x73FE;&#x5728;&#x6709;&#x5169;&#x500B;&#x64C1;&#x6709;&#x76F8;&#x540C;&#x503C;&#x7684;&#x7BC0;&#x9EDE;&#xFF0C;&#x4F46;&#x662F;&#x53F3;&#x5B50;&#x6A39;&#x7684;&#x6700;&#x5C0F;&#x503C;&#xFF08;&#x6216;&#x5DE6;&#x5B50;&#x6A39;&#x7684;&#x6700;&#x5927;&#x503C;&#xFF09;&#x7BC0;&#x9EDE;&#x4E00;&#x5B9A;&#x662F;&#x8449;&#x5B50;&#x7BC0;&#x9EDE;&#xFF0C;&#x6240;&#x4EE5;&#x53EF;&#x4EE5;&#x76F4;&#x63A5;&#x522A;&#x9664;&#x8A72;&#x8449;&#x5B50;&#x7BC0;&#x9EDE;&#xFF0C;&#x5C07;&#x9019;&#x500B;&#x7BC0;&#x9EDE;&#x522A;&#x9664;&#x3002;&lt;/p&gt;&#xD;
&#xD;
&lt;p&gt;&#x4EE5;&#x4E0B;&#x5047;&#x8A2D;&#x6709;&#x8A72;&#x4E8C;&#x5143;&#x6A39;&#xFF0C;&#x73FE;&#x5728;&#x8981;&#x522A;&#x9664;30&lt;/p&gt;&#xD;
&#xD;
&lt;p&gt;&amp;nbsp; &amp;nbsp; &amp;nbsp; &amp;nbsp; &amp;nbsp;50&lt;br /&gt;&#xD;
&amp;nbsp; &amp;nbsp; &amp;nbsp; &amp;nbsp; &amp;nbsp;/ &amp;nbsp;\&lt;br /&gt;&#xD;
&amp;nbsp; &amp;nbsp; &amp;nbsp; 30&amp;nbsp; &amp;nbsp; 70&lt;br /&gt;&#xD;
&amp;nbsp; &amp;nbsp; &amp;nbsp; / \&amp;nbsp; &amp;nbsp; &amp;nbsp;/ \&lt;br /&gt;&#xD;
&amp;nbsp; &amp;nbsp; 20 40 60 80&lt;/p&gt;&#xD;
&#xD;
&lt;ol&gt;&#xD;
	&lt;li&gt;&#x627E;&#x5230;&#x53F3;&#x5B50;&#x6A39;&#x7684;&#x6700;&#x5C0F;&#x503C;&#xFF0C;&#x4E5F;&#x5C31;&#x662F; 40 &#x7684;&#x5DE6;&#x5B50;&#x6A39;&#x4E2D;&#x7684;&#x6700;&#x5DE6;&#x8449;&#x5B50;&#x7BC0;&#x9EDE;&#xFF0C;&#x5373; 40&#x3002;&lt;/li&gt;&#xD;
	&lt;li&gt;&#x8907;&#x88FD; 40 &#x7684;&#x503C;&#x5230;&#x6B32;&#x522A;&#x9664;&#x7684;&#x7BC0;&#x9EDE; 30&#x3002;&lt;/li&gt;&#xD;
	&lt;li&gt;&#x522A;&#x9664;&#x53F3;&#x5B50;&#x6A39;&#x7684;&#x6700;&#x5C0F;&#x503C;&#x7BC0;&#x9EDE;&#xFF0C;&#x5373;&#x522A;&#x9664; 40&#x3002;&lt;/li&gt;&#xD;
&lt;/ol&gt;&#xD;
&#xD;
&lt;p&gt;&#x6700;&#x5F8C;&#x6703;&#x8B8A;&#x6210;&#x9019;&#x6A23;&lt;/p&gt;&#xD;
&#xD;
&lt;p&gt;&amp;nbsp; &amp;nbsp; &amp;nbsp; &amp;nbsp; 50&lt;br /&gt;&#xD;
&amp;nbsp; &amp;nbsp; &amp;nbsp; &amp;nbsp;/ &amp;nbsp;\&lt;br /&gt;&#xD;
&amp;nbsp; &amp;nbsp; &amp;nbsp; 40 &amp;nbsp; 70&lt;br /&gt;&#xD;
&amp;nbsp; &amp;nbsp; &amp;nbsp; &amp;nbsp; &amp;nbsp; &amp;nbsp; &amp;nbsp;/ \&lt;br /&gt;&#xD;
&amp;nbsp; &amp;nbsp; &amp;nbsp; &amp;nbsp; &amp;nbsp; 60 &amp;nbsp;80&lt;br /&gt;&#xD;
&amp;nbsp;&lt;/p&gt;</content>
  <attach></attach>
  <rcount></rcount>
  <rank></rank>
  <hit>7</hit>
  <lang>1</lang>
</data>
