<?xml version="1.0"?>
<data version="3.0" time="2024-07-19 08:51:38" type="post" filename="b000000003000000001.xml">
  <open_time>0000-00-00</open_time>
  <close_time>0000-00-00</close_time>
  <lang_name>Big5</lang_name>
  <board_id>1001305440</board_id>
  <node>000000003000000001</node>
  <site>1000110001</site>
  <pt>2023-12-26 14:59:33</pt>
  <poster>11813</poster>
  <realname>&#x5433;&#x5B9C;&#x9D3B;  </realname>
  <email>yhwu@cycu.edu.tw</email>
  <homepage>https://www.researchgate.net/profile/Yi-Hung-Wu-2  </homepage>
  <subject>Re: 228. &#x5982;&#x4F55;&#x5C07;&#x4E00;&#x500B;&#x9663;&#x5217;&#x8F49;&#x63DB;&#x6210;&#x4E00;&#x68F5;&#x5806;&#x7A4D;&#xFF1F;  </subject>
  <content>&lt;p&gt;Good!&lt;/p&gt;&#xD;
&#xD;
&lt;p&gt;&lt;a href="https://en.cppreference.com/w/cpp/algorithm/make_heap" target="_blank"&gt;https://en.cppreference.com/w/cpp/algorithm/make_heap&lt;/a&gt;&lt;/p&gt; </content>
  <attach></attach>
  <rcount></rcount>
  <rank></rank>
  <hit>1</hit>
  <lang>1</lang>
</data>
