<?xml version="1.0"?>
<data version="3.0" time="2024-07-19 08:51:38" type="post" filename="b000000003.xml">
  <open_time>0000-00-00</open_time>
  <close_time>0000-00-00</close_time>
  <lang_name>Big5</lang_name>
  <board_id>1001305440</board_id>
  <node>000000003</node>
  <site>1000110001</site>
  <pt>2023-12-21 22:47:54</pt>
  <poster>11020126</poster>
  <realname>&#x912D;&#x7950;&#x6600;  </realname>
  <email>carry0987@gmail.com</email>
  <homepage>  </homepage>
  <subject>228. &#x5982;&#x4F55;&#x5C07;&#x4E00;&#x500B;&#x9663;&#x5217;&#x8F49;&#x63DB;&#x6210;&#x4E00;&#x68F5;&#x5806;&#x7A4D;&#xFF1F; </subject>
  <content>&lt;p&gt;&#x5982;&#x679C;&#x8981;&#x628A;&#x4E00;&#x500B;&#x9663;&#x5217;&#x8B8A;&#x6210;&#x4E00;&#x500B;&#x5806;&#x7A4D;&#xFF08;Heap&#xFF09;&#xFF0C;&#x53EF;&#x4EE5;&#x7528;std::make_heap&#x4F86;&#x505A;&#x3002;&#x901A;&#x5E38;&#xFF0C;std::make_heap&#x6703;&#x5C07;&#x9663;&#x5217;&#x505A;&#x6210;&#x4E00;&#x500B;&#x6700;&#x5927;&#x5806;&#x7A4D;&#xFF0C;&#x5C31;&#x662F;&#x8AAA;&#x6240;&#x6709;&#x7684;&#x7236;&#x7BC0;&#x9EDE;&#x90FD;&#x6703;&#x6BD4;&#x5B50;&#x7BC0;&#x9EDE;&#x5927;&#x3002;&lt;/p&gt;&#xD;
&#xD;
&lt;p&gt;&#x9019;&#x88E1;&#x8209;&#x500B;&#x4F8B;&#x5B50;&#xFF1A;&lt;/p&gt;&#xD;
&#xD;
&lt;blockquote&gt;&#xD;
&lt;p&gt;&lt;br /&gt;&#xD;
#include &amp;lt;algorithm&amp;gt; // std::make_heap&lt;br /&gt;&#xD;
#include &amp;lt;vector&amp;gt; &amp;nbsp; &amp;nbsp;// std::vector&#xFF0C;&#x4E00;&#x7A2E;&#x52D5;&#x614B;&#x9663;&#x5217;&lt;/p&gt;&#xD;
&#xD;
&lt;p&gt;int main() {&lt;br /&gt;&#xD;
&amp;nbsp; &amp;nbsp; std::vector&amp;lt;int&amp;gt; v = {3, 1, 4, 1, 5, 9, 2, 6, 5, 3, 5};&lt;/p&gt;&#xD;
&#xD;
&lt;p&gt;&amp;nbsp; &amp;nbsp; // &#x628A;vector&#x8B8A;&#x6210;&#x6700;&#x5927;&#x5806;&#x7A4D;&lt;br /&gt;&#xD;
&amp;nbsp; &amp;nbsp; std::make_heap(v.begin(), v.end());&lt;/p&gt;&#xD;
&#xD;
&lt;p&gt;&amp;nbsp; &amp;nbsp; // &#x4E0D;&#x904E;&#x5982;&#x679C;&#x8981;&#x6700;&#x5C0F;&#x5806;&#x7A4D;&#x7684;&#x8A71;&#xFF0C;&#x5F97;&#x591A;&#x52A0;&#x4E00;&#x500B;&#x53C3;&#x6578;&#x8B93;&#x6700;&#x5C0F;&#x7684;&#x5728;&#x524D;&#x9762;&lt;br /&gt;&#xD;
&amp;nbsp; &amp;nbsp; std::make_heap(v.begin(), v.end(), std::greater&amp;lt;int&amp;gt;());&lt;/p&gt;&#xD;
&#xD;
&lt;p&gt;&amp;nbsp; &amp;nbsp; // &#x73FE;&#x5728;&#x9019;&#x500B;vector v &#x5C31;&#x662F;&#x500B;&#x5806;&#x7A4D;&#x4E86;&lt;/p&gt;&#xD;
&#xD;
&lt;p&gt;&amp;nbsp; &amp;nbsp; return 0;&lt;br /&gt;&#xD;
}&lt;br /&gt;&#xD;
&amp;nbsp;&lt;/p&gt;&#xD;
&lt;/blockquote&gt;&#xD;
&#xD;
&lt;p&gt;&#x6211;&#x7528;std::vector&#x4F86;&#x4EE3;&#x66FF;&#x4E00;&#x822C;&#x7684;&#x9663;&#x5217;&#xFF0C;&#x56E0;&#x70BA;&#x5B83;&#x66F4;&#x9748;&#x6D3B;&#x3002;&#x5148;&#x5EFA;&#x7ACB;&#x4E86;&#x4E00;&#x500B;&#x5E36;&#x6709;&#x4E9B;&#x6578;&#x5B57;&#x7684;vector&#xFF0C;&#x7136;&#x5F8C;&#x7528;std::make_heap&#x8B93;&#x5B83;&#x6210;&#x70BA;&#x6700;&#x5927;&#x5806;&#x7A4D;&#x3002;&#x5982;&#x679C;&#x60F3;&#x8981;&#x6700;&#x5C0F;&#x5806;&#x7A4D;&#xFF0C;&#x5C31;&#x5728;std::make_heap&#x52A0;&#x4E0A;std::greater&amp;lt;int&amp;gt;()&#x9019;&#x500B;&#x6BD4;&#x8F03;&#x5668;&#xFF0C;&#x9019;&#x6A23;&#x5806;&#x7A4D;&#x88E1;&#x7684;&#x5143;&#x7D20;&#x9806;&#x5E8F;&#x5C31;&#x6703;&#x985B;&#x5012;&#xFF0C;&#x8B8A;&#x6210;&#x6700;&#x5C0F;&#x7684;&#x5728;&#x524D;&#x9762;&#x3002;&lt;/p&gt; </content>
  <attach></attach>
  <rcount></rcount>
  <rank></rank>
  <hit>16</hit>
  <lang>1</lang>
</data>
