<?xml version="1.0"?>
<data version="3.0" time="2024-07-19 08:51:38" type="post" filename="b000000002.xml">
  <open_time>0000-00-00</open_time>
  <close_time>0000-00-00</close_time>
  <lang_name>Big5</lang_name>
  <board_id>1001305440</board_id>
  <node>000000002</node>
  <site>1000110001</site>
  <pt>2023-12-20 09:55:49</pt>
  <poster>11127229</poster>
  <realname>&#x5ED6;&#x7FCA;&#x5D34;  </realname>
  <email>willy.liao921118@gmail.com</email>
  <homepage> </homepage>
  <subject>230. &#x6BD4;&#x8F03;&#x4EE5;&#x9663;&#x5217;&#x6216;&#x6307;&#x6A19;&#x5BE6;&#x4F5C;&#x5806;&#x7A4D;&#x7D50;&#x69CB;&#x7684;&#x512A;&#x7F3A;&#x9EDE;&#x3002;</subject>
  <content>&lt;p&gt;&#x30FB;&#x4F7F;&#x7528;&#x9663;&#x5217;&lt;/p&gt;&#xD;
&#xD;
&lt;p&gt;&#x512A;&#x9EDE;&#xFF1A;&lt;/p&gt;&#xD;
&#xD;
&lt;p&gt;&amp;nbsp;&amp;nbsp; &amp;nbsp;&amp;nbsp;&amp;nbsp; &amp;nbsp;&#x76F4;&#x89C0;&#x6027;&#xFF1A;&#x6613;&#x65BC;&#x7406;&#x89E3;&#x7684;&#x6578;&#x64DA;&#x7D50;&#x69CB;&#xFF0C;&#x900F;&#x904E;&#x7D22;&#x5F15;&#x8A2A;&#x554F;&#x5143;&#x7D20;&#xFF0C;&#x4EE3;&#x78BC;&#x53EF;&#x8B80;&#x6027;&#x8F03;&#x9AD8;&#x3002;&lt;/p&gt;&#xD;
&#xD;
&lt;p&gt;&#x7F3A;&#x9EDE;&#xFF1A;&lt;/p&gt;&#xD;
&#xD;
&lt;p&gt;&amp;nbsp;&amp;nbsp; &amp;nbsp;&amp;nbsp;&amp;nbsp; &amp;nbsp;&#x56FA;&#x5B9A;&#x5927;&#x5C0F;&#xFF1A;&#x9663;&#x5217;&#x7684;&#x5927;&#x5C0F;&#x5728;&#x5275;&#x5EFA;&#x6642;&#x5C31;&#x5DF2;&#x7D93;&#x56FA;&#x5B9A;&#xFF0C;&#x7121;&#x6CD5;&#x52D5;&#x614B;&#x8ABF;&#x6574;&#x3002;&lt;/p&gt;&#xD;
&#xD;
&lt;p&gt;&amp;nbsp;&amp;nbsp; &amp;nbsp;&amp;nbsp;&amp;nbsp; &amp;nbsp;&#x63D2;&#x5165;&#x548C;&#x522A;&#x9664;&#x6548;&#x7387;&#x4F4E;&#xFF1A;&#x5728;&#x9663;&#x5217;&#x4E2D;&#x57F7;&#x884C;&#x63D2;&#x5165;&#x548C;&#x522A;&#x9664;&#x64CD;&#x4F5C;&#x53EF;&#x80FD;&#x9700;&#x8981;&#x79FB;&#x52D5;&#x5927;&#x91CF;&#x5143;&#x7D20;&#x3002;&lt;/p&gt;&#xD;
&#xD;
&lt;p&gt;&#x30FB;&#x4F7F;&#x7528;&#x6307;&#x6A19;&lt;/p&gt;&#xD;
&#xD;
&lt;p&gt;&#x512A;&#x9EDE;&#xFF1A;&lt;/p&gt;&#xD;
&#xD;
&lt;p&gt;&amp;nbsp;&amp;nbsp; &amp;nbsp;&amp;nbsp;&amp;nbsp; &amp;nbsp;&#x52D5;&#x614B;&#x5206;&#x914D;&#xFF1A;&#x4F7F;&#x7528;&#x6307;&#x6A19;&#x53EF;&#x4EE5;&#x65B9;&#x4FBF;&#x7684;&#x9032;&#x884C;&#x52D5;&#x614B;&#x5206;&#x914D;&#xFF0C;&#x5927;&#x5C0F;&#x53EF;&#x4EE5;&#x6839;&#x64DA;&#x9700;&#x8981;&#x6642;&#x505A;&#x52D5;&#x614B;&#x8ABF;&#x6574;&#x3002;&lt;/p&gt;&#xD;
&#xD;
&lt;p&gt;&amp;nbsp;&amp;nbsp; &amp;nbsp;&amp;nbsp;&amp;nbsp; &amp;nbsp;&#x63D2;&#x5165;&#x548C;&#x522A;&#x9664;&#x6548;&#x7387;&#x9AD8;&#xFF1A;&#x900F;&#x904E;&#x6307;&#x6A19;&#xFF0C;&#x53EF;&#x4EE5;&#x66F4;&#x8F15;&#x9B06;&#x7684;&#x9032;&#x884C;&#x5143;&#x7D20;&#x7684;&#x63D2;&#x5165;&#x548C;&#x522A;&#x9664;&#x3002;&lt;/p&gt;&#xD;
&#xD;
&lt;p&gt;&#x7F3A;&#x9EDE;&#xFF1A;&lt;/p&gt;&#xD;
&#xD;
&lt;p&gt;&amp;nbsp;&amp;nbsp; &amp;nbsp;&amp;nbsp;&amp;nbsp; &amp;nbsp;&#x8907;&#x96DC;&#x6027;&#xFF1A;&#x6307;&#x6A19;&#x64CD;&#x4F5C;&#x76F8;&#x5C0D;&#x8F03;&#x70BA;&#x8907;&#x96DC;&#xFF0C;&#x9700;&#x8981;&#x66F4;&#x591A;&#x7684;&#x7A0B;&#x5F0F;&#x4F86;&#x78BA;&#x4FDD;&#x7A7A;&#x9593;&#x7684;&#x6B63;&#x78BA;&#x7BA1;&#x7406;&#xFF0C;&#x5305;&#x62EC;&#x5206;&#x914D;&#x548C;&#x91CB;&#x653E;&#x3002;&lt;/p&gt;</content>
  <attach></attach>
  <rcount></rcount>
  <rank></rank>
  <hit>13</hit>
  <lang>1</lang>
</data>
