<?xml version="1.0"?>
<data version="3.0" time="2024-07-20 09:55:26" type="post" filename="b000000006000000001.xml">
  <open_time>0000-00-00</open_time>
  <close_time>0000-00-00</close_time>
  <lang_name>Big5</lang_name>
  <board_id>1001278683</board_id>
  <node>000000006000000001</node>
  <site>1000110001</site>
  <pt>2023-07-20 09:25:36</pt>
  <poster>11813</poster>
  <realname>&#x5433;&#x5B9C;&#x9D3B;  </realname>
  <email>yhwu@cycu.edu.tw</email>
  <homepage>https://www.researchgate.net/profile/Yi-Hung-Wu-2  </homepage>
  <subject>Re: &#x6436;&#x7B54;208  </subject>
  <content>&lt;p&gt;OK.&lt;/p&gt;&#xD;
&#xD;
&lt;p&gt;&lt;span style="color:#b22222"&gt;&#x53EF;&#x60DC;&#x5167;&#x5BB9;&#x548C;&#x524D;&#x6587;&#x91CD;&#x8907;&#xFF0C;&#x95B1;&#x8B80;&#x904E;&#x524D;&#x6587;&#x4E4B;&#x5F8C;&#x624D;&#x4F5C;&#x7B54;&#x3002;&lt;/span&gt;&lt;/p&gt; </content>
  <attach></attach>
  <rcount></rcount>
  <rank></rank>
  <hit>1</hit>
  <lang>1</lang>
</data>
