<?xml version="1.0"?>
<data version="3.0" time="2024-07-20 09:55:26" type="post" filename="b000000010.xml">
  <open_time>0000-00-00</open_time>
  <close_time>0000-00-00</close_time>
  <lang_name>Big5</lang_name>
  <board_id>1001278683</board_id>
  <node>000000010</node>
  <site>1000110001</site>
  <pt>2023-07-21 19:56:17</pt>
  <poster>10927250</poster>
  <realname>&#x53E4;&#x5BB8;&#x5B87;  </realname>
  <email>ku0905264478@gmail.com</email>
  <homepage> </homepage>
  <subject>&#x6436;&#x7B54;207 </subject>
  <content>&lt;p&gt;207. &#x8209;&#x4F8B;&#x89E3;&#x8AAA;&#x9078;&#x64C7;&#x6392;&#x5E8F;selection sort&#x4E26;&#x975E;&#x7A69;&#x5B9A;stable&#x7684;&#x6392;&#x5E8F;&#x65B9;&#x6CD5;&#x3002;&lt;/p&gt;&#xD;
&#xD;
&lt;p&gt;&#x90A3;&#x6211;&#x518D;&#x8209;&#x4E00;&#x500B;&#x4F8B;&#x5B50;&#x89E3;&#x91CB;&lt;/p&gt;&#xD;
&#xD;
&lt;p&gt;&#x539F;&#x59CB;&#x5217;&#x8868;&#xFF1A;[(&amp;#39;B&amp;#39;, 2), (&amp;#39;D&amp;#39;, 1), (&amp;#39;C&amp;#39;, 2), (&amp;#39;A&amp;#39;, 1)]&lt;/p&gt;&#xD;
&#xD;
&lt;p&gt;&#x9032;&#x884C;&#x9078;&#x64C7;&#x6392;&#x5E8F;&#xFF1A;&lt;/p&gt;&#xD;
&#xD;
&lt;p&gt;&#x7B2C;&#x4E00;&#x6B65;&#xFF1A;&#x9078;&#x64C7;&#x6700;&#x5C0F;&#x7684;&#x6578;&#x503C;1&#xFF0C;&#x8207;&#x7B2C;&#x4E00;&#x500B;&#x4F4D;&#x7F6E;&#x7684;&#x5143;&#x7D20;&#x4EA4;&#x63DB;&#x3002;&lt;/p&gt;&#xD;
&#xD;
&lt;p&gt;[(&amp;#39;D&amp;#39;, 1), (&amp;#39;B&amp;#39;, 2), (&amp;#39;C&amp;#39;, 2), (&amp;#39;A&amp;#39;, 1)]&lt;/p&gt;&#xD;
&#xD;
&lt;p&gt;&#x7B2C;&#x4E8C;&#x6B65;&#xFF1A;&#x9078;&#x64C7;&#x7B2C;&#x4E8C;&#x5C0F;&#x7684;&#x6578;&#x503C;1&#xFF0C;&#x8207;&#x7B2C;&#x4E8C;&#x500B;&#x4F4D;&#x7F6E;&#x7684;&#x5143;&#x7D20;&#x4EA4;&#x63DB;&#x3002;&lt;/p&gt;&#xD;
&#xD;
&lt;p&gt;[(&amp;#39;D&amp;#39;, 1), (&amp;#39;A&amp;#39;, 1), (&amp;#39;C&amp;#39;, 2), (&amp;#39;B&amp;#39;, 2)]&lt;/p&gt;&#xD;
&#xD;
&lt;p&gt;&#x7B2C;&#x4E09;&#x6B65;&#xFF1A;&#x9078;&#x64C7;&#x7B2C;&#x4E09;&#x5C0F;&#x7684;&#x6578;&#x503C;2&#xFF0C;&#x8207;&#x7B2C;&#x4E09;&#x500B;&#x4F4D;&#x7F6E;&#x7684;&#x5143;&#x7D20;&#x4EA4;&#x63DB;&#x3002;&lt;/p&gt;&#xD;
&#xD;
&lt;p&gt;[(&amp;#39;D&amp;#39;, 1), (&amp;#39;A&amp;#39;, 1), (&amp;#39;B&amp;#39;, 2), (&amp;#39;C&amp;#39;, 2)]&lt;/p&gt;&#xD;
&#xD;
&lt;p&gt;&#x7B2C;&#x56DB;&#x6B65;&#xFF1A;&#x9078;&#x64C7;&#x6700;&#x5927;&#x7684;&#x6578;&#x503C;2&#xFF0C;&#x8207;&#x6700;&#x5F8C;&#x4E00;&#x500B;&#x4F4D;&#x7F6E;&#x7684;&#x5143;&#x7D20;&#x4EA4;&#x63DB;&#x3002;&lt;/p&gt;&#xD;
&#xD;
&lt;p&gt;[(&amp;#39;D&amp;#39;, 1), (&amp;#39;A&amp;#39;, 1), (&amp;#39;B&amp;#39;, 2), (&amp;#39;C&amp;#39;, 2)]&lt;/p&gt;&#xD;
&#xD;
&lt;p&gt;&#x73FE;&#x5728;&#x4F86;&#x770B;&#x770B;&#x539F;&#x59CB;&#x5217;&#x8868;&#x4E2D;&#x7684;&#x5169;&#x5C0D;&#x76F8;&#x540C;&#x6578;&#x503C;&#x5143;&#x7D20;&#xFF1A;(2, &amp;#39;B&amp;#39;)&#x548C;(2, &amp;#39;C&amp;#39;)&#x3002;&#x5728;&#x6392;&#x5E8F;&#x5F8C;&#xFF0C;&#x9019;&#x5169;&#x5C0D;&#x76F8;&#x540C;&#x6578;&#x503C;&#x5143;&#x7D20;&#x7684;&#x76F8;&#x5C0D;&#x9806;&#x5E8F;&#x88AB;&#x6539;&#x8B8A;&#x4E86;&#x3002;&#x5728;&#x539F;&#x59CB;&#x5217;&#x8868;&#x4E2D;&#xFF0C;&amp;#39;B&amp;#39;&#x5728;&amp;#39; C&amp;#39;&#x4E4B;&#x524D;&#xFF0C;&#x4F46;&#x5728;&#x6392;&#x5E8F;&#x5F8C;&#xFF0C;&amp;#39;B&amp;#39;&#x5728;&amp;#39;C&amp;#39;&#x4E4B;&#x5F8C;&#x3002;&#x9019;&#x8AAA;&#x660E;&#x4E86;&#x9078;&#x64C7;&#x6392;&#x5E8F;&#x662F;&#x4E0D;&#x7A69;&#x5B9A;&#x7684;&#x6392;&#x5E8F;&#x65B9;&#x6CD5;&#x3002;&lt;/p&gt;</content>
  <attach></attach>
  <rcount></rcount>
  <rank></rank>
  <hit>17</hit>
  <lang>1</lang>
</data>
