<?xml version="1.0"?>
<data version="3.0" time="2024-07-20 09:55:26" type="post" filename="b000000012.xml">
  <open_time>0000-00-00</open_time>
  <close_time>0000-00-00</close_time>
  <lang_name>Big5</lang_name>
  <board_id>1001278683</board_id>
  <node>000000012</node>
  <site>1000110001</site>
  <pt>2023-07-22 15:55:06</pt>
  <poster>06005760</poster>
  <realname>&#x6797;&#x5955;&#x5B8F;  </realname>
  <email>guai900726@gmail.com</email>
  <homepage>  </homepage>
  <subject>&#x6436;&#x7B54;206 </subject>
  <content>&lt;p&gt;void bubbleSort(int arr[], int n) {&lt;/p&gt;&#xD;
&#xD;
&lt;p&gt;for (int i = 0; i &amp;lt; n - 1; i++) {&lt;/p&gt;&#xD;
&#xD;
&lt;p&gt;bool swapped = false; // &#x7528;&#x4F86;&#x6A19;&#x8A18;&#x5728;&#x4E00;&#x8F2A;&#x904D;&#x6B77;&#x4E2D;&#x662F;&#x5426;&#x6709;&#x4EA4;&#x63DB;&#x767C;&#x751F;&lt;/p&gt;&#xD;
&#xD;
&lt;p&gt;// &#x5728;&#x6BCF;&#x8F2A;&#x904D;&#x6B77;&#x4E2D;&#xFF0C;&#x5C07;&#x6700;&#x5927;&#x5143;&#x7D20;&#x6D6E;&#x5230;&#x6578;&#x5217;&#x672B;&#x7AEF;&lt;/p&gt;&#xD;
&#xD;
&lt;p&gt;for (int j = 0; j &amp;lt; n - i - 1; j++) {&lt;/p&gt;&#xD;
&#xD;
&lt;p&gt;if (arr[j] &amp;gt; arr[j + 1]) { // &#x4EA4;&#x63DB;&#x76F8;&#x9130;&#x5143;&#x7D20;&lt;/p&gt;&#xD;
&#xD;
&lt;p&gt;swap(arr[j], arr[j + 1]);&lt;/p&gt;&#xD;
&#xD;
&lt;p&gt;swapped = true; // &#x6709;&#x4EA4;&#x63DB;&#x767C;&#x751F;&#xFF0C;&#x6A19;&#x8A18;&#x70BA; true&lt;/p&gt;&#xD;
&#xD;
&lt;p&gt;}&lt;/p&gt;&#xD;
&#xD;
&lt;p&gt;} // &#x5982;&#x679C;&#x5728;&#x4E00;&#x8F2A;&#x904D;&#x6B77;&#x4E2D;&#x6C92;&#x6709;&#x9032;&#x884C;&#x4EFB;&#x4F55;&#x4EA4;&#x63DB;&#xFF0C;&#x8868;&#x793A;&#x6578;&#x5217;&#x5DF2;&#x6392;&#x5E8F;&#x5B8C;&#x6210;&#xFF0C;&#x63D0;&#x65E9;&#x7D50;&#x675F;&#x6392;&#x5E8F;&lt;/p&gt;&#xD;
&#xD;
&lt;p&gt;if (!swapped) { break; }&lt;/p&gt;&#xD;
&#xD;
&lt;p&gt;}&lt;/p&gt;&#xD;
&#xD;
&lt;p&gt;}&lt;/p&gt;&#xD;
&#xD;
&lt;p&gt;&#x7A0B;&#x5F0F;&#x78BC;&#x4E2D;&#x7684; swapped &#x8B8A;&#x6578;&#x7528;&#x4F86;&#x6A19;&#x8A18;&#x5728;&#x4E00;&#x8F2A;&#x904D;&#x6B77;&#x4E2D;&#x662F;&#x5426;&#x6709;&#x4EA4;&#x63DB;&#x767C;&#x751F;&#xFF0C;&#x5982;&#x679C;&#x5728;&#x4E00;&#x8F2A;&#x904D;&#x6B77;&#x7D50;&#x675F;&#x5F8C;&#xFF0C;swapped &#x7684;&#x503C;&#x4ECD;&#x7136;&#x70BA; false&#xFF0C;&#x5247;&#x8868;&#x793A;&#x6578;&#x5217;&#x5DF2;&#x7D93;&#x6392;&#x5E8F;&#x5B8C;&#x6210;&#xFF0C;&#x9019;&#x6642;&#x6703;&#x4F7F;&#x7528; break &#x8DF3;&#x51FA;&#x5916;&#x5C64;&#x7684;&#x8FF4;&#x5708;&#xFF0C;&#x63D0;&#x65E9;&#x7D50;&#x675F;&#x6C23;&#x6CE1;&#x6392;&#x5E8F;&#x7684;&#x57F7;&#x884C;&#x3002;&lt;/p&gt; </content>
  <attach></attach>
  <rcount></rcount>
  <rank></rank>
  <hit>15</hit>
  <lang>1</lang>
</data>
