<?xml version="1.0"?>
<data version="3.0" time="2024-07-20 09:55:26" type="post" filename="b000000008000000001.xml">
  <open_time>0000-00-00</open_time>
  <close_time>0000-00-00</close_time>
  <lang_name>Big5</lang_name>
  <board_id>1001278683</board_id>
  <node>000000008000000001</node>
  <site>1000110001</site>
  <pt>2023-07-20 22:26:07</pt>
  <poster>11813</poster>
  <realname>&#x5433;&#x5B9C;&#x9D3B;  </realname>
  <email>yhwu@cycu.edu.tw</email>
  <homepage>https://www.researchgate.net/profile/Yi-Hung-Wu-2  </homepage>
  <subject>Re: &#x6436;&#x7B54;207  </subject>
  <content>&lt;p&gt;&lt;span style="color:#ff0000"&gt;&#x8209;&#x7684;&#x4F8B;&#x5B50;&#x548C;&#x6587;&#x5B57;&#x6558;&#x8FF0;&#x4E26;&#x4E0D;&#x4E00;&#x81F4;&#xFF0C;&amp;quot;&#x539F;&#x672C;&#x5728;&#x7B2C;&#x56DB;&#x500B;&#x4F4D;&#x7F6E;&#x7684; 2 &#x6392;&#x5E8F;&#x5F8C;&#x79FB;&#x52D5;&#x5230;&#x4E86;&#x7B2C;&#x4E00;&#x500B;&#x4F4D;&#x7F6E;&amp;quot;&#x4E26;&#x4E0D;&#x6B63;&#x78BA;&#xFF0C;&#x5F9E;&#x4F8B;&#x5B50;&#x53EF;&#x898B;&#xFF0C;&#x539F;&#x672C;&#x7B2C;&#x56DB;&#x500B;&#x4F4D;&#x7F6E;&#x7684;2&#x53EA;&#x662F;&#x548C;&#x7B2C;&#x4E8C;&#x500B;&#x4F4D;&#x7F6E;&#x7684;5&#x4E92;&#x63DB;&#xFF0C;&#x5728;&#x90A3;&#x4E4B;&#x524D;&#xFF0C;&#x7B2C;&#x4E00;&#x6B65;&#x5C31;&#x5C07;&#x539F;&#x672C;&#x7B2C;&#x4E8C;&#x500B;&#x4F4D;&#x7F6E;&#x7684;2&#x548C;&#x539F;&#x672C;&#x7B2C;&#x4E00;&#x500B;&#x4F4D;&#x7F6E;&#x7684;5&#x4E92;&#x63DB;&#x4E86;&#xFF01;&lt;/span&gt;&lt;/p&gt; </content>
  <attach></attach>
  <rcount></rcount>
  <rank></rank>
  <hit>1</hit>
  <lang>1</lang>
</data>
