<?xml version="1.0"?>
<data version="3.0" time="2024-07-20 09:55:26" type="post" filename="b000000010000000001.xml">
  <open_time>0000-00-00</open_time>
  <close_time>0000-00-00</close_time>
  <lang_name>Big5</lang_name>
  <board_id>1001278683</board_id>
  <node>000000010000000001</node>
  <site>1000110001</site>
  <pt>2023-07-22 10:51:52</pt>
  <poster>11813</poster>
  <realname>&#x5433;&#x5B9C;&#x9D3B;  </realname>
  <email>yhwu@cycu.edu.tw</email>
  <homepage>https://www.researchgate.net/profile/Yi-Hung-Wu-2  </homepage>
  <subject>Re: &#x6436;&#x7B54;207  </subject>
  <content>&lt;p&gt;&#x7B2C;&#x4E8C;&#x6B65;&#xFF1A;&#x9078;&#x64C7;&#x7B2C;&#x4E8C;&#x5C0F;&#x7684;&#x6578;&#x503C;2&#xFF0C;&#x8207;&#x7B2C;&#x4E8C;&#x500B;&#x4F4D;&#x7F6E;&#x7684;&#x5143;&#x7D20;&#x4EA4;&#x63DB;&#x3002;&lt;/p&gt;&#xD;
&#xD;
&lt;p&gt;[(&amp;#39;C&amp;#39;, 1), (&amp;#39;E&amp;#39;, 2), (&amp;#39;A&amp;#39;, 3), (&amp;#39;D&amp;#39;, 3), (&amp;#39;B&amp;#39;, 2)]&lt;/p&gt;&#xD;
&#xD;
&lt;p&gt;&lt;span style="color:#ff0000"&gt;&#x9019;&#x4E00;&#x6B65;&#x662F;&#x932F;&#x8AA4;&#x7684;&#xFF0C;&#x7B2C;&#x4E8C;&#x500B;&#x4F4D;&#x7F6E;&#x672C;&#x4F86;&#x5C31;&#x662F;2&#xFF0C;&#x6839;&#x672C;&#x4E0D;&#x7528;&#x4EA4;&#x63DB;&#xFF01;&lt;/span&gt;&lt;/p&gt;&#xD;
&#xD;
&lt;p&gt;&lt;span style="color:#ff0000"&gt;&#x7D50;&#x679C;&#x4ECD;&#x7136;&#x7DAD;&#x6301;&#x662F;&#x7B2C;&#x4E00;&#x6B65;&#x7684;&#x6A23;&#x5B50;&#xFF1A;[(&amp;#39;C&amp;#39;, 1), (&amp;#39;B&amp;#39;, 2), (&amp;#39;A&amp;#39;, 3), (&amp;#39;D&amp;#39;, 3), (&amp;#39;E&amp;#39;, 2)]&lt;/span&gt;&lt;/p&gt; </content>
  <attach></attach>
  <rcount></rcount>
  <rank></rank>
  <hit>1</hit>
  <lang>1</lang>
</data>
