<?xml version="1.0"?>
<data version="3.0" time="2024-07-20 09:55:26" type="post" filename="b000000006.xml">
  <open_time>0000-00-00</open_time>
  <close_time>0000-00-00</close_time>
  <lang_name>Big5</lang_name>
  <board_id>1001278683</board_id>
  <node>000000006</node>
  <site>1000110001</site>
  <pt>2023-07-19 17:14:56</pt>
  <poster>06005645</poster>
  <realname>&#x6797;&#x54C1;&#x7444;  </realname>
  <email>hank61061007@gmail.com</email>
  <homepage>  </homepage>
  <subject>&#x6436;&#x7B54;208 </subject>
  <content>&lt;p&gt;&#x64B0;&#x5BEB;&#x7A0B;&#x5F0F;&#x78BC;&#x6307;&#x51FA;&#x5F71;&#x97FF;&#x6C23;&#x6CE1;&#x6392;&#x5E8F;&#x662F;&#x5426;&#x7A69;&#x5B9A;stable&#x7684;&#x95DC;&#x9375;&#x6307;&#x4EE4;&#x3002;&lt;/p&gt;&#xD;
&#xD;
&lt;p&gt;&#x5728;&#x6C23;&#x6CE1;&#x6392;&#x5E8F;&#x4E2D;&#xFF0C;&#x4FDD;&#x8B49;&#x6392;&#x5E8F;&#x7684;&#x7A69;&#x5B9A;&#x6027;&#x7684;&#x4E3B;&#x8981;&#x662F;&#x56E0;&#x70BA;&#x7576;&#x5169;&#x500B;&#x5143;&#x7D20;&#x76F8;&#x7B49;&#x6642;&#xFF0C;&#x6211;&#x5011;&#x4E26;&#x4E0D;&#x6703;&#x9032;&#x884C;&#x4EA4;&#x63DB;&#x3002;&#x5728;&#x4E0B;&#x9762;&#x7684; C++ &#x7A0B;&#x5F0F;&#x78BC;&#x4E2D;&#xFF0C;&#x53EA;&#x6709;&#x7576;&#x524D;&#x4E00;&#x500B;&#x5143;&#x7D20;&#x5927;&#x65BC;&#x5F8C;&#x4E00;&#x500B;&#x5143;&#x7D20;&#x6642;&#xFF0C;&#x6211;&#x5011;&#x624D;&#x9032;&#x884C;&#x4EA4;&#x63DB;&#x3002;&#x4E5F;&#x5C31;&#x662F;&#x8AAA;&#xFF0C;&#x7B49;&#x50F9;&#x5143;&#x7D20;&#x7684;&#x76F8;&#x5C0D;&#x9806;&#x5E8F;&#x5728;&#x6392;&#x5E8F;&#x904E;&#x7A0B;&#x4E2D;&#x662F;&#x4E0D;&#x6703;&#x6539;&#x8B8A;&#x7684;&#xFF0C;&#x56E0;&#x6B64;&#x7B97;&#x6CD5;&#x662F;&#x7A69;&#x5B9A;&#x7684;&#x3002;&lt;/p&gt;&#xD;
&#xD;
&lt;p&gt;#include&amp;lt;iostream&amp;gt;&lt;br /&gt;&#xD;
using namespace std;&lt;/p&gt;&#xD;
&#xD;
&lt;p&gt;void bubbleSort(int arr[], int n) {&lt;br /&gt;&#xD;
&amp;nbsp; &amp;nbsp; bool swapped;&lt;/p&gt;&#xD;
&#xD;
&lt;p&gt;&amp;nbsp; &amp;nbsp; for(int i = 0; i &amp;lt; n-1; i++) {&lt;br /&gt;&#xD;
&amp;nbsp; &amp;nbsp; &amp;nbsp; &amp;nbsp; swapped = false;&lt;/p&gt;&#xD;
&#xD;
&lt;p&gt;&amp;nbsp; &amp;nbsp; &amp;nbsp; &amp;nbsp; for(int j = 0; j &amp;lt; n-i-1; j++) {&lt;br /&gt;&#xD;
&amp;nbsp; &amp;nbsp; &amp;nbsp; &amp;nbsp; &amp;nbsp; &amp;nbsp; // &#x9019;&#x88E1;&#x662F;&#x95DC;&#x9375;&#xFF0C;&#x7576;&#x5169;&#x500B;&#x5143;&#x7D20;&#x76F8;&#x7B49;&#x6642;&#xFF0C;&#x6211;&#x5011;&#x4E0D;&#x9032;&#x884C;&#x4EA4;&#x63DB;&lt;br /&gt;&#xD;
&amp;nbsp; &amp;nbsp; &amp;nbsp; &amp;nbsp; &amp;nbsp; &amp;nbsp; if(arr[j] &amp;gt; arr[j+1]) {&lt;br /&gt;&#xD;
&amp;nbsp; &amp;nbsp; &amp;nbsp; &amp;nbsp; &amp;nbsp; &amp;nbsp; &amp;nbsp; &amp;nbsp; // &#x53EA;&#x6709;&#x7576;&#x524D;&#x4E00;&#x500B;&#x5143;&#x7D20;&#x5927;&#x65BC;&#x5F8C;&#x4E00;&#x500B;&#x5143;&#x7D20;&#x6642;&#xFF0C;&#x6211;&#x5011;&#x624D;&#x9032;&#x884C;&#x4EA4;&#x63DB;&lt;br /&gt;&#xD;
&amp;nbsp; &amp;nbsp; &amp;nbsp; &amp;nbsp; &amp;nbsp; &amp;nbsp; &amp;nbsp; &amp;nbsp; swap(arr[j], arr[j+1]);&lt;br /&gt;&#xD;
&amp;nbsp; &amp;nbsp; &amp;nbsp; &amp;nbsp; &amp;nbsp; &amp;nbsp; &amp;nbsp; &amp;nbsp; swapped = true;&lt;br /&gt;&#xD;
&amp;nbsp; &amp;nbsp; &amp;nbsp; &amp;nbsp; &amp;nbsp; &amp;nbsp; }&lt;br /&gt;&#xD;
&amp;nbsp; &amp;nbsp; &amp;nbsp; &amp;nbsp; }&lt;/p&gt;&#xD;
&#xD;
&lt;p&gt;&amp;nbsp; &amp;nbsp; &amp;nbsp; &amp;nbsp; // &#x5982;&#x679C;&#x5728;&#x9019;&#x8F2A;&#x6BD4;&#x8F03;&#x4E2D;&#x6C92;&#x6709;&#x9032;&#x884C;&#x904E;&#x4EA4;&#x63DB;&#xFF0C;&#x90A3;&#x9EBC;&#x8A72;&#x9663;&#x5217;&#x5DF2;&#x7D93;&#x6392;&#x5E8F;&#x5B8C;&#x6210;&#xFF0C;&#x6211;&#x5011;&#x53EF;&#x4EE5;&#x63D0;&#x524D;&#x7D50;&#x675F;&lt;br /&gt;&#xD;
&amp;nbsp; &amp;nbsp; &amp;nbsp; &amp;nbsp; if(swapped == false)&lt;br /&gt;&#xD;
&amp;nbsp; &amp;nbsp; &amp;nbsp; &amp;nbsp; &amp;nbsp; &amp;nbsp; break;&lt;br /&gt;&#xD;
&amp;nbsp; &amp;nbsp; }&lt;br /&gt;&#xD;
}&lt;/p&gt;&#xD;
&#xD;
&lt;p&gt;int main() {&lt;br /&gt;&#xD;
&amp;nbsp; &amp;nbsp; int arr[] = {64, 34, 25, 12, 22, 11, 90};&lt;br /&gt;&#xD;
&amp;nbsp; &amp;nbsp; int n = sizeof(arr)/sizeof(arr[0]);&lt;/p&gt;&#xD;
&#xD;
&lt;p&gt;&amp;nbsp; &amp;nbsp; bubbleSort(arr, n);&lt;/p&gt;&#xD;
&#xD;
&lt;p&gt;&amp;nbsp; &amp;nbsp; cout &amp;lt;&amp;lt; &amp;quot;Sorted array is: &amp;quot;;&lt;br /&gt;&#xD;
&amp;nbsp; &amp;nbsp; for(int i = 0; i &amp;lt; n; i++)&lt;br /&gt;&#xD;
&amp;nbsp; &amp;nbsp; &amp;nbsp; &amp;nbsp; cout &amp;lt;&amp;lt; &amp;#39; &amp;#39; &amp;lt;&amp;lt; arr[i];&lt;br /&gt;&#xD;
&amp;nbsp; &amp;nbsp; cout &amp;lt;&amp;lt; endl;&lt;/p&gt;&#xD;
&#xD;
&lt;p&gt;&amp;nbsp; &amp;nbsp; return 0;&lt;br /&gt;&#xD;
}&lt;/p&gt;&#xD;
&#xD;
&lt;p&gt;&#x5728;&#x9019;&#x500B;&#x7A0B;&#x5E8F;&#x4E2D;&#xFF0C;&amp;quot;if(arr[j] &amp;gt; arr[j+1])&amp;quot; &#x662F;&#x78BA;&#x4FDD;&#x6392;&#x5E8F;&#x7A69;&#x5B9A;&#x6027;&#x7684;&#x95DC;&#x9375;&#x8A9E;&#x53E5;&#x3002;&#x7531;&#x65BC;&#x5B83;&#x4E0D;&#x6703;&#x5728;&#x5169;&#x500B;&#x5143;&#x7D20;&#x76F8;&#x7B49;&#x6642;&#x9032;&#x884C;&#x4EA4;&#x63DB;&#xFF0C;&#x9019;&#x5C31;&#x78BA;&#x4FDD;&#x4E86;&#x7B49;&#x50F9;&#x5143;&#x7D20;&#x7684;&#x76F8;&#x5C0D;&#x9806;&#x5E8F;&#x5728;&#x6392;&#x5E8F;&#x904E;&#x7A0B;&#x4E2D;&#x4E0D;&#x6703;&#x6539;&#x8B8A;&#xFF0C;&#x5F9E;&#x800C;&#x4F7F;&#x5F97;&#x6392;&#x5E8F;&#x7B97;&#x6CD5;&#x662F;&#x7A69;&#x5B9A;&#x7684;&#x3002;&lt;/p&gt; </content>
  <attach></attach>
  <rcount></rcount>
  <rank></rank>
  <hit>20</hit>
  <lang>1</lang>
</data>
