<?xml version="1.0"?>
<data version="3.0" time="2024-07-20 09:55:26" type="post" filename="b000000014.xml">
  <open_time>0000-00-00</open_time>
  <close_time>0000-00-00</close_time>
  <lang_name>Big5</lang_name>
  <board_id>1001278683</board_id>
  <node>000000014</node>
  <site>1000110001</site>
  <pt>2023-07-22 23:03:49</pt>
  <poster>10827128</poster>
  <realname>&#x6797;&#x946B;&#x5B8F;  </realname>
  <email>shawn140802@gmail.com</email>
  <homepage>  </homepage>
  <subject>&#x6436;&#x7B54; 207. </subject>
  <content>&lt;p&gt;&#x8209;&#x4F8B;&#x5982;&#x4E0B;&lt;/p&gt;&#xD;
&#xD;
&lt;ul&gt;&#xD;
	&lt;li&gt;&#x521D;&#x59CB;&#x6578;&#x5217;&#x5982;&#x4E0B; :&amp;nbsp; &amp;nbsp; 5, 1, 5, 3, 2 ( &#x5728;&#x4E4B;&#x5F8C;&#x70BA;&#x5340;&#x5225;&#x76F8;&#x540C;&#x6578;&#x5B57;&#xFF0C;&#x6703;&#x4EE5;5a, 1, 5b, 3, 2&#x8868;&#x793A;)&lt;/li&gt;&#xD;
	&lt;li&gt;&#x5728;&#x7B2C;&#x4E00;&#x6B21;&#x8FED;&#x4EE3;&#x5F8C;: 1, 5a, 5b, 3, 2&lt;/li&gt;&#xD;
	&lt;li&gt;&#x5728;&#x7B2C;&#x4E8C;&#x6B21;&#x8FED;&#x4EE3;&#x5F8C;: 1, 2, 5b, 3, 5a&lt;/li&gt;&#xD;
	&lt;li&gt;&#x5728;&#x7B2C;&#x4E09;&#x6B21;&#x8FED;&#x4EE3;&#x5F8C;: 1, 2, 3, 5b, 5a &amp;nbsp; &amp;nbsp;&lt;/li&gt;&#xD;
&lt;/ul&gt;&#xD;
&#xD;
&lt;p&gt;&#x539F;&#x672C;&#x5728;&#x524D;&#x9762;&#x7684;5a &#x88AB;&#x6392;&#x5230;5b&#x5F8C;&#x9762;&#x4E86;&#xFF0C;&#x4E14;&#x56E0;&#x90FD;&#x662F;5&#x4E0D;&#x6703;&#x9032;&#x884C;swap&#x7684;&#x52D5;&#x4F5C;&#xFF0C;&#x4E26;&#x4E0D;&#x80FD;&#x4FDD;&#x8B49;&#x6392;&#x5E8F;&#x4E4B;&#x5F8C;&#x662F;&#x5426;&#x80FD;&#x4FDD;&#x6301;&#x5148;&#x5F8C;&#x9806;&#x5E8F;&#xFF0C;&#x56E0;&#x6B64;&#x662F;&#x4E0D;&#x7A69;&#x5B9A;&#x7684;&#x6392;&#x5E8F;&#x6CD5;&#xFF0C;&lt;/p&gt; </content>
  <attach></attach>
  <rcount></rcount>
  <rank></rank>
  <hit>8</hit>
  <lang>1</lang>
</data>
