<?xml version="1.0"?>
<data version="3.0" time="2024-07-20 09:55:26" type="post" filename="b000000008.xml">
  <open_time>0000-00-00</open_time>
  <close_time>0000-00-00</close_time>
  <lang_name>Big5</lang_name>
  <board_id>1001278683</board_id>
  <node>000000008</node>
  <site>1000110001</site>
  <pt>2023-07-20 20:19:49</pt>
  <poster>06005931</poster>
  <realname>&#x4F58;&#x4EF2;&#x5091;  </realname>
  <email>szj891226@gmail.com</email>
  <homepage> </homepage>
  <subject>&#x6436;&#x7B54;207 </subject>
  <content>&lt;p&gt;&#x8209;&#x4F8B;&#x89E3;&#x8AAA;&#x9078;&#x64C7;&#x6392;&#x5E8F;selection sort&#x4E26;&#x975E;&#x7A69;&#x5B9A;stable&#x7684;&#x6392;&#x5E8F;&#x65B9;&#x6CD5;&#x3002;&lt;/p&gt;&#xD;
&#xD;
&lt;p&gt;Ans:&lt;/p&gt;&#xD;
&#xD;
&lt;p&gt;&#x9078;&#x64C7;&#x6392;&#x5E8F;&#x662F;&#x5F9E;&#x6578;&#x5217;&#x627E;&#x51FA;&#x6700;&#x5927;&#x6216;&#x6700;&#x5C0F;&#x7684;&#x5143;&#x7D20;&#xFF0C;&#x628A;&#x5B83;&#x653E;&#x5230;&#x6392;&#x5E8F;&#x597D;&#x7684;&#x6578;&#x5217;&#x5C3E;&#x7AEF;&#xFF0C;&#x63A5;&#x8457;&#x4EE5;&#x6B64;&#x985E;&#x63A8;&#x5C0D;&#x5176;&#x4ED6;&#x5143;&#x7D20;&#x91CD;&#x8907;&#x64CD;&#x4F5C;&#xFF0C;&#x4F46;&#x8981;&#x5224;&#x65B7;&#x7A69;&#x5B9A;&#x6027;&#x7684;&#x689D;&#x4EF6;&#x662F;&#x7576;&#x5B58;&#x5728;&#x5169;&#x500B;&#x76F8;&#x540C;&#x503C;&#x7684;&#x5143;&#x7D20;&#x6642;&#xFF0C;&#x5728;&#x6392;&#x5E8F;&#x524D;&#x5F8C;&#xFF0C;&#x82E5;&#x539F;&#x672C;&#x5728;&#x524D;&#x9762;&#x7684;&#x5143;&#x7D20;&#x4ECD;&#x7136;&#x5728;&#x5F8C;&#x9762;&#x7684;&#x5143;&#x7D20;&#x4E4B;&#x524D;&#xFF0C;&#x5247;&#x8996;&#x70BA;&#x7A69;&#x5B9A;&#x7684;&#x6392;&#x5E8F;&#x6CD5;&#x3002;&lt;/p&gt;&#xD;
&#xD;
&lt;p&gt;&#x5047;&#x8A2D;&#x6709;&#x500B;&#x6578;&#x5217;:5 2 8 2 3&#xFF0C;&#x5F9E;&#x6700;&#x5C0F;&#x7684;&#x5143;&#x7D20;&#x958B;&#x59CB;:&lt;/p&gt;&#xD;
&#xD;
&lt;p&gt;-&amp;gt;&lt;span style="color:#ff0000"&gt;2&lt;/span&gt; &lt;span style="color:#00ff00"&gt;5&lt;/span&gt; 8 2 3&lt;/p&gt;&#xD;
&#xD;
&lt;p&gt;-&amp;gt;2 &lt;span style="color:#ff0000"&gt;2&lt;/span&gt; 8 &lt;span style="color:#00ff00"&gt;5&lt;/span&gt; 3&lt;/p&gt;&#xD;
&#xD;
&lt;p&gt;-&amp;gt;2 2 &lt;span style="color:#ff0000"&gt;3&lt;/span&gt; 5 &lt;span style="color:#00ff00"&gt;8&lt;/span&gt;&lt;/p&gt;&#xD;
&#xD;
&lt;p&gt;&#x5F9E;&#x904E;&#x7A0B;&#x4E2D;&#x53EF;&#x4EE5;&#x770B;&#x5230;&#x539F;&#x672C;&#x5728;&#x7B2C;&#x56DB;&#x500B;&#x4F4D;&#x7F6E;&#x7684; 2 &#x6392;&#x5E8F;&#x5F8C;&#x79FB;&#x52D5;&#x5230;&#x4E86;&#x7B2C;&#x4E00;&#x500B;&#x4F4D;&#x7F6E;&#xFF0C;&#x9019;&#x8B49;&#x660E;&#x4E86;&#x9078;&#x64C7;&#x6392;&#x5E8F;&#x4E0D;&#x662F;&#x7A69;&#x5B9A;&#x7684;&#x6392;&#x5E8F;&#x7B97;&#x6CD5;&#xFF0C;&lt;/p&gt;&#xD;
&#xD;
&lt;p&gt;&#x5982;&#x679C;&#x662F;&#x7A69;&#x5B9A;&#x7684;&#x6392;&#x5E8F;&#xFF0C;&#x90A3;&#x9EBC;&#x7B2C;&#x4E00;&#x500B; 2 &#x61C9;&#x8A72;&#x4ECD;&#x7136;&#x4F4D;&#x65BC;&#x7B2C;&#x56DB;&#x500B; 2 &#x4E4B;&#x524D;&#xFF0C;&#x6240;&#x4EE5;&#x53EF;&#x4EE5;&#x78BA;&#x5B9A;&#x9078;&#x64C7;&#x6392;&#x5E8F;&#x4E0D;&#x5177;&#x6709;&#x7A69;&#x5B9A;&#x6027;&#x3002;&lt;/p&gt;</content>
  <attach></attach>
  <rcount></rcount>
  <rank></rank>
  <hit>23</hit>
  <lang>1</lang>
</data>
