<?xml version="1.0"?>
<data version="3.0" time="2024-07-20 09:55:26" type="post" filename="b000000011.xml">
  <open_time>0000-00-00</open_time>
  <close_time>0000-00-00</close_time>
  <lang_name>Big5</lang_name>
  <board_id>1001278683</board_id>
  <node>000000011</node>
  <site>1000110001</site>
  <pt>2023-07-22 01:56:59</pt>
  <poster>06005732</poster>
  <realname>&#x738B;&#x6631;&#x9032;  </realname>
  <email>louis21501@gmail.com</email>
  <homepage>  </homepage>
  <subject>&#x6436;&#x7B54;207 </subject>
  <content>&lt;p&gt;Selection sort &#x662F;&#x500B;&#x5F88;&#x76F4;&#x89C0;&#x7684;&#x6392;&#x5217;&#x65B9;&#x5F0F;&#xFF0C;&#x9078;&#x64C7;&#x5927;&#x5230;&#x5C0F;&#x6216;&#x662F;&#x5C0F;&#x5230;&#x5927;&#x6392;&#x5217;&#xFF0C;&#x4EE5;&#x4E0B;&#x7531;&#x5927;&#x5230;&#x5C0F;&#x8209;&#x4F8B;:&lt;br /&gt;&#xD;
&lt;br /&gt;&#xD;
A{4,2,3,0(a),5,0(b)} &#xFF0C;&#x5728;A&#x96C6;&#x5408;&#x4E2D;&#x6709;6&#x500B;&#x6578;&#x5B57;&#x8CC7;&#x6599;&#x7D93;&#x904E;Selection sort &#x4EE5;&#x5927;&#x5230;&#x5C0F;&#x6392;&#x5217;&#xFF0C;&#x5176;&#x4E2D;&#x6709;&#x5169;&#x500B;&#x4E00;&#x6A23;&#x7684;&#x6578;&#x5B57;&#x8CC7;&#x6599;&#x70BA;0&#xFF0C;&#x4EE5;0a,0b&#x8868;&#x793A;&lt;br /&gt;&#xD;
&lt;br /&gt;&#xD;
&#x9996;&#x5148;&#x627E;&#x51FA;&#x6700;&#x5927;&#x7684;&#x6578;&#x5B57;&#x70BA;5&#xFF0C;&#x653E;&#x7F6E;&#x7B2C;&#x4E00;&#x500B;&lt;br /&gt;&#xD;
A{5,4,2,3,0a,0b}&lt;/p&gt;&#xD;
&#xD;
&lt;p&gt;&#x63A5;&#x4E0B;&#x4F86;&#x4E0B;&#x9806;&#x4E00;&#x4F4D;&#xFF0C;&#x5C07;&#x5269;&#x4E0B;&#x7684;&#x4E94;&#x500B;&#x6578;&#x5B57;&#x4E2D;&#x627E;&#x51FA;&#x6700;&#x5927;&#x7684; 4 &#x653E;&#x7F6E;&#x7B2C;&#x4E8C;&#x500B;&lt;/p&gt;&#xD;
&#xD;
&lt;p&gt;A{5,4,2,3,0a,0b}&lt;br /&gt;&#xD;
&#x4EE5;&#x6B64;&#x985E;&#x63A8; &#x6700;&#x5F8C;&#x7D50;&#x679C;&#x70BA;&amp;nbsp;A{5,4,3,2,0a,0b}&amp;nbsp;&lt;br /&gt;&#xD;
&#x4F46;&#x662F;&#x5982;&#x679C;&#x5C07;&#x6392;&#x5217;&#x518D;&#x5EA6;&#x6253;&#x4E82; &#x5C07;0b&#x6392;&#x81F3;0a&#x524D;&#x9762; &#xFF0C;&#x6240;&#x5F97;&#x5230;&#x7684;&#x7D50;&#x679C;&#x5247;&#x70BA;A{5,4,3,2,0b,0a}&lt;br /&gt;&#xD;
&#x9019;&#x5C31;&#x662F;Seletion sort &#x7684;&#x4E0D;&#x7A69;&#x5B9A;&#x6027;&#xFF0C;&#x4E00;&#x6A23;&#x7684;&#x6578;&#x5217;&#x6253;&#x4E82;&#x5F8C;&#x6BCF;&#x6B21;&#x7684;&#x6392;&#x5E8F;&#x90FD;&#x4E0D;&#x4E00;&#x5B9A;&#x76F8;&#x540C;&#x3002;&lt;/p&gt; </content>
  <attach></attach>
  <rcount></rcount>
  <rank></rank>
  <hit>19</hit>
  <lang>1</lang>
</data>
