<?xml version="1.0"?>
<data version="3.0" time="2024-07-20 09:55:26" type="post" filename="b000000001.xml">
  <open_time>0000-00-00</open_time>
  <close_time>0000-00-00</close_time>
  <lang_name>Big5</lang_name>
  <board_id>1001278683</board_id>
  <node>000000001</node>
  <site>1000110001</site>
  <pt>2023-07-19 09:28:11</pt>
  <poster>06005634</poster>
  <realname>&#x90ED;&#x5BB8;&#x69A4;  </realname>
  <email>jyh2guo@gmail.com</email>
  <homepage>  </homepage>
  <subject>&#x6436;&#x7B54;207 </subject>
  <content>&lt;p&gt;&amp;nbsp;&#x8209;&#x4F8B;&#x89E3;&#x8AAA;&#x9078;&#x64C7;&#x6392;&#x5E8F;selection sort&#x4E26;&#x975E;&#x7A69;&#x5B9A;stable&#x7684;&#x6392;&#x5E8F;&#x65B9;&#x6CD5;&lt;/p&gt;&#xD;
&#xD;
&lt;p&gt;&#x7B54;:&lt;/p&gt;&#xD;
&#xD;
&lt;ol&gt;&#xD;
	&lt;li&gt;&#x5B78;&#x751F;A&#xFF0C;&#x5206;&#x6578;&#xFF1A;85&lt;/li&gt;&#xD;
	&lt;li&gt;&#x5B78;&#x751F;B&#xFF0C;&#x5206;&#x6578;&#xFF1A;90&lt;/li&gt;&#xD;
	&lt;li&gt;&#x5B78;&#x751F;C&#xFF0C;&#x5206;&#x6578;&#xFF1A;80&lt;/li&gt;&#xD;
	&lt;li&gt;&#x5B78;&#x751F;D&#xFF0C;&#x5206;&#x6578;&#xFF1A;90&lt;/li&gt;&#xD;
&lt;/ol&gt;&#xD;
&#xD;
&lt;p&gt;&#x4F7F;&#x7528;selection sort&#xFF0C;&#x6392;&#x5E8F;&#x904E;&#x7A0B;&#xFF1A;&lt;/p&gt;&#xD;
&#xD;
&lt;p&gt;&#x627E;&#x5230;&#x6700;&#x5C0F;&#x7684;&#x5206;&#x6578;&#xFF0C;&#x4EA4;&#x63DB;&#x7B2C;&#x4E00;&#x500B;&#x5206;&#x6578;&#x548C;&#x6700;&#x5C0F;&#x5206;&#x6578;&#x7684;&#x4F4D;&#x7F6E;&lt;/p&gt;&#xD;
&#xD;
&lt;ul&gt;&#xD;
	&lt;li&gt;&#x5B78;&#x751F;C&#xFF0C;&#x5206;&#x6578;&#xFF1A;80&lt;/li&gt;&#xD;
	&lt;li&gt;&#x5B78;&#x751F;B&#xFF0C;&#x5206;&#x6578;&#xFF1A;90&lt;/li&gt;&#xD;
	&lt;li&gt;&#x5B78;&#x751F;A&#xFF0C;&#x5206;&#x6578;&#xFF1A;85&lt;/li&gt;&#xD;
	&lt;li&gt;&#x5B78;&#x751F;D&#xFF0C;&#x5206;&#x6578;&#xFF1A;90&lt;/li&gt;&#xD;
&lt;/ul&gt;&#xD;
&#xD;
&lt;p&gt;&#x627E;&#x5230;&#x7B2C;&#x4E8C;&#x5C0F;&#x7684;&#x5206;&#x6578;&#xFF0C;&#x4EA4;&#x63DB;&#x7B2C;&#x4E8C;&#x500B;&#x5206;&#x6578;&#x548C;&#x7B2C;&#x4E8C;&#x5C0F;&#x5206;&#x6578;&#x7684;&#x4F4D;&#x7F6E;&lt;/p&gt;&#xD;
&#xD;
&lt;ul&gt;&#xD;
	&lt;li&gt;&#x5B78;&#x751F;C&#xFF0C;&#x5206;&#x6578;&#xFF1A;80&lt;/li&gt;&#xD;
	&lt;li&gt;&#x5B78;&#x751F;A&#xFF0C;&#x5206;&#x6578;&#xFF1A;85&lt;/li&gt;&#xD;
	&lt;li&gt;&#x5B78;&#x751F;B&#xFF0C;&#x5206;&#x6578;&#xFF1A;90&lt;/li&gt;&#xD;
	&lt;li&gt;&#x5B78;&#x751F;D&#xFF0C;&#x5206;&#x6578;&#xFF1A;90&lt;/li&gt;&#xD;
&lt;/ul&gt;&#xD;
&#xD;
&lt;p&gt;&#x627E;&#x5230;&#x7B2C;&#x4E09;&#x5C0F;&#x7684;&#x5206;&#x6578;&#xFF0C;&#x4EA4;&#x63DB;&#x7B2C;&#x4E09;&#x500B;&#x5206;&#x6578;&#x548C;&#x7B2C;&#x4E09;&#x5C0F;&#x5206;&#x6578;&#x7684;&#x4F4D;&#x7F6E;&lt;/p&gt;&#xD;
&#xD;
&lt;ul&gt;&#xD;
	&lt;li&gt;&#x5B78;&#x751F;A&#xFF0C;&#x5206;&#x6578;&#xFF1A;85&lt;/li&gt;&#xD;
	&lt;li&gt;&#x5B78;&#x751F;C&#xFF0C;&#x5206;&#x6578;&#xFF1A;80&lt;/li&gt;&#xD;
	&lt;li&gt;&#x5B78;&#x751F;B&#xFF0C;&#x5206;&#x6578;&#xFF1A;90&lt;/li&gt;&#xD;
	&lt;li&gt;&#x5B78;&#x751F;D&#xFF0C;&#x5206;&#x6578;&#xFF1A;90&lt;/li&gt;&#xD;
&lt;/ul&gt;&#xD;
&#xD;
&lt;p&gt;&#x5B78;&#x751F;B&#x548C;&#x5B78;&#x751F;D&#x7684;&#x5206;&#x6578;&#x90FD;&#x662F;90&#xFF0C;&#x5728;&#x539F;&#x59CB;&#x5217;&#x8868;&#x4E2D;&#xFF0C;&#x5B78;&#x751F;B&#x51FA;&#x73FE;&#x5728;&#x5B78;&#x751F;D&#x7684;&#x524D;&#x9762;&#x3002;&#x5728;&#x6392;&#x5E8F;&#x5F8C;&#xFF0C;&#x5B78;&#x751F;D&#x537B;&#x5728;&#x5B78;&#x751F;B&#x7684;&#x524D;&#x9762;&#x3002;&#x9019;&#x5C31;&#x662F;selection sort&#x7684;&#x4E0D;&#x7A69;&#x5B9A;&#x6027;&#x3002;&lt;/p&gt; </content>
  <attach></attach>
  <rcount></rcount>
  <rank></rank>
  <hit>29</hit>
  <lang>1</lang>
</data>
