<?xml version="1.0"?>
<data version="3.0" time="2024-07-20 09:55:26" type="post" filename="b000000016.xml">
  <open_time>0000-00-00</open_time>
  <close_time>0000-00-00</close_time>
  <lang_name>Big5</lang_name>
  <board_id>1001278683</board_id>
  <node>000000016</node>
  <site>1000110001</site>
  <pt>2023-07-22 23:31:26</pt>
  <poster>06005914</poster>
  <realname>&#x9673;&#x5F65;&#x4E2D;  </realname>
  <email>jackson89911@gmail.com</email>
  <homepage>  </homepage>
  <subject>&#x6436;&#x7B54;207 </subject>
  <content>&lt;p&gt;207. &#x8209;&#x4F8B;&#x89E3;&#x8AAA;&#x9078;&#x64C7;&#x6392;&#x5E8F;selection sort&#x4E26;&#x975E;&#x7A69;&#x5B9A;stable&#x7684;&#x6392;&#x5E8F;&#x65B9;&#x6CD5;&lt;/p&gt;&#xD;
&#xD;
&lt;p&gt;A:&#x9078;&#x64C7;&#x6392;&#x5E8F;&#x662F;&#x4E00;&#x7A2E;&#x7C21;&#x55AE;&#x4F46;&#x6548;&#x7387;&#x8F03;&#x4F4E;&#x7684;&#x6392;&#x5E8F;&#x65B9;&#x6CD5;&#xFF0C;&#x4F46;&#x5B83;&#x4E26;&#x975E;&#x7A69;&#x5B9A;&#x7684;&#x6392;&#x5E8F;&#x65B9;&#x6CD5;&#x3002;&#x5728;&#x7A69;&#x5B9A;&#x6392;&#x5E8F;&#x4E2D;&#xFF0C;&#x76F8;&#x540C;&#x5927;&#x5C0F;&#x7684;&#x5143;&#x7D20;&#x5728;&#x6392;&#x5E8F;&#x5F8C;&#x76F8;&#x5C0D;&#x4F4D;&#x7F6E;&#x4FDD;&#x6301;&#x4E0D;&#x8B8A;&#xFF0C;&#x56E0;&#x70BA;&#x4ED6;&#x5011;&#x5728;&#x539F;&#x59CB;&#x5E8F;&#x5217;&#x4E2D;&#x7684;&#x9806;&#x5E8F;&#x5DF2;&#x7D93;&#x662F;&#x5C0D;&#x7684;&#x3002;&lt;/p&gt;&#xD;
&#xD;
&lt;p&gt;&#x5047;&#x8A2D;&#x6709;&#x4E00;&#x500B;&#x5305;&#x542B;&#x59D3;&#x540D;&#x548C;&#x6210;&#x7E3E;&#x7684;&#x8CC7;&#x6599;&#xFF0C;&#x4E26;&#x5E0C;&#x671B;&#x6839;&#x64DA;&#x6210;&#x7E3E;&#x9032;&#x884C;&#x6392;&#x5E8F;&lt;/p&gt;&#xD;
&#xD;
&lt;ol&gt;&#xD;
	&lt;li&gt;(Eva, 90)&lt;/li&gt;&#xD;
	&lt;li&gt;(Bob, 90)&lt;/li&gt;&#xD;
	&lt;li&gt;(David, 78)&lt;/li&gt;&#xD;
&lt;/ol&gt;&#xD;
&#xD;
&lt;p&gt;&#x4F7F;&#x7528;&#x9078;&#x64C7;&#x6392;&#x5E8F;&#x9032;&#x884C;&#x905E;&#x589E;&#x6392;&#x5E8F;&#xFF1A;&lt;/p&gt;&#xD;
&#xD;
&lt;p&gt;&#x9996;&#x5148;&#x627E;&#x5230;&#x6700;&#x5C0F;&#x503C;&#xFF0C;&#x4EA4;&#x63DB;&#x5B83;&#x8207;&#x7B2C;&#x4E00;&#x500B;&#x4F4D;&#x7F6E;&#x3002;&#x4EA4;&#x63DB;&#x5F8C;&#xFF1A;&lt;/p&gt;&#xD;
&#xD;
&lt;ol&gt;&#xD;
	&lt;li&gt;(David, 78) &amp;lt;- &#x6700;&#x5C0F;&#x503C;&lt;/li&gt;&#xD;
	&lt;li&gt;(Bob, 90)&lt;/li&gt;&#xD;
	&lt;li&gt;(Eva, 90)&lt;/li&gt;&#xD;
&lt;/ol&gt;&#xD;
&#xD;
&lt;p&gt;&#x5F9E;&#x9019;&#x500B;&#x4F8B;&#x5B50;&#x4E2D;&#x53EF;&#x4EE5;&#x770B;&#x5230;&#xFF0C;&#x6210;&#x7E3E;&#x76F8;&#x540C;&#x7684;Bob&#x548C; Eva&amp;nbsp;&#x5728;&#x6392;&#x5E8F;&#x5F8C;&#x7684;&#x76F8;&#x5C0D;&#x4F4D;&#x7F6E;&#x6539;&#x8B8A;&#x4E86;&#xFF0C;&#x9019;&#x8868;&#x793A;&#x9078;&#x64C7;&#x6392;&#x5E8F;&#x4E26;&#x975E;&#x7A69;&#x5B9A;&#x7684;&#x6392;&#x5E8F;&#x65B9;&#x6CD5;&#x3002;&lt;/p&gt; </content>
  <attach></attach>
  <rcount></rcount>
  <rank></rank>
  <hit>6</hit>
  <lang>1</lang>
</data>
