<?xml version="1.0"?>
<data version="3.0" time="2024-07-20 09:55:26" type="post" filename="b000000012000000001.xml">
  <open_time>0000-00-00</open_time>
  <close_time>0000-00-00</close_time>
  <lang_name>Big5</lang_name>
  <board_id>1001278683</board_id>
  <node>000000012000000001</node>
  <site>1000110001</site>
  <pt>2023-07-26 10:05:38</pt>
  <poster>11813</poster>
  <realname>&#x5433;&#x5B9C;&#x9D3B;  </realname>
  <email>yhwu@cycu.edu.tw</email>
  <homepage>https://www.researchgate.net/profile/Yi-Hung-Wu-2  </homepage>
  <subject>Re: &#x6436;&#x7B54;206  </subject>
  <content>&lt;p&gt;OK&lt;/p&gt;&#xD;
&#xD;
&lt;p&gt;&#x53EF;&#x60DC;&#x524D;&#x6587;&#x6709;&#x4EBA;&#x6436;&#x7B54;&#x4E86;&#x3002;&lt;/p&gt; </content>
  <attach></attach>
  <rcount></rcount>
  <rank></rank>
  <hit>1</hit>
  <lang>1</lang>
</data>
