<?xml version="1.0"?>
<data version="3.0" time="2024-07-20 09:55:26" type="post" filename="b000000005000000001.xml">
  <open_time>0000-00-00</open_time>
  <close_time>0000-00-00</close_time>
  <lang_name>Big5</lang_name>
  <board_id>1001278683</board_id>
  <node>000000005000000001</node>
  <site>1000110001</site>
  <pt>2023-07-19 17:04:45</pt>
  <poster>11813</poster>
  <realname>&#x5433;&#x5B9C;&#x9D3B;  </realname>
  <email>yhwu@cycu.edu.tw</email>
  <homepage>https://www.researchgate.net/profile/Yi-Hung-Wu-2  </homepage>
  <subject>Re: &#x6436;&#x7B54;206  </subject>
  <content>&lt;p&gt;&lt;span style="color:#ff0000"&gt;&#x5167;&#x5BB9;&#x548C;&#x524D;&#x6587;&#x91CD;&#x8907;&#xFF0C;&#x800C;&#x4E14;&#x7A0B;&#x5F0F;&#x78BC;&#x6392;&#x7248;&#x9084;&#x6BD4;&#x8F03;&#x4E0D;&#x6574;&#x9F4A;&#xFF1F;&lt;/span&gt;&lt;/p&gt; </content>
  <attach></attach>
  <rcount></rcount>
  <rank></rank>
  <hit>1</hit>
  <lang>1</lang>
</data>
