<?xml version="1.0"?>
<data version="3.0" time="2024-07-20 09:55:26" type="post" filename="b000000011000000001.xml">
  <open_time>0000-00-00</open_time>
  <close_time>0000-00-00</close_time>
  <lang_name>Big5</lang_name>
  <board_id>1001278683</board_id>
  <node>000000011000000001</node>
  <site>1000110001</site>
  <pt>2023-07-22 10:53:56</pt>
  <poster>11813</poster>
  <realname>&#x5433;&#x5B9C;&#x9D3B;  </realname>
  <email>yhwu@cycu.edu.tw</email>
  <homepage>https://www.researchgate.net/profile/Yi-Hung-Wu-2  </homepage>
  <subject>Re: &#x6436;&#x7B54;207  </subject>
  <content>&lt;p&gt;&lt;span style="color:#ff0000"&gt;&#x5169;&#x500B;0&#x90FD;&#x662F;&#x6700;&#x5C0F;&#xFF0C;&#x4F55;&#x5FC5;&#x4EA4;&#x63DB;&#x4F4D;&#x7F6E;&#xFF1F;&#x9019;&#x4F8B;&#x5B50;&#x6839;&#x672C;&#x770B;&#x4E0D;&#x5230;&#x9078;&#x64C7;&#x6392;&#x5E8F;&#x7684;&#x4E0D;&#x7A69;&#x5B9A;&#x6027;&#x3002;&lt;/span&gt;&lt;/p&gt; </content>
  <attach></attach>
  <rcount></rcount>
  <rank></rank>
  <hit>1</hit>
  <lang>1</lang>
</data>
