<?xml version="1.0"?>
<data version="3.0" time="2024-07-20 09:55:26" type="post" filename="b000000003.xml">
  <open_time>0000-00-00</open_time>
  <close_time>0000-00-00</close_time>
  <lang_name>Big5</lang_name>
  <board_id>1001278683</board_id>
  <node>000000003</node>
  <site>1000110001</site>
  <pt>2023-07-19 13:55:35</pt>
  <poster>06005636</poster>
  <realname>&#x6731;&#x7D18;&#x6B63;  </realname>
  <email>henry3446@gmail.com</email>
  <homepage>  </homepage>
  <subject>&#x6436;&#x7B54;208 </subject>
  <content>&lt;p&gt;208. &#x64B0;&#x5BEB;&#x7A0B;&#x5F0F;&#x78BC;&#x6307;&#x51FA;&#x5F71;&#x97FF;&#x6C23;&#x6CE1;&#x6392;&#x5E8F;&#x662F;&#x5426;&#x7A69;&#x5B9A;stable&#x7684;&#x95DC;&#x9375;&#x6307;&#x4EE4;&#x3002;&lt;/p&gt;&#xD;
&#xD;
&lt;p&gt;&#x5728;&#x6C23;&#x6CE1;&#x6392;&#x5E8F;&#x7684;&#x7A0B;&#x5F0F;&#x78BC;&#x4E2D;&#xFF0C;&#x6703;&#x5F71;&#x97FF;&#x6392;&#x5E8F;&#x662F;&#x5426;&#x7A69;&#x5B9A;&#x7684;&#x95DC;&#x9375;&#x6307;&#x4EE4;&#x662F;&#x4EA4;&#x63DB;&#x6578;&#x503C;&#x7684;&#x90E8;&#x5206;&#x3002;&#x5982;&#x679C;&#x5728;&#x4EA4;&#x63DB;&#x7684;&#x904E;&#x7A0B;&#x4E2D;&#xFF0C;&#x53EA;&#x6709;&#x5728;&#x7576;&#x524D;&#x6578;&#x503C;&#x5927;&#x65BC;&#x4E0B;&#x4E00;&#x500B;&#x6578;&#x503C;&#x6642;&#x624D;&#x9032;&#x884C;&#x4EA4;&#x63DB;&#xFF0C;&#x9019;&#x6A23;&#x5C31;&#x80FD;&#x78BA;&#x4FDD;&#x76F8;&#x7B49;&#x6578;&#x503C;&#x7684;&#x76F8;&#x5C0D;&#x4F4D;&#x7F6E;&#x4E0D;&#x8B8A;&#xFF0C;&#x5BE6;&#x73FE;&#x7A69;&#x5B9A;&#x6392;&#x5E8F;&#x3002;&lt;/p&gt;&#xD;
&#xD;
&lt;p&gt;#include &amp;lt;iostream&amp;gt;&lt;br /&gt;&#xD;
using namespace std;&lt;/p&gt;&#xD;
&#xD;
&lt;p&gt;void bubbleSort(int arr[], int n) {&lt;br /&gt;&#xD;
&amp;nbsp;&amp;nbsp;&amp;nbsp; for (int i = 0; i &amp;lt; n; i++) {&lt;br /&gt;&#xD;
&amp;nbsp;&amp;nbsp;&amp;nbsp;&amp;nbsp;&amp;nbsp;&amp;nbsp;&amp;nbsp; for (int j = 0; j &amp;lt; n - i - 1; j++) {&lt;br /&gt;&#xD;
&amp;nbsp;&amp;nbsp;&amp;nbsp;&amp;nbsp;&amp;nbsp;&amp;nbsp;&amp;nbsp;&amp;nbsp;&amp;nbsp;&amp;nbsp;&amp;nbsp; if (arr[j] &amp;gt; arr[j + 1]) {&lt;br /&gt;&#xD;
&amp;nbsp;&amp;nbsp;&amp;nbsp;&amp;nbsp;&amp;nbsp;&amp;nbsp;&amp;nbsp;&amp;nbsp;&amp;nbsp;&amp;nbsp;&amp;nbsp;&amp;nbsp;&amp;nbsp;&amp;nbsp;&amp;nbsp; swap(arr[j], arr[j + 1]);// &#x4EA4;&#x63DB;&#x6578;&#x503C;&lt;br /&gt;&#xD;
&amp;nbsp;&amp;nbsp;&amp;nbsp;&amp;nbsp;&amp;nbsp;&amp;nbsp;&amp;nbsp;&amp;nbsp;&amp;nbsp;&amp;nbsp;&amp;nbsp; }&lt;br /&gt;&#xD;
&amp;nbsp;&amp;nbsp;&amp;nbsp;&amp;nbsp;&amp;nbsp;&amp;nbsp;&amp;nbsp; }&lt;br /&gt;&#xD;
&amp;nbsp;&amp;nbsp;&amp;nbsp; }&lt;br /&gt;&#xD;
}&lt;/p&gt;&#xD;
&#xD;
&lt;p&gt;int main() {&lt;br /&gt;&#xD;
&amp;nbsp;&amp;nbsp;&amp;nbsp; int arr[] = {5, 3, 1, 3, 2};&lt;br /&gt;&#xD;
&amp;nbsp;&amp;nbsp;&amp;nbsp; int n = sizeof(arr) / sizeof(arr[0]);&lt;/p&gt;&#xD;
&#xD;
&lt;p&gt;&amp;nbsp;&amp;nbsp;&amp;nbsp; bubbleSort(arr, n);&lt;/p&gt;&#xD;
&#xD;
&lt;p&gt;&amp;nbsp;&amp;nbsp;&amp;nbsp; cout &amp;lt;&amp;lt; &amp;quot;Sorted array: &amp;quot;;&lt;br /&gt;&#xD;
&amp;nbsp;&amp;nbsp;&amp;nbsp; for (int i = 0; i &amp;lt; n; i++) {&lt;br /&gt;&#xD;
&amp;nbsp;&amp;nbsp;&amp;nbsp;&amp;nbsp;&amp;nbsp;&amp;nbsp;&amp;nbsp; cout &amp;lt;&amp;lt; arr[i] &amp;lt;&amp;lt; &amp;quot; &amp;quot;;&lt;br /&gt;&#xD;
&amp;nbsp;&amp;nbsp;&amp;nbsp; }&lt;br /&gt;&#xD;
&amp;nbsp;&amp;nbsp;&amp;nbsp; cout &amp;lt;&amp;lt; endl;&lt;/p&gt;&#xD;
&#xD;
&lt;p&gt;&amp;nbsp;&amp;nbsp;&amp;nbsp; return 0;&lt;br /&gt;&#xD;
}&lt;/p&gt;&#xD;
&#xD;
&lt;p&gt;&lt;img alt="" src="/user/0/6/06005636/images/%E6%93%B7%E5%8F%96(1).JPG" style="height:147px; width:327px" /&gt;&lt;/p&gt;&#xD;
&#xD;
&lt;p&gt;&#x9019;&#x6BB5;&#x7A0B;&#x5F0F;&#x78BC;&#x4E2D;&#xFF0C;&#x4F7F;&#x7528;&#x5169;&#x500B;&#x8FF4;&#x5708;&#x4F86;&#x5BE6;&#x73FE;&#x6C23;&#x6CE1;&#x6392;&#x5E8F;&#x3002;&#x5728;&#x5167;&#x90E8;&#x7684;&#x8FF4;&#x5708;&#x4E2D;&#xFF0C;&#x6211;&#x5011;&#x6BD4;&#x8F03;&#x76F8;&#x9130;&#x7684;&#x5169;&#x500B;&#x5143;&#x7D20;&#xFF0C;&#x5982;&#x679C;&#x524D;&#x4E00;&#x500B;&#x5143;&#x7D20;&#x5927;&#x65BC;&#x5F8C;&#x4E00;&#x500B;&#x5143;&#x7D20;&#xFF0C;&#x5247;&#x4EA4;&#x63DB;&#x5B83;&#x5011;&#x7684;&#x4F4D;&#x7F6E;&#x3002;&lt;/p&gt; </content>
  <attach></attach>
  <rcount></rcount>
  <rank></rank>
  <hit>21</hit>
  <lang>1</lang>
</data>
