<?xml version="1.0"?>
<data version="3.0" time="2024-07-19 08:57:11" type="post" filename="b000000002.xml">
  <open_time>0000-00-00</open_time>
  <close_time>0000-00-00</close_time>
  <lang_name>Big5</lang_name>
  <board_id>1001296426</board_id>
  <node>000000002</node>
  <site>1000110001</site>
  <pt>2023-12-14 19:21:11</pt>
  <poster>03109309</poster>
  <realname>&#x5442;&#x6C9B;&#x9716;  </realname>
  <email></email>
  <homepage>  </homepage>
  <subject>219 </subject>
  <content>&lt;p&gt;219. &#x8209;&#x4F8B;&#x5340;&#x5225;&#x5B8C;&#x5168;full&#x3001;&#x5B8C;&#x6574;complete&#x53CA;&#x5E73;&#x8861;balanced&#x4E8C;&#x5143;&#x6A39;&#x7684;&#x5DEE;&#x7570;&#x3002;&lt;/p&gt;&#xD;
&#xD;
&lt;p&gt;&#x5047;&#x8A2D;&#x6709;&#x4E00;&#x9846;&#x6A39;&#x9AD8;&#x70BA;5&#x7684;&#x4E8C;&#x5143;&#x6A39;:&lt;/p&gt;&#xD;
&#xD;
&lt;p&gt;&#x5B8C;&#x5168;full: 1~4 &#x968E;&#x5C64;&#x7684;&#x7BC0;&#x9EDE;&#x90FD;&#x6709;&#x5169;&#x500B;&#x5B50;&#x7BC0;&#x9EDE;&#x3002;&lt;/p&gt;&#xD;
&#xD;
&lt;p&gt;&#x5B8C;&#x6574;complete: 1~3&#x968E;&#x5C64;&#x7684;&#x7BC0;&#x9EDE;&#x90FD;&#x6709;&#x5169;&#x500B;&#x5B50;&#x7BC0;&#x9EDE;&#xFF0C;&#x82E5;&#x7B2C;&#x56DB;&#x5C64;&#x7684;&#x7BC0;&#x9EDE;&#x6709;&#x5B50;&#x7BC0;&#x9EDE;&#xFF0C;&#x5728;&#x5176;&#x5DE6;&#x908A;&#x540C;&#x968E;&#x5C64;&#x7684;&#x7BC0;&#x9EDE;&#x90FD;&#x4E00;&#x5B9A;&#x6709;&#x5169;&#x500B;&#x5B50;&#x7BC0;&#x9EDE;&#xFF0C;&#x82E5;&#x7B2C;&#x56DB;&#x5C64;&#x7684;&#x7BC0;&#x9EDE;&#x53EA;&#x6709;&#x4E00;&#x500B;&#x5B50;&#x7BC0;&#x9EDE;&#xFF0C;&#x90A3;&#x9EBC;&#x8A72;&#x5B50;&#x7BC0;&#x9EDE;&#x4E00;&#x5B9A;&#x662F;&#x5DE6;&#x5B50;&#x7BC0;&#x9EDE;&#x3002;&lt;/p&gt;&#xD;
&#xD;
&lt;p&gt;&#x5E73;&#x8861;balanced: &#x4E00;&#x500B;&#x7BC0;&#x9EDE;&#x5176;&#x5DE6;&#x5B50;&#x6A39;&#x548C;&#x53F3;&#x5B50;&#x6A39;&#x7684;&#x6A39;&#x9AD8;&#x4E0D;&#x6703;&#x5DEE;&#x8D85;&#x904E;1&#x3002;&lt;/p&gt;&#xD;
&#xD;
&lt;p&gt;full, complete binary Tree &#x662F; balanced binary tree&#xFF0C;full binary tree &#x662F; complete binary tree&lt;/p&gt; </content>
  <attach></attach>
  <rcount></rcount>
  <rank></rank>
  <hit>14</hit>
  <lang>1</lang>
</data>
