<?xml version="1.0"?>
<data version="3.0" time="2024-07-19 09:00:28" type="post" filename="b000000001.xml">
  <open_time>0000-00-00</open_time>
  <close_time>0000-00-00</close_time>
  <lang_name>Big5</lang_name>
  <board_id>1001174278</board_id>
  <node>000000001</node>
  <site>1000110001</site>
  <pt>2022-11-28 03:54:19</pt>
  <poster>11027229</poster>
  <realname>&#x5353;&#x69AE;&#x6689;  </realname>
  <email>intercoursedr@gmail.com</email>
  <homepage>  </homepage>
  <subject>206. &#x64B0;&#x5BEB;&#x7A0B;&#x5F0F;&#x78BC;&#x8AAA;&#x660E;&#x6C23;&#x6CE1;&#x6392;&#x5E8F;bubble sort&#x5982;&#x4F55;&#x63D0;&#x65E9;&#x7D50;&#x675F;&#x57F7;&#x884C;&#x3002; </subject>
  <content>&lt;p&gt;&#x7576;&#x6C92;&#x6709;&#x518D;&#x9032;&#x884C;&#x4EFB;&#x4F55;&#x4EA4;&#x63DB;&#x6642; &#x4EE3;&#x8868;&#x5DF2;&#x7D93;&#x4EA4;&#x63DB;&#x5B8C;&#x6210;&#x4E86; &#x5C31;&#x6C92;&#x6709;&#x5FC5;&#x8981;&#x7E7C;&#x7E8C;&#x9032;&#x884C;&#x3002;&lt;br /&gt;&#xD;
&lt;br /&gt;&#xD;
// &#x5DF2;&#x7D93;&#x5BA3;&#x544A;&#x904E;&#x7684;:&lt;br /&gt;&#xD;
vector&amp;lt;string&amp;gt; data;&lt;br /&gt;&#xD;
void compare(int index1, int index2);&lt;br /&gt;&#xD;
&lt;br /&gt;&#xD;
void bubbleSort() {&lt;br /&gt;&#xD;
&amp;nbsp;&amp;nbsp; &amp;nbsp;&amp;nbsp;&amp;nbsp; &amp;nbsp;&amp;nbsp;&amp;nbsp; &amp;nbsp;bool flag = false;&lt;br /&gt;&#xD;
&amp;nbsp;&amp;nbsp; &amp;nbsp;&amp;nbsp;&amp;nbsp; &amp;nbsp;&amp;nbsp;&amp;nbsp; &amp;nbsp;for(int i = 0 ; i &amp;lt; data.size() - 1; i++) {&lt;br /&gt;&#xD;
&amp;nbsp;&amp;nbsp; &amp;nbsp;&amp;nbsp;&amp;nbsp; &amp;nbsp;&amp;nbsp;&amp;nbsp; &amp;nbsp;&amp;nbsp;&amp;nbsp; &amp;nbsp;for(int j = 0 ; j &amp;lt; data.size()-i-1; j++) {&lt;br /&gt;&#xD;
&amp;nbsp;&amp;nbsp; &amp;nbsp;&amp;nbsp;&amp;nbsp; &amp;nbsp;&amp;nbsp;&amp;nbsp; &amp;nbsp;&amp;nbsp;&amp;nbsp; &amp;nbsp;&amp;nbsp;&amp;nbsp; &amp;nbsp;if(compare(data[j],data[j+1])) {&lt;br /&gt;&#xD;
&amp;nbsp;&amp;nbsp; &amp;nbsp;&amp;nbsp;&amp;nbsp; &amp;nbsp;&amp;nbsp;&amp;nbsp; &amp;nbsp;&amp;nbsp;&amp;nbsp; &amp;nbsp;&amp;nbsp;&amp;nbsp; &amp;nbsp;&amp;nbsp;&amp;nbsp; &amp;nbsp;swap(j,j+1);&lt;br /&gt;&#xD;
&amp;nbsp; &amp;nbsp; &amp;nbsp; &amp;nbsp; &amp;nbsp; &amp;nbsp; &amp;nbsp; &amp;nbsp; &amp;nbsp; &amp;nbsp; &amp;nbsp; &amp;nbsp; flag = true;&lt;br /&gt;&#xD;
&amp;nbsp;&amp;nbsp; &amp;nbsp;&amp;nbsp;&amp;nbsp; &amp;nbsp;&amp;nbsp;&amp;nbsp; &amp;nbsp;&amp;nbsp;&amp;nbsp; &amp;nbsp;&amp;nbsp;&amp;nbsp; &amp;nbsp;}&lt;br /&gt;&#xD;
&amp;nbsp;&amp;nbsp; &amp;nbsp;&amp;nbsp;&amp;nbsp; &amp;nbsp;&amp;nbsp;&amp;nbsp; &amp;nbsp;&amp;nbsp;&amp;nbsp; &amp;nbsp;}&lt;br /&gt;&#xD;
&amp;nbsp;&amp;nbsp; &amp;nbsp;&amp;nbsp;&amp;nbsp; &amp;nbsp;&amp;nbsp;&amp;nbsp; &amp;nbsp;&amp;nbsp;&amp;nbsp; &amp;nbsp;if(!flag) return;&lt;br /&gt;&#xD;
&amp;nbsp;&amp;nbsp; &amp;nbsp;&amp;nbsp;&amp;nbsp; &amp;nbsp;&amp;nbsp;&amp;nbsp; &amp;nbsp;&amp;nbsp;&amp;nbsp; &amp;nbsp;else flag = false;&lt;br /&gt;&#xD;
&amp;nbsp;&amp;nbsp; &amp;nbsp;&amp;nbsp;&amp;nbsp; &amp;nbsp;&amp;nbsp;&amp;nbsp; &amp;nbsp;}&lt;br /&gt;&#xD;
&amp;nbsp; &amp;nbsp; &amp;nbsp; &amp;nbsp; &amp;nbsp; &amp;nbsp;&amp;nbsp;&lt;br /&gt;&#xD;
&amp;nbsp;&amp;nbsp; &amp;nbsp;&amp;nbsp;&amp;nbsp; &amp;nbsp;}&lt;br /&gt;&#xD;
&lt;br /&gt;&#xD;
&lt;br /&gt;&#xD;
&lt;br /&gt;&#xD;
void swap(int a, int &amp;nbsp;b){&lt;br /&gt;&#xD;
&amp;nbsp;&amp;nbsp; &amp;nbsp;&amp;nbsp;&amp;nbsp; &amp;nbsp;&amp;nbsp;&amp;nbsp; &amp;nbsp;string temp = data[a];&lt;br /&gt;&#xD;
&amp;nbsp;&amp;nbsp; &amp;nbsp;&amp;nbsp;&amp;nbsp; &amp;nbsp;&amp;nbsp;&amp;nbsp; &amp;nbsp;data[a] = data[b];&lt;br /&gt;&#xD;
&amp;nbsp;&amp;nbsp; &amp;nbsp;&amp;nbsp;&amp;nbsp; &amp;nbsp;&amp;nbsp;&amp;nbsp; &amp;nbsp;data[b] = temp;&lt;br /&gt;&#xD;
&amp;nbsp;&amp;nbsp; &amp;nbsp;&amp;nbsp;&amp;nbsp; &amp;nbsp;}&lt;br /&gt;&#xD;
&amp;lt;&#x53C3;&#x8003;&#x8CC7;&#x6599; :&#x3000;https://hackmd.io/@Aquamay/HyyCFRj9d&#x3000;&#xFF1E;&lt;/p&gt; </content>
  <attach></attach>
  <rcount></rcount>
  <rank></rank>
  <hit>40</hit>
  <lang>1</lang>
</data>
