<?xml version="1.0"?>
<data version="3.0" time="2024-07-19 09:00:28" type="post" filename="b000000002.xml">
  <open_time>0000-00-00</open_time>
  <close_time>0000-00-00</close_time>
  <lang_name>Big5</lang_name>
  <board_id>1001174278</board_id>
  <node>000000002</node>
  <site>1000110001</site>
  <pt>2022-11-28 16:50:17</pt>
  <poster>03108153</poster>
  <realname>&#x674E;&#x7ACB;&#x7FA4;  </realname>
  <email>espoir520@gmail.com</email>
  <homepage> </homepage>
  <subject>207. &#x8209;&#x4F8B;&#x89E3;&#x8AAA;&#x9078;&#x64C7;&#x6392;&#x5E8F;selection sort&#x4E26;&#x975E;&#x7A69;&#x5B9A;stable&#x7684;&#x6392;&#x5E8F;&#x65B9;&#x6CD5;&#x3002; </subject>
  <content>&lt;p&gt;&lt;span style="color:#0000cd"&gt;&lt;strong&gt;*&#x7A69;&#x5B9A;&#x6392;&#x5E8F;&#x6CD5;(Stable Sorting)&#xFF1A;&#x5177;&#x76F8;&#x540C;&#x9375;&#x503C;(key-value)&#x7684;&#x8CC7;&#x6599;&#xFF0C;&#x7D93;&#x6392;&#x5E8F;&#x5F8C;&#x4F9D;&#x7136;&#x4FDD;&#x6301;&#x6392;&#x5E8F;&#x524D;&#x7684;&#x9806;&#x5E8F;&#x3002;&lt;/strong&gt;&lt;/span&gt;&lt;/p&gt;&#xD;
&#xD;
&lt;p&gt;&#x70BA;&#x4F55;&#x9078;&#x64C7;&#x6392;&#x5E8F;(selection sort)&#x662F;&lt;span style="color:#ff0000"&gt;&lt;strong&gt;&lt;span style="background-color:#ffff00"&gt;&#x975E;&#x7A69;&#x5B9A;(unstable)&lt;/span&gt;&lt;/strong&gt;&lt;/span&gt;&#x7684;&#x6392;&#x5E8F;&#x65B9;&#x6CD5;&#xFF1A;&lt;/p&gt;&#xD;
&#xD;
&lt;p&gt;&amp;nbsp;&#x5982;&#x679C;&#x8981;&#x5C07;&#x4EE5;&#x4E0B;&#x8CC7;&#x6599;&#x7528;selection sort&#x6392;&#x5E8F;&lt;/p&gt;&#xD;
&#xD;
&lt;p&gt;(1,2 &#x4EE3;&#x8868;&#x73ED;&#x7D1A;&#xFF1B;a,b,c&#x4EE3;&#x8868;&#x5B78;&#x751F;&#x59D3;&#x540D;&#x7684;&#x82F1;&#x6587;&#x5B57;&#x6BCD;&#xFF1B;)&lt;/p&gt;&#xD;
&#xD;
&lt;p&gt;&lt;span style="color:#ff0000"&gt;&lt;strong&gt;&#x6392;&#x5E8F;&#x524D;&#x70BA;&amp;nbsp;{2a,2b,1c}&amp;nbsp;&lt;/strong&gt;&lt;/span&gt;(key-value&#x70BA;&#x59D3;&#x540D;&#x5B57;&#x6BCD;)&lt;/p&gt;&#xD;
&#xD;
&lt;p&gt;&#x5176;&#x5F8C;&#x82E5;&#x4F9D;&#x73ED;&#x7D1A;&#x4EE3;&#x865F;(key-value&#x70BA;&#x6578;&#x5B57;)&#x6392;&#x5E8F;&#x7D50;&#x679C;&#x70BA;&#xFF1A;&lt;/p&gt;&#xD;
&#xD;
&lt;p&gt;&lt;span style="color:#0000cd"&gt;&lt;strong&gt;{1c,2b,2a}&lt;/strong&gt;&lt;/span&gt;&lt;/p&gt;&#xD;
&#xD;
&lt;p&gt;&#x6392;&#x5E8F;&#x7D50;&#x679C;&#x9020;&#x6210;&#x5177;&#x6709;&#x5169;&#x500B;&#x76F8;&#x540C;(&#x6578;&#x5B57;key-value)&#x7684;2a&#x3001;2b&lt;/p&gt;&#xD;
&#xD;
&lt;p&gt;&#x8DDF;&#x539F;&#x4F86;&#x6392;&#x5E8F;&#x524D;&#x7684;&#x9806;&#x5E8F;&#x4E0D;&#x540C;&#xFF0C;&#x56E0;&#x6B64;&#x70BA;&#x4E0D;&#x7A69;&#x5B9A;&#x6392;&#x5E8F;&#x6CD5;&#x3002;&lt;/p&gt;&#xD;
&#xD;
&lt;p&gt;*&#x53C3;&#x8003;&#x8CC7;&#x6599;&#xFF1A;&lt;/p&gt;&#xD;
&#xD;
&lt;p&gt;https://www.geeksforgeeks.org/stable-and-unstable-sorting-algorithms/&lt;/p&gt;</content>
  <attach></attach>
  <rcount></rcount>
  <rank></rank>
  <hit>32</hit>
  <lang>1</lang>
</data>
