<?xml version="1.0"?>
<data version="3.0" time="2024-07-19 09:00:28" type="post" filename="b000000004.xml">
  <open_time>0000-00-00</open_time>
  <close_time>0000-00-00</close_time>
  <lang_name>Big5</lang_name>
  <board_id>1001174278</board_id>
  <node>000000004</node>
  <site>1000110001</site>
  <pt>2022-12-06 23:36:56</pt>
  <poster>11027262</poster>
  <realname>&#x9418;&#x807F;&#x4EAD;  </realname>
  <email>shenyao0214@gmail.com</email>
  <homepage>  </homepage>
  <subject>209. &#x64B0;&#x5BEB;&#x7A0B;&#x5F0F;&#x78BC;&#x6307;&#x51FA;&#x5F71;&#x97FF;&#x63D2;&#x5165;&#x6392;&#x5E8F;insertion sort&#x662F;&#x5426;&#x7A69;&#x5B9A;stable&#x7684;&#x95DC;&#x9375;&#x6307;&#x4EE4;&#x3002; </subject>
  <content>&lt;p&gt;&lt;img alt="" src="/user/1/1/11027262/images/209(1).png" style="height:704px; width:1055px" /&gt;&lt;/p&gt; </content>
  <attach></attach>
  <rcount></rcount>
  <rank></rank>
  <hit>8</hit>
  <lang>1</lang>
</data>
