<?xml version="1.0"?>
<data version="3.0" time="2024-07-19 09:00:28" type="post" filename="b000000002000000001.xml">
  <open_time>0000-00-00</open_time>
  <close_time>0000-00-00</close_time>
  <lang_name>Big5</lang_name>
  <board_id>1001174278</board_id>
  <node>000000002000000001</node>
  <site>1000110001</site>
  <pt>2022-11-28 21:21:43</pt>
  <poster>11813</poster>
  <realname>&#x5433;&#x5B9C;&#x9D3B;  </realname>
  <email>yhwu@cycu.edu.tw</email>
  <homepage>https://www.researchgate.net/profile/Yi-Hung-Wu-2 </homepage>
  <subject>Re: 207. &#x8209;&#x4F8B;&#x89E3;&#x8AAA;&#x9078;&#x64C7;&#x6392;&#x5E8F;selection sort&#x4E26;&#x975E;&#x7A69;&#x5B9A;stable&#x7684;&#x6392;&#x5E8F;&#x65B9;&#x6CD5;&#x3002;  </subject>
  <content>&lt;p&gt;Good!&lt;/p&gt;&#xD;
&#xD;
&lt;p&gt;Further reading: &lt;a href="https://en.wikipedia.org/wiki/Timsort" target="_blank"&gt;Timsort&lt;/a&gt;&lt;/p&gt;</content>
  <attach></attach>
  <rcount></rcount>
  <rank></rank>
  <hit>3</hit>
  <lang>1</lang>
</data>
