<?xml version="1.0"?>
<data version="3.0" time="2024-07-20 09:54:39" type="post" filename="b000000012000000001.xml">
  <open_time>0000-00-00</open_time>
  <close_time>0000-00-00</close_time>
  <lang_name>Big5</lang_name>
  <board_id>1001278676</board_id>
  <node>000000012000000001</node>
  <site>1000110001</site>
  <pt>2023-07-09 10:54:29</pt>
  <poster>11813</poster>
  <realname>&#x5433;&#x5B9C;&#x9D3B;  </realname>
  <email>yhwu@cycu.edu.tw</email>
  <homepage>https://www.researchgate.net/profile/Yi-Hung-Wu-2  </homepage>
  <subject>Re: &#x6436;&#x7B54;101 </subject>
  <content>&lt;p&gt;&lt;span style="color:#ff0000"&gt;&#x547C;&#x53EB;&#x81EA;&#x5DF1;&#x672C;&#x8EAB;&#x4E4B;&#x5916;&#x5462;&#xFF1F;&#x5982;&#x4F55;&#x89E3;&#x6C7A;&#x554F;&#x984C;&#xFF1F;&lt;/span&gt;&lt;/p&gt; </content>
  <attach></attach>
  <rcount></rcount>
  <rank></rank>
  <hit>1</hit>
  <lang>1</lang>
</data>
