<?xml version="1.0"?>
<data version="3.0" time="2024-07-20 09:54:39" type="post" filename="b000000001000000001.xml">
  <open_time>0000-00-00</open_time>
  <close_time>0000-00-00</close_time>
  <lang_name>Big5</lang_name>
  <board_id>1001278676</board_id>
  <node>000000001000000001</node>
  <site>1000110001</site>
  <pt>2023-07-07 17:42:32</pt>
  <poster>10827143</poster>
  <realname>&#x6C5F;&#x6668;&#x9298;  </realname>
  <email>gugugu1127@gmail.com</email>
  <homepage>  </homepage>
  <subject>Re:  &#x9650;&#x6642;&#x6436;&#x7B54; 101  </subject>
  <content>&lt;p&gt;&#x905E;&#x8FF4;&#x4E0D;&#x4E00;&#x5B9A;&#x53EA;&#x662F;&#x7528;&#x4F86;&#x8A08;&#x7B97;&#x7E3D;&#x5408;&#xFF0C;&#x4E5F;&#x53EF;&#x4EE5;&#x7528;&#x4F86;&#x6392;&#x5E8F;&#x7B49;&#x7B49;&lt;/p&gt; </content>
  <attach></attach>
  <rcount></rcount>
  <rank></rank>
  <hit>1</hit>
  <lang>1</lang>
</data>
