<?xml version="1.0"?>
<data version="3.0" time="2024-07-20 09:54:39" type="post" filename="b000000002.xml">
  <open_time>0000-00-00</open_time>
  <close_time>0000-00-00</close_time>
  <lang_name>Big5</lang_name>
  <board_id>1001278676</board_id>
  <node>000000002</node>
  <site>1000110001</site>
  <pt>2023-07-03 19:23:49</pt>
  <poster>06005727</poster>
  <realname>&#x9673;&#x5F65;&#x52F3;  </realname>
  <email>cys890403@gmail.com</email>
  <homepage> </homepage>
  <subject>&#x6436;&#x7B54;103 </subject>
  <content>&lt;p&gt;&#x554F;103&#xFF1A;&#x7C21;&#x4ECB;Acker&#x51FD;&#x6578;&#xFF0C;&#x4E26;&#x5217;&#x51FA;Acker(2,3)&#x7684;&#x6C42;&#x89E3;&#x904E;&#x7A0B;&#x3002;&lt;/p&gt;&#xD;
&#xD;
&lt;p&gt;&#x7B54;103&#xFF1A;&#x963F;&#x514B;&#x66FC;&#x51FD;&#x6578;&#x662F;&#x4E00;&#x7A2E;&#x8F38;&#x51FA;&#x503C;&#x589E;&#x9577;&#x5F88;&#x5FEB;&#x7684;&#x905E;&#x8FF4;&#x51FD;&#x5F0F;&#xFF0C;&#x5B9A;&#x7FA9;&#x5982;&#x4E0B;&#xFF1A;&lt;/p&gt;&#xD;
&#xD;
&lt;p&gt;A(m,n)=&lt;/p&gt;&#xD;
&#xD;
&lt;p&gt;(1)n+1 (if m=0)&lt;/p&gt;&#xD;
&#xD;
&lt;p&gt;(2)A(m-1,1) (if m&amp;gt;0 and n=0)&lt;/p&gt;&#xD;
&#xD;
&lt;p&gt;(3)A(m-1,A(m,n-1)) (if m&amp;gt;0 and n&amp;gt;0)&lt;/p&gt;&#xD;
&#xD;
&lt;p&gt;A(2,3)=A(1,A(2,2))=A(1,A(1,A(2,1)))=A(1,A(1,A(1,A(2,0))))=A(1,A(1,A(1,A(1,1))))=A(1,A(1,A(1,A(0,A(1,0)))))=A(1,A(1,A(1,A(0,A(0,1)))))= A(1,A(1,A(1,A(0,2))))=A(1,A(1,A(1,3)))=A(1,A(1,A(0,A(1,2))))= A(1,A(1,A(0,A(0,A(1,1)))))=A(1,A(1,A(0,A(0,A(0,A(1,0))))))= A(1,A(1,A(0,A(0,A(0,A(0,1))))))=A(1,A(1,A(0,A(0,A(0,2)))))= A(1,A(1,A(0,A(0,3))))=A(1,A(1,A(0,4)))=A(1,A(1,5))=A(1,A(0,A(1,4)))= A(1,A(0,A(0,A(1,3))))=A(1,A(0,A(0,A(0,A(1,2)))))=A(1,A(0,A(0,A(0,A(0,A(1,1))))))=A(1,A(0,A(0,A(0,A(0,A(0,A(1,0)))))))=A(1,A(0,A(0,A(0,A(0,A(0,A(0,1)))))))= A(1,A(0,A(0,A(0,A(0,A(0,2))))))=A(1,A(0,A(0,A(0,A(0,3)))))= A(1,A(0,A(0,A(0,4))))=A(1,A(0,A(0,5)))=A(1,A(0,6))=A(1,7)=A(0,A(1,6))= A(0,A(0,A(1,5)))=A(0,A(0,A(0,A(1,4))))=A(0,A(0,A(0,A(0,A(1,3)))))= A(0,A(0,A(0,A(0,A(0,A(1,2))))))=A(0,A(0,A(0,A(0,A(0,A(0,A(1,1)))))))= A(0,A(0,A(0,A(0,A(0,A(0,A(0,A(1,0))))))))= A(0,A(0,A(0,A(0,A(0,A(0,A(0,A(0,1))))))))= A(0,A(0,A(0,A(0,A(0,A(0,A(0,2)))))))=A(0,A(0,A(0,A(0,A(0,A(0,3))))))= A(0,A(0,A(0,A(0,A(0,4)))))=A(0,A(0,A(0,A(0,5))))=A(0,A(0,A(0,6)))= A(0,A(0,7))=A(0,8)=9&lt;/p&gt;</content>
  <attach></attach>
  <rcount></rcount>
  <rank></rank>
  <hit>52</hit>
  <lang>1</lang>
</data>
