<?xml version="1.0"?>
<data version="3.0" time="2024-07-20 09:54:39" type="post" filename="b000000008.xml">
  <open_time>0000-00-00</open_time>
  <close_time>0000-00-00</close_time>
  <lang_name>Big5</lang_name>
  <board_id>1001278676</board_id>
  <node>000000008</node>
  <site>1000110001</site>
  <pt>2023-07-05 18:33:43</pt>
  <poster>10924326</poster>
  <realname>&#x5433;&#x82F1;&#x777F;  </realname>
  <email>incaray901228@gmail.com</email>
  <homepage>  </homepage>
  <subject>&#x6436;&#x7B54;101 </subject>
  <content>&lt;p&gt;&#x905E;&#x8FF4;&#x5C31;&#x662F;&#x5C07;&#x4E00;&#x500B;&#x5F88;&#x5927;&#x7684;&#x554F;&#x984C;&#x85C9;&#x7531;&#x4E0D;&#x65B7;&#x547C;&#x53EB;&#x51FD;&#x5F0F;&#x7C21;&#x5316;&#x6210;&#x8A31;&#x591A;&#x5C0F;&#x554F;&#x984C;&#xFF0C;&#x5FC5;&#x9808;&#x8A2D;&#x7F6E;&#x5169;&#x500B;&#x689D;&#x4EF6;&#xFF0C;&#x4E00;&#x500B;&#x662F;&#x91CD;&#x8907;&#x547C;&#x53EB;&#x4E00;&#x500B;&#x662F;&#x8DF3;&#x51FA;&#x57F7;&#x884C;&lt;/p&gt; </content>
  <attach></attach>
  <rcount></rcount>
  <rank></rank>
  <hit>18</hit>
  <lang>1</lang>
</data>
