<?xml version="1.0"?>
<data version="3.0" time="2024-07-20 09:54:39" type="post" filename="b000000018.xml">
  <open_time>0000-00-00</open_time>
  <close_time>0000-00-00</close_time>
  <lang_name>Big5</lang_name>
  <board_id>1001278676</board_id>
  <node>000000018</node>
  <site>1000110001</site>
  <pt>2023-07-07 16:15:39</pt>
  <poster>06005771</poster>
  <realname>&#x838A;&#x660E;&#x9D3B;  </realname>
  <email>mattsonc204@gmail.com</email>
  <homepage>  </homepage>
  <subject>&#x6436;&#x7B54;101 </subject>
  <content>&lt;p&gt;&#x80FD;&#x5C07;&#x554F;&#x984C;&#x7531;&#x5927;&#x5206;&#x5272;&#x6210;&#x5C0F;&#x4F86;&#x8655;&#x7406;&#xFF0C;&#x4F7F;&#x6548;&#x7387;&#x63D0;&#x5347;&#x4E26;&#x6E1B;&#x5C11;&#x7A0B;&#x5F0F;&#x78BC;&#x3002;&lt;/p&gt; </content>
  <attach></attach>
  <rcount></rcount>
  <rank></rank>
  <hit>14</hit>
  <lang>1</lang>
</data>
