<?xml version="1.0"?>
<data version="3.0" time="2024-07-20 09:54:39" type="post" filename="b000000023000000001.xml">
  <open_time>0000-00-00</open_time>
  <close_time>0000-00-00</close_time>
  <lang_name>Big5</lang_name>
  <board_id>1001278676</board_id>
  <node>000000023000000001</node>
  <site>1000110001</site>
  <pt>2023-07-09 11:04:48</pt>
  <poster>11813</poster>
  <realname>&#x5433;&#x5B9C;&#x9D3B;  </realname>
  <email>yhwu@cycu.edu.tw</email>
  <homepage>https://www.researchgate.net/profile/Yi-Hung-Wu-2  </homepage>
  <subject>Re: &#x6436;&#x7B54;101  </subject>
  <content>&lt;p&gt;&lt;span style="color:#b22222"&gt;&#x91CD;&#x8907;&#x547C;&#x53EB;&#x81EA;&#x8EAB;&#x4E4B;&#x5916;&#xFF0C;&#x5982;&#x4F55;&#x5F97;&#x5230;&#x7B54;&#x6848;&#xFF1F;&lt;/span&gt;&lt;/p&gt; </content>
  <attach></attach>
  <rcount></rcount>
  <rank></rank>
  <hit>2</hit>
  <lang>1</lang>
</data>
