<?xml version="1.0"?>
<data version="3.0" time="2024-07-20 09:54:39" type="post" filename="b000000012.xml">
  <open_time>0000-00-00</open_time>
  <close_time>0000-00-00</close_time>
  <lang_name>Big5</lang_name>
  <board_id>1001278676</board_id>
  <node>000000012</node>
  <site>1000110001</site>
  <pt>2023-07-06 01:38:17</pt>
  <poster>06005636</poster>
  <realname>&#x6731;&#x7D18;&#x6B63;  </realname>
  <email>henry3446@gmail.com</email>
  <homepage> </homepage>
  <subject>&#x6436;&#x7B54;101</subject>
  <content>&lt;p&gt;101. &#x4EE5;&#x81EA;&#x5DF1;&#x7684;&#x8A71;&#x63CF;&#x8FF0;&#x905E;&#x8FF4;recursion&#x662F;&#x4EC0;&#x9EBC;&#x3002;*&lt;/p&gt;&#xD;
&#xD;
&lt;p&gt;&#x5C07;&#x4E00;&#x500B;&#x51FD;&#x5F0F;&#x4E2D;&#x81EA;&#x5DF1;&#x547C;&#x53EB;&#x81EA;&#x5DF1;&#x672C;&#x8EAB;&#x7684;&#x904E;&#x7A0B;&#x3002;&#x7C21;&#x55AE;&#x4F86;&#x8AAA;&#xFF0C;&#x905E;&#x8FF4;&#x5C31;&#x662F;&#x51FD;&#x5F0F;&#x5728;&#x57F7;&#x884C;&#x904E;&#x7A0B;&#x4E2D;&#x91CD;&#x8907;&#x8ABF;&#x7528;&#x81EA;&#x8EAB;&#x7684;&#x884C;&#x70BA;&lt;/p&gt;</content>
  <attach></attach>
  <rcount></rcount>
  <rank></rank>
  <hit>14</hit>
  <lang>1</lang>
</data>
