<?xml version="1.0"?>
<data version="3.0" time="2024-07-20 09:54:39" type="post" filename="b000000019000000002.xml">
  <open_time>0000-00-00</open_time>
  <close_time>0000-00-00</close_time>
  <lang_name>Big5</lang_name>
  <board_id>1001278676</board_id>
  <node>000000019000000002</node>
  <site>1000110001</site>
  <pt>2023-07-09 11:01:26</pt>
  <poster>11813</poster>
  <realname>&#x5433;&#x5B9C;&#x9D3B;  </realname>
  <email>yhwu@cycu.edu.tw</email>
  <homepage>https://www.researchgate.net/profile/Yi-Hung-Wu-2  </homepage>
  <subject>Re: &#x6436;&#x7B54;101  </subject>
  <content>&lt;p&gt;&lt;span style="color:#ff0000"&gt;&#x5206;&#x89E3;&#x6210;&#x8A31;&#x591A;&#x5C0F;&#x7684;&#x554F;&#x984C;&#x70BA;&#x4F55;&#x5C31;&#x53EF;&#x4EE5;&#x89E3;&#x6C7A;&#xFF1F;&lt;/span&gt;&lt;/p&gt; </content>
  <attach></attach>
  <rcount></rcount>
  <rank></rank>
  <hit>1</hit>
  <lang>1</lang>
</data>
