<?xml version="1.0"?>
<data version="3.0" time="2024-07-20 09:54:39" type="post" filename="b000000004000000002.xml">
  <open_time>0000-00-00</open_time>
  <close_time>0000-00-00</close_time>
  <lang_name>Big5</lang_name>
  <board_id>1001278676</board_id>
  <node>000000004000000002</node>
  <site>1000110001</site>
  <pt>2023-07-07 14:10:23</pt>
  <poster>11813</poster>
  <realname>&#x5433;&#x5B9C;&#x9D3B;  </realname>
  <email>yhwu@cycu.edu.tw</email>
  <homepage>https://www.researchgate.net/profile/Yi-Hung-Wu-2  </homepage>
  <subject>Re: &#x6436;&#x7B54;102  </subject>
  <content>&lt;p&gt;&lt;span style="color:#ff0000"&gt;&lt;s&gt;&#x70BA;&lt;/s&gt;&lt;/span&gt;&#x6392;&#x5E8F;&#xFF0C;&#x8CBC;&#x6587;&#x907F;&#x514D;&#x932F;&#x5B57;&#xFF01;&lt;/p&gt;&#xD;
&#xD;
&lt;p&gt;&lt;span style="color:#b22222"&gt;&#x5982;&#x679C;&#x4E0D;&#x6392;&#x5E8F;&#x8981;&#x5982;&#x4F55;&#x505A;&#xFF1F;&lt;/span&gt;&lt;/p&gt; </content>
  <attach></attach>
  <rcount></rcount>
  <rank></rank>
  <hit>1</hit>
  <lang>1</lang>
</data>
