<?xml version="1.0"?>
<data version="3.0" time="2024-07-20 09:54:39" type="post" filename="b000000023.xml">
  <open_time>0000-00-00</open_time>
  <close_time>0000-00-00</close_time>
  <lang_name>Big5</lang_name>
  <board_id>1001278676</board_id>
  <node>000000023</node>
  <site>1000110001</site>
  <pt>2023-07-07 23:10:00</pt>
  <poster>06005984</poster>
  <realname>&#x8A31;&#x7956;&#x777F;  </realname>
  <email>ray900510@gmail.com</email>
  <homepage>  </homepage>
  <subject>&#x6436;&#x7B54;101 </subject>
  <content>&lt;p&gt;101. &#x4EE5;&#x81EA;&#x5DF1;&#x7684;&#x8A71;&#x63CF;&#x8FF0;&#x905E;&#x8FF4;recursion&#x662F;&#x4EC0;&#x9EBC;&#x3002;&lt;/p&gt;&#xD;
&#xD;
&lt;p&gt;&#x5728;&#x4E00;&#x500B;&#x51FD;&#x5F0F;&#x7576;&#x4E2D;&#x518D;&#x53BB;&#x547C;&#x53EB;&#x5B83;&#x81EA;&#x5DF1;,&#x91CD;&#x8907;&#x547C;&#x53EB;&#x81EA;&#x8EAB;&#x7A0B;&#x5F0F;&#x78BC;&#x4F86;&#x5F97;&#x5230;&#x7B54;&#x6848;&lt;/p&gt; </content>
  <attach></attach>
  <rcount></rcount>
  <rank></rank>
  <hit>9</hit>
  <lang>1</lang>
</data>
