<?xml version="1.0"?>
<data version="3.0" time="2024-07-20 09:54:39" type="post" filename="b000000027.xml">
  <open_time>0000-00-00</open_time>
  <close_time>0000-00-00</close_time>
  <lang_name>Big5</lang_name>
  <board_id>1001278676</board_id>
  <node>000000027</node>
  <site>1000110001</site>
  <pt>2023-07-07 23:29:23</pt>
  <poster>06004870</poster>
  <realname>&#x66FE;&#x6D5A;&#x6977;  </realname>
  <email>kenneth61215@gmail.com</email>
  <homepage>  </homepage>
  <subject>&#x6436;&#x7B54;104 </subject>
  <content>&lt;p&gt;104. &#x4EC0;&#x9EBC;&#x60C5;&#x6CC1;&#x4E0B;&#x9069;&#x5408;&#x4F7F;&#x7528;&#x905E;&#x8FF4;&#xFF1F;&#x70BA;&#x4EC0;&#x9EBC;&#xFF1F;&lt;/p&gt;&#xD;
&#xD;
&lt;p&gt;&#x7B54;:&#x7A0B;&#x5F0F;&#x9700;&#x91CD;&#x8907;&#x57F7;&#x884C;&#x76F8;&#x540C;&#x52D5;&#x4F5C;&#xFF0C;&#x6216;&#x662F;&#x5FC5;&#x9808;&#x6839;&#x64DA;&#x8F38;&#x5165;&#x4F86;&#x6C7A;&#x5B9A;&#x91CD;&#x8907;&#x57F7;&#x884C;&#x6B21;&#x6578;&#x6642;&#xFF0C;&#x90FD;&#x975E;&#x5E38;&#x9069;&#x5408;&#x4F7F;&#x7528;&#x905E;&#x8FF4;&#x4F86;&#x8655;&#x7406;&#xFF0C;&#x56E0;&#x70BA;&#x905E;&#x8FF4;&#x53EF;&#x4EE5;&#x6709;&#x6548;&#x5229;&#x7528;&#x6DF1;&#x5EA6;&#x4F86;&#x6E1B;&#x5C11;&#x7A0B;&#x5F0F;&#x9577;&#x5EA6;&#xFF0C;&#x4E14;&#x5C0D;&#x65BC;&#x8F38;&#x5165;&#x8CC7;&#x6599;&#x7684;&#x9069;&#x61C9;&#x6027;&#xFF0C;&#x6703;&#x6BD4;&#x4E0D;&#x4F7F;&#x7528;&#x905E;&#x8FF4;&#x4F86;&#x7684;&#x9AD8;&#xFF0C;&#x6574;&#x9AD4;&#x800C;&#x8A00;&#x5927;&#x90E8;&#x5206;&#x60C5;&#x6CC1;&#x4F7F;&#x7528;&#x905E;&#x8FF4;&#x90FD;&#x80FD;&#x6709;&#x6548;&#x7C21;&#x5316;&#x7A0B;&#x5F0F;&#xFF0C;&#x589E;&#x52A0;&#x6613;&#x8B80;&#x6027;&lt;/p&gt; </content>
  <attach></attach>
  <rcount></rcount>
  <rank></rank>
  <hit>10</hit>
  <lang>1</lang>
</data>
