<?xml version="1.0"?>
<data version="3.0" time="2024-07-20 09:54:39" type="post" filename="b000000028.xml">
  <open_time>0000-00-00</open_time>
  <close_time>0000-00-00</close_time>
  <lang_name>Big5</lang_name>
  <board_id>1001278676</board_id>
  <node>000000028</node>
  <site>1000110001</site>
  <pt>2023-07-07 23:45:11</pt>
  <poster>06005952</poster>
  <realname>&#x59DA;&#x627F;&#x5FD7;  </realname>
  <email>ge062851@gmail.com</email>
  <homepage> </homepage>
  <subject>&#x9650;&#x6642;&#x6436;&#x7B54; 101&#x3001;103-105 </subject>
  <content>&lt;p&gt;&lt;span style="font-size:14px"&gt;&lt;strong&gt;101. &#x4EE5;&#x81EA;&#x5DF1;&#x7684;&#x8A71;&#x63CF;&#x8FF0;&#x905E;&#x8FF4;recursion&#x662F;&#x4EC0;&#x9EBC;&#x3002;*&lt;/strong&gt;&lt;/span&gt;&lt;/p&gt;&#xD;
&#xD;
&lt;p&gt;&lt;span style="font-size:14px"&gt;&#x905E;&#x8FF4;&#x662F;&#x900F;&#x904E;&#x5C07;&#x4E00;&#x500B;&#x554F;&#x984C;&#x5206;&#x89E3;&#x6210;&#x66F4;&#x5C0F;&#x7684;&#x3001;&#x76F8;&#x540C;&#x7D50;&#x69CB;&#x7684;&#x5B50;&#x554F;&#x984C;&#xFF0C;&lt;br /&gt;&#xD;
&#x7136;&#x5F8C;&#x518D;&#x904B;&#x7528;&#x76F8;&#x540C;&#x7684;&#x904E;&#x7A0B;&#x4F86;&#x89E3;&#x6C7A;&#x9019;&#x4E9B;&#x5B50;&#x554F;&#x984C;&#x3002;&lt;br /&gt;&#xD;
&#x5C07;&#x6BCF;&#x500B;&#x5B50;&#x554F;&#x984C;&#x7684;&#x89E3;&#x7B54;&#x56DE;&#x50B3;&#x7D66;&#x4E0A;&#x5C64;&#xFF0C;&#x5C31;&#x53EF;&#x4EE5;&#x8CA2;&#x737B;&#x7D66;&#x539F;&#x59CB;&#x554F;&#x984C;&#x4F86;&#x89E3;&#x7B54;&#xFF0C;&#x6700;&#x7D42;&#x5F97;&#x5230;&#x539F;&#x59CB;&#x554F;&#x984C;&#x7684;&#x89E3;&#x6C7A;&#x7D50;&#x679C;&#x3002;&lt;br /&gt;&#xD;
&#x5728;&#x7DB2;&#x8DEF;&#x4E0A;&#x770B;&#x5230;&#x4E00;&#x6BB5;&#x8207;&#x905E;&#x8FF4;&#x6709;&#x95DC;&#x8A71;&amp;quot;To Iterate is Human, to Recurse, Divine&amp;quot;&lt;br /&gt;&#xD;
&#x905E;&#x8FF4;&#x76F8;&#x8F03;&#x8FF4;&#x5708;&#x7A0B;&#x5F0F;&#x8F03;&#x7CBE;&#x7C21;&#x4E14;&#x4E00;&#x76EE;&#x77AD;&#x7136;&#x3002;&#x7D66;&#x6211;&#x7684;&#x611F;&#x89BA;&#x50CF;&#x662F;&#x7384;&#x5B78;&#xFF0C;&#x96D6;&#x7136;&#x4E0D;&#x50CF;&#x8FF4;&#x5708;&#x76F4;&#x89BA;&#xFF0C;&#x4F46;&#x7576;&#x6211;&#x5011;&#x771F;&#x7684;&#x7406;&#x89E3;&#x4E86;&#x5C31;&#x80FD;&#x5C07;&#x5B83;&#x904B;&#x7528;&#x7684;&#x5F88;&#x81EA;&#x5982;&lt;/span&gt;&lt;/p&gt;&#xD;
&#xD;
&lt;p&gt;&lt;span style="font-size:14px"&gt;&lt;strong&gt;103. &#x7C21;&#x4ECB;Acker&#x51FD;&#x6578;&#xFF0C;&#x4E26;&#x5217;&#x51FA;Acker(2,3)&#x7684;&#x6C42;&#x89E3;&#x904E;&#x7A0B;&#x3002;&lt;/strong&gt;&lt;/span&gt;&lt;/p&gt;&#xD;
&#xD;
&lt;p&gt;&lt;span style="font-size:14px"&gt;&#x6839;&#x64DA;&#x7DAD;&#x57FA;&#x767E;&#x79D1;&#x963F;&#x514B;&#x66FC;&#x51FD;&#x6578;&#x662F;&#x975E;&#x539F;&#x59CB;&#x905E;&#x8FF4;&#x51FD;&#x6578;&#x7684;&#x4F8B;&#x5B50;&#xFF1B;&lt;br /&gt;&#xD;
&#x5B83;&#x9700;&#x8981;&#x5169;&#x500B;&#x81EA;&#x7136;&#x6578;&#x4F5C;&#x70BA;&#x8F38;&#x5165;&#x503C;&#xFF0C;&#x8F38;&#x51FA;&#x4E00;&#x500B;&#x81EA;&#x7136;&#x6578;&#x3002;&lt;br /&gt;&#xD;
&#x5B83;&#x7684;&#x8F38;&#x51FA;&#x503C;&#x589E;&#x9577;&#x901F;&#x5EA6;&#x975E;&#x5E38;&#x5FEB;&#x5373;&#x4F7F;&#x8F38;&#x5165;&#x53C3;&#x6578;&#x5F88;&#x5C0F;&#xFF0C;&lt;br /&gt;&#xD;
&#x51FD;&#x6578;&#x7684;&#x56DE;&#x50B3;&#x503C;&#x4E5F;&#x6703;&#x8FC5;&#x901F;&#x589E;&#x9577;&#x3002;&lt;/span&gt;&lt;/p&gt;&#xD;
&#xD;
&lt;p&gt;&lt;span style="font-size:14px"&gt;&#x4EE5;&#x4E0B;&#x662F;Acker&#x51FD;&#x6578;&#x7684;&#x516C;&#x5F0F;&lt;/span&gt;&lt;/p&gt;&#xD;
&#xD;
&lt;p&gt;&lt;span style="font-size:14px"&gt;&lt;img alt="" src="/user/0/6/06005952/images/AckermannFunction.png" style="height:91px; width:388px" /&gt;&lt;/span&gt;&lt;/p&gt;&#xD;
&#xD;
&lt;p&gt;&lt;span style="font-size:14px"&gt;&#x5716;&#x7247;&#x4F86;&#x6E90;&#x70BA;:http://notepad.yehyeh.net/Content/DS/CH02/7.php&lt;/span&gt;&lt;/p&gt;&#xD;
&#xD;
&lt;p&gt;&lt;span style="font-size:14px"&gt;&amp;nbsp;1 A(2,3)&lt;br /&gt;&#xD;
&amp;nbsp;2 A(1, A(2,2))&lt;br /&gt;&#xD;
&amp;nbsp;3 A(1, A(1, A(2, 1)))&lt;br /&gt;&#xD;
&amp;nbsp;4 A(1, A(1, A(1, A(2, 0))))&lt;br /&gt;&#xD;
&amp;nbsp;5 A(1, A(1, A(1, A(1, 1))))&lt;br /&gt;&#xD;
&amp;nbsp;6 A(1, A(1, A(1, A(0, A(1, 0)))))&lt;br /&gt;&#xD;
&amp;nbsp;7 A(1, A(1, A(1, A(0, A(0, 1)))))&lt;br /&gt;&#xD;
&amp;nbsp;8 A(1, A(1, A(1, A(0, 2))))&lt;br /&gt;&#xD;
&amp;nbsp;9 A(1, A(1, A(1, 3)))&lt;br /&gt;&#xD;
10 A(1, A(1, A(0, A(1,2))))&lt;br /&gt;&#xD;
11 A(1, A(1, A(0, A(0, A(1, 1)))))&lt;br /&gt;&#xD;
12 A(1, A(1, A(0, A(0, A(0, A(1, 0)))))&lt;br /&gt;&#xD;
13 A(1, A(1, A(0, A(0, A(0, A(0, 1)))))&lt;br /&gt;&#xD;
14 A(1, A(1, A(0, A(0, A(0, 2)))))&lt;br /&gt;&#xD;
15 A(1, A(1, A(0, A(0, 3)))))&lt;br /&gt;&#xD;
16 A(1, A(1, A(0, 4)))))&lt;br /&gt;&#xD;
17 A(1,A(1,5))&lt;br /&gt;&#xD;
18 A(1, A(0, A(1, 4))))&lt;br /&gt;&#xD;
19 A(1, A(0, A(0, A(1, 3))))&lt;br /&gt;&#xD;
.....&lt;br /&gt;&#xD;
21 A(0, A(0,7))&lt;br /&gt;&#xD;
22 A(0, 8)&lt;br /&gt;&#xD;
23 9&amp;nbsp;&lt;/span&gt;&lt;/p&gt;&#xD;
&#xD;
&lt;p&gt;&lt;br /&gt;&#xD;
&lt;span style="font-size:14px"&gt;&lt;strong&gt;104. &#x4EC0;&#x9EBC;&#x60C5;&#x6CC1;&#x4E0B;&#x9069;&#x5408;&#x4F7F;&#x7528;&#x905E;&#x8FF4;&#xFF1F;&#x70BA;&#x4EC0;&#x9EBC;&#xFF1F;*&lt;/strong&gt;&lt;/span&gt;&lt;/p&gt;&#xD;
&#xD;
&lt;p&gt;&lt;span style="font-size:14px"&gt;&#x7576;&#x6211;&#x5011;&#x5728;&#x89E3;&#x6C7A;&#x554F;&#x984C;&#x6642;&#x9047;&#x5230;&#x7121;&#x6CD5;&#x8F15;&#x9B06;&#x4F7F;&#x7528;&#x8FF4;&#x5708;&#x8655;&#x7406;&#x6642;&#xFF0C;&lt;br /&gt;&#xD;
&#x6700;&#x7406;&#x60F3;&#x7684;&#x89E3;&#x6C7A;&#x65B9;&#x6CD5;&#x5C31;&#x662F;&#x4F7F;&#x7528;&#x905E;&#x8FF4;&#x6216;&#x662F;&#x7576;&#x554F;&#x984C;&#x5177;&#x6709;&#x905E;&#x8FF4;&#x6027;&#x8CEA;&#xFF0C;&lt;br /&gt;&#xD;
&#x53EF;&#x4EE5;&#x900F;&#x904E;&#x5206;&#x89E3;&#x6210;&#x76F8;&#x540C;&#x6216;&#x76F8;&#x4F3C;&#x7D50;&#x69CB;&#x7684;&#x5B50;&#x554F;&#x984C;&#x4F86;&#x7372;&#x5F97;&#x7D50;&#x679C;&lt;br /&gt;&#xD;
&#x4F8B;&#x5982;&#x8CBB;&#x6C0F;&#x6578;&#x5217;:1,1,2,3,5,8,13...&lt;/span&gt;&lt;/p&gt;&#xD;
&#xD;
&lt;p&gt;&lt;span style="font-size:14px"&gt;a&lt;sub&gt;1&lt;/sub&gt;= a&lt;sub&gt;2&lt;/sub&gt;=1&lt;/span&gt;&lt;/p&gt;&#xD;
&#xD;
&lt;p&gt;&lt;span style="font-size:14px"&gt;a&lt;sub&gt;n=&lt;/sub&gt;a&lt;sub&gt;n-1&lt;/sub&gt;+a&lt;sub&gt;n-2&lt;/sub&gt;(n&amp;gt;=3)&lt;br /&gt;&#xD;
&#x53EF;&#x4EE5;&#x4F7F;&#x7528;&#x524D;&#x5F8C;&#x9805;&#x4E4B;&#x9593;&#x7684;&#x95DC;&#x4FC2;&#x4E92;&#x76F8;&#x63CF;&#x8FF0;&#xFF0C;&#x9019;&#x4E9B;&#x90FD;&#x9069;&#x5408;&#x4F7F;&#x7528;&#x905E;&#x8FF4;&lt;/span&gt;&lt;/p&gt;&#xD;
&#xD;
&lt;p&gt;&lt;br /&gt;&#xD;
&lt;span style="font-size:14px"&gt;&lt;strong&gt;105. &#x8A66;&#x63CF;&#x8FF0;&#x6574;&#x6578;&#x6EA2;&#x4F4D;integer overflow&#x7684;&#x907F;&#x514D;&#x65B9;&#x6CD5;&#xFF0C;&#x4E26;&#x5BEB;&#x51FA;C++&#x7A0B;&#x5F0F;&#x78BC;&#x3002;&lt;/strong&gt;&lt;/span&gt;&lt;/p&gt;&#xD;
&#xD;
&lt;p&gt;&lt;span style="font-size:14px"&gt;&#x6574;&#x6578;&#x6EA2;&#x4F4D;&#x662F;&#x6307;&#x4E00;&#x500B;&#x6574;&#x6578;&#x8B8A;&#x91CF;&#x7684;&#x503C;&#x8D85;&#x51FA;&#x4E86;&#x5B83;&#x6240;&#x80FD;&#x8868;&#x793A;&#x7684;&#x7BC4;&#x570D;&#xFF0C;&lt;br /&gt;&#xD;
&#x5C0E;&#x81F4;&#x7D50;&#x679C;&#x7121;&#x6CD5;&#x6B63;&#x78BA;&#x5730;&#x8868;&#x793A;&#x6216;&#x88AB;&#x622A;&#x65B7;&#xFF0C;&#x800C;&#x907F;&#x514D;&#x6EA2;&#x4F4D;&#x7684;&#x65B9;&#x6CD5;&#xFF0C;&#x662F;&#x9810;&#x671F;&#x8B8A;&#x6578;&#x503C;&#x6703;&#x5F88;&#x5927;&#x7684;&#x6642;&#x5019;&#xFF0C;&lt;br /&gt;&#xD;
&#x53EF;&#x4EE5;&#x63A1;&#x7528; long long &#x4EE3;&#x66FF; int &#x6216;&#x4F7F;&#x7528; Double &#x7684;&#x8B8A;&#x6578;&#x578B;&#x5225;&#xFF0C;&#x4F86;&#x907F;&#x514D;&#x9019;&#x4E9B;&#x60C5;&#x6CC1;&#x3002;&lt;br /&gt;&#xD;
&#x8001;&#x5E2B;&#x52A9;&#x6559;&#x4E0D;&#x597D;&#x610F;&#x601D;&#xFF0C;&#x7A0B;&#x5F0F;&#x7684;&#x90E8;&#x5206;&#x6709;&#x5728;&#x7DB2;&#x8DEF;&#x4E0A;&#x627E;&#x5230;&#x7BC4;&#x4F8B;&#x4F46;&#x81EA;&#x5DF1;&#x5BEB;&#x4E0D;&#x51FA;&#x4F86;&#xFF0C;&#x6240;&#x4EE5;&#x5C31;&#x6C92;PO&#x7A0B;&#x5F0F;&#x78BC;&#x4E86;&lt;/span&gt;&lt;/p&gt;</content>
  <attach></attach>
  <rcount></rcount>
  <rank></rank>
  <hit>19</hit>
  <lang>1</lang>
</data>
