<?xml version="1.0"?>
<data version="3.0" time="2024-07-20 09:54:39" type="post" filename="b000000010000000001.xml">
  <open_time>0000-00-00</open_time>
  <close_time>0000-00-00</close_time>
  <lang_name>Big5</lang_name>
  <board_id>1001278676</board_id>
  <node>000000010000000001</node>
  <site>1000110001</site>
  <pt>2023-07-07 22:35:30</pt>
  <poster>10827143</poster>
  <realname>&#x6C5F;&#x6668;&#x9298;  </realname>
  <email>gugugu1127@gmail.com</email>
  <homepage>  </homepage>
  <subject>Re: &#x6436;&#x7B54;101  </subject>
  <content>&lt;p&gt;&#x9700;&#x89E3;&#x91CB;&#x4F55;&#x70BA;&#x905E;&#x8FF4;&#x547C;&#x53EB;&lt;/p&gt; </content>
  <attach></attach>
  <rcount></rcount>
  <rank></rank>
  <hit>1</hit>
  <lang>1</lang>
</data>
