<?xml version="1.0"?>
<data version="3.0" time="2024-07-20 09:54:39" type="post" filename="b000000020.xml">
  <open_time>0000-00-00</open_time>
  <close_time>0000-00-00</close_time>
  <lang_name>Big5</lang_name>
  <board_id>1001278676</board_id>
  <node>000000020</node>
  <site>1000110001</site>
  <pt>2023-07-07 17:25:48</pt>
  <poster>06005914</poster>
  <realname>&#x9673;&#x5F65;&#x4E2D;  </realname>
  <email>jackson89911@gmail.com</email>
  <homepage>  </homepage>
  <subject>&#x6436;&#x7B54;104 </subject>
  <content>&lt;p&gt;104. &#x4EC0;&#x9EBC;&#x60C5;&#x6CC1;&#x4E0B;&#x9069;&#x5408;&#x4F7F;&#x7528;&#x905E;&#x8FF4;&#xFF1F;&#x70BA;&#x4EC0;&#x9EBC;&#xFF1F;*&lt;/p&gt;&#xD;
&#xD;
&lt;p&gt;A:&#x4E00;&#x500B;&#x554F;&#x984C;&#x5982;&#x679C;&#x53EF;&#x4EE5;&#x62C6;&#x6210;&#x898F;&#x6A21;&#x8F03;&#x5C0F;&#xFF0C;&#x4E26;&#x4E14;&#x6027;&#x8CEA;&#x8207;&#x539F;&#x672C;&#x7684;&#x554F;&#x984C;&#x4E00;&#x6A21;&#x4E00;&#x6A23;&#x6642;&#xFF0C;&#x5C31;&#x9069;&#x5408;&#x7528;&#x905E;&#x8FF4;&#x65B9;&#x5F0F;&#x8655;&#x7406;&#x3002;&#x4F8B;&#x5982;:&#x9023;&#x7E8C;&#x52A0;&#x6CD5;&#x3001;&#x9023;&#x7E8C;&#x4E58;&#x6CD5;&#x6216;&#x968E;&#x4E58;&#x7684;&#x984C;&#x76EE;&#xFF0C;&#x5C31;&#x8DDF;&#x905E;&#x8FF4;&#x4E2D;&#x7684;&#x91CD;&#x8907;&#x6027;&#x6982;&#x5FF5;&#x76F8;&#x540C;&#xFF0C;&#x56E0;&#x6B64;&#x9069;&#x5408;&#x7528;&#x905E;&#x8FF4;&#x4F86;&#x89E3;&#x3002;&lt;/p&gt; </content>
  <attach></attach>
  <rcount></rcount>
  <rank></rank>
  <hit>11</hit>
  <lang>1</lang>
</data>
