<?xml version="1.0"?>
<data version="3.0" time="2024-07-20 09:54:39" type="post" filename="b000000030.xml">
  <open_time>0000-00-00</open_time>
  <close_time>0000-00-00</close_time>
  <lang_name>Big5</lang_name>
  <board_id>1001278676</board_id>
  <node>000000030</node>
  <site>1000110001</site>
  <pt>2023-07-09 11:26:37</pt>
  <poster>11813</poster>
  <realname>&#x5433;&#x5B9C;&#x9D3B;  </realname>
  <email>yhwu@cycu.edu.tw</email>
  <homepage>https://www.researchgate.net/profile/Yi-Hung-Wu-2  </homepage>
  <subject>&#x5DF2;&#x767B;&#x8A18;&#x8A55;&#x5206; </subject>
  <content>&lt;p&gt;&#x5171;&#x8A08;16&#x4F4D;&#x540C;&#x5B78;&#x5F97;&#x5206;&#x3002;&lt;/p&gt;&#xD;
&#xD;
&lt;p&gt;&lt;span style="color:#b22222"&gt;&#x63D0;&#x9192;&#xFF1A;&#x6BCF;&#x5247;&#x8CBC;&#x6587;&#x53EA;&#x9650;&#x56DE;&#x7B54;&#x4E00;&#x984C;&#xFF0C;&#x6A19;&#x984C;&#x9808;&#x5BEB;&lt;strong&gt;&#x984C;&#x865F;&lt;/strong&gt;&#xFF0C;&#x53EF;&#x9644;&#x4E0A;&lt;strong&gt;&#x984C;&#x76EE;&#x7684;&#x6558;&#x8FF0;&lt;/strong&gt;&#x3002;&#x6BCF;&#x4E00;&#x984C;&#x6BCF;&#x4EBA;&#x53EA;&#x9650;&#x8CBC;&#x6587;&#x4E00;&#x7BC7;&#xFF0C;&#x4E0D;&#x540C;&#x4EBA;&#x53EF;&#x5617;&#x8A66;&#x56DE;&#x7B54;&#x540C;&#x4E00;&#x984C;&#xFF0C;&#x8001;&#x5E2B;&lt;strong&gt;&#x64C7;&#x512A;&#x8A08;&#x5206;&lt;/strong&gt;&#xFF0C;&#x5167;&#x5BB9;&#x904E;&#x65BC;&#x91CD;&#x8907;&#x6216;&#x9055;&#x53CD;&#x898F;&#x5B9A;&#x90FD;&#x4E0D;&#x8A08;&#x5206;&#x3002;&lt;/span&gt;&lt;/p&gt; </content>
  <attach></attach>
  <rcount></rcount>
  <rank></rank>
  <hit>39</hit>
  <lang>1</lang>
</data>
