<?xml version="1.0"?>
<data version="3.0" time="2024-07-20 09:54:39" type="post" filename="b000000017.xml">
  <open_time>0000-00-00</open_time>
  <close_time>0000-00-00</close_time>
  <lang_name>Big5</lang_name>
  <board_id>1001278676</board_id>
  <node>000000017</node>
  <site>1000110001</site>
  <pt>2023-07-07 09:29:39</pt>
  <poster>10927230</poster>
  <realname>&#x5289;&#x53C8;&#x8AA0;  </realname>
  <email>peter082323@gmail.com</email>
  <homepage>  </homepage>
  <subject>&#x6436;&#x7B54;101 </subject>
  <content>&lt;p&gt;101.&#x4EE5;&#x81EA;&#x5DF1;&#x7684;&#x8A71;&#x63CF;&#x8FF0;&#x905E;&#x8FF4;recursion&#x662F;&#x4EC0;&#x9EBC;&lt;/p&gt;&#xD;
&#xD;
&lt;p&gt;&#x5728;function&#x5167;&#x4E92;&#x53EB;&#x81EA;&#x5DF1;&#xFF0C;&#x4E26;&#x8A2D;&#x7F6E;&#x505C;&#x6B62;&#x689D;&#x4EF6;&#x4F86;&#x907F;&#x514D;&#x7121;&#x7AAE;&#x8FF4;&#x5708;&lt;/p&gt; </content>
  <attach></attach>
  <rcount></rcount>
  <rank></rank>
  <hit>15</hit>
  <lang>1</lang>
</data>
