<?xml version="1.0"?>
<data version="3.0" time="2024-07-20 09:54:39" type="post" filename="b000000018000000002.xml">
  <open_time>0000-00-00</open_time>
  <close_time>0000-00-00</close_time>
  <lang_name>Big5</lang_name>
  <board_id>1001278676</board_id>
  <node>000000018000000002</node>
  <site>1000110001</site>
  <pt>2023-07-09 11:00:29</pt>
  <poster>11813</poster>
  <realname>&#x5433;&#x5B9C;&#x9D3B;  </realname>
  <email>yhwu@cycu.edu.tw</email>
  <homepage>https://www.researchgate.net/profile/Yi-Hung-Wu-2  </homepage>
  <subject>Re: &#x6436;&#x7B54;101  </subject>
  <content>&lt;p&gt;&amp;quot;&#x7531;&#x5927;&#x5206;&#x5272;&#x6210;&#x5C0F;&amp;quot;&#xFF0C;&amp;quot;&#x4F7F;&#x6548;&#x7387;&#x63D0;&#x5347;&amp;quot; &lt;span style="color:#b22222"&gt;&#x90FD;&#x9700;&#x8981;&#x66F4;&#x7CBE;&#x78BA;&#x5730;&#x6558;&#x8FF0;&#x3002;&lt;/span&gt;&lt;/p&gt; </content>
  <attach></attach>
  <rcount></rcount>
  <rank></rank>
  <hit>1</hit>
  <lang>1</lang>
</data>
