<?xml version="1.0"?>
<data version="3.0" time="2024-07-20 09:54:39" type="post" filename="b000000025.xml">
  <open_time>0000-00-00</open_time>
  <close_time>0000-00-00</close_time>
  <lang_name>Big5</lang_name>
  <board_id>1001278676</board_id>
  <node>000000025</node>
  <site>1000110001</site>
  <pt>2023-07-07 23:22:42</pt>
  <poster>06005984</poster>
  <realname>&#x8A31;&#x7956;&#x777F;  </realname>
  <email>ray900510@gmail.com</email>
  <homepage>  </homepage>
  <subject>&#x6436;&#x7B54;104 </subject>
  <content>&lt;p&gt;104. &#x4EC0;&#x9EBC;&#x60C5;&#x6CC1;&#x4E0B;&#x9069;&#x5408;&#x4F7F;&#x7528;&#x905E;&#x8FF4;&#xFF1F;&#x70BA;&#x4EC0;&#x9EBC;&#xFF1F;*&lt;/p&gt;&#xD;
&#xD;
&lt;p&gt;&#x4E00;&#x500B;&#x554F;&#x984C;&#x53EF;&#x4EE5;&#x88AB;&#x62C6;&#x5206;&#x6210;&#x4E00;&#x500B;&#x500B;&#x7684;&#x5C0F;&#x554F;&#x984C;&#xFF0C;&#x4E26;&#x4E14;&#x62C6;&#x5206;&#x4E4B;&#x5F8C;&#x554F;&#x984C;&#x80FD;&#x5920;&#x8B8A;&#x5F97;&#x66F4;&#x52A0;&#x7C21;&#x55AE;&#xFF0C;&#x540C;&#x6642;&#x88AB;&#x4E00;&#x76F4;&#x62C6;&#x5206;&#x7684;&#x554F;&#x984C;&#x4E5F;&#x6709;&#x4E00;&#x500B;&#x660E;&#x78BA;&#x7684;&#x7D42;&#x9EDE;&#xFF0C;&#x9019;&#x7A2E;&#x554F;&#x984C;&#x5C31;&#x5F88;&lt;em&gt;&#x9069;&#x5408;&#x4F7F;&#x7528;&#x905E;&#x8FF4;&lt;/em&gt;&#x4E86;&#x3002;&lt;/p&gt; </content>
  <attach></attach>
  <rcount></rcount>
  <rank></rank>
  <hit>8</hit>
  <lang>1</lang>
</data>
