<?xml version="1.0"?>
<data version="3.0" time="2024-07-20 09:54:39" type="post" filename="b000000008000000001.xml">
  <open_time>0000-00-00</open_time>
  <close_time>0000-00-00</close_time>
  <lang_name>Big5</lang_name>
  <board_id>1001278676</board_id>
  <node>000000008000000001</node>
  <site>1000110001</site>
  <pt>2023-07-07 14:12:06</pt>
  <poster>11813</poster>
  <realname>&#x5433;&#x5B9C;&#x9D3B;  </realname>
  <email>yhwu@cycu.edu.tw</email>
  <homepage>https://www.researchgate.net/profile/Yi-Hung-Wu-2 </homepage>
  <subject>Re: &#x6436;&#x7B54;101  </subject>
  <content>&lt;p&gt;&lt;span style="color:#ff0000"&gt;&amp;quot;&#x8DF3;&#x51FA;&#x57F7;&#x884C;&amp;quot;&#x662F;&#x4E0D;&#x7CBE;&#x78BA;&#x7684;&#x6558;&#x8FF0;&#xFF0C;&#x905E;&#x8FF4;&#x5230;&#x5E95;&#x5C64;&#x53EF;&#x4EE5;&#x7D50;&#x675F;&#x57F7;&#x884C;&#x55CE;&#xFF1F;&lt;/span&gt;&lt;/p&gt;</content>
  <attach></attach>
  <rcount></rcount>
  <rank></rank>
  <hit>2</hit>
  <lang>1</lang>
</data>
