<?xml version="1.0"?>
<data version="3.0" time="2024-07-20 09:54:39" type="post" filename="b000000016000000001.xml">
  <open_time>0000-00-00</open_time>
  <close_time>0000-00-00</close_time>
  <lang_name>Big5</lang_name>
  <board_id>1001278676</board_id>
  <node>000000016000000001</node>
  <site>1000110001</site>
  <pt>2023-07-09 10:58:55</pt>
  <poster>11813</poster>
  <realname>&#x5433;&#x5B9C;&#x9D3B;  </realname>
  <email>yhwu@cycu.edu.tw</email>
  <homepage>https://www.researchgate.net/profile/Yi-Hung-Wu-2  </homepage>
  <subject>Re: &#x6436;&#x7B54;104  </subject>
  <content>&lt;p&gt;&amp;quot;&#x88AB;&#x5206;&#x70BA;&#x66F4;&#x5C0F;&#x7684;&#x554F;&#x984C;&amp;quot; &lt;span style="color:#b22222"&gt;&#x8981;&#x66F4;&#x7CBE;&#x78BA;&#x4E00;&#x9EDE;&#x7684;&#x6558;&#x8FF0;&#x3002;&lt;/span&gt;&lt;/p&gt; </content>
  <attach></attach>
  <rcount></rcount>
  <rank></rank>
  <hit>1</hit>
  <lang>1</lang>
</data>
