<?xml version="1.0"?>
<data version="3.0" time="2024-07-20 09:54:39" type="post" filename="b000000027000000001.xml">
  <open_time>0000-00-00</open_time>
  <close_time>0000-00-00</close_time>
  <lang_name>Big5</lang_name>
  <board_id>1001278676</board_id>
  <node>000000027000000001</node>
  <site>1000110001</site>
  <pt>2023-07-09 11:18:49</pt>
  <poster>11813</poster>
  <realname>&#x5433;&#x5B9C;&#x9D3B;  </realname>
  <email>yhwu@cycu.edu.tw</email>
  <homepage>https://www.researchgate.net/profile/Yi-Hung-Wu-2  </homepage>
  <subject>Re: &#x6436;&#x7B54;104  </subject>
  <content>&lt;p&gt;&amp;quot;&#x5C0D;&#x65BC;&#x8F38;&#x5165;&#x8CC7;&#x6599;&#x7684;&#x9069;&#x61C9;&#x6027;&#xFF0C;&#x6703;&#x6BD4;&#x4E0D;&#x4F7F;&#x7528;&#x905E;&#x8FF4;&#x4F86;&#x7684;&#x9AD8;&amp;quot;&amp;nbsp; &lt;span style="color:#b22222"&gt;&#x8A9E;&#x610F;&#x4E0D;&#x592A;&#x6E05;&#x695A;&#x7684;&#x6558;&#x8FF0;...&lt;/span&gt;&lt;/p&gt; </content>
  <attach></attach>
  <rcount></rcount>
  <rank></rank>
  <hit>1</hit>
  <lang>1</lang>
</data>
