<?xml version="1.0"?>
<data version="3.0" time="2024-07-20 09:54:39" type="post" filename="b000000010.xml">
  <open_time>0000-00-00</open_time>
  <close_time>0000-00-00</close_time>
  <lang_name>Big5</lang_name>
  <board_id>1001278676</board_id>
  <node>000000010</node>
  <site>1000110001</site>
  <pt>2023-07-06 00:59:35</pt>
  <poster>06005840</poster>
  <realname>&#x65BD;&#x4F2F;&#x8AED;  </realname>
  <email>u10806215@ms.ttu.edu.tw</email>
  <homepage>  </homepage>
  <subject>&#x6436;&#x7B54;101 </subject>
  <content>&lt;p&gt;&#x5C07;&#x5927;&#x578B;&#x554F;&#x984C;&#x5206;&#x89E3;&#x6210;&#x5C0F;&#x578B;&#x5B50;&#x554F;&#x984C;&#xFF0C;&#x900F;&#x904E;&#x905E;&#x8FF4;&#x547C;&#x53EB;&#x4F86;&#x89E3;&#x6C7A;&#x5B50;&#x554F;&#x984C;&lt;/p&gt; </content>
  <attach></attach>
  <rcount></rcount>
  <rank></rank>
  <hit>21</hit>
  <lang>1</lang>
</data>
