<?xml version="1.0"?>
<data version="3.0" time="2024-07-20 09:54:39" type="post" filename="b000000028000000001.xml">
  <open_time>0000-00-00</open_time>
  <close_time>0000-00-00</close_time>
  <lang_name>Big5</lang_name>
  <board_id>1001278676</board_id>
  <node>000000028000000001</node>
  <site>1000110001</site>
  <pt>2023-07-09 10:37:40</pt>
  <poster>11813</poster>
  <realname>&#x5433;&#x5B9C;&#x9D3B;  </realname>
  <email>yhwu@cycu.edu.tw</email>
  <homepage>https://www.researchgate.net/profile/Yi-Hung-Wu-2  </homepage>
  <subject>Re: &#x9650;&#x6642;&#x6436;&#x7B54; 101&#x3001;103-105  </subject>
  <content>&lt;p&gt;&lt;span style="color:#b22222"&gt;&#x70BA;&#x4E86;&#x907F;&#x514D;&#x8A08;&#x5206;&#x758F;&#x6F0F;&#x53CA;&#x7559;&#x8A00;&#x8A0E;&#x8AD6;&#xFF0C;&#x8CBC;&#x6587;&#x4E00;&#x5247;&#x53EA;&#x9650;&#x4E00;&#x984C;&#xFF0C;&#x5207;&#x8A18;&#xFF01;&#x6BCF;&#x5247;&#x8CBC;&#x6587;&#x7684;&#x6A19;&#x984C;&#x5FC5;&#x9808;&#x6709;&#x984C;&#x865F;&#xFF0C;&#x4EA6;&#x53EF;&#x9644;&#x4E0A;&#x984C;&#x76EE;&#x6558;&#x8FF0;&#x3002;&lt;/span&gt;&lt;/p&gt; </content>
  <attach></attach>
  <rcount></rcount>
  <rank></rank>
  <hit>1</hit>
  <lang>1</lang>
</data>
