<?xml version="1.0"?>
<data version="3.0" time="2024-07-20 09:54:39" type="post" filename="b000000024000000001.xml">
  <open_time>0000-00-00</open_time>
  <close_time>0000-00-00</close_time>
  <lang_name>Big5</lang_name>
  <board_id>1001278676</board_id>
  <node>000000024000000001</node>
  <site>1000110001</site>
  <pt>2023-07-09 11:16:15</pt>
  <poster>11813</poster>
  <realname>&#x5433;&#x5B9C;&#x9D3B;  </realname>
  <email>yhwu@cycu.edu.tw</email>
  <homepage>https://www.researchgate.net/profile/Yi-Hung-Wu-2  </homepage>
  <subject>Re: &#x6436;&#x7B54;105.  </subject>
  <content>&lt;p&gt;(b &amp;lt; 0 &amp;amp;&amp;amp; a &amp;lt; std::numeric_limits&amp;lt;int&amp;gt;::min() - b)&lt;/p&gt;&#xD;
&#xD;
&lt;p&gt;&lt;span style="color:#ff0000"&gt;&#x9019;&#x884C;&#x6709;&#x6E2C;&#x8A66;&#x904E;&#x55CE;&#xFF1F;std::numeric_limits&amp;lt;int&amp;gt;::min()&#x662F;&#x8CA0;&#x6574;&#x6578;&#xFF0C;b&#x4E5F;&#x662F;&#x8CA0;&#x7684;&#xFF0C;&#x4E8C;&#x8005;&#x5DEE;&#x503C;&#x4E26;&#x4E0D;&#x6703;&#x6BD4;&#x6975;&#x9650;&#x503C;min()&#x66F4;&#x5C0F;&#x5427;&#xFF1F;&lt;/span&gt;&lt;/p&gt; </content>
  <attach></attach>
  <rcount></rcount>
  <rank></rank>
  <hit>1</hit>
  <lang>1</lang>
</data>
