<?xml version="1.0"?>
<data version="3.0" time="2024-07-20 09:54:39" type="post" filename="b000000013.xml">
  <open_time>0000-00-00</open_time>
  <close_time>0000-00-00</close_time>
  <lang_name>Big5</lang_name>
  <board_id>1001278676</board_id>
  <node>000000013</node>
  <site>1000110001</site>
  <pt>2023-07-06 01:39:56</pt>
  <poster>06005636</poster>
  <realname>&#x6731;&#x7D18;&#x6B63;  </realname>
  <email>henry3446@gmail.com</email>
  <homepage>  </homepage>
  <subject>&#x6436;&#x7B54;104 </subject>
  <content>&lt;p&gt;104 &#x4EC0;&#x9EBC;&#x60C5;&#x6CC1;&#x4E0B;&#x9069;&#x5408;&#x4F7F;&#x7528;&#x905E;&#x8FF4;&#xFF1F;&#x70BA;&#x4EC0;&#x9EBC;&#xFF1F;*&lt;/p&gt;&#xD;
&#xD;
&lt;p&gt;&#x554F;&#x984C;&#x53EF;&#x5206;&#x89E3;&#x6210;&#x91CD;&#x8907;&#x7684;&#x5B50;&#x554F;&#x984C;&#xFF1A;&#x7576;&#x554F;&#x984C;&#x53EF;&#x4EE5;&#x88AB;&#x5206;&#x89E3;&#x6210;&#x8F03;&#x5C0F;&#x4E14;&#x76F8;&#x4F3C;&#x7684;&#x5B50;&#x554F;&#x984C;&#x6642;&#xFF0C;&#x905E;&#x8FF4;&#x662F;&#x4E00;&#x7A2E;&#x5F88;&#x597D;&#x7684;&#x89E3;&#x6C7A;&#x65B9;&#x6848;&#x3002;&#x6BCF;&#x500B;&#x5B50;&#x554F;&#x984C;&#x7684;&#x89E3;&#x6C7A;&#x65B9;&#x6CD5;&#x53EF;&#x4EE5;&#x4F7F;&#x7528;&#x76F8;&#x540C;&#x7684;&#x905E;&#x8FF4;&#x51FD;&#x5F0F;&#x4F86;&#x8655;&#x7406;&#x3002;&lt;/p&gt; </content>
  <attach></attach>
  <rcount></rcount>
  <rank></rank>
  <hit>16</hit>
  <lang>1</lang>
</data>
