<?xml version="1.0"?>
<data version="3.0" time="2024-07-20 09:54:39" type="post" filename="b000000021.xml">
  <open_time>0000-00-00</open_time>
  <close_time>0000-00-00</close_time>
  <lang_name>Big5</lang_name>
  <board_id>1001278676</board_id>
  <node>000000021</node>
  <site>1000110001</site>
  <pt>2023-07-07 18:18:51</pt>
  <poster>11027103</poster>
  <realname>&#x674E;&#x601D;&#x5FB7;  </realname>
  <email>aaronlee0425@gmail.com</email>
  <homepage>  </homepage>
  <subject>&#x6436;&#x7B54;104 </subject>
  <content>&lt;p&gt;104. &#x4EC0;&#x9EBC;&#x60C5;&#x6CC1;&#x4E0B;&#x9069;&#x5408;&#x4F7F;&#x7528;&#x905E;&#x8FF4;&#xFF1F;&#x70BA;&#x4EC0;&#x9EBC;&#xFF1F;*&amp;nbsp;&lt;/p&gt;&#xD;
&#xD;
&lt;p&gt;Ans:&#x4E00;&#x500B;&#x554F;&#x984C;&#x53EF;&#x4EE5;&#x62C6;&#x89E3;&#x6210;&#x898F;&#x6A21;&#x8F03;&#x5C0F;&#x4F46;&#x662F;&#x6027;&#x8CEA;&#x548C;&#x539F;&#x554F;&#x984C;&#x5B8C;&#x5168;&#x4E00;&#x6A23;&#x7684;&#x554F;&#x984C;&#x7684;&#x6642;&#x5019;&#x3002;&#x4F7F;&#x7528;&#x905E;&#x8FF4;&#x6642;&#x53EF;&#x4EE5;&#x4F7F;&#x7A0B;&#x5F0F;&#x78BC;&#x76F8;&#x5C0D;&#x65BC;&#x8FF4;&#x5708;&#x6642;&#x4F86;&#x7684;&#x7C21;&#x6F54;&#x3002;&lt;/p&gt; </content>
  <attach></attach>
  <rcount></rcount>
  <rank></rank>
  <hit>10</hit>
  <lang>1</lang>
</data>
