<?xml version="1.0"?>
<data version="3.0" time="2024-07-20 09:54:39" type="post" filename="b000000019.xml">
  <open_time>0000-00-00</open_time>
  <close_time>0000-00-00</close_time>
  <lang_name>Big5</lang_name>
  <board_id>1001278676</board_id>
  <node>000000019</node>
  <site>1000110001</site>
  <pt>2023-07-07 17:14:57</pt>
  <poster>06005914</poster>
  <realname>&#x9673;&#x5F65;&#x4E2D;  </realname>
  <email>jackson89911@gmail.com</email>
  <homepage>  </homepage>
  <subject>&#x6436;&#x7B54;101 </subject>
  <content>&lt;p&gt;101. &#x4EE5;&#x81EA;&#x5DF1;&#x7684;&#x8A71;&#x63CF;&#x8FF0;&#x905E;&#x8FF4;recursion&#x662F;&#x4EC0;&#x9EBC;&#x3002;*&lt;/p&gt;&#xD;
&#xD;
&lt;p&gt;A:&#x905E;&#x8FF4;&#x662F;&#x5C07;&#x4E00;&#x500B;&#x5927;&#x7684;&#x554F;&#x984C;&#xFF0C;&#x5206;&#x89E3;&#x6210;&#x8A31;&#x591A;&#x5C0F;&#x7684;&#x554F;&#x984C;&#x53BB;&#x89E3;&#x6C7A;&#x3002;&#x5728;&#x7A0B;&#x5F0F;&#x4E2D;&#xFF0C;&#x51FD;&#x5F0F;&#x53EF;&#x4EE5;&#x900F;&#x904E;&#x547C;&#x53EB;&#x81EA;&#x5DF1;&#xFF0C;&#x800C;&#x53BB;&#x5BE6;&#x73FE;&#x905E;&#x8FF4;&#x7684;&#x6982;&#x5FF5;&#x3002;&lt;/p&gt; </content>
  <attach></attach>
  <rcount></rcount>
  <rank></rank>
  <hit>12</hit>
  <lang>1</lang>
</data>
