<?xml version="1.0"?>
<data version="3.0" time="2024-07-20 09:54:39" type="post" filename="b000000006.xml">
  <open_time>0000-00-00</open_time>
  <close_time>0000-00-00</close_time>
  <lang_name>Big5</lang_name>
  <board_id>1001278676</board_id>
  <node>000000006</node>
  <site>1000110001</site>
  <pt>2023-07-05 16:41:56</pt>
  <poster>06005941</poster>
  <realname>&#x674E;&#x67CF;&#x7A4E;  </realname>
  <email>lib2300@gmail.com</email>
  <homepage>  </homepage>
  <subject>&#x6436;&#x7B54;104 </subject>
  <content>&lt;p&gt;&#x4EC0;&#x9EBC;&#x60C5;&#x6CC1;&#x4E0B;&#x9069;&#x5408;&#x4F7F;&#x7528;&#x905E;&#x8FF4;&#xFF1F;&#x70BA;&#x4EC0;&#x9EBC;&#xFF1F;&lt;/p&gt;&#xD;
&#xD;
&lt;p&gt;&#x7576;&#x554F;&#x984C;&#x53EF;&#x4EE5;&#x5206;&#x89E3;&#x70BA;&#x8F03;&#x5C0F;&#x7684;&#x3001;&#x76F8;&#x4F3C;&#x7684;&#x5B50;&#x554F;&#x984C;&#x6642;&#xFF0C;&#x905E;&#x8FF4;&#x662F;&#x4E00;&#x7A2E;&#x6709;&#x6548;&#x7684;&#x89E3;&#x6C7A;&#x65B9;&#x6CD5;&#x3002;&#x9019;&#x4E9B;&#x5B50;&#x554F;&#x984C;&#x8207;&#x539F;&#x59CB;&#x554F;&#x984C;&#x5177;&#x6709;&#x76F8;&#x540C;&#x7684;&#x6027;&#x8CEA;&#xFF0C;&#x53EA;&#x662F;&#x554F;&#x984C;&#x7684;&#x898F;&#x6A21;&#x66F4;&#x5C0F;&#x3002;&#x901A;&#x904E;&#x905E;&#x8FF4;&#x5730;&#x89E3;&#x6C7A;&#x5B50;&#x554F;&#x984C;&#xFF0C;&#x6700;&#x7D42;&#x53EF;&#x4EE5;&#x7372;&#x5F97;&#x539F;&#x59CB;&#x554F;&#x984C;&#x7684;&#x89E3;&#x6C7A;&#x65B9;&#x6848;&#x3002;&lt;/p&gt;&#xD;
&#xD;
&lt;p&gt;&#x905E;&#x8FF4;&#x7684;&#x512A;&#x52E2;&#x5728;&#x65BC;&#x5B83;&#x53EF;&#x4EE5;&#x4EE5;&#x4E00;&#x7A2E;&#x7C21;&#x6F54;&#x7684;&#x65B9;&#x5F0F;&#x89E3;&#x6C7A;&#x67D0;&#x4E9B;&#x554F;&#x984C;&#xFF0C;&#x4E26;&#x4F7F;&#x4EE3;&#x78BC;&#x6613;&#x65BC;&#x7406;&#x89E3;&#x3002;&#x5B83;&#x4F7F;&#x554F;&#x984C;&#x7684;&#x7D50;&#x69CB;&#x66F4;&#x660E;&#x78BA;&#xFF0C;&#x4E26;&#x4E14;&#x53EF;&#x4EE5;&#x7C21;&#x5316;&#x8907;&#x96DC;&#x7684;&#x908F;&#x8F2F;&#x3002;&lt;/p&gt; </content>
  <attach></attach>
  <rcount></rcount>
  <rank></rank>
  <hit>12</hit>
  <lang>1</lang>
</data>
