<?xml version="1.0"?>
<data version="3.0" time="2024-07-20 09:54:39" type="post" filename="b000000009.xml">
  <open_time>0000-00-00</open_time>
  <close_time>0000-00-00</close_time>
  <lang_name>Big5</lang_name>
  <board_id>1001278676</board_id>
  <node>000000009</node>
  <site>1000110001</site>
  <pt>2023-07-05 20:27:08</pt>
  <poster>11020143</poster>
  <realname>&#x5433;&#x67CF;&#x8CE2;  </realname>
  <email>s25880260@gmail.com</email>
  <homepage>  </homepage>
  <subject>&#x6436;&#x7B54;101 </subject>
  <content>&lt;p&gt;&#x628A;&#x554F;&#x984C;&#x5206;&#x6210;&#x66F4;&#x5C0F;&#x7684;&#x554F;&#x984C;&#xFF0C;&#x76F4;&#x5230;&#x5B50;&#x554F;&#x984C;&#x5920;&#x7C21;&#x55AE;&#x80FD;&#x5920;&#x89E3;&#x6C7A;&#xFF0C;&#x905E;&#x8FF4;&#x80FD;&#x5920;&#x7C21;&#x5316;&#x7A0B;&#x5F0F;&#x78BC;&lt;/p&gt; </content>
  <attach></attach>
  <rcount></rcount>
  <rank></rank>
  <hit>25</hit>
  <lang>1</lang>
</data>
