<?xml version="1.0"?>
<data version="3.0" time="2024-07-20 09:54:39" type="post" filename="b000000011.xml">
  <open_time>0000-00-00</open_time>
  <close_time>0000-00-00</close_time>
  <lang_name>Big5</lang_name>
  <board_id>1001278676</board_id>
  <node>000000011</node>
  <site>1000110001</site>
  <pt>2023-07-06 01:21:29</pt>
  <poster>06005734</poster>
  <realname>&#x5B8B;&#x80B2;&#x81F4;  </realname>
  <email>asdeax8177616@gmail.com</email>
  <homepage>  </homepage>
  <subject>&#x6436;&#x7B54;104 </subject>
  <content>&lt;p&gt;&#x905E;&#x8FF4;&#x662F;&#x4E00;&#x7A2E;&#x5728;&#x51FD;&#x5F0F;&#x4E2D;&#x547C;&#x53EB;&#x81EA;&#x8EAB;&#x7684;&#x7A0B;&#x5F0F;&#x8A2D;&#x8A08;&#x6280;&#x5DE7;&#x3002;&#x9069;&#x5408;&#x4F7F;&#x7528;&#x905E;&#x8FF4;&#x7684;&#x60C5;&#x6CC1;&#x5305;&#x62EC;&#xFF1A;&lt;/p&gt;&#xD;
&#xD;
&lt;ol&gt;&#xD;
	&lt;li&gt;&#xD;
	&lt;p&gt;&#x554F;&#x984C;&#x53EF;&#x4EE5;&#x88AB;&#x5206;&#x89E3;&#x6210;&#x76F8;&#x540C;&#x4F46;&#x898F;&#x6A21;&#x8F03;&#x5C0F;&#x7684;&#x5B50;&#x554F;&#x984C;&#xFF1A;&#x7576;&#x4E00;&#x500B;&#x554F;&#x984C;&#x53EF;&#x4EE5;&#x88AB;&#x5206;&#x89E3;&#x6210;&#x66F4;&#x5C0F;&#x7684;&#x3001;&#x76F8;&#x540C;&#x7684;&#x5B50;&#x554F;&#x984C;&#x6642;&#xFF0C;&#x905E;&#x8FF4;&#x662F;&#x4E00;&#x7A2E;&#x6709;&#x6548;&#x7684;&#x89E3;&#x6C7A;&#x65B9;&#x6848;&#x3002;&#x6BCF;&#x6B21;&#x905E;&#x8FF4;&#x8ABF;&#x7528;&#x90FD;&#x8655;&#x7406;&#x4E00;&#x500B;&#x8F03;&#x5C0F;&#x7684;&#x554F;&#x984C;&#xFF0C;&#x76F4;&#x5230;&#x9054;&#x5230;&#x57FA;&#x672C;&#x60C5;&#x6CC1;&#xFF0C;&#x7136;&#x5F8C;&#x518D;&#x8FD4;&#x56DE;&#x7D50;&#x679C;&#x3002;&#x9019;&#x7A2E;&#x5206;&#x800C;&#x6CBB;&#x4E4B;&#x7684;&#x65B9;&#x6CD5;&#x901A;&#x5E38;&#x53EF;&#x4EE5;&#x4F7F;&#x4EE3;&#x78BC;&#x66F4;&#x7C21;&#x6F54;&#x548C;&#x53EF;&#x8B80;&#x6027;&#x66F4;&#x9AD8;&#x3002;&lt;/p&gt;&#xD;
	&lt;/li&gt;&#xD;
	&lt;li&gt;&#xD;
	&lt;p&gt;&#x554F;&#x984C;&#x7684;&#x89E3;&#x6C7A;&#x9700;&#x8981;&#x591A;&#x500B;&#x6B65;&#x9A5F;&#x6216;&#x904E;&#x7A0B;&#xFF1A;&#x67D0;&#x4E9B;&#x554F;&#x984C;&#x7684;&#x89E3;&#x6C7A;&#x9700;&#x8981;&#x6309;&#x7167;&#x4E00;&#x7CFB;&#x5217;&#x7684;&#x6B65;&#x9A5F;&#x6216;&#x904E;&#x7A0B;&#x9032;&#x884C;&#xFF0C;&#x800C;&#x6BCF;&#x500B;&#x6B65;&#x9A5F;&#x4E2D;&#x53C8;&#x9700;&#x8981;&#x89E3;&#x6C7A;&#x76F8;&#x540C;&#x7684;&#x554F;&#x984C;&#x3002;&#x5728;&#x9019;&#x7A2E;&#x60C5;&#x6CC1;&#x4E0B;&#xFF0C;&#x905E;&#x8FF4;&#x53EF;&#x4EE5;&#x63D0;&#x4F9B;&#x4E00;&#x7A2E;&#x81EA;&#x7136;&#x7684;&#x7D50;&#x69CB;&#xFF0C;&#x4EE5;&#x4FBF;&#x5728;&#x6BCF;&#x500B;&#x6B65;&#x9A5F;&#x4E2D;&#x91CD;&#x8907;&#x8ABF;&#x7528;&#x76F8;&#x540C;&#x7684;&#x51FD;&#x5F0F;&#x3002;&lt;/p&gt;&#xD;
	&lt;/li&gt;&#xD;
	&lt;li&gt;&#xD;
	&lt;p&gt;&#x6578;&#x64DA;&#x7D50;&#x69CB;&#x5177;&#x6709;&#x905E;&#x8FF4;&#x6027;&#x8CEA;&#xFF1A;&#x67D0;&#x4E9B;&#x6578;&#x64DA;&#x7D50;&#x69CB;&#x672C;&#x8EAB;&#x5177;&#x6709;&#x905E;&#x8FF4;&#x6027;&#x8CEA;&#x3002;&#x4F8B;&#x5982;&#xFF0C;&#x93C8;&#x8868;&#x3001;&#x6A39;&#x72C0;&#x5716;&#x7B49;&#x6578;&#x64DA;&#x7D50;&#x69CB;&#x53EF;&#x4EE5;&#x901A;&#x904E;&#x905E;&#x8FF4;&#x4F86;&#x904D;&#x6B77;&#x6216;&#x641C;&#x7D22;&#x5176;&#x5143;&#x7D20;&#x3002;&#x905E;&#x8FF4;&#x80FD;&#x5920;&#x6709;&#x6548;&#x5730;&#x8655;&#x7406;&#x9019;&#x4E9B;&#x7D50;&#x69CB;&#xFF0C;&#x56E0;&#x70BA;&#x5B83;&#x53EF;&#x4EE5;&#x9069;&#x61C9;&#x7D50;&#x69CB;&#x7684;&#x5927;&#x5C0F;&#x548C;&#x5F62;&#x72C0;&#x7684;&#x8B8A;&#x5316;&#x3002;&lt;/p&gt;&#xD;
	&lt;/li&gt;&#xD;
&lt;/ol&gt; </content>
  <attach></attach>
  <rcount></rcount>
  <rank></rank>
  <hit>15</hit>
  <lang>1</lang>
</data>
