<?xml version="1.0"?>
<data version="3.0" time="2024-07-20 09:54:39" type="post" filename="b000000026.xml">
  <open_time>0000-00-00</open_time>
  <close_time>0000-00-00</close_time>
  <lang_name>Big5</lang_name>
  <board_id>1001278676</board_id>
  <node>000000026</node>
  <site>1000110001</site>
  <pt>2023-07-07 23:25:08</pt>
  <poster>06004870</poster>
  <realname>&#x66FE;&#x6D5A;&#x6977;  </realname>
  <email>kenneth61215@gmail.com</email>
  <homepage>  </homepage>
  <subject>&#x6436;&#x7B54;101 </subject>
  <content>&lt;p&gt;101. &#x4EE5;&#x81EA;&#x5DF1;&#x7684;&#x8A71;&#x63CF;&#x8FF0;&#x905E;&#x8FF4;recursion&#x662F;&#x4EC0;&#x9EBC;&#x3002;&lt;/p&gt;&#xD;
&#xD;
&lt;p&gt;&#x7B54;:&#x905E;&#x8FF4;&#x662F;&#x5E38;&#x7528;&#x65BC;&#x7C21;&#x5316;&#x7A0B;&#x5F0F;&#x4E14;&#x589E;&#x52A0;&#x5176;&#x6CDB;&#x7528;&#x6027;&#x7684;&#x65B9;&#x6CD5;&#xFF0C;&#x82E5;&#x7A0B;&#x5F0F;&#x9700;&#x91CD;&#x8907;&#x591A;&#x6B21;&#x76F8;&#x540C;&#x4EFB;&#x52D9;&#xFF0C;&#x751A;&#x81F3;&#x9700;&#x8981;&#x6839;&#x64DA;&#x8F38;&#x5165;&#x4F86;&#x6C7A;&#x5B9A;&#x91CD;&#x8907;&#x6B21;&#x6578;&#x6642;&#xFF0C;&#x905E;&#x8FF4;&#x53EF;&#x4EE5;&#x6709;&#x6548;&#x89E3;&#x6C7A;&#x9019;&#x500B;&#x72C0;&#x6CC1;&#xFF0C;&#x4E26;&#x7C21;&#x77ED;&#x7A0B;&#x5F0F;&#x78BC;&#x3001;&#x589E;&#x52A0;&#x6613;&#x8B80;&#x6027;&lt;/p&gt; </content>
  <attach></attach>
  <rcount></rcount>
  <rank></rank>
  <hit>8</hit>
  <lang>1</lang>
</data>
