<?xml version="1.0"?>
<data version="3.0" time="2024-07-20 09:54:39" type="post" filename="b000000001.xml">
  <open_time>0000-00-00</open_time>
  <close_time>0000-00-00</close_time>
  <lang_name>Big5</lang_name>
  <board_id>1001278676</board_id>
  <node>000000001</node>
  <site>1000110001</site>
  <pt>2023-07-03 16:41:43</pt>
  <poster>06005635</poster>
  <realname>&#x9EC3;&#x535A;&#x5143;  </realname>
  <email>maruko1mjw@yahoo.com.tw</email>
  <homepage>  </homepage>
  <subject> &#x9650;&#x6642;&#x6436;&#x7B54; 101 </subject>
  <content>&lt;p&gt;101. &#x4EE5;&#x81EA;&#x5DF1;&#x7684;&#x8A71;&#x63CF;&#x8FF0;&#x905E;&#x8FF4;recursion&#x662F;&#x4EC0;&#x9EBC;&#x3002;&lt;/p&gt;&#xD;
&#xD;
&lt;p&gt;&#x905E;&#x56DE;&#x51FD;&#x5F0F;&#xFF08;recursive function&#xFF09;&#x7C21;&#x55AE;&#x4F86;&#x8AAA;&#x5C31;&#x662F;&#x5728;&#x4E00;&#x500B;&#x51FD;&#x5F0F;&#x7576;&#x4E2D;&#x518D;&#x53BB;&#x547C;&#x53EB;&#x5B83;&#x81EA;&#x5DF1;, &#x4E26;&#x8A2D;&#x7F6E;&#x4E00;&#x500B;if&#x689D;&#x4EF6;&#x53BB;&#x505C;&#x6B62;&#x547C;&#x53EB;, &#x7136;&#x5F8C;&#x958B;&#x59CB;&#x56DE;&#x53BB;&#x4E0A;&#x4E00;&#x5C64;&#x76F4;&#x5230;&#x7B2C;&#x4E00;&#x5C64;.&#x6700;&#x5F8C;&#x56DE;&#x5230;&#x7B2C;&#x4E00;&#x5C64;&#x4FBF;&#x80FD;&#x5F97;&#x5230;&#x6BCF;&#x4E00;&#x5C64;&#x7684;&#x7E3D;&#x548C;.&lt;/p&gt; </content>
  <attach></attach>
  <rcount></rcount>
  <rank></rank>
  <hit>51</hit>
  <lang>1</lang>
</data>
