<?xml version="1.0"?>
<data version="3.0" time="2024-07-20 09:54:39" type="post" filename="b000000004000000001.xml">
  <open_time>0000-00-00</open_time>
  <close_time>0000-00-00</close_time>
  <lang_name>Big5</lang_name>
  <board_id>1001278676</board_id>
  <node>000000004000000001</node>
  <site>1000110001</site>
  <pt>2023-07-04 12:10:30</pt>
  <poster>11813</poster>
  <realname>&#x5433;&#x5B9C;&#x9D3B;  </realname>
  <email>yhwu@cycu.edu.tw</email>
  <homepage>https://www.researchgate.net/profile/Yi-Hung-Wu-2  </homepage>
  <subject>Re: &#x6436;&#x7B54;102  </subject>
  <content>&lt;p&gt;&lt;span style="color:#b22222"&gt;&#x672A;&#x52A0;&#x8A3B;&#x5047;&#x8A2D;&#x524D;&#x63D0;&#xFF0C;&#x5982;&#x679C;arr&#x9663;&#x5217;&#x5167;&#x7684;&#x8CC7;&#x6599;&#x4E26;&#x672A;&#x4E8B;&#x5148;&#x6392;&#x5E8F;&#x5462;&#xFF1F;&lt;/span&gt;&lt;/p&gt; </content>
  <attach></attach>
  <rcount></rcount>
  <rank></rank>
  <hit>1</hit>
  <lang>1</lang>
</data>
