<?xml version="1.0"?>
<data version="3.0" time="2024-07-20 09:54:39" type="post" filename="b000000016.xml">
  <open_time>0000-00-00</open_time>
  <close_time>0000-00-00</close_time>
  <lang_name>Big5</lang_name>
  <board_id>1001278676</board_id>
  <node>000000016</node>
  <site>1000110001</site>
  <pt>2023-07-06 04:26:11</pt>
  <poster>11020143</poster>
  <realname>&#x5433;&#x67CF;&#x8CE2;  </realname>
  <email>s25880260@gmail.com</email>
  <homepage>  </homepage>
  <subject>&#x6436;&#x7B54;104 </subject>
  <content>&lt;p&gt;&#x7576;&#x554F;&#x984C;&#x53EF;&#x4EE5;&#x88AB;&#x5206;&#x70BA;&#x66F4;&#x5C0F;&#x7684;&#x554F;&#x984C;&#x4E14;&#x5B50;&#x554F;&#x984C;&#x548C;&#x539F;&#x554F;&#x984C;&#x76F8;&#x4F3C;&#xFF0C;&#x9019;&#x6642;&#x5019;&#x5C31;&#x9069;&#x5408;&#x4F7F;&#x7528;&#x905E;&#x8FF4;&lt;/p&gt; </content>
  <attach></attach>
  <rcount></rcount>
  <rank></rank>
  <hit>12</hit>
  <lang>1</lang>
</data>
