<?xml version="1.0"?>
<data version="3.0" time="2024-07-20 09:54:39" type="post" filename="b000000003.xml">
  <open_time>0000-00-00</open_time>
  <close_time>0000-00-00</close_time>
  <lang_name>Big5</lang_name>
  <board_id>1001278676</board_id>
  <node>000000003</node>
  <site>1000110001</site>
  <pt>2023-07-03 21:11:00</pt>
  <poster>06005634</poster>
  <realname>&#x90ED;&#x5BB8;&#x69A4;  </realname>
  <email>jyh2guo@gmail.com</email>
  <homepage>  </homepage>
  <subject>&#x6436;&#x7B54;104 </subject>
  <content>&lt;p&gt;104. &#x4EC0;&#x9EBC;&#x60C5;&#x6CC1;&#x4E0B;&#x9069;&#x5408;&#x4F7F;&#x7528;&#x905E;&#x8FF4;&#xFF1F;&#x70BA;&#x4EC0;&#x9EBC;&#xFF1F;&lt;br /&gt;&#xD;
&#x4E00;&#x500B;&#x554F;&#x984C;&#x5982;&#x679C;&#x53EF;&#x4EE5;&#x62C6;&#x89E3;&#x6210;&#x8F03;&#x5C0F;&#x4F46;&#x662F;&#x6027;&#x8CEA;&#x548C;&#x539F;&#x672C;&#x554F;&#x984C;&#x5B8C;&#x5168;&#x4E00;&#x6A23;&#x7684;&#x554F;&#x984C;&#x7684;&#x6642;&#x5019;&#xFF0C; &#x5C31;&#x53EF;&#x4EE5;&#x7528;&#x905E;&#x8FF4;&#x51FD;&#x5F0F;&#x3002;&lt;br /&gt;&#xD;
&#x53EF;&#x4EE5;&#x628A;&#x8907;&#x96DC;&#x7684;&#x554F;&#x984C;&#x5206;&#x89E3;&#x6210;&#x55AE;&#x7D14;&#x7684;&#x5B50;&#x554F;&#x984C;&#xFF0C;&#x7C21;&#x55AE;&#x53C8;&#x6709;&#x6548;&#x7387;&#x3002;&lt;/p&gt; </content>
  <attach></attach>
  <rcount></rcount>
  <rank></rank>
  <hit>32</hit>
  <lang>1</lang>
</data>
