<?xml version="1.0"?>
<data version="3.0" time="2024-07-20 09:54:39" type="post" filename="b000000015.xml">
  <open_time>0000-00-00</open_time>
  <close_time>0000-00-00</close_time>
  <lang_name>Big5</lang_name>
  <board_id>1001278676</board_id>
  <node>000000015</node>
  <site>1000110001</site>
  <pt>2023-07-06 02:37:58</pt>
  <poster>06005727</poster>
  <realname>&#x9673;&#x5F65;&#x52F3;  </realname>
  <email>cys890403@gmail.com</email>
  <homepage>  </homepage>
  <subject>&#x6436;&#x7B54;104 </subject>
  <content>&lt;p&gt;&lt;span style="color:black"&gt;&lt;span style="font-family:&#x5FAE;&#x8EDF;&#x6B63;&#x9ED1;&#x9AD4;,sans-serif"&gt;&lt;span style="font-size:9.0pt"&gt;&#x554F;104&lt;/span&gt;&#xFF1A;&lt;/span&gt;&lt;/span&gt;&lt;span style="color:black"&gt;&lt;span style="font-family:&#x5FAE;&#x8EDF;&#x6B63;&#x9ED1;&#x9AD4;,sans-serif"&gt;&lt;span style="font-size:9.0pt"&gt;&#x4EC0;&#x9EBC;&#x60C5;&#x6CC1;&#x4E0B;&#x9069;&#x5408;&#x4F7F;&#x7528;&#x905E;&#x8FF4;&#xFF1F;&#x70BA;&#x4EC0;&#x9EBC;&#xFF1F;&lt;/span&gt;&lt;/span&gt;&lt;/span&gt;&lt;/p&gt;&#xD;
&#xD;
&lt;p&gt;&lt;span style="color:black"&gt;&lt;span style="font-family:&#x5FAE;&#x8EDF;&#x6B63;&#x9ED1;&#x9AD4;,sans-serif"&gt;&lt;span style="font-size:9.0pt"&gt;&#x7B54;104&lt;/span&gt;&#xFF1A;&lt;/span&gt;&lt;/span&gt;&lt;span style="color:black"&gt;&lt;span style="font-family:&#x5FAE;&#x8EDF;&#x6B63;&#x9ED1;&#x9AD4;,sans-serif"&gt;&lt;span style="font-size:9.0pt"&gt;&#x4E00;&#x500B;&#x554F;&#x984C;&#x5982;&#x679C;&#x53EF;&#x4EE5;&#x62C6;&#x89E3;&#x6210;&#x898F;&#x6A21;&#x8F03;&#x5C0F;&#x4F46;&#x662F;&#x6027;&#x8CEA;&#x548C;&#x539F;&#x554F;&#x984C;&#x5B8C;&#x5168;&#x4E00;&#x6A23;&#x7684;&#x554F;&#x984C;&#x7684;&#x6642;&#x5019;&#xFF0C; &#x5C31;&#x53EF;&#x4EE5;&#x8003;&#x616E;&#x7528;&#x905E;&#x8FF4;&#x51FD;&#x5F0F;&#x4F86;&#x8655;&#x7406;&#x3002;&lt;/span&gt;&lt;/span&gt;&lt;/span&gt;&#x5C07;&#x4E00;&#x500B;&#x5927;&#x7684;&#x554F;&#x984C;&#x5148;&#x62C6;&#x89E3;&#x70BA;&#x898F;&#x6A21;&#x8F03;&#x5C0F;&#x7684;&#x5E7E;&#x500B;&#x554F;&#x984C;&#x4F86;&#x5206;&#x5225;&#x5C0D;&#x4ED8;&#xFF0C;&amp;nbsp;&#x5982;&#x679C;&#x65B0;&#x7684;&#x554F;&#x984C;&#x548C;&#x539F;&#x4F86;&#x7684;&#x554F;&#x984C;&#x6027;&#x8CEA;&#x5B8C;&#x5168;&#x76F8;&#x540C;&#x7684;&#x8A71;&#xFF0C; &#x5C31;&#x53EF;&#x4EE5;&#x7528;&#x905E;&#x8FF4;&#x51FD;&#x5F0F;&#x4F86;&#x88FD;&#x4F5C;&#x4E86;&#x3002;&lt;/p&gt; </content>
  <attach></attach>
  <rcount></rcount>
  <rank></rank>
  <hit>20</hit>
  <lang>1</lang>
</data>
