<?xml version="1.0"?>
<data version="3.0" time="2024-07-20 09:54:39" type="post" filename="b000000002000000001.xml">
  <open_time>0000-00-00</open_time>
  <close_time>0000-00-00</close_time>
  <lang_name>Big5</lang_name>
  <board_id>1001278676</board_id>
  <node>000000002000000001</node>
  <site>1000110001</site>
  <pt>2023-07-07 14:08:42</pt>
  <poster>11813</poster>
  <realname>&#x5433;&#x5B9C;&#x9D3B;  </realname>
  <email>yhwu@cycu.edu.tw</email>
  <homepage>https://www.researchgate.net/profile/Yi-Hung-Wu-2  </homepage>
  <subject>Re: &#x6436;&#x7B54;103  </subject>
  <content>&lt;p&gt;&#x66AB;&#x5B58;&#x8F03;&#x5C0F;&#x53C3;&#x6578;&#x7684;&#x5DF2;&#x8A08;&#x7B97;&#x503C;&#xFF0C;&#x53EF;&#x4EE5;&#x52A0;&#x901F;&#x53CA;&#x7C21;&#x5316;&#x3002;&lt;/p&gt; </content>
  <attach></attach>
  <rcount></rcount>
  <rank></rank>
  <hit>1</hit>
  <lang>1</lang>
</data>
