<?xml version="1.0"?>
<data version="3.0" time="2024-07-20 09:54:39" type="post" filename="b000000005.xml">
  <open_time>0000-00-00</open_time>
  <close_time>0000-00-00</close_time>
  <lang_name>Big5</lang_name>
  <board_id>1001278676</board_id>
  <node>000000005</node>
  <site>1000110001</site>
  <pt>2023-07-04 14:57:19</pt>
  <poster>06005645</poster>
  <realname>&#x6797;&#x54C1;&#x7444;  </realname>
  <email>hank61061007@gmail.com</email>
  <homepage>  </homepage>
  <subject>104. &#x4EC0;&#x9EBC;&#x60C5;&#x6CC1;&#x4E0B;&#x9069;&#x5408;&#x4F7F;&#x7528;&#x905E;&#x8FF4;&#xFF1F;&#x70BA;&#x4EC0;&#x9EBC;&#xFF1F;* </subject>
  <content>&lt;p&gt;&#x5982;&#x679C;&#x554F;&#x984C;&#x7684;&#x89E3;&#x6C7A;&#x65B9;&#x5F0F;&#x53EF;&#x4EE5;&#x61C9;&#x7528;&#x65BC;&#x76F8;&#x540C;&#x554F;&#x984C;&#x7684;&#x4E0D;&#x540C;&#x90E8;&#x5206;&#xFF0C;&#x5247;&#x905E;&#x8FF4;&#x662F;&#x6709;&#x6548;&#x7684;&#x9078;&#x64C7;&#x3002;&lt;/p&gt;&#xD;
&#xD;
&lt;p&gt;&#x5B83;&#x53EF;&#x4EE5;&#x91CD;&#x8907;&#x61C9;&#x7528;&#x76F8;&#x540C;&#x7684;&#x908F;&#x8F2F;&#xFF0C;&#x4EE5;&#x89E3;&#x6C7A;&#x554F;&#x984C;&#x7684;&#x4E0D;&#x540C;&#x5C64;&#x6B21;&#x6216;&#x662F;&#x5B50;&#x7D50;&#x69CB;&#x3002;&lt;/p&gt; </content>
  <attach></attach>
  <rcount></rcount>
  <rank></rank>
  <hit>34</hit>
  <lang>1</lang>
</data>
