<?xml version="1.0"?>
<data version="3.0" time="2024-07-20 09:54:39" type="post" filename="b000000014.xml">
  <open_time>0000-00-00</open_time>
  <close_time>0000-00-00</close_time>
  <lang_name>Big5</lang_name>
  <board_id>1001278676</board_id>
  <node>000000014</node>
  <site>1000110001</site>
  <pt>2023-07-06 02:29:44</pt>
  <poster>06005727</poster>
  <realname>&#x9673;&#x5F65;&#x52F3;  </realname>
  <email>cys890403@gmail.com</email>
  <homepage> </homepage>
  <subject>&#x6436;&#x7B54;101 </subject>
  <content>&lt;p&gt;&lt;span style="color:black"&gt;&lt;span style="font-family:&#x5FAE;&#x8EDF;&#x6B63;&#x9ED1;&#x9AD4;,sans-serif"&gt;&lt;span style="font-size:9.0pt"&gt;&#x554F;101&lt;/span&gt;&#xFF1A;&lt;/span&gt;&lt;/span&gt;&lt;span style="color:black"&gt;&lt;span style="font-family:&#x5FAE;&#x8EDF;&#x6B63;&#x9ED1;&#x9AD4;,sans-serif"&gt;&lt;span style="font-size:9.0pt"&gt;&#x4EE5;&#x81EA;&#x5DF1;&#x7684;&#x8A71;&#x63CF;&#x8FF0;&#x905E;&#x8FF4;recursion&lt;/span&gt;&#x662F;&#x4EC0;&#x9EBC;&#x3002;&lt;/span&gt;&lt;/span&gt;&lt;/p&gt;&#xD;
&#xD;
&lt;p&gt;&lt;span style="color:black"&gt;&lt;span style="font-family:&#x5FAE;&#x8EDF;&#x6B63;&#x9ED1;&#x9AD4;,sans-serif"&gt;&lt;span style="font-size:9.0pt"&gt;&#x7B54;101&lt;/span&gt;&#xFF1A;&#x5C07;&#x4E00;&#x500B;&lt;/span&gt;&lt;/span&gt;&lt;span style="color:black"&gt;&lt;span style="font-family:&#x5FAE;&#x8EDF;&#x6B63;&#x9ED1;&#x9AD4;,sans-serif"&gt;&lt;span style="font-size:9.0pt"&gt;&#x5927;&#x7684;&#x554F;&#x984C;&#xFF0C;&#x5206;&#x5272;&#x6210;&#x8A31;&#x591A;&#x5C0F;&#x554F;&#x984C;&lt;/span&gt;&lt;/span&gt;&lt;/span&gt;&lt;span style="color:black"&gt;&lt;span style="font-family:&#x5FAE;&#x8EDF;&#x6B63;&#x9ED1;&#x9AD4;,sans-serif"&gt;&lt;span style="font-size:9.0pt"&gt;&#x53BB;&#x89E3;&#x6C7A;&#x3002;&#x800C;&#x5F9E;&#x7A0B;&#x5F0F;&#x8A2D;&#x8A08;&#x89D2;&#x5EA6;&#x4F86;&#x770B;&#xFF0C;&#x51FD;&#x5F0F;&#x4E0D;&#x55AE;&#x53EA;&#x80FD;&#x88AB;&#x5176;&#x4ED6;&#x51FD;&#x5F0F;&#x547C;&#x53EB;&#xFF0C;&#x4E5F;&#x80FD;&lt;/span&gt;&lt;/span&gt;&lt;/span&gt;&lt;span style="color:black"&gt;&lt;span style="font-family:&#x5FAE;&#x8EDF;&#x6B63;&#x9ED1;&#x9AD4;,sans-serif"&gt;&lt;span style="font-size:9.0pt"&gt;&#x88AB;&#x5B83;&#x81EA;&#x5DF1;&#x547C;&#x53EB;&lt;/span&gt;&lt;/span&gt;&lt;/span&gt;&lt;span style="color:black"&gt;&lt;span style="font-family:&#x5FAE;&#x8EDF;&#x6B63;&#x9ED1;&#x9AD4;,sans-serif"&gt;&lt;span style="font-size:9.0pt"&gt;&#xFF0C;&#x4E5F;&#x5C31;&#x662F;&#x5728;&#x4E00;&#x500B;&#x51FD;&#x5F0F;&#x7576;&#x4E2D;&#x547C;&#x53EB;&#x5B83;&#x81EA;&#x5DF1;&#xFF0C;&#x5373;&#x70BA;&#x905E;&#x8FF4;&#x51FD;&#x5F0F;&#x3002;&lt;/span&gt;&lt;/span&gt;&lt;/span&gt;&lt;/p&gt;&#xD;
&#xD;
&lt;p&gt;&lt;span style="color:black"&gt;&lt;span style="font-family:&#x5FAE;&#x8EDF;&#x6B63;&#x9ED1;&#x9AD4;,sans-serif"&gt;&lt;span style="font-size:9.0pt"&gt;1.&lt;/span&gt;&lt;/span&gt;&lt;/span&gt;&lt;span style="color:black"&gt;&lt;span style="font-family:&#x5FAE;&#x8EDF;&#x6B63;&#x9ED1;&#x9AD4;,sans-serif"&gt;&lt;span style="font-size:9.0pt"&gt;&#x4E00;&#x500B;&#x5927;&#x554F;&#x984C;&#xFF0C;&#x62C6;&#x89E3;&#x6210;&#x5E7E;&#x500B;&#x8F03;&#x5C0F;&#x7684;&#x554F;&#x984C;&#x3002;&lt;/span&gt;&lt;/span&gt;&lt;/span&gt;&lt;/p&gt;&#xD;
&#xD;
&lt;p&gt;&lt;span style="color:black"&gt;&lt;span style="font-family:&#x5FAE;&#x8EDF;&#x6B63;&#x9ED1;&#x9AD4;,sans-serif"&gt;&lt;span style="font-size:9.0pt"&gt;2.&lt;/span&gt;&lt;/span&gt;&lt;/span&gt;&lt;span style="color:black"&gt;&lt;span style="font-family:&#x5FAE;&#x8EDF;&#x6B63;&#x9ED1;&#x9AD4;,sans-serif"&gt;&lt;span style="font-size:9.0pt"&gt;&#x8F03;&#x5C0F;&#x7684;&#x554F;&#x984C;&#xFF0C;&#x53C8;&#x80FD;&#x4F9D;&#x7167;&lt;strong&gt;&lt;span style="font-family:&#x5FAE;&#x8EDF;&#x6B63;&#x9ED1;&#x9AD4;,sans-serif"&gt;&#x76F8;&#x540C;&#x65B9;&#x5F0F;&lt;/span&gt;&lt;/strong&gt;&#x62C6;&#x6210;&#x66F4;&#x5C0F;&#x7684;&#x554F;&#x984C;&#x3002;&lt;/span&gt;&lt;/span&gt;&lt;/span&gt;&lt;/p&gt;&#xD;
&#xD;
&lt;p&gt;&lt;span style="color:black"&gt;&lt;span style="font-family:&#x5FAE;&#x8EDF;&#x6B63;&#x9ED1;&#x9AD4;,sans-serif"&gt;&lt;span style="font-size:9.0pt"&gt;3.&lt;/span&gt;&lt;/span&gt;&lt;/span&gt;&lt;span style="color:black"&gt;&lt;span style="font-family:&#x5FAE;&#x8EDF;&#x6B63;&#x9ED1;&#x9AD4;,sans-serif"&gt;&lt;span style="font-size:9.0pt"&gt;&#x5C0F;&#x554F;&#x984C;&#x89E3;&#x6C7A;&#x6642;&#xFF0C;&lt;strong&gt;&lt;span style="font-family:&#x5FAE;&#x8EDF;&#x6B63;&#x9ED1;&#x9AD4;,sans-serif"&gt;&#x5927;&#x554F;&#x984C;&#x4E5F;&#x53EF;&#x4EE5;&#x4F9D;&#x9760;&#x5C0F;&#x554F;&#x984C;&#x7684;&#x7D50;&#x679C;&#x4F86;&#x89E3;&#x6C7A;&#x3002;&lt;/span&gt;&lt;/strong&gt;&lt;/span&gt;&lt;/span&gt;&lt;/span&gt;&lt;/p&gt;&#xD;
&#xD;
&lt;p&gt;&lt;span style="color:black"&gt;&lt;span style="font-family:&#x5FAE;&#x8EDF;&#x6B63;&#x9ED1;&#x9AD4;,sans-serif"&gt;&lt;span style="font-size:9.0pt"&gt;4.&lt;/span&gt;&lt;/span&gt;&lt;/span&gt;&lt;span style="color:black"&gt;&lt;span style="font-family:&#x5FAE;&#x8EDF;&#x6B63;&#x9ED1;&#x9AD4;,sans-serif"&gt;&lt;span style="font-size:9.0pt"&gt;&#x89E3;&#x6C7A;&#x65B9;&#x6CD5;&#x90FD;&#x662F;&lt;strong&gt;&lt;span style="font-family:&#x5FAE;&#x8EDF;&#x6B63;&#x9ED1;&#x9AD4;,sans-serif"&gt;&#x4E00;&#x6A23;&lt;/span&gt;&lt;/strong&gt;&#x7684;&#xFF0C;&#x9664;&#x4E86;&lt;strong&gt;&lt;span style="font-family:&#x5FAE;&#x8EDF;&#x6B63;&#x9ED1;&#x9AD4;,sans-serif"&gt;&#x6700;&#x5C0F;&#x7684;&#x554F;&#x984C;&lt;/span&gt;&lt;/strong&gt;&#x4EE5;&#x5916;&#x3002;&lt;/span&gt;&lt;/span&gt;&lt;/span&gt;&lt;/p&gt;&#xD;
&#xD;
&lt;p&gt;&lt;span style="color:black"&gt;&lt;span style="font-family:&#x5FAE;&#x8EDF;&#x6B63;&#x9ED1;&#x9AD4;,sans-serif"&gt;&lt;span style="font-size:9.0pt"&gt;5.&lt;/span&gt;&lt;/span&gt;&lt;/span&gt;&lt;span style="color:black"&gt;&lt;span style="font-family:&#x5FAE;&#x8EDF;&#x6B63;&#x9ED1;&#x9AD4;,sans-serif"&gt;&lt;span style="font-size:9.0pt"&gt;&#x4EE5;&#x4E0A;&#x5E7E;&#x9EDE;&#xFF0C;&#x6211;&#x5011;&#x53EF;&#x4EE5;&#x4E0D;&#x65B7;&#x5957;&#x7528;&#x76F8;&#x540C;&#x7684;&#x51FD;&#x6578;&#xFF0C;&#x8B93;&#x4ED6;&lt;strong&gt;&lt;span style="font-family:&#x5FAE;&#x8EDF;&#x6B63;&#x9ED1;&#x9AD4;,sans-serif"&gt;&#x81EA;&#x5DF1;&#x5E6B;&#x81EA;&#x5DF1;&#x89E3;&#x6C7A;&#x554F;&#x984C;&#x3002;&lt;/span&gt;&lt;/strong&gt;&lt;/span&gt;&lt;/span&gt;&lt;/span&gt;&lt;/p&gt;</content>
  <attach></attach>
  <rcount></rcount>
  <rank></rank>
  <hit>27</hit>
  <lang>1</lang>
</data>
