<?xml version="1.0"?>
<data version="3.0" time="2024-07-20 09:54:39" type="post" filename="b000000014000000001.xml">
  <open_time>0000-00-00</open_time>
  <close_time>0000-00-00</close_time>
  <lang_name>Big5</lang_name>
  <board_id>1001278676</board_id>
  <node>000000014000000001</node>
  <site>1000110001</site>
  <pt>2023-07-07 14:15:57</pt>
  <poster>11813</poster>
  <realname>&#x5433;&#x5B9C;&#x9D3B;  </realname>
  <email>yhwu@cycu.edu.tw</email>
  <homepage>https://www.researchgate.net/profile/Yi-Hung-Wu-2  </homepage>
  <subject>Re: &#x6436;&#x7B54;101  </subject>
  <content>&lt;p&gt;&#x7B54;101&lt;span style="color:#ff0000"&gt;&#xFF1A;&#x5FF5;&lt;/span&gt;&#x662F;&#x5C07;&#x4E00;&#x500B;&#x5927;&#x7684;&#x554F;&#x984C;&lt;/p&gt; </content>
  <attach></attach>
  <rcount></rcount>
  <rank></rank>
  <hit>1</hit>
  <lang>1</lang>
</data>
