<?xml version="1.0"?>
<data version="3.0" time="2024-07-19 08:59:30" type="post" filename="b000000009.xml">
  <open_time>0000-00-00</open_time>
  <close_time>0000-00-00</close_time>
  <lang_name>Big5</lang_name>
  <board_id>1001174274</board_id>
  <node>000000009</node>
  <site>1000110001</site>
  <pt>2022-10-15 16:39:33</pt>
  <poster>11027243</poster>
  <realname>&#x9673;&#x51A0;&#x59A4;  </realname>
  <email>hiroto104360@gmail.com</email>
  <homepage> </homepage>
  <subject>117. &#x5BEB;C++&#x7A0B;&#x5F0F;&#x78BC;&#x8AAA;&#x660E;&#x50B3;&#x5740;&#x547C;&#x53EB;call by address&#x3002; </subject>
  <content>&lt;p&gt;Call by address(&#x50B3;&#x5740;)&#xFF1A;&#x7C21;&#x55AE;&#x4F86;&#x8AAA;&#x5C31;&#x662F;&#x76F4;&#x63A5;&#x547C;&#x53EB;&#x4ED6;&#x7684;&#x8A18;&#x61B6;&#x9AD4;&#x4F4D;&#x7F6E;&#x9032;&#x884C;&#x4FEE;&#x6539;&#x3002;&lt;/p&gt;&#xD;
&#xD;
&lt;p&gt;&#x5C07;&#x53C3;&#x6578;&#x4EE5;&#x8A18;&#x61B6;&#x9AD4;&#x4F4D;&#x7F6E;&#x7684;&#x65B9;&#x5F0F;&#x50B3;&#x5230;&#x547C;&#x53EB;&#x6B64;&#x53C3;&#x6578;&#x7684;function&#xFF0C;&#x6B64;function&#x9700;&#x8981;&#x6709;&#x4E00;&#x500B;&#x6307;&#x6A19;&#x4F86;&#x6307;&#x5230;&#x9019;&#x500B;&#x53C3;&#x6578;&#x7684;&#x8A18;&#x61B6;&#x9AD4;&#x4F4D;&#x7F6E;&#xFF0C;&#x6240;&#x4EE5;&#x4E5F;&#x6709;&#x4EBA;&#x628A;Call by address&#x7A31;&#x4F5C;Call by value of pointer&#x3002;&lt;br /&gt;&#xD;
&#x56E0;&#x70BA;&#x4E3B;&#x7A0B;&#x5F0F;&#x548C;&#x88AB;&#x547C;&#x53EB;&#x7684;function&#x662F;&#x4F7F;&#x7528;&#x76F8;&#x540C;&#x8A18;&#x61B6;&#x9AD4;&#x4F4D;&#x7F6E;&#x7684;&#x5167;&#x5BB9;&#xFF0C;&#x6240;&#x4EE5;&#x7576;function&#x7684;&#x5167;&#x5BB9;&#x66F4;&#x6539;&#x6642;&#xFF0C;&#x540C;&#x6642;&#x4E5F;&#x6703;&#x5F71;&#x97FF;&#x5230;&#x4E3B;&#x7A0B;&#x5F0F;&#x7684;&#x6578;&#x503C;&#xFF0C;&#x50B3;&#x6307;&#x6A19;&#x4ECD;&#x7136;&#x662F;call by value &#x53EA;&#x662F;&#x90A3;&#x500B;value&#x662F;&#x6307;&#x6A19;&#x672C;&#x8EAB;&#xFF0C;&#x8907;&#x88FD;&#x7684;&#x5167;&#x5BB9;&#x4E5F;&#x662F;&#x6307;&#x6A19;&#x672C;&#x8EAB;&#xFF0C;&#x53EA;&#x4E0D;&#x904E;&#x90A3;&#x500B;value&#x525B;&#x597D;&#x5C31;&#x662F;address&#x800C;&#x5DF2;&#x3002;&lt;/p&gt;&#xD;
&#xD;
&lt;p&gt;-&lt;/p&gt;&#xD;
&#xD;
&lt;p&gt;&lt;br /&gt;&#xD;
Call by value(&#x50B3;&#x503C;)&#xFF1A;&#x53C3;&#x6578;&#x4EE5;&#x6578;&#x503C;&#x65B9;&#x5F0F;&#x50B3;&#x905E;&#x3002;&lt;/p&gt;&#xD;
&#xD;
&lt;p&gt;-&lt;/p&gt;&#xD;
&#xD;
&lt;p&gt;Call by reference(&#x50B3;&#x53C3;&#x8003;)&#xFF1A;&#x56E0;&#x70BA;call by address&#x7684;&#x5167;&#x5BB9;&#x70BA;&#x6307;&#x5411;&#x7684;&#x4F4D;&#x7F6E;&#xFF0C;&#x6240;&#x4EE5;&#x50B3;&#x5740;&#x7684;&#x6307;&#x6A19;&#x672C;&#x8EAB;&#x7136;&#x4ECD;&#x7136;&#x6709;&#x8A18;&#x61B6;&#x9AD4;&#x4F4D;&#x7F6E;&#xFF0C;&#x4F46;&#x662F;&#x50B3;&#x53C3;&#x8003;&#x662F;&#x4E0D;&#x6703;&#x6709;&#x7684;&#x3002;&#x4E5F;&#x56E0;&#x6B64;C++&#x7684;Call by reference&#x672C;&#x8CEA;&#x4E0A;&#x4E0D;&#x662F;call by value&#xFF0C;&#x9019;&#x4E5F;&#x662F;&#x548C;call by address&#x4E4B;&#x9593;&#x7684;&#x5DEE;&#x5225;&#x3002;&lt;/p&gt;&#xD;
&#xD;
&lt;p&gt;#############&lt;/p&gt;&#xD;
&#xD;
&lt;p&gt;&lt;img alt="" src="/user/1/1/11027243/images/%E8%9E%A2%E5%B9%95%E6%93%B7%E5%8F%96%E7%95%AB%E9%9D%A2%202022-10-15%20162639.jpg" style="height:843px; width:681px" /&gt;&lt;/p&gt;</content>
  <attach></attach>
  <rcount></rcount>
  <rank></rank>
  <hit>44</hit>
  <lang>1</lang>
</data>
