<?xml version="1.0"?>
<data version="3.0" time="2024-07-19 08:59:30" type="post" filename="b000000002.xml">
  <open_time>0000-00-00</open_time>
  <close_time>0000-00-00</close_time>
  <lang_name>Big5</lang_name>
  <board_id>1001174274</board_id>
  <node>000000002</node>
  <site>1000110001</site>
  <pt>2022-10-09 17:16:20</pt>
  <poster>11027206</poster>
  <realname>&#x6797;&#x80B2;&#x8431;  </realname>
  <email>cindylin911105@gmail.com</email>
  <homepage> </homepage>
  <subject>118. &#x4EE4;ptrX&#x6307;&#x5411;&#x93C8;&#x7D50;&#x4E32;&#x5217;&#x7684;&#x7BC0;&#x9EDE;&#xFF0C;&#x6BD4;&#x8F03;ptrX = ptrX-&amp;gt;next&#x548C;ptrX-&amp;gt;next = ptrX&#x7684;&#x5DEE;&#x7570;&#x3002; </subject>
  <content>&lt;p&gt;- &#x6BD4;&#x8F03;ptrX = ptrX-&amp;gt;next&#x548C;ptrX-&amp;gt;next = ptrX&#x7684;&#x5DEE;&#x7570;&#x3002;&lt;/p&gt;&#xD;
&#xD;
&lt;p&gt;&#x56E0;&#x70BA;&#x7B49;&#x865F;&#x7684;&#x904B;&#x7B97;&#x512A;&#x5148;&#x9806;&#x5E8F;&#x662F;&amp;quot;&#x7531;&#x53F3;&#x81F3;&#x5DE6;&amp;quot;&#xFF0C;&#x6240;&#x4EE5;&#x53F3;&#x908A;&#x505A;&#x5B8C;&#x7684;&#x503C;&#x6703;&#x8907;&#x88FD;&#x7D66;&#x5DE6;&#x908A;&#x7684;&#x8B8A;&#x6578;&#xFF0C;&#x56E0;&#x6B64;(&#x770B;&#x4E0B;&#x9762;&#x8AAA;&#x660E;)&lt;/p&gt;&#xD;
&#xD;
&lt;p&gt;(1)&amp;nbsp;ptrX = ptrX-&amp;gt;next&lt;/p&gt;&#xD;
&#xD;
&lt;p&gt;ptrX-&amp;gt;next&#x6240;&#x6307;&#x5411;&#x7684;&#x4F4D;&#x7F6E;&#x6703;&#x8907;&#x88FD;&#x7D66;ptrX&lt;/p&gt;&#xD;
&#xD;
&lt;p&gt;&lt;img alt="" src="/user/1/1/11027206/images/49940A82-5BE0-4399-9221-E3367D4CBF9E%285%29.jpg" style="height:188px; width:350px" /&gt;#&#x8A3B;:&#x7D05;&#x5B57;&#x70BA;&#x904B;&#x7B97;&#x5B8C;&#x7684;&#x7D50;&#x679C;&lt;/p&gt;&#xD;
&#xD;
&lt;p&gt;(2) ptrX-&amp;gt;next = ptrX&lt;/p&gt;&#xD;
&#xD;
&lt;p&gt;ptrX&#x6240;&#x6307;&#x5411;&#x7684;&#x4F4D;&#x7F6E;&#x6703;&#x8907;&#x88FD;&#x7D66;ptrX-&amp;gt;next&lt;/p&gt;&#xD;
&#xD;
&lt;p&gt;&lt;img alt="" src="/user/1/1/11027206/images/A19AE331-F798-444A-B9E5-3424C6F99536%282%29.jpg" style="height:170px; width:350px" /&gt;#&#x8A3B;:&#x7D05;&#x5B57;&#x70BA;&#x904B;&#x7B97;&#x5B8C;&#x7684;&#x7D50;&#x679C;&lt;/p&gt;&#xD;
&#xD;
&lt;p&gt;&#x7D50;&#x8AD6;: &#x5DE6;&#x5F0F;&#x6307;&#x5411;&#x7B2C;&#x4E8C;&#x500B;&#x7BC0;&#x9EDE;&#xFF1B;&#x53F3;&#x5F0F;&#x6307;&#x5411;&#x539F;&#x672C;&#x7684;&#x4F4D;&#x7F6E;(&#x7B2C;&#x4E00;&#x500B;&#x7BC0;&#x9EDE;)&#xFF0C;&#x5169;&#x8005;&#x4E0D;&#x540C;&#x3002;&lt;/p&gt;&#xD;
&#xD;
&lt;p&gt;(&#x5047;&#x8A2D;ptrX&#x6307;&#x5411;&#x7B2C;&#x4E00;&#x500B;&#x7BC0;&#x9EDE;&#x6642;)&lt;/p&gt;</content>
  <attach></attach>
  <rcount></rcount>
  <rank></rank>
  <hit>67</hit>
  <lang>1</lang>
</data>
