<?xml version="1.0"?>
<data version="3.0" time="2024-07-19 08:59:30" type="post" filename="b000000005.xml">
  <open_time>0000-00-00</open_time>
  <close_time>0000-00-00</close_time>
  <lang_name>Big5</lang_name>
  <board_id>1001174274</board_id>
  <node>000000005</node>
  <site>1000110001</site>
  <pt>2022-10-12 00:50:45</pt>
  <poster>11027213</poster>
  <realname>&#x674E;&#x6021;&#x8431;  </realname>
  <email>r911209911209@gmail.com</email>
  <homepage>  </homepage>
  <subject>118. &#x4EE4;ptrX&#x6307;&#x5411;&#x93C8;&#x7D50;&#x4E32;&#x5217;&#x7684;&#x7BC0;&#x9EDE;&#xFF0C;&#x6BD4;&#x8F03;ptrX = ptrX-&amp;gt;next&#x548C;ptrX-&amp;gt;next = ptrX&#x7684;&#x5DEE;&#x7570;&#x3002; </subject>
  <content>&lt;p&gt;(1)&amp;nbsp;ptrX = ptrX-&amp;gt;next&lt;/p&gt;&#xD;
&#xD;
&lt;p&gt;&amp;nbsp; &amp;nbsp; &amp;nbsp;ptrX&#x6703;&#x6307;&#x5411;ptrX-&amp;gt;next&#x6240;&#x6307;&#x5411;&#x7684;&#x4F4D;&#x7F6E;&lt;/p&gt;&#xD;
&#xD;
&lt;p&gt;&lt;img alt="" src="/user/1/1/11027213/images/2.jpg" style="height:150px; width:240px" /&gt;&lt;/p&gt;&#xD;
&#xD;
&lt;p&gt;(2) ptrX-&amp;gt;next = ptrX&lt;/p&gt;&#xD;
&#xD;
&lt;p&gt;&amp;nbsp; &amp;nbsp; &amp;nbsp;ptrX-&amp;gt;next&#x6703;&#x6307;&#x5411;ptrX&#x6240;&#x6307;&#x5411;&#x7684;&#x4F4D;&#x7F6E;&lt;/p&gt;&#xD;
&#xD;
&lt;p&gt;&lt;img alt="" src="/user/1/1/11027213/images/1.jpg" style="height:150px; width:261px" /&gt;&lt;/p&gt;&#xD;
&#xD;
&lt;p&gt;&lt;span style="color:#ff0000"&gt;*&#x4EE5;&#x4E0A;&#x5169;&#x5F35;&#x5716;&#x7684;&#x7D05;&#x8272;&#x7BAD;&#x982D;&#x662F;&#x5F8C;&#x4F86;&#x6240;&#x6307;&#x5411;&#x7684;&#x65B9;&#x5411;&lt;/span&gt;&lt;/p&gt; </content>
  <attach></attach>
  <rcount></rcount>
  <rank></rank>
  <hit>38</hit>
  <lang>1</lang>
</data>
