<?xml version="1.0"?>
<data version="3.0" time="2024-07-19 08:59:30" type="post" filename="b000000010000000001.xml">
  <open_time>0000-00-00</open_time>
  <close_time>0000-00-00</close_time>
  <lang_name>Big5</lang_name>
  <board_id>1001174274</board_id>
  <node>000000010000000001</node>
  <site>1000110001</site>
  <pt>2022-10-15 23:19:21</pt>
  <poster>11027237</poster>
  <realname>&#x7A0B;&#x6021;&#x6B23;  </realname>
  <email>ssc5613@gmail.com</email>
  <homepage>  </homepage>
  <subject>Re: 119. &#x5BEB;C++&#x7A0B;&#x5F0F;&#x78BC;&#x8AAA;&#x660E;&#x522A;&#x9664;&#x93C8;&#x7D50;&#x4E32;&#x5217;linked list&#x7B2C;3&#x500B;&#x7BC0;&#x9EDE;&#x3002;  </subject>
  <content>&lt;p&gt;Good!&lt;/p&gt; </content>
  <attach></attach>
  <rcount></rcount>
  <rank></rank>
  <hit>1</hit>
  <lang>1</lang>
</data>
