<?xml version="1.0"?>
<data version="3.0" time="2024-07-19 08:59:30" type="post" filename="b000000018.xml">
  <open_time>0000-00-00</open_time>
  <close_time>0000-00-00</close_time>
  <lang_name>Big5</lang_name>
  <board_id>1001174274</board_id>
  <node>000000018</node>
  <site>1000110001</site>
  <pt>2022-10-18 23:43:22</pt>
  <poster>11027204</poster>
  <realname>&#x912D;&#x5B87;&#x5091;  </realname>
  <email>11027204@O365st.cycu.edu.tw</email>
  <homepage>  </homepage>
  <subject>118. &#x4EE4;ptrX&#x6307;&#x5411;&#x93C8;&#x7D50;&#x4E32;&#x5217;&#x7684;&#x7BC0;&#x9EDE;&#xFF0C;&#x6BD4;&#x8F03;ptrX = ptrX-&amp;gt;next&#x548C;ptrX-&amp;gt;next = ptrX&#x7684;&#x5DEE;&#x7570;&#x3002; </subject>
  <content>&lt;p&gt;ptrX = ptrX-&amp;gt;next&#x610F;&#x601D;&#x662F;&#x8B93;ptrX&#x53BB;&#x6307;&#x5411;ptrX&#x7684;next&lt;/p&gt;&#xD;
&#xD;
&lt;p&gt;ptrX-&amp;gt;next = ptrX&#x610F;&#x601D;&#x662F;&#x8B93;ptrX&#x7684;next&#xFF08;&#x5982;&#x5716;&#x70BA;nodeA) &#x6307;&#x5411;ptrX&amp;nbsp;&lt;/p&gt;&#xD;
&#xD;
&lt;p&gt;&#x5169;&#x8005;&#x610F;&#x7FA9;&#x4E0D;&#x540C;&#xFF0C;&#x4E0B;&#x5716;&#x70BA;&#x6F14;&#x793A;&#x8AAA;&#x660E;&lt;/p&gt;&#xD;
&#xD;
&lt;p&gt;&lt;img alt="" src="/user/1/1/11027204/images/%E8%B3%87%E6%96%99%E7%B5%90%E6%A7%8B-34.jpg" style="height:800px; width:619px" /&gt;&lt;/p&gt; </content>
  <attach></attach>
  <rcount></rcount>
  <rank></rank>
  <hit>5</hit>
  <lang>1</lang>
</data>
