<?xml version="1.0"?>
<data version="3.0" time="2024-07-19 08:59:30" type="post" filename="b000000016.xml">
  <open_time>0000-00-00</open_time>
  <close_time>0000-00-00</close_time>
  <lang_name>Big5</lang_name>
  <board_id>1001174274</board_id>
  <node>000000016</node>
  <site>1000110001</site>
  <pt>2022-10-18 22:55:27</pt>
  <poster>11027246</poster>
  <realname>&#x6797;&#x8A70;&#x8A60;  </realname>
  <email>a78419261@gmail.com</email>
  <homepage> </homepage>
  <subject>118. &#x4EE4;ptrX&#x6307;&#x5411;&#x93C8;&#x7D50;&#x4E32;&#x5217;&#x7684;&#x7BC0;&#x9EDE;&#xFF0C;&#x6BD4;&#x8F03;ptrX = ptrX-&amp;gt;next&#x548C;ptrX-&amp;gt;next = ptrX&#x7684;&#x5DEE;&#x7570;&#x3002; </subject>
  <content>&lt;p&gt;// &#x9EC3;&#x8272;&#x70BA;&#x8B8A;&#x52D5;&#x5F8C;&#x7684;&#x7BAD;&#x982D;&lt;/p&gt;&#xD;
&#xD;
&lt;p&gt;1.&amp;nbsp;ptrX = ptrX-&amp;gt;next&lt;/p&gt;&#xD;
&#xD;
&lt;p&gt;&amp;nbsp; &amp;nbsp; ptrX&#x6703;&#x5F9E;&#x539F;&#x672C;&#x6307;&#x5411;&#x7684;&#x7BC0;&#x9EDE;&#x6307;&#x5411;ptrX-&amp;gt;next&#x6307;&#x5411;&#x7684;&#x7BC0;&#x9EDE;&#x3002;&lt;/p&gt;&#xD;
&#xD;
&lt;p&gt;&lt;img alt="" src="/user/1/1/11027246/images/%E6%9C%AA%E5%91%BD%E5%90%8D%281%29.png" style="height:672px; width:1416px" /&gt;&lt;/p&gt;&#xD;
&#xD;
&lt;p&gt;(2) ptrX-&amp;gt;next = ptrX&lt;/p&gt;&#xD;
&#xD;
&lt;p&gt;&amp;nbsp; &amp;nbsp; &amp;nbsp;ptrX-&amp;gt;next&#x6703;&#x5F9E;&#x539F;&#x672C;&#x6307;&#x5411;&#x7684;&#x7BC0;&#x9EDE;&#x6307;&#x5411;ptrX&#x6307;&#x5411;&#x7684;&#x7BC0;&#x9EDE;&#x3002;&lt;/p&gt;&#xD;
&#xD;
&lt;p&gt;&lt;img alt="" src="/user/1/1/11027246/images/%E6%9C%AA%E5%91%BD%E5%90%8D1.png" style="height:672px; width:1416px" /&gt;&lt;/p&gt;</content>
  <attach></attach>
  <rcount></rcount>
  <rank></rank>
  <hit>22</hit>
  <lang>1</lang>
</data>
