<?xml version="1.0"?>
<data version="3.0" time="2024-07-19 08:59:30" type="post" filename="b000000010.xml">
  <open_time>0000-00-00</open_time>
  <close_time>0000-00-00</close_time>
  <lang_name>Big5</lang_name>
  <board_id>1001174274</board_id>
  <node>000000010</node>
  <site>1000110001</site>
  <pt>2022-10-15 18:49:59</pt>
  <poster>11027235</poster>
  <realname>&#x6C5F;&#x5EAD;&#x7444;  </realname>
  <email>sherrychiang01@gmail.com</email>
  <homepage>  </homepage>
  <subject>119. &#x5BEB;C++&#x7A0B;&#x5F0F;&#x78BC;&#x8AAA;&#x660E;&#x522A;&#x9664;&#x93C8;&#x7D50;&#x4E32;&#x5217;linked list&#x7B2C;3&#x500B;&#x7BC0;&#x9EDE;&#x3002; </subject>
  <content>&lt;p&gt;#include &amp;lt;bits/stdc++.h&amp;gt;&lt;br /&gt;&#xD;
using namespace std;&lt;/p&gt;&#xD;
&#xD;
&lt;p&gt;struct Happy{&lt;br /&gt;&#xD;
&amp;nbsp;&amp;nbsp; &amp;nbsp;int num = 0;&lt;br /&gt;&#xD;
&amp;nbsp;&amp;nbsp; &amp;nbsp;Happy*next;&lt;br /&gt;&#xD;
};&lt;/p&gt;&#xD;
&#xD;
&lt;p&gt;int main(){&lt;br /&gt;&#xD;
&amp;nbsp;&amp;nbsp; &amp;nbsp;Happy *head = new Happy;&lt;br /&gt;&#xD;
&amp;nbsp;&amp;nbsp; &amp;nbsp;Happy *current = head;&lt;br /&gt;&#xD;
&amp;nbsp;&amp;nbsp; &amp;nbsp;Happy *tail = head;&lt;/p&gt;&#xD;
&#xD;
&lt;p&gt;&amp;nbsp; &amp;nbsp; //&#x4E94;&#x500B;&#x7BC0;&#x9EDE;index:01234&lt;br /&gt;&#xD;
&amp;nbsp;&amp;nbsp; &amp;nbsp;int i = 0;&amp;nbsp;&lt;br /&gt;&#xD;
&amp;nbsp;&amp;nbsp; &amp;nbsp;while( i &amp;lt; 5 ){&lt;br /&gt;&#xD;
&amp;nbsp;&amp;nbsp; &amp;nbsp;&amp;nbsp;&amp;nbsp; &amp;nbsp;tail-&amp;gt;num = i;&lt;br /&gt;&#xD;
&amp;nbsp;&amp;nbsp; &amp;nbsp;&amp;nbsp;&amp;nbsp; &amp;nbsp;tail = tail-&amp;gt;next;&lt;br /&gt;&#xD;
&amp;nbsp;&amp;nbsp; &amp;nbsp;&amp;nbsp;&amp;nbsp; &amp;nbsp;i++;&lt;br /&gt;&#xD;
&amp;nbsp;&amp;nbsp; &amp;nbsp;}&lt;/p&gt;&#xD;
&#xD;
&lt;p&gt;&amp;nbsp;&amp;nbsp; &amp;nbsp;current = current-&amp;gt;next; //&#x8B93;current&#x6307;&#x5411;&#x4E00;&#x865F;(&#x7B2C;&#x4E8C;&#x500B;&#x7BC0;&#x9EDE;)&lt;/p&gt;&#xD;
&#xD;
&lt;p&gt;&amp;nbsp;&amp;nbsp; &amp;nbsp;current-&amp;gt;next = current-&amp;gt;next-&amp;gt;next; // &#x4E8C;&#x865F;&#x6307;&#x5411;&#x7684;&#x6771;&#x897F;&#x7D66;&#x4E00;&#x865F;&#x6307;&lt;/p&gt;&#xD;
&#xD;
&lt;p&gt;&amp;nbsp;&amp;nbsp; &amp;nbsp;while(head!=tail){ &amp;nbsp;//&#x5370;&#x51FA;&#x7BC0;&#x9EDE;index:0134&lt;br /&gt;&#xD;
&amp;nbsp;&amp;nbsp; &amp;nbsp;&amp;nbsp;&amp;nbsp; &amp;nbsp;cout&amp;lt;&amp;lt;head-&amp;gt;num;&lt;br /&gt;&#xD;
&amp;nbsp;&amp;nbsp; &amp;nbsp;&amp;nbsp;&amp;nbsp; &amp;nbsp;head= head-&amp;gt;next;&lt;br /&gt;&#xD;
&amp;nbsp;&amp;nbsp; &amp;nbsp;}&lt;br /&gt;&#xD;
}&lt;/p&gt; </content>
  <attach></attach>
  <rcount></rcount>
  <rank></rank>
  <hit>32</hit>
  <lang>1</lang>
</data>
