<?xml version="1.0"?>
<data version="3.0" time="2024-07-19 08:59:30" type="post" filename="b000000004.xml">
  <open_time>0000-00-00</open_time>
  <close_time>0000-00-00</close_time>
  <lang_name>Big5</lang_name>
  <board_id>1001174274</board_id>
  <node>000000004</node>
  <site>1000110001</site>
  <pt>2022-10-12 00:15:17</pt>
  <poster>11027221</poster>
  <realname>&#x694A;&#x8CBD;&#x5A77;  </realname>
  <email>nicoleyang8899@gmail.com</email>
  <homepage>  </homepage>
  <subject>118. &#x4EE4;ptrX&#x6307;&#x5411;&#x93C8;&#x7D50;&#x4E32;&#x5217;&#x7684;&#x7BC0;&#x9EDE;&#xFF0C;&#x6BD4;&#x8F03;ptrX = ptrX-&amp;gt;next&#x548C;ptrX-&amp;gt;next = ptrX&#x7684;&#x5DEE;&#x7570;&#x3002; </subject>
  <content>&lt;p&gt;ptrX = ptrX -&amp;gt; next&lt;/p&gt;&#xD;
&#xD;
&lt;p&gt;&#x610F;&#x601D;&#x662F;&#x5C07;ptrX&#x7684;&#x7BAD;&#x982D;&#x65B9;&#x5411;&#x6307;&#x5411;ptrX -&amp;gt; next&#x6307;&#x5411;&#x7684;&#x65B9;&#x5411;&lt;/p&gt;&#xD;
&#xD;
&lt;p&gt;ptrX -&amp;gt; next = ptrX&lt;/p&gt;&#xD;
&#xD;
&lt;p&gt;&#x610F;&#x601D;&#x662F;&#x5C07;ptrX -&amp;gt; next&#x7684;&#x7BAD;&#x982D;&#x65B9;&#x5411;&#x6307;&#x5411;ptrX&#x6307;&#x5411;&#x7684;&#x65B9;&#x5411;&lt;/p&gt;&#xD;
&#xD;
&lt;p&gt;&lt;img alt="" src="/user/1/1/11027221/images/S__229378.jpg" style="height:1308px; width:1252px" /&gt;&lt;/p&gt; </content>
  <attach></attach>
  <rcount></rcount>
  <rank></rank>
  <hit>35</hit>
  <lang>1</lang>
</data>
