<?xml version="1.0"?>
<data version="3.0" time="2024-07-19 08:59:30" type="post" filename="b000000009000000004.xml">
  <open_time>0000-00-00</open_time>
  <close_time>0000-00-00</close_time>
  <lang_name>Big5</lang_name>
  <board_id>1001174274</board_id>
  <node>000000009000000004</node>
  <site>1000110001</site>
  <pt>2022-10-15 23:32:36</pt>
  <poster>11027262</poster>
  <realname>&#x9418;&#x807F;&#x4EAD;  </realname>
  <email>shenyao0214@gmail.com</email>
  <homepage>  </homepage>
  <subject>Re: 117. &#x5BEB;C++&#x7A0B;&#x5F0F;&#x78BC;&#x8AAA;&#x660E;&#x50B3;&#x5740;&#x547C;&#x53EB;call by address&#x3002;  </subject>
  <content>&lt;p&gt;&#x1F44D;&#x1F3FB;&lt;/p&gt; </content>
  <attach></attach>
  <rcount></rcount>
  <rank></rank>
  <hit>1</hit>
  <lang>1</lang>
</data>
