<?xml version="1.0"?>
<data version="3.0" time="2024-07-19 08:59:30" type="post" filename="b000000015.xml">
  <open_time>0000-00-00</open_time>
  <close_time>0000-00-00</close_time>
  <lang_name>Big5</lang_name>
  <board_id>1001174274</board_id>
  <node>000000015</node>
  <site>1000110001</site>
  <pt>2022-10-18 22:41:34</pt>
  <poster>11027215</poster>
  <realname>&#x6C5F;&#x627F;&#x6CF0;  </realname>
  <email>aa920731@gmail.com</email>
  <homepage>  </homepage>
  <subject>118. &#x4EE4;ptrX&#x6307;&#x5411;&#x93C8;&#x7D50;&#x4E32;&#x5217;&#x7684;&#x7BC0;&#x9EDE;&#xFF0C;&#x6BD4;&#x8F03;ptrX = ptrX-&amp;gt;next&#x548C;ptrX-&amp;gt;next = ptrX&#x7684;&#x5DEE;&#x7570;&#x3002; </subject>
  <content>&lt;p&gt;ptrX = ptrX -&amp;gt; next&amp;nbsp; &#x662F;&#x628A;ptrX&#x6307;&#x5411;&#x539F;&#x672C;ptrX&#x7684;next(&#x5F80;&#x5F8C;&#x8D70;)&#xFF0C;&#x4F46;&#x539F;&#x672C;&#x7684;ptrX&#x5C31;&#x6C92;&#x6709;&#x4EBA;&#x53BB;&#x6307;&#x5411;&#x4ED6;&#x4E86;&lt;/p&gt;&#xD;
&#xD;
&lt;p&gt;ptrX -&amp;gt; next = ptrX&amp;nbsp; &#x662F;&#x628A;ptrX&#x7684;next&#x8A2D;&#x70BA;&#x6307;&#x5411;ptrX&#x81EA;&#x5DF1;&#xFF0C;&#x5C31;&#x6703;&#x8B8A;&#x6210;&#x81EA;&#x5DF1;&#x7684;next&#x9084;&#x662F;&#x81EA;&#x5DF1;&lt;/p&gt; </content>
  <attach></attach>
  <rcount></rcount>
  <rank></rank>
  <hit>6</hit>
  <lang>1</lang>
</data>
