<?xml version="1.0"?>
<data version="3.0" time="2024-07-19 08:59:30" type="post" filename="b000000006.xml">
  <open_time>0000-00-00</open_time>
  <close_time>0000-00-00</close_time>
  <lang_name>Big5</lang_name>
  <board_id>1001174274</board_id>
  <node>000000006</node>
  <site>1000110001</site>
  <pt>2022-10-12 10:19:05</pt>
  <poster>11027216</poster>
  <realname>&#x6F58;&#x8449;&#x4F9D;&#x7433;  </realname>
  <email>jocelyn11027216@gmail.com</email>
  <homepage>  </homepage>
  <subject>120. &#x8209;&#x4F8B;&#x8AAA;&#x660E;&#x4F7F;&#x7528;&#x96D9;&#x5411;&#x93C8;&#x7D50;&#x4E32;&#x5217;doubly linked list&#x7684;&#x60C5;&#x5883;&#x3002; </subject>
  <content>&lt;p&gt;1. &#x55AE;&#x5411;&#x93C8;&#x7D50;&#x4E32;&#x5217;&#x8981;&#x627E;&#x4E00;&#x500B;&#x7BC0;&#x9EDE;&#x7684;&#x4E0A;&#x4E00;&#x500B;&#x7BC0;&#x9EDE;&#x7684;&#x8A71;&#xFF0C;&#x5FC5;&#x9808;&#x5F9E;&#x982D;&#x958B;&#x59CB;&#x627E;&#xFF0C;&#x4F46;&#x96D9;&#x5411;&#x93C8;&#x7D50;&#x4E32;&#x5217;&#x6709;&#x5169;&#x500B;&#x6307;&#x6A19;&#x7BC0;&#x9EDE;&#xFF0C;&#x5728;&#x8655;&#x7406;&#x52A0;&#x5165;&#x6216;&#x522A;&#x9664;&#x7BC0;&#x9EDE;&#x52D5;&#x4F5C;&#x6642;&#xFF0C;&#x901F;&#x5EA6;&#x6BD4;&#x8F03;&#x5FEB;&#x3002;&lt;/p&gt;&#xD;
&#xD;
&lt;p&gt;2.&#x82E5;&#x96D9;&#x5411;&#x93C8;&#x7D50;&#x4E32;&#x5217;&#x6709;&#x4EFB;&#x4E00;&#x7AEF;&#x7684;&#x6307;&#x6A19;&#x9023;&#x7D50;&#x932F;&#x8AA4;&#x6216;&#x812B;&#x843D;&#xFF0C;&#x5B83;&#x53EF;&#x4EE5;&#x5FEB;&#x901F;&#x9032;&#x884C;&#x4FEE;&#x88DC;&#x932F;&#x8AA4;&#x6216;&#x812B;&#x843D;&#x7684;&#x9023;&#x7D50;&#x7BC0;&#x9EDE;&#x3002;&lt;/p&gt;&#xD;
&#xD;
&lt;p&gt;3.&#x53EF;&#x96D9;&#x5411;&#x8B80;&#x53D6;&#x7BC0;&#x9EDE;&lt;/p&gt; </content>
  <attach></attach>
  <rcount></rcount>
  <rank></rank>
  <hit>32</hit>
  <lang>1</lang>
</data>
