<?xml version="1.0"?>
<data version="3.0" time="2024-07-19 08:59:30" type="post" filename="b000000014.xml">
  <open_time>0000-00-00</open_time>
  <close_time>0000-00-00</close_time>
  <lang_name>Big5</lang_name>
  <board_id>1001174274</board_id>
  <node>000000014</node>
  <site>1000110001</site>
  <pt>2022-10-18 14:57:42</pt>
  <poster>11027239</poster>
  <realname>&#x90B1;&#x5BA5;&#x6587;  </realname>
  <email>ivan42095108@gmail.com</email>
  <homepage> </homepage>
  <subject>118. &#x4EE4;ptrX&#x6307;&#x5411;&#x93C8;&#x7D50;&#x4E32;&#x5217;&#x7684;&#x7BC0;&#x9EDE;&#xFF0C;&#x6BD4;&#x8F03;ptrX = ptrX-&amp;gt;next&#x548C;ptrX-&amp;gt;next = ptrX&#x7684;&#x5DEE;&#x7570;&#x3002; </subject>
  <content>&lt;p&gt;&lt;img alt="" src="/user/1/1/11027239/images/IMG_0043%281%29.jpg" style="height:1171px; width:1232px" /&gt;&lt;/p&gt;</content>
  <attach></attach>
  <rcount></rcount>
  <rank></rank>
  <hit>10</hit>
  <lang>1</lang>
</data>
