<?xml version="1.0"?>
<data version="3.0" time="2024-07-19 09:06:21" type="post" filename="b000000005000000001.xml">
  <open_time>0000-00-00</open_time>
  <close_time>0000-00-00</close_time>
  <lang_name>Big5</lang_name>
  <board_id>1001162656</board_id>
  <node>000000005000000001</node>
  <site>1000110001</site>
  <pt>2023-01-04 15:33:37</pt>
  <poster>11813</poster>
  <realname>&#x5433;&#x5B9C;&#x9D3B;  </realname>
  <email>yhwu@cycu.edu.tw</email>
  <homepage>https://www.researchgate.net/profile/Yi-Hung-Wu-2  </homepage>
  <subject>Re: 230. &#x6BD4;&#x8F03;&#x4EE5;&#x9663;&#x5217;&#x6216;&#x6307;&#x6A19;&#x5BE6;&#x4F5C;&#x5806;&#x7A4D;&#x7D50;&#x69CB;&#x7684;&#x512A;&#x7F3A;&#x9EDE;&#x3002;  </subject>
  <content>&lt;p&gt;OK&lt;/p&gt; </content>
  <attach></attach>
  <rcount></rcount>
  <rank></rank>
  <hit>1</hit>
  <lang>1</lang>
</data>
