<?xml version="1.0"?>
<data version="3.0" time="2024-07-19 09:06:21" type="post" filename="b000000005.xml">
  <open_time>0000-00-00</open_time>
  <close_time>0000-00-00</close_time>
  <lang_name>Big5</lang_name>
  <board_id>1001162656</board_id>
  <node>000000005</node>
  <site>1000110001</site>
  <pt>2023-01-03 22:20:44</pt>
  <poster>11027124</poster>
  <realname>&#x8521;&#x4F51;&#x653F;  </realname>
  <email>kennytsai0213@icloud.com</email>
  <homepage>  </homepage>
  <subject>230. &#x6BD4;&#x8F03;&#x4EE5;&#x9663;&#x5217;&#x6216;&#x6307;&#x6A19;&#x5BE6;&#x4F5C;&#x5806;&#x7A4D;&#x7D50;&#x69CB;&#x7684;&#x512A;&#x7F3A;&#x9EDE;&#x3002; </subject>
  <content>&lt;p&gt;&#x9663;&#x5217;&#x5BE6;&#x4F5C;&#x5806;&#x7A4D;&#x7D50;&#x69CB;&#x7684;&#x512A;&#x9EDE;&#x5728;&#x65BC;&#x5BE6;&#x4F5C;&#x7C21;&#x55AE;&#xFF0C;&#x96A8;&#x6A5F;&#x5B58;&#x53D6;&#x6548;&#x7387;&#x9AD8;&#xFF0C;&#x662F;&#x4E00;&#x7A2E;&#x7DDA;&#x6027;&#x5B58;&#x5132;&#x7D50;&#x69CB;&#xFF0C;&#x4F46;&#x662F;&#xFF0C;&#x4F7F;&#x7528;&#x9663;&#x5217;&#x6709;&#x8F03;&#x9AD8;&#x7684;&#x7A7A;&#x9593;&#x6D6A;&#x8CBB;&#xFF0C;&#x5927;&#x5C0F;&#x56FA;&#x5B9A;&#x4E14;&#x8A2A;&#x554F;&#x6548;&#x7387;&#x8F03;&#x4F4E;&#x7684;&#x7F3A;&#x9EDE;&#x3002;&lt;/p&gt;&#xD;
&#xD;
&lt;p&gt;&#x76F8;&#x5C0D;&#x5730;&#xFF0C;&#x4F7F;&#x7528;&#x6307;&#x6A19;&#x5BE6;&#x4F5C;&#x5806;&#x7A4D;&#x7D50;&#x69CB;&#x7684;&#x512A;&#x9EDE;&#x5728;&#x65BC;&#x512A;&#x79C0;&#x7684;&#x7A7A;&#x9593;&#x5229;&#x7528;&#x6548;&#x7387;&#xFF0C;&#x652F;&#x63F4;&#x81EA;&#x7531;&#x7D50;&#x69CB;&#xFF0C;&#x53EF;&#x4EE5;&#x5BE6;&#x73FE;&#x8907;&#x96DC;&#x7684;&#x7D50;&#x69CB;&#xFF0C;&#x4F46;&#x662F;&#x5BE6;&#x4F5C;&#x8F03;&#x70BA;&#x8907;&#x96DC;&#xFF0C;&#x53EF;&#x80FD;&#x6703;&#x7522;&#x751F;&#x8A18;&#x61B6;&#x9AD4;&#x788E;&#x7247;&#x5316;&#x554F;&#x984C;&#xFF0C;&#x4E14;&#x8A2A;&#x554F;&#x6548;&#x7387;&#x8F03;&#x4F4E;&#x3002;&lt;/p&gt; </content>
  <attach></attach>
  <rcount></rcount>
  <rank></rank>
  <hit>5</hit>
  <lang>1</lang>
</data>
