<?xml version="1.0"?>
<data version="3.0" time="2024-07-19 09:06:21" type="post" filename="b000000001.xml">
  <open_time>0000-00-00</open_time>
  <close_time>0000-00-00</close_time>
  <lang_name>Big5</lang_name>
  <board_id>1001162656</board_id>
  <node>000000001</node>
  <site>1000110001</site>
  <pt>2022-12-20 14:29:39</pt>
  <poster>10721221</poster>
  <realname>&#x856D;&#x831C;&#x6587;  </realname>
  <email>wen042118@icloud.com</email>
  <homepage>  </homepage>
  <subject>229. &#x8209;&#x4F8B;&#x89E3;&#x8AAA;&#x5806;&#x7A4D;&#x6392;&#x5E8F;heap sort&#x662F;&#x5426;&#x7A69;&#x5B9A;&#x6392;&#x5E8F;&#x3002; </subject>
  <content>&lt;p&gt;&#x6392;&#x5E8F;&#x5F8C;&#xFF0C;&#x76F8;&#x540C;&#x9375;&#x503C;&#x7684;&#x5143;&#x7D20;&#x76F8;&#x5C0D;&#x4F4D;&#x7F6E;&#x53EF;&#x80FD;&#x6539;&#x8B8A;&#x3002;&lt;/p&gt;&#xD;
&#xD;
&lt;p&gt;&#x5806;&#x6392;&#x5E8F;&#x4E0D;&#x7A69;&#x5B9A;&#x7684;&#x4F8B;&#x5B50;:&lt;/p&gt;&#xD;
&#xD;
&lt;p&gt;&#x8003;&#x616E;&#x6578;&#x7D44; [21 20a 20b 12 11 8 7]&#xFF08;&#x5DF2;&#x7D93;&#x662F;&#x6700;&#x5927;&#x5806;&#x683C;&#x5F0F;&#xFF09;&#x3002;&lt;/p&gt;&#xD;
&#xD;
&lt;p&gt;&#x9019;&#x88E1; 20a = 20b &#x53EA;&#x662F;&#x70BA;&#x4E86;&#x5340;&#x5206;&#x6211;&#x5011;&#x5C07;&#x5B83;&#x5011;&#x8868;&#x793A;&#x70BA; 20a &#x548C; 20b &#x7684;&#x9806;&#x5E8F;&#x3002;&lt;/p&gt;&#xD;
&#xD;
&lt;p&gt;&#x96D6;&#x7136; heap sort &#x7B2C;&#x4E00;&#x500B; 21 &#x88AB;&#x522A;&#x9664;&#x4E26;&#x653E;&#x7F6E;&#x5728;&#x6700;&#x5F8C;&#x4E00;&#x500B;&#x7D22;&#x5F15;&#x4E2D;&#xFF0C;&#x7136;&#x5F8C; 20a &#x88AB;&#x522A;&#x9664;&#x4E26;&#x653E;&#x7F6E;&#x5728;&#x6700;&#x5F8C;&#x4E00;&#x500B;&#x7D22;&#x5F15;&#x4E2D;&#xFF0C;&#x800C; 20b &#x5728;&#x6700;&#x5F8C;&#x4E00;&#x500B;&#x7D22;&#x5F15;&#x4E2D;&#xFF0C;&#x4F46;&#x5169;&#x500B;&#x7D22;&#x5F15;&#x4E2D;&#x56E0;&#x6B64;&#x5728;&#x5806;&#x6392;&#x5E8F;&#x4E4B;&#x5F8C;&#x6578;&#x7D44;&#x770B;&#x8D77;&#x4F86;&#x50CF;[7 8 11 12 20b 20a 21]&#x3002;&lt;/p&gt;&#xD;
&#xD;
&lt;p&gt;&#x5B83;&#x4E0D;&#x4FDD;&#x7559;&#x5143;&#x7D20;&#x7684;&#x9806;&#x5E8F;&#xFF0C;&#x56E0;&#x6B64;&#x4E0D;&#x7A69;&#x5B9A;&#x3002;&lt;/p&gt; </content>
  <attach></attach>
  <rcount></rcount>
  <rank></rank>
  <hit>34</hit>
  <lang>1</lang>
</data>
