<?xml version="1.0"?>
<data version="3.0" time="2024-07-19 08:59:22" type="post" filename="b000000003000000002.xml">
  <open_time>0000-00-00</open_time>
  <close_time>0000-00-00</close_time>
  <lang_name>Big5</lang_name>
  <board_id>1001174273</board_id>
  <node>000000003000000002</node>
  <site>1000110001</site>
  <pt>2022-10-09 23:52:55</pt>
  <poster>11813</poster>
  <realname>&#x5433;&#x5B9C;&#x9D3B;  </realname>
  <email>yhwu@cycu.edu.tw</email>
  <homepage>https://www.researchgate.net/profile/Yi-Hung-Wu-2  </homepage>
  <subject>Re: 111. &#x5BEB;&#x51FA;C++&#x7A0B;&#x5F0F;&#x78BC;&#x8AAA;&#x660E;&#x50B3;&#x503C;&#x547C;&#x53EB;call by value&#x3002;  </subject>
  <content>&lt;p&gt;&lt;span style="color:#ff0000"&gt;&#x8ACB;&#x4F9D;&#x984C;&#x610F;&#x89E3;&#x91CB;&#x7A0B;&#x5F0F;&#x78BC;&#x3002;&lt;/span&gt;&lt;/p&gt;&#xD;
&#xD;
&lt;p&gt;&#x9644;&#x8A3B;&#xFF1A;&lt;/p&gt;&#xD;
&#xD;
&lt;p&gt;&lt;span style="color:#b22222"&gt;1. &#x672C;&#x8AB2;&#x7A0B;&#x4F5C;&#x696D;&#x52FF;&#x4F7F;&#x7528;&amp;quot;&#x842C;&#x80FD;&#x6A19;&#x982D;&#x6A94;&amp;quot;&#x3002;(&#x7406;&#x7531;&#xFF1A;&#x6E05;&#x695A;&#x8A8D;&#x77E5;&#x7A0B;&#x5F0F;&#x6240;&#x4F7F;&#x7528;&#x7684;&#x65E2;&#x6709;&#x51FD;&#x6578;)&lt;/span&gt;&lt;/p&gt;&#xD;
&#xD;
&lt;p&gt;&lt;span style="color:#b22222"&gt;2. &#x672C;&#x8AB2;&#x7A0B;&#x4F5C;&#x696D;&#x52FF;&#x4F7F;&#x7528;auto&#x81EA;&#x52D5;&#x8B8A;&#x6578;&#x3002;(&#x7406;&#x7531;&#xFF1A;&#x6E05;&#x695A;&#x8A8D;&#x77E5;&#x7A0B;&#x5F0F;&#x6240;&#x4F7F;&#x7528;&#x7684;&#x8B8A;&#x6578;&#x578B;&#x5225;)&lt;/span&gt;&lt;/p&gt; </content>
  <attach></attach>
  <rcount></rcount>
  <rank></rank>
  <hit>1</hit>
  <lang>1</lang>
</data>
