<?xml version="1.0"?>
<data version="3.0" time="2024-07-19 08:59:22" type="post" filename="b000000001000000001.xml">
  <open_time>0000-00-00</open_time>
  <close_time>0000-00-00</close_time>
  <lang_name>Big5</lang_name>
  <board_id>1001174273</board_id>
  <node>000000001000000001</node>
  <site>1000110001</site>
  <pt>2022-09-29 22:31:29</pt>
  <poster>11813</poster>
  <realname>&#x5433;&#x5B9C;&#x9D3B;  </realname>
  <email>yhwu@cycu.edu.tw</email>
  <homepage>https://www.researchgate.net/profile/Yi-Hung-Wu-2  </homepage>
  <subject>Re: 114. &#x5BEB;&#x51FA;C++&#x7A0B;&#x5F0F;&#x78BC;&#x8AAA;&#x660E;&#x540C;&#x985E;&#x5225;&#x5169;&#x500B;&#x65B9;&#x6CD5;&#x5982;&#x4F55;&#x5BE6;&#x73FE;&#x591A;&#x8F09;overloading  </subject>
  <content>&lt;p&gt;&lt;span style="color:#0000cd"&gt;&#x883B;&#x5B8C;&#x6574;&#x7684;&#x7BC4;&#x4F8B;&#x53CA;&#x89E3;&#x8AAA;&#xFF0C;&#x7D66;&#x53C3;&#x8003;&#x662F;&#x4E0D;&#x932F;&#x7684;&#x7FD2;&#x6163;&#x3002;&lt;/span&gt;&lt;/p&gt;&#xD;
&#xD;
&lt;p&gt;private data member&#x662F;&#x4F5C;&#x696D;#2&#x5FC5;&#x9808;&#x505A;&#x5230;&#x7684;&#xFF0C;private method&#x5247;&#x53EF;&#x6709;&#x53EF;&#x7121;&#x3002;&lt;/p&gt; </content>
  <attach></attach>
  <rcount></rcount>
  <rank></rank>
  <hit>1</hit>
  <lang>1</lang>
</data>
