<?xml version="1.0"?>
<data version="3.0" time="2024-07-19 08:59:22" type="post" filename="b000000009.xml">
  <open_time>0000-00-00</open_time>
  <close_time>0000-00-00</close_time>
  <lang_name>Big5</lang_name>
  <board_id>1001174273</board_id>
  <node>000000009</node>
  <site>1000110001</site>
  <pt>2022-10-10 14:18:59</pt>
  <poster>11027243</poster>
  <realname>&#x9673;&#x51A0;&#x59A4;  </realname>
  <email>hiroto104360@gmail.com</email>
  <homepage>  </homepage>
  <subject>111. &#x5BEB;&#x51FA;C++&#x7A0B;&#x5F0F;&#x78BC;&#x8AAA;&#x660E;&#x50B3;&#x503C;&#x547C;&#x53EB;call by value&#x3002; </subject>
  <content>&lt;p&gt;call by value(&#x50B3;&#x503C;)&#xFF1A;&lt;br /&gt;&#xD;
&#x53C3;&#x6578;&#x4EE5;&#x6578;&#x503C;&#x65B9;&#x5F0F;&#x50B3;&#x905E;&#xFF0C;&#x9867;&#x540D;&#x601D;&#x7FA9;&#x628A;&#x503C;&#x50B3;&#x5230;&#x53E6;&#x4E00;&#x500B;&#x8A18;&#x61B6;&#x9AD4;&#x4F4D;&#x7F6E;&#x7684;&#x503C;&#x4E0A;&lt;br /&gt;&#xD;
&#x5728;cal by value&#x7684;&#x60C5;&#x6CC1;&#x4E0B;&#xFF0C;&#x547C;&#x53EB;&#x51FD;&#x6578;&#x6240;&#x50B3;&#x905E;&#x7684;&#x53C3;&#x6578;&#x4EE5;&#x53CA;&#x53C3;&#x6578;&#x5730;&#x5740;&#x7686;&#x4E0D;&#x6703;&#x88AB;&#x6539;&#x8B8A;&#x3002;&lt;/p&gt;&#xD;
&#xD;
&lt;p&gt;call by reference(&#x50B3;&#x53C3;&#x8003;)&#xFF1A;&lt;br /&gt;&#xD;
&#x628A;&#x8A18;&#x61B6;&#x9AD4;&#x4F4D;&#x7F6E;&#x50B3;&#x5230;&#x79FB;&#x5230;&#x53E6;&#x4E00;&#x500B;&#x8A18;&#x61B6;&#x9AD4;&#x4F4D;&#x7F6E;&#x4E0A; (&#x53EF;&#x770B;&#x4F5C;&#x540C;&#x4E00;&#x500B;&#x7269;&#x4EF6;)&lt;br /&gt;&#xD;
&#x5728;cal by reference&#x7684;&#x60C5;&#x6CC1;&#x4E0B;&#xFF0C;&#x547C;&#x53EB;&#x51FD;&#x6578;&#x6240;&#x50B3;&#x905E;&#x7684;&#x53C3;&#x6578;&#x53EF;&#x4EE5;&#x88AB;&#x6539;&#x8B8A;&#xFF0C;&#x4F46;&#x53C3;&#x6578;&#x5730;&#x5740;&#x4E26;&#x4E0D;&#x6703;&#x88AB;&#x6539;&#x8B8A;&#x3002;&lt;/p&gt;&#xD;
&#xD;
&lt;p&gt;#############&lt;/p&gt;&#xD;
&#xD;
&lt;p&gt;# include &amp;lt;iostream&amp;gt;&lt;br /&gt;&#xD;
using namespace std;&lt;/p&gt;&#xD;
&#xD;
&lt;p&gt;void TestRef(int &amp;amp; ref) {&lt;br /&gt;&#xD;
&amp;nbsp; &amp;nbsp; ref = ref * 10;&lt;br /&gt;&#xD;
&amp;nbsp; &amp;nbsp; return ;&lt;br /&gt;&#xD;
} //TestRef&lt;/p&gt;&#xD;
&#xD;
&lt;p&gt;void TestVal(int val){&lt;br /&gt;&#xD;
&amp;nbsp;&amp;nbsp; &amp;nbsp;val = val * 10;&lt;br /&gt;&#xD;
&amp;nbsp;&amp;nbsp; &amp;nbsp;return;&lt;br /&gt;&#xD;
}// TestVal&lt;/p&gt;&#xD;
&#xD;
&lt;p&gt;int main() {&lt;br /&gt;&#xD;
&amp;nbsp;&amp;nbsp; &amp;nbsp;&lt;br /&gt;&#xD;
&amp;nbsp; &amp;nbsp; int ref = 10 , val = 10;&lt;br /&gt;&#xD;
&amp;nbsp; &amp;nbsp; cout &amp;lt;&amp;lt; &amp;quot;1st ref&amp;amp;val: &amp;quot; &amp;lt;&amp;lt; ref &amp;lt;&amp;lt; &amp;quot; / &amp;quot; &amp;lt;&amp;lt; val &amp;lt;&amp;lt; endl;&lt;br /&gt;&#xD;
&amp;nbsp; &amp;nbsp;&amp;nbsp;&lt;br /&gt;&#xD;
&amp;nbsp; &amp;nbsp; TestRef(ref);&lt;br /&gt;&#xD;
&amp;nbsp; &amp;nbsp; TestVal(val);&lt;/p&gt;&#xD;
&#xD;
&lt;p&gt;&amp;nbsp; &amp;nbsp; cout &amp;lt;&amp;lt; &amp;quot;2nd ref&amp;amp;val: &amp;quot; &amp;lt;&amp;lt; ref &amp;lt;&amp;lt; &amp;quot; / &amp;quot; &amp;lt;&amp;lt; val &amp;lt;&amp;lt; endl;&lt;br /&gt;&#xD;
&amp;nbsp; &amp;nbsp; return 0;&lt;br /&gt;&#xD;
&amp;nbsp; &amp;nbsp;&amp;nbsp;&lt;br /&gt;&#xD;
} // main&lt;/p&gt;&#xD;
&#xD;
&lt;p&gt;&lt;img alt="" src="/user/1/1/11027243/images/%E8%9E%A2%E5%B9%95%E6%93%B7%E5%8F%96%E7%95%AB%E9%9D%A2%202022-10-10%20140638(1).jpg" style="height:766px; width:779px" /&gt;&lt;/p&gt; </content>
  <attach></attach>
  <rcount></rcount>
  <rank></rank>
  <hit>68</hit>
  <lang>1</lang>
</data>
