<?xml version="1.0"?>
<data version="3.0" time="2024-07-19 08:59:22" type="post" filename="b000000007.xml">
  <open_time>0000-00-00</open_time>
  <close_time>0000-00-00</close_time>
  <lang_name>Big5</lang_name>
  <board_id>1001174273</board_id>
  <node>000000007</node>
  <site>1000110001</site>
  <pt>2022-10-10 11:47:26</pt>
  <poster>11027239</poster>
  <realname>&#x90B1;&#x5BA5;&#x6587;  </realname>
  <email>ivan42095108@gmail.com</email>
  <homepage>  </homepage>
  <subject>114. &#x5BEB;&#x51FA;C++&#x7A0B;&#x5F0F;&#x78BC;&#x8AAA;&#x660E;&#x540C;&#x985E;&#x5225;&#x5169;&#x500B;&#x65B9;&#x6CD5;&#x5982;&#x4F55;&#x5BE6;&#x73FE;&#x591A;&#x8F09;overloading&#x3002; </subject>
  <content>&lt;p&gt;&#x53EF;&#x4EE5;&#x5B9A;&#x7FA9;&#x76F8;&#x540C;&#x540D;&#x7A31;&#x4E4B;&#x51FD;&#x6578;&#xFF0C;&#x4F46;&#x5F15;&#x6578;&#x5FC5;&#x9808;&#x4E0D;&#x540C;&lt;/p&gt;&#xD;
&#xD;
&lt;p&gt;&lt;img alt="" src="/user/1/1/11027239/images/Screenshot%202022-10-10%20114214.jpg" style="height:397px; width:379px" /&gt;&lt;img alt="" src="/user/1/1/11027239/images/Screenshot%202022-10-10%20114238.jpg" style="height:114px; width:421px" /&gt;&lt;/p&gt; </content>
  <attach></attach>
  <rcount></rcount>
  <rank></rank>
  <hit>29</hit>
  <lang>1</lang>
</data>
