<?xml version="1.0"?>
<data version="3.0" time="2024-07-19 08:59:22" type="post" filename="b000000011000000004.xml">
  <open_time>0000-00-00</open_time>
  <close_time>0000-00-00</close_time>
  <lang_name>Big5</lang_name>
  <board_id>1001174273</board_id>
  <node>000000011000000004</node>
  <site>1000110001</site>
  <pt>2022-10-11 23:46:25</pt>
  <poster>11027242</poster>
  <realname>&#x5F35;&#x5B50;&#x5143;  </realname>
  <email>wen031291@gmail.com</email>
  <homepage>  </homepage>
  <subject>Re:  111. &#x5BEB;&#x51FA;C++&#x7A0B;&#x5F0F;&#x78BC;&#x8AAA;&#x660E;&#x50B3;&#x503C;&#x547C;&#x53EB;call by value&#x3002;  </subject>
  <content>&lt;p&gt;&#x4E0D;&#x932F;&lt;/p&gt; </content>
  <attach></attach>
  <rcount></rcount>
  <rank></rank>
  <hit>1</hit>
  <lang>1</lang>
</data>
