<?xml version="1.0"?>
<data version="3.0" time="2024-07-19 08:59:22" type="post" filename="b000000003.xml">
  <open_time>0000-00-00</open_time>
  <close_time>0000-00-00</close_time>
  <lang_name>Big5</lang_name>
  <board_id>1001174273</board_id>
  <node>000000003</node>
  <site>1000110001</site>
  <pt>2022-09-30 17:36:16</pt>
  <poster>11027233</poster>
  <realname>&#x66FE;&#x54C1;&#x5143;  </realname>
  <email>daniel29348679@gmail.com</email>
  <homepage>  </homepage>
  <subject>111. &#x5BEB;&#x51FA;C++&#x7A0B;&#x5F0F;&#x78BC;&#x8AAA;&#x660E;&#x50B3;&#x503C;&#x547C;&#x53EB;call by value&#x3002; </subject>
  <content>&lt;p&gt;#include &amp;lt;bits/stdc++.h&amp;gt;&lt;br /&gt;&#xD;
using namespace std;&lt;/p&gt;&#xD;
&#xD;
&lt;p&gt;&lt;br /&gt;&#xD;
vector &amp;lt;int&amp;gt; vec = {1, 2, 3, 4, 5, 6, 7, 8};&lt;br /&gt;&#xD;
int main()&lt;br /&gt;&#xD;
{&lt;br /&gt;&#xD;
&amp;nbsp; &amp;nbsp; for(auto i:vec) i=0; //call by value&lt;br /&gt;&#xD;
&amp;nbsp; &amp;nbsp; for(auto i:vec)&lt;br /&gt;&#xD;
&amp;nbsp; &amp;nbsp; &amp;nbsp; &amp;nbsp; cout &amp;lt;&amp;lt; i &amp;lt;&amp;lt; &amp;quot; &amp;quot;;&lt;/p&gt;&#xD;
&#xD;
&lt;p&gt;&amp;nbsp; &amp;nbsp; cout&amp;lt;&amp;lt;endl;&lt;br /&gt;&#xD;
&amp;nbsp; &amp;nbsp; for(auto &amp;amp;i:vec) i=0; //call by reference&lt;br /&gt;&#xD;
&amp;nbsp; &amp;nbsp; for(auto i:vec)&lt;br /&gt;&#xD;
&amp;nbsp; &amp;nbsp; &amp;nbsp; &amp;nbsp; cout &amp;lt;&amp;lt; i &amp;lt;&amp;lt; &amp;quot; &amp;quot;;&lt;/p&gt;&#xD;
&#xD;
&lt;p&gt;}&lt;/p&gt;&#xD;
&#xD;
&lt;p&gt;&#x8F38;&#x51FA;&lt;/p&gt;&#xD;
&#xD;
&lt;p&gt;&lt;img alt="" src="/user/1/1/11027233/images/Image%201.png" style="height:90px; width:290px" /&gt;&lt;/p&gt;&#xD;
&#xD;
&lt;p&gt;&#x53EF;&#x898B;call bt value&#x662F;&#x8907;&#x88FD;&#x65B0;&#x7684;&#x6578;&#x4F86;&#x4F7F;&#x7528;&#xFF0C;&#x4E26;&#x4E0D;&#x6703;&#x4FEE;&#x6539;&#x5230;&#x539F;&#x672C;&#x7684;&#x503C;&#x3002;&lt;/p&gt; </content>
  <attach></attach>
  <rcount></rcount>
  <rank></rank>
  <hit>72</hit>
  <lang>1</lang>
</data>
