<?xml version="1.0"?>
<data version="3.0" time="2024-07-19 08:59:22" type="post" filename="b000000002000000001.xml">
  <open_time>0000-00-00</open_time>
  <close_time>0000-00-00</close_time>
  <lang_name>Big5</lang_name>
  <board_id>1001174273</board_id>
  <node>000000002000000001</node>
  <site>1000110001</site>
  <pt>2022-09-29 22:44:23</pt>
  <poster>11813</poster>
  <realname>&#x5433;&#x5B9C;&#x9D3B;  </realname>
  <email>yhwu@cycu.edu.tw</email>
  <homepage>https://www.researchgate.net/profile/Yi-Hung-Wu-2  </homepage>
  <subject>Re: 113. &#x5C07;&#x6B64;&#x5F8C;&#x5E8F;&#x5F0F;postfix&#x8F49;&#x4E2D;&#x5E8F;&#x5F0F;infix&#xFF0C;&#x4E26;&#x8A73;&#x8FF0;&#x6B65;&#x9A5F;&#x3002;*  </subject>
  <content>&lt;p&gt;&lt;span style="color:#ff0000"&gt;1. &amp;quot;&#x5148;&#x628A;&#x9019;&#x500B;&#x4EE5;&#x5F8C;&#x5E8F;&#x8868;&#x793A;&#x6CD5;&#x8868;&#x793A;&#x7684;&#x5F0F;&#x5B50;&#x4EE5;&#x4E8C;&#x5143;&#x6A39;&#x7684;&#x65B9;&#x5F0F;&#x5132;&#x5B58;&amp;quot; &#x672A;&#x89E3;&#x8AAA;&#x7B2C;&#x4E00;&#x6B65;&#x5982;&#x4F55;&#x5EFA;&#x6A39;&#xFF1F;&lt;/span&gt;&lt;/p&gt;&#xD;
&#xD;
&lt;p&gt;&lt;span style="color:#ff0000"&gt;2. &#x5B8C;&#x5168;&#x6C92;&#x6709;&#x8A3B;&#x89E3;&#x7684;&#x7A0B;&#x5F0F;&#x78BC;&#xFF1F;&lt;/span&gt;&lt;/p&gt;&#xD;
&#xD;
&lt;p&gt;3.&lt;/p&gt; </content>
  <attach></attach>
  <rcount></rcount>
  <rank></rank>
  <hit>1</hit>
  <lang>1</lang>
</data>
