<?xml version="1.0"?>
<data version="3.0" time="2024-07-19 08:59:22" type="post" filename="b000000001000000004.xml">
  <open_time>0000-00-00</open_time>
  <close_time>0000-00-00</close_time>
  <lang_name>Big5</lang_name>
  <board_id>1001174273</board_id>
  <node>000000001000000004</node>
  <site>1000110001</site>
  <pt>2022-10-11 15:59:57</pt>
  <poster>11027259</poster>
  <realname>&#x984F;&#x97F6;&#x4FCA;  </realname>
  <email>ah3141592653589@gmail.com</email>
  <homepage>  </homepage>
  <subject>Re: 114. &#x5BEB;&#x51FA;C++&#x7A0B;&#x5F0F;&#x78BC;&#x8AAA;&#x660E;&#x540C;&#x985E;&#x5225;&#x5169;&#x500B;&#x65B9;&#x6CD5;&#x5982;&#x4F55;&#x5BE6;&#x73FE;&#x591A;&#x8F09;overloading  </subject>
  <content>&lt;p&gt;&#x6709;&#x6599;&lt;/p&gt; </content>
  <attach></attach>
  <rcount></rcount>
  <rank></rank>
  <hit>1</hit>
  <lang>1</lang>
</data>
