<?xml version="1.0"?>
<data version="3.0" time="2024-07-19 08:59:22" type="post" filename="b000000005.xml">
  <open_time>0000-00-00</open_time>
  <close_time>0000-00-00</close_time>
  <lang_name>Big5</lang_name>
  <board_id>1001174273</board_id>
  <node>000000005</node>
  <site>1000110001</site>
  <pt>2022-10-04 00:21:18</pt>
  <poster>11027217</poster>
  <realname>&#x80E1;&#x4F51;&#x798E;  </realname>
  <email>jenny920622@gmail.com</email>
  <homepage>  </homepage>
  <subject>111. &#x5BEB;&#x51FA;C++&#x7A0B;&#x5F0F;&#x78BC;&#x8AAA;&#x660E;&#x50B3;&#x503C;&#x547C;&#x53EB;call by value&#x3002; </subject>
  <content>&lt;p&gt;&#x7576;function&#x4F7F;&#x7528;&#x50B3;&#x503C;&#x547C;&#x53EB;( call by value )&#x6642;&lt;/p&gt;&#xD;
&#xD;
&lt;p&gt;&#x5373;function &#x53EA;&#x6703;&#x8907;&#x88FD;&#x8B8A;&#x6578;&#x7684;&#x503C;&#x4F86;&#x505A;&#x4F7F;&#x7528;&#xFF0C;&#x4E0D;&#x6703;&#x5F71;&#x97FF;&#x5132;&#x5B58;&#x5728;&#x539F;&#x672C;&#x8A18;&#x61B6;&#x9AD4;&#x4E2D;&#x7684;&#x8B8A;&#x6578;&#x6578;&#x503C;&lt;/p&gt;&#xD;
&#xD;
&lt;p&gt;( &#x6709;&#x9EDE;&#x50CF;&#x53BB;&#x501F;&#x670B;&#x53CB;&#x8AB2;&#x672C;&#x5F71;&#x5370;&#xFF0C;&#x5370;&#x5B8C;&#x8AB2;&#x672C;&#x9084;&#x662F;&#x670B;&#x53CB;&#x7684;&#xFF0C;&#x5C0D;&#x5F71;&#x672C;&#x9032;&#x884C;&#x526A;&#x8CBC;&#x3001;&#x7B46;&#x8A18;&#x7686;&#x4E0D;&#x6703;&#x5F71;&#x97FF;&#x539F;&#x4F86;&#x7684;&#x8AB2;&#x672C;&amp;nbsp;)&lt;/p&gt;&#xD;
&#xD;
&lt;p&gt;&#x8207;&#x4E4B;&#x76F8;&#x53CD;&#x7684;call by reference&#x5247;&#x662F;&#x5C07;&#x5132;&#x5B58;&#x8B8A;&#x6578;&#x7684;&#x8A18;&#x61B6;&#x9AD4;&#x4F4D;&#x7F6E;&#x50B3;&#x7D66;function&#xFF0C;&#x4F7F;&#x5176;&#x53EF;&#x4EE5;&#x76F4;&#x63A5;&#x5C0D;&#x8B8A;&#x6578;&#x9032;&#x884C;&#x66F4;&#x52D5;&lt;/p&gt;&#xD;
&#xD;
&lt;p&gt;( &#x4EE5;&#x4E0A;&#x8FF0;&#x8209;&#x4F8B;&#x800C;&#x8A00;&#xFF0C;&#x5C31;&#x50CF;&#x76F4;&#x63A5;&#x5728;&#x670B;&#x53CB;&#x8AB2;&#x672C;&#x4E0A;&#x9032;&#x884C;&#x526A;&#x8CBC;&#x3001;&#x7B46;&#x8A18;&amp;nbsp;)&lt;/p&gt;&#xD;
&#xD;
&lt;p&gt;#include&amp;lt;iostream&amp;gt;&lt;br /&gt;&#xD;
using namespace std;&lt;br /&gt;&#xD;
void CallByValue( int n ) {&lt;br /&gt;&#xD;
&amp;nbsp;&amp;nbsp; &amp;nbsp;n += 1;&lt;br /&gt;&#xD;
&amp;nbsp;&amp;nbsp; &amp;nbsp;n *= 10;&lt;br /&gt;&#xD;
} // CallByValue&lt;br /&gt;&#xD;
void CallByReference( int &amp;amp;n ){&lt;br /&gt;&#xD;
&amp;nbsp;&amp;nbsp; &amp;nbsp;n += 1;&lt;br /&gt;&#xD;
&amp;nbsp;&amp;nbsp; &amp;nbsp;n *= 10;&lt;br /&gt;&#xD;
} // CallByReference&lt;br /&gt;&#xD;
int main(){&lt;br /&gt;&#xD;
&amp;nbsp;&amp;nbsp; &amp;nbsp;int num = 1;&lt;br /&gt;&#xD;
&amp;nbsp;&amp;nbsp; &amp;nbsp;CallByValue(num);&lt;br /&gt;&#xD;
&amp;nbsp;&amp;nbsp; &amp;nbsp;cout &amp;lt;&amp;lt; &amp;quot;CallByValue : &amp;quot; &amp;lt;&amp;lt; num &amp;lt;&amp;lt; endl;&lt;br /&gt;&#xD;
&amp;nbsp;&amp;nbsp; &amp;nbsp;CallByReference(num);&lt;br /&gt;&#xD;
&amp;nbsp;&amp;nbsp; &amp;nbsp;cout &amp;lt;&amp;lt; &amp;quot;CallByReference : &amp;quot; &amp;lt;&amp;lt; num &amp;lt;&amp;lt; endl;&lt;br /&gt;&#xD;
&amp;nbsp;&amp;nbsp; &amp;nbsp;return 0;&lt;br /&gt;&#xD;
} // main()&lt;/p&gt;&#xD;
&#xD;
&lt;p&gt;&#x4EE5;&#x4E0A;&#x7A0B;&#x5F0F;&#x78BC;&#x5728;CallByValue&#x6642;&#xFF0C;&#x8F38;&#x51FA;&#x70BA;1&lt;/p&gt;&#xD;
&#xD;
&lt;p&gt;&#x5728;CallByReference&#x6642;&#xFF0C;&#x8F38;&#x51FA;&#x70BA;20&lt;/p&gt;&#xD;
&#xD;
&lt;p&gt;&#x5169;&#x7A2E;&#x7A0B;&#x5F0F;&#x7686;&#x5C07;&#x8B8A;&#x6578;&#x9032;&#x884C;&#x76F8;&#x540C;&#x904B;&#x7B97;&lt;/p&gt;&#xD;
&#xD;
&lt;p&gt;&#x53EF;&#x77E5;&#x7576;function call by value&#x6642; &#x539F;&#x8B8A;&#x6578;&#x503C;&#x4E0D;&#x6703;&#x56E0;function&#x5167;&#x7684;&#x52D5;&#x4F5C;&#x800C;&#x6539;&#x8B8A;&lt;/p&gt; </content>
  <attach></attach>
  <rcount></rcount>
  <rank></rank>
  <hit>71</hit>
  <lang>1</lang>
</data>
