<?xml version="1.0"?>
<data version="3.0" time="2024-07-19 08:59:22" type="post" filename="b000000011.xml">
  <open_time>0000-00-00</open_time>
  <close_time>0000-00-00</close_time>
  <lang_name>Big5</lang_name>
  <board_id>1001174273</board_id>
  <node>000000011</node>
  <site>1000110001</site>
  <pt>2022-10-11 23:31:48</pt>
  <poster>11027246</poster>
  <realname>&#x6797;&#x8A70;&#x8A60;  </realname>
  <email>a78419261@gmail.com</email>
  <homepage>  </homepage>
  <subject> 111. &#x5BEB;&#x51FA;C++&#x7A0B;&#x5F0F;&#x78BC;&#x8AAA;&#x660E;&#x50B3;&#x503C;&#x547C;&#x53EB;call by value&#x3002; </subject>
  <content>&lt;p&gt;call by value:&#x7576;&#x526F;&#x7A0B;&#x5F0F;&#x547C;&#x53EB;&#x4E3B;&#x7A0B;&#x5F0F;&#x7684;&#x503C;&#x5F8C;&#x6703;&#x628A;&#x539F;&#x672C;&#x5728;&#x8A18;&#x61B6;&#x9AD4;&#x88E1;&#x9762;&#x7684;&#x503C;&#x8907;&#x88FD;&#x4E4B;&#x5F8C;&#xFF0C;&#x5C07;&#x8907;&#x88FD;&#x5F8C;&#x7684;&#x503C;&#x50B3;&#x5230;&#x53E6;&#x4E00;&#x500B;&#x8A18;&#x61B6;&#x9AD4;&#x7684;&#x4F4D;&#x7F6E;&#x4E0A;&#xFF0C;&#x800C;&#x526F;&#x7A0B;&#x5F0F;&#x7684;&#x503C;&#x5C31;&#x662F;&#x4F7F;&#x7528;&#x8907;&#x88FD;&#x5F8C;&#x7684;&#x8A18;&#x61B6;&#x9AD4;&#x4F4D;&#x7F6E;&#xFF0C;&#x56E0;&#x6B64;&#x90A3;&#x500B;&#x503C;&#x5982;&#x4F55;&#x66F4;&#x6539;&#x90FD;&#x4E0D;&#x6703;&#x6539;&#x8B8A;&#x4E3B;&#x7A0B;&#x5F0F;&#x539F;&#x672C;&#x7684;&#x503C;&#x3002;&lt;/p&gt;&#xD;
&#xD;
&lt;p&gt;&lt;br /&gt;&#xD;
call by reference: &#x7576;&#x526F;&#x7A0B;&#x5F0F;&#x547C;&#x53EB;&#x4E3B;&#x7A0B;&#x5F0F;&#x7684;&#x503C;&#x5F8C;&#x6703;&#x76F4;&#x63A5;&#x53D6;&#x4E3B;&#x7A0B;&#x5F0F;&#x7684;&#x503C;&#x7684;&#x8A18;&#x61B6;&#x9AD4;&#x4F4D;&#x7F6E;&#xFF0C;&#x56E0;&#x6B64;&#x4E4B;&#x5F8C;&#x7684;&#x8B8A;&#x52D5;&#x90FD;&#x662F;&#x5728;&#x540C;&#x4E00;&#x500B;&#x8A18;&#x61B6;&#x9AD4;&#x505A;&#x904B;&#x7B97;&#xFF0C;&#x6240;&#x4EE5;&#x56DE;&#x5230;&#x4E3B;&#x7A0B;&#x5F0F;&#x5F8C;&#x5F97;&#x5230;&#x7684;&#x503C;&#x662F;&#x6703;&#x96A8;&#x8457;&#x904B;&#x7B97;&#x8B8A;&#x52D5;&#x3002;&lt;/p&gt;&#xD;
&#xD;
&lt;p&gt;&lt;img alt="" src="/user/1/1/11027246/images/%E6%93%B7%E5%8F%96.PNG" style="height:845px; width:1820px" /&gt;&lt;/p&gt; </content>
  <attach></attach>
  <rcount></rcount>
  <rank></rank>
  <hit>39</hit>
  <lang>1</lang>
</data>
