<?xml version="1.0"?>
<data version="3.0" time="2024-07-20 09:54:46" type="post" filename="b000000013.xml">
  <open_time>0000-00-00</open_time>
  <close_time>0000-00-00</close_time>
  <lang_name>Big5</lang_name>
  <board_id>1001278677</board_id>
  <node>000000013</node>
  <site>1000110001</site>
  <pt>2023-07-06 02:51:05</pt>
  <poster>06005727</poster>
  <realname>&#x9673;&#x5F65;&#x52F3;  </realname>
  <email>cys890403@gmail.com</email>
  <homepage>  </homepage>
  <subject>&#x6436;&#x7B54;106 </subject>
  <content>&lt;p&gt;&lt;span style="color:black"&gt;&lt;span style="font-family:&#x5FAE;&#x8EDF;&#x6B63;&#x9ED1;&#x9AD4;,sans-serif"&gt;&lt;span style="font-size:9.0pt"&gt;&#x554F;106&lt;/span&gt;&#xFF1A;&lt;/span&gt;&lt;/span&gt;&lt;span style="color:black"&gt;&lt;span style="font-family:&#x5FAE;&#x8EDF;&#x6B63;&#x9ED1;&#x9AD4;,sans-serif"&gt;&lt;span style="font-size:9.0pt"&gt;&#x905E;&#x8FF4;&#x547C;&#x53EB;&#x70BA;&#x4F55;&#x6703;&#x9020;&#x6210;&#x8A18;&#x61B6;&#x9AD4;&#x5340;&#x6BB5;&#x932F;&#x8AA4;&#xFF1F;&lt;/span&gt;&lt;/span&gt;&lt;/span&gt;&lt;/p&gt;&#xD;
&#xD;
&lt;p&gt;&lt;span style="color:black"&gt;&lt;span style="font-family:&#x5FAE;&#x8EDF;&#x6B63;&#x9ED1;&#x9AD4;,sans-serif"&gt;&lt;span style="font-size:9.0pt"&gt;&#x7B54;106&lt;/span&gt;&#xFF1A;&lt;/span&gt;&lt;/span&gt;&lt;span style="color:black"&gt;&lt;span style="font-family:&#x5FAE;&#x8EDF;&#x6B63;&#x9ED1;&#x9AD4;,sans-serif"&gt;&lt;span style="font-size:9.0pt"&gt;&#x5806;&#x758A;&#x6EA2;&#x4F4D;&lt;/span&gt;&lt;/span&gt;&lt;/span&gt;&#xFF0C;&#x5982;&#x679C;&#x905E;&#x8FF4;&#x547C;&#x53EB;&#x7684;&#x5C64;&#x6578;&#x904E;&#x591A;&#xFF0C;&#x5806;&#x758A;&#x53EF;&#x80FD;&#x6703;&#x8D85;&#x51FA;&#x5176;&#x5BB9;&#x91CF;&#x9650;&#x5236;&#xFF0C;&#x5C0E;&#x81F4;&#x5806;&#x758A;&#x6EA2;&#x4F4D;&#x3002;&#x9019;&#x7A2E;&#x60C5;&#x6CC1;&#x4E0B;&#xFF0C;&#x7A0B;&#x5F0F;&#x57F7;&#x884C;&#x6642;&#x6703;&#x767C;&#x751F;&#x8A18;&#x61B6;&#x9AD4;&#x5340;&#x6BB5;&#x932F;&#x8AA4;&#xFF0C;&#x901A;&#x5E38;&#x6703;&#x5C0E;&#x81F4;&#x7A0B;&#x5F0F;&#x7570;&#x5E38;&#x7D42;&#x6B62;&#x3002;&#x8CC7;&#x6E90;&#x8017;&#x76E1;&#xFF0C;&#x5982;&#x679C;&#x905E;&#x8FF4;&#x7684;&#x6B21;&#x6578;&#x592A;&#x591A;&#x6216;&#x8655;&#x7406;&#x7684;&#x8CC7;&#x6599;&#x91CF;&#x592A;&#x5927;&#xFF0C;&#x7A0B;&#x5F0F;&#x53EF;&#x80FD;&#x8017;&#x76E1;&#x7CFB;&#x7D71;&#x53EF;&#x7528;&#x7684;&#x8A18;&#x61B6;&#x9AD4;&#x6216;&#x904B;&#x7B97;&#x8CC7;&#x6E90;&#xFF0C;&#x5C0E;&#x81F4;&#x8A18;&#x61B6;&#x9AD4;&#x5340;&#x6BB5;&#x932F;&#x8AA4;&#x6216;&#x7A0B;&#x5F0F;&#x57F7;&#x884C;&#x901F;&#x5EA6;&#x6975;&#x6162;&#x3002;&lt;/p&gt; </content>
  <attach></attach>
  <rcount></rcount>
  <rank></rank>
  <hit>12</hit>
  <lang>1</lang>
</data>
