<?xml version="1.0"?>
<data version="3.0" time="2024-07-20 09:54:46" type="post" filename="b000000033.xml">
  <open_time>0000-00-00</open_time>
  <close_time>0000-00-00</close_time>
  <lang_name>Big5</lang_name>
  <board_id>1001278677</board_id>
  <node>000000033</node>
  <site>1000110001</site>
  <pt>2023-07-09 23:47:17</pt>
  <poster>06005840</poster>
  <realname>&#x65BD;&#x4F2F;&#x8AED;  </realname>
  <email>u10806215@ms.ttu.edu.tw</email>
  <homepage>  </homepage>
  <subject>&#x6436;&#x7B54;106 </subject>
  <content>&lt;p&gt;106. &#x905E;&#x8FF4;&#x547C;&#x53EB;&#x70BA;&#x4F55;&#x6703;&#x9020;&#x6210;&#x8A18;&#x61B6;&#x9AD4;&#x5340;&#x6BB5;&#x932F;&#x8AA4;&#xFF1F;&lt;br /&gt;&#xD;
&#x7576;&#x905E;&#x8FF4;&#x547C;&#x53EB;&#x7684;&#x5C64;&#x6578;&#x904E;&#x591A;&#xFF0C;&#x8D85;&#x51FA;&#x4E86;&#x7CFB;&#x7D71;&#x6216;&#x7A0B;&#x5F0F;&#x6240;&#x80FD;&#x63D0;&#x4F9B;&#x7684;&#x5806;&#x758A;&#x5927;&#x5C0F;&#x9650;&#x5236;&#xFF0C;&#x5C31;&#x6703;&#x767C;&#x751F;&#x8A18;&#x61B6;&#x9AD4;&#x5340;&#x6BB5;&#x932F;&#x8AA4;.&lt;/p&gt; </content>
  <attach></attach>
  <rcount></rcount>
  <rank></rank>
  <hit>13</hit>
  <lang>1</lang>
</data>
