<?xml version="1.0"?>
<data version="3.0" time="2024-07-20 09:54:46" type="post" filename="b000000008.xml">
  <open_time>0000-00-00</open_time>
  <close_time>0000-00-00</close_time>
  <lang_name>Big5</lang_name>
  <board_id>1001278677</board_id>
  <node>000000008</node>
  <site>1000110001</site>
  <pt>2023-07-05 19:37:13</pt>
  <poster>06005634</poster>
  <realname>&#x90ED;&#x5BB8;&#x69A4;  </realname>
  <email>jyh2guo@gmail.com</email>
  <homepage> </homepage>
  <subject>&#x6436;&#x7B54;109 </subject>
  <content>&lt;p&gt;109&#xFF1A;&#x975C;&#x614B;&#x9663;&#x5217;&#x548C;&#x52D5;&#x614B;&#x9663;&#x5217;&#x6709;&#x4F55;&#x5DEE;&#x7570;&#xFF1F;&#x6307;&#x51FA;&#x5176;&#x512A;&#x7F3A;&#x9EDE;&#x3002;&lt;br /&gt;&#xD;
&#x52D5;&#x614B;&#x9663;&#x5217;&#x5DEE;&#x5225;&#x5728;&#x8A18;&#x61B6;&#x9AD4;&#x4F7F;&#x7528;&#x72C0;&#x6CC1;&lt;br /&gt;&#xD;
&#x7A0B;&#x5F0F;&#x9084;&#x6C92;&#x57F7;&#x884C;&#x5230;&#x6709;&#x95DC;&#x9663;&#x5217;&#x5BA3;&#x544A;&#x6642;&lt;br /&gt;&#xD;
&#x4E0D;&#x6703;&#x914D;&#x7F6E;&#x4EFB;&#x4F55;&#x8A18;&#x61B6;&#x9AD4;&#x800C;&#x662F;&#x7B49;&#x5230;&#x57F7;&#x884C;&#x5F8C;&#x624D;&#x5206;&#x914D;&#x7D66;&#x4ED6;&lt;br /&gt;&#xD;
&#x975C;&#x614B;&#x9663;&#x5217;&#x5247;&#x662F;&#x7A0B;&#x5F0F;&#x8F09;&#x5165;&#x5230;&#x8A18;&#x61B6;&#x9AD4;&#x540C;&#x6642;&#x4E5F;&#x914D;&#x7F6E;&#x8A18;&#x61B6;&#x9AD4;&#x7A7A;&#x9593;&#x7D66;&#x4ED6;&#x4F7F;&#x7528;&lt;/p&gt;&#xD;
&#xD;
&lt;p&gt;&#x975C;&#x614B;&#x9663;&#x5217;&#x7684;&#x512A;&#x9EDE;&#x5728;&#x65BC;&#x5B58;&#x53D6;&#x901F;&#x5EA6;&#x5FEB;&#xFF0C;&#x4E0D;&#x7528;&#x984D;&#x5916;&#x7684;&#x8A18;&#x61B6;&#x9AD4;&#x914D;&#x7F6E;&#x548C;&#x91CB;&#x653E;&#x3002;&lt;/p&gt;&#xD;
&#xD;
&lt;p&gt;&#x7F3A;&#x9EDE;&#x5247;&#x662F;&#x5927;&#x5C0F;&#x5DF2;&#x7D93;&#x56FA;&#x5B9A;&#xFF0C;&#x6703;&#x6D6A;&#x8CBB;&#x8A18;&#x61B6;&#x9AD4;&#x7A7A;&#x9593;&#x3002;&lt;/p&gt;&#xD;
&#xD;
&lt;p&gt;&#x52D5;&#x614B;&#x9663;&#x5217;&#x7684;&#x512A;&#x9EDE;&#x5728;&#x65BC;&#x7BC0;&#x7701;&#x8A18;&#x61B6;&#x9AD4;&#x7A7A;&#x9593;&#xFF0C;&#x5F48;&#x6027;&#x5EA6;&#x9AD8;&#x9700;&#x8981;&#x591A;&#x5C11;&#x914D;&#x7F6E;&#x591A;&#x5C11;&#x5373;&#x53EF;&lt;/p&gt;&#xD;
&#xD;
&lt;p&gt;&#x7F3A;&#x9EDE;&#x5247;&#x662F;&#x5B58;&#x53D6;&#x6548;&#x7387;&#x8F03;&#x4F4E;&#xFF0C;&#x9700;&#x8981;&#x8A18;&#x61B6;&#x9AD4;&#x914D;&#x7F6E;&#x53CA;&#x91CB;&#x653E;&#x3002;&lt;/p&gt;</content>
  <attach></attach>
  <rcount></rcount>
  <rank></rank>
  <hit>20</hit>
  <lang>1</lang>
</data>
