<?xml version="1.0"?>
<data version="3.0" time="2024-07-20 09:54:46" type="post" filename="b000000031.xml">
  <open_time>0000-00-00</open_time>
  <close_time>0000-00-00</close_time>
  <lang_name>Big5</lang_name>
  <board_id>1001278677</board_id>
  <node>000000031</node>
  <site>1000110001</site>
  <pt>2023-07-09 23:30:39</pt>
  <poster>06005952</poster>
  <realname>&#x59DA;&#x627F;&#x5FD7;  </realname>
  <email>ge062851@gmail.com</email>
  <homepage>  </homepage>
  <subject>&#x6436;&#x7B54;106 </subject>
  <content>&lt;p&gt;&lt;span style="font-size:14px"&gt;&lt;strong&gt;106. &#x905E;&#x8FF4;&#x547C;&#x53EB;&#x70BA;&#x4F55;&#x6703;&#x9020;&#x6210;&#x8A18;&#x61B6;&#x9AD4;&#x5340;&#x6BB5;&#x932F;&#x8AA4;&#xFF1F;&lt;/strong&gt;&lt;/span&gt;&lt;/p&gt;&#xD;
&#xD;
&lt;p&gt;&lt;span style="font-size:12px"&gt;&#x905E;&#x8FF4;&#x547C;&#x53EB;&#x53EF;&#x80FD;&#x5C0E;&#x81F4;&#x8A18;&#x61B6;&#x9AD4;&#x5340;&#x6BB5;&#x932F;&#x8AA4;&#x7684;&#x539F;&#x56E0;&#x662F;&#x56E0;&#x70BA;&#x905E;&#x8FF4;&#x7684;&#x6DF1;&#x5EA6;&#x904E;&#x5927;&#xFF0C;&lt;br /&gt;&#xD;
&#x5C0E;&#x81F4;&#x7CFB;&#x7D71;&#x7684;&#x5806;&#x758A;&#x7A7A;&#x9593;&#x88AB;&#x88AB;&#x65B0;&#x7684;&#x51FD;&#x5F0F;&#x547C;&#x53EB;&#x7528;&#x76E1;&#x6216;&#x8D85;&#x904E;&#x4E86;&#x9650;&#x5236;&#x3002;&lt;br /&gt;&#xD;
&#x7576;&#x4F7F;&#x7528;&#x8005;&#x6C92;&#x6709;&#x5C07;&#x905E;&#x56DE;&#x8A2D;&#x5B9A;&#x505C;&#x6B62;&#x9EDE;&#xFF0C;&#x5C0E;&#x81F4;&#x905E;&#x56DE;&#x51FD;&#x5F0F;&#x7121;&#x9650;&#x7684;&#x7522;&#x751F;&#x65B0;&#x7684;&#x51FD;&#x5F0F;&#x547C;&#x53EB;&#xFF0C;&#x5C31;&#x6703;&#x9020;&#x6210;&#x8A18;&#x61B6;&#x9AD4;&#x5340;&#x6BB5;&#x932F;&#x8AA4;&lt;/span&gt;&lt;/p&gt; </content>
  <attach></attach>
  <rcount></rcount>
  <rank></rank>
  <hit>11</hit>
  <lang>1</lang>
</data>
