<?xml version="1.0"?>
<data version="3.0" time="2024-07-20 09:54:46" type="post" filename="b000000005000000001.xml">
  <open_time>0000-00-00</open_time>
  <close_time>0000-00-00</close_time>
  <lang_name>Big5</lang_name>
  <board_id>1001278677</board_id>
  <node>000000005000000001</node>
  <site>1000110001</site>
  <pt>2023-07-07 14:30:14</pt>
  <poster>11813</poster>
  <realname>&#x5433;&#x5B9C;&#x9D3B;  </realname>
  <email>yhwu@cycu.edu.tw</email>
  <homepage>https://www.researchgate.net/profile/Yi-Hung-Wu-2  </homepage>
  <subject>Re: &#x6436;&#x7B54;110  </subject>
  <content>&lt;p&gt;&lt;span style="color:#b22222"&gt;&#x8ACB;&#x52FF;&#x4F7F;&#x7528;&#x9644;&#x6A94;&#xFF0C;&#x5716;&#x7247;&#x53EF;&#x4EE5;&#x63D2;&#x5165;&#x5728;&#x672C;&#x6587;&#x4E2D;&#x3002;&lt;/span&gt;&lt;/p&gt; </content>
  <attach></attach>
  <rcount></rcount>
  <rank></rank>
  <hit>1</hit>
  <lang>1</lang>
</data>
