<?xml version="1.0"?>
<data version="3.0" time="2024-07-20 09:54:46" type="post" filename="b000000030000000001.xml">
  <open_time>0000-00-00</open_time>
  <close_time>0000-00-00</close_time>
  <lang_name>Big5</lang_name>
  <board_id>1001278677</board_id>
  <node>000000030000000001</node>
  <site>1000110001</site>
  <pt>2023-07-10 22:48:01</pt>
  <poster>11813</poster>
  <realname>&#x5433;&#x5B9C;&#x9D3B;  </realname>
  <email>yhwu@cycu.edu.tw</email>
  <homepage>https://www.researchgate.net/profile/Yi-Hung-Wu-2  </homepage>
  <subject>Re: &#x6436;&#x7B54;107  </subject>
  <content>&lt;p&gt;&#x4F3C;&#x4E4E;&#x6709;&#x9EDE;&#x63A5;&#x8FD1;&#xFF0C;&amp;quot;&#x8FD4;&#x56DE;&#x53E6;&#x4E00;&#x500B;&#x7279;&#x5B9A;&#x7684;&#x503C;&#x8868;&#x793A;&#x5F37;&#x5236;&#x7E7C;&#x7E8C;&#x57F7;&#x884C;&#x5230;&#x4E0B;&#x4E00;&#x5C64;&amp;quot; &#x4ECD;&#x9808;&#x8A73;&#x52A0;&#x89E3;&#x8AAA;&#x3002;&lt;/p&gt; </content>
  <attach></attach>
  <rcount></rcount>
  <rank></rank>
  <hit>1</hit>
  <lang>1</lang>
</data>
