<?xml version="1.0"?>
<data version="3.0" time="2024-07-20 09:54:46" type="post" filename="b000000012000000001.xml">
  <open_time>0000-00-00</open_time>
  <close_time>0000-00-00</close_time>
  <lang_name>Big5</lang_name>
  <board_id>1001278677</board_id>
  <node>000000012000000001</node>
  <site>1000110001</site>
  <pt>2023-07-07 15:04:35</pt>
  <poster>11813</poster>
  <realname>&#x5433;&#x5B9C;&#x9D3B;  </realname>
  <email>yhwu@cycu.edu.tw</email>
  <homepage>https://www.researchgate.net/profile/Yi-Hung-Wu-2  </homepage>
  <subject>Re: &#x6436;&#x7B54;107  </subject>
  <content>&lt;p&gt;&amp;quot;&#x8DF3;&#x904E;&#x7570;&#x5E38;&#x7D42;&#x6B62;&amp;quot; vs. &amp;quot;&#x7E7C;&#x7E8C;&#x57F7;&#x884C;&#x5230;&#x4E0B;&#x4E00;&#x5C64;&amp;quot; &#x662F;&#x5C0D;&#x7ACB;&#x77DB;&#x76FE;&#x7684;&#xFF01;&lt;/p&gt;&#xD;
&#xD;
&lt;p&gt;&lt;span style="color:#ff0000"&gt;&#x60F3;&#x905E;&#x8FF4;&#x9032;&#x5165;&#x67D0;&#x5C64;&#x5C31;&#x662F;&#x9020;&#x6210;&#x7570;&#x5E38;&#x7D42;&#x6B62;&#x7684;&#x539F;&#x56E0;&#xFF0C;&#x5982;&#x4F55;&#x8DF3;&#x904E;&#x7570;&#x5E38;&#x9084;&#x540C;&#x6642;&#x53EF;&#x4EE5;&#x7E7C;&#x7E8C;&#x57F7;&#x884C;&#x5230;&#x90A3;&#x4E00;&#x5C64;&#xFF1F;&lt;/span&gt;&lt;/p&gt; </content>
  <attach></attach>
  <rcount></rcount>
  <rank></rank>
  <hit>1</hit>
  <lang>1</lang>
</data>
