<?xml version="1.0"?>
<data version="3.0" time="2024-07-20 09:54:46" type="post" filename="b000000013000000001.xml">
  <open_time>0000-00-00</open_time>
  <close_time>0000-00-00</close_time>
  <lang_name>Big5</lang_name>
  <board_id>1001278677</board_id>
  <node>000000013000000001</node>
  <site>1000110001</site>
  <pt>2023-07-07 15:07:38</pt>
  <poster>11813</poster>
  <realname>&#x5433;&#x5B9C;&#x9D3B;  </realname>
  <email>yhwu@cycu.edu.tw</email>
  <homepage>https://www.researchgate.net/profile/Yi-Hung-Wu-2  </homepage>
  <subject>Re: &#x6436;&#x7B54;106  </subject>
  <content>&lt;p&gt;&amp;quot;&#x905E;&#x8FF4;&#x7684;&#x6B21;&#x6578;&#x592A;&#x591A;&#x6216;&#x8655;&#x7406;&#x7684;&#x8CC7;&#x6599;&#x91CF;&#x592A;&#x5927;&amp;quot; &lt;span style="color:#b22222"&gt;&#x9019;&#x662F;&#x4E8C;&#x7A2E;&#x4E0D;&#x540C;&#x7684;&#x60C5;&#x6CC1;&#xFF0C;&#x5176;&#x95DC;&#x4FC2;&#x70BA;&#x4F55;&#xFF1F;&lt;/span&gt;&lt;/p&gt;&#xD;
&#xD;
&lt;p&gt;&amp;quot;&#x8A18;&#x61B6;&#x9AD4;&#x5340;&#x6BB5;&#x932F;&#x8AA4;&#x6216;&#x7A0B;&#x5F0F;&#x57F7;&#x884C;&#x901F;&#x5EA6;&#x6975;&#x6162;&amp;quot; &lt;span style="color:#ff0000"&gt;&#x9019;&#x662F;&#x4E8C;&#x7A2E;&#x4E0D;&#x540C;&#x7684;&#x60C5;&#x6CC1;&#xFF0C;&#x984C;&#x610F;&#x662F;&#x554F;&#x524D;&#x8005;&#xFF0C;&#x5F8C;&#x8005;&#x662F;&#x5982;&#x4F55;&#x767C;&#x751F;&#x7684;&#xFF1F;&lt;/span&gt;&lt;/p&gt; </content>
  <attach></attach>
  <rcount></rcount>
  <rank></rank>
  <hit>1</hit>
  <lang>1</lang>
</data>
