<?xml version="1.0"?>
<data version="3.0" time="2024-07-20 09:54:46" type="post" filename="b000000007000000001.xml">
  <open_time>0000-00-00</open_time>
  <close_time>0000-00-00</close_time>
  <lang_name>Big5</lang_name>
  <board_id>1001278677</board_id>
  <node>000000007000000001</node>
  <site>1000110001</site>
  <pt>2023-07-07 14:33:52</pt>
  <poster>11813</poster>
  <realname>&#x5433;&#x5B9C;&#x9D3B;  </realname>
  <email>yhwu@cycu.edu.tw</email>
  <homepage>https://www.researchgate.net/profile/Yi-Hung-Wu-2  </homepage>
  <subject>Re: &#x6436;&#x7B54;109  </subject>
  <content>&lt;p&gt;&lt;span style="color:#b22222"&gt;&#x5B58;&#x53D6;&#x901F;&#x5EA6;&#x5FEB;&#x6162;&#x7684;&#x5DEE;&#x7570;&#xFF1F;&#x9808;&#x9032;&#x4E00;&#x6B65;&#x89E3;&#x91CB;&#x3002;&lt;/span&gt;&lt;/p&gt; </content>
  <attach></attach>
  <rcount></rcount>
  <rank></rank>
  <hit>1</hit>
  <lang>1</lang>
</data>
