<?xml version="1.0"?>
<data version="3.0" time="2024-07-20 09:54:46" type="post" filename="b000000007.xml">
  <open_time>0000-00-00</open_time>
  <close_time>0000-00-00</close_time>
  <lang_name>Big5</lang_name>
  <board_id>1001278677</board_id>
  <node>000000007</node>
  <site>1000110001</site>
  <pt>2023-07-05 18:44:32</pt>
  <poster>10924326</poster>
  <realname>&#x5433;&#x82F1;&#x777F;  </realname>
  <email>incaray901228@gmail.com</email>
  <homepage>  </homepage>
  <subject>&#x6436;&#x7B54;109 </subject>
  <content>&lt;p&gt;&#x975C;&#x614B;&#x9663;&#x5217;&#x7684;&#x5927;&#x5C0F;&#x5728;&#x5BA3;&#x544A;&#x4E2D;&#x5C31;&#x88AB;&#x56FA;&#x5B9A;&#x4E86;&#xFF0C;&#x6C92;&#x8FA6;&#x6CD5;&#x6539;&#x8B8A;&#x3002;(&#x56FA;&#x5B9A;&#x4E86;)&lt;/p&gt;&#xD;
&#xD;
&lt;p&gt;&#x52D5;&#x614B;&#x9663;&#x5217;&#x5247;&#x662F;&#x53EF;&#x4EE5;&#x5728;&#x904B;&#x884C;&#x4E2D;&#x9032;&#x884C;&#x52D5;&#x614B;&#x8ABF;&#x6574;&#x3002;(&#x53EF;&#x5F48;&#x6027;)&lt;/p&gt;&#xD;
&#xD;
&lt;p&gt;&#x975C;&#x614B;&#x9663;&#x5217;&#x6703;&#x4F54;&#x6709;&#x8F03;&#x5927;&#x7684;&#x7684;&#x8A18;&#x61B6;&#x9AD4;&#x7A7A;&#x9593;&#x4E0D;&#x7BA1;&#x4F60;&#x6709;&#x6C92;&#x6709;&#x4F7F;&#x7528;&#x5230;&#x3002;&lt;/p&gt;&#xD;
&#xD;
&lt;p&gt;&#x52D5;&#x614B;&#x9663;&#x5217;&#x5247;&#x6703;&#x6839;&#x64DA;&#x9700;&#x8981;&#x9032;&#x884C;&#x8A18;&#x61B6;&#x9AD4;&#x5206;&#x914D;&#x53CA;&#x91CB;&#x653E;&#xFF0C;&#x53EA;&#x6703;&#x5360;&#x7528;&#x5230;&#x5BE6;&#x969B;&#x4F7F;&#x7528;&#x7684;&#x8A18;&#x61B6;&#x9AD4;&#x3002;&lt;/p&gt;&#xD;
&#xD;
&lt;p&gt;&#x975C;&#x614B;&#x9663;&#x5217;&#x7684;&#x512A;&#x9EDE;&#x5728;&#x65BC;&#x5B58;&#x53D6;&#x901F;&#x5EA6;&#x5FEB;&#xFF0C;&#x8CC7;&#x6E90;&#x6D88;&#x8017;&#x5C11;&#xFF0C;&#x4E0D;&#x7528;&#x984D;&#x5916;&#x7684;&#x8A18;&#x61B6;&#x9AD4;&#x914D;&#x7F6E;&#x548C;&#x91CB;&#x653E;&#x3002;&#x7F3A;&#x9EDE;&#x5247;&#x662F;&#x5927;&#x5C0F;&#x5DF2;&#x7D93;&#x56FA;&#x5B9A;&#xFF0C;&#x6703;&#x6D6A;&#x8CBB;&#x8A18;&#x61B6;&#x9AD4;&#x7A7A;&#x9593;&#x53EF;&#x80FD;&#x7121;&#x6CD5;&#x5BB9;&#x7D0D;&#x6240;&#x6709;&#x8CC7;&#x6599;&#x3002;&#x64CD;&#x4F5C;&#x8F03;&#x5BB9;&#x6613;&lt;/p&gt;&#xD;
&#xD;
&lt;p&gt;&#x52D5;&#x614B;&#x9663;&#x5217;&#x7684;&#x512A;&#x9EDE;&#x5728;&#x65BC;&#x7BC0;&#x7701;&#x8A18;&#x61B6;&#x9AD4;&#x7A7A;&#x9593;&#xFF0C;&#x6BD4;&#x8F03;&#x5F48;&#x6027;&#xFF0C;&#x7F3A;&#x9EDE;&#x5247;&#x662F;&#x5B58;&#x53D6;&#x6548;&#x80FD;&#x8F03;&#x4F4E;&#xFF0C;&#x64CD;&#x4F5C;&#x8F03;&#x8907;&#x96DC;&#xFF0C;&#x9700;&#x8981;&#x8A18;&#x61B6;&#x9AD4;&#x914D;&#x7F6E;&#x53CA;&#x91CB;&#x653E;&#x3002;&lt;/p&gt; </content>
  <attach></attach>
  <rcount></rcount>
  <rank></rank>
  <hit>17</hit>
  <lang>1</lang>
</data>
