<?xml version="1.0"?>
<data version="3.0" time="2024-07-20 09:54:46" type="post" filename="b000000017.xml">
  <open_time>0000-00-00</open_time>
  <close_time>0000-00-00</close_time>
  <lang_name>Big5</lang_name>
  <board_id>1001278677</board_id>
  <node>000000017</node>
  <site>1000110001</site>
  <pt>2023-07-08 00:40:39</pt>
  <poster>06005636</poster>
  <realname>&#x6731;&#x7D18;&#x6B63;  </realname>
  <email>henry3446@gmail.com</email>
  <homepage>  </homepage>
  <subject>&#x6436;&#x7B54;110 </subject>
  <content>&lt;p&gt;110. &#x5BEB;&#x51FA;C++&#x7A0B;&#x5F0F;&#x78BC;&#x8AAA;&#x660E;&#x50B3;&#x503C;&#x547C;&#x53EB;call by value&#x3002;&lt;/p&gt;&#xD;
&#xD;
&lt;p&gt;&#x7576;&#x5728; C++ &#x4E2D;&#x4F7F;&#x7528;&#x50B3;&#x503C;&#x547C;&#x53EB;&#xFF08;call by value&#xFF09;&#x6642;&#xFF0C;&#x51FD;&#x5F0F;&#x7684;&#x53C3;&#x6578;&#x6703;&#x63A5;&#x6536;&#x5BE6;&#x969B;&#x53C3;&#x6578;&#x7684;&#x8907;&#x672C;&#xFF0C;&#x800C;&#x4E0D;&#x662F;&#x76F4;&#x63A5;&#x64CD;&#x4F5C;&#x5BE6;&#x969B;&#x53C3;&#x6578;&#x672C;&#x8EAB;&#x3002;&lt;/p&gt;&#xD;
&#xD;
&lt;p&gt;#include &amp;lt;iostream&amp;gt;&lt;/p&gt;&#xD;
&#xD;
&lt;p&gt;// &#x50B3;&#x503C;&#x547C;&#x53EB;&#x7684;&#x51FD;&#x5F0F;&lt;br /&gt;&#xD;
void increment(int num) {&lt;br /&gt;&#xD;
&amp;nbsp;&amp;nbsp;&amp;nbsp; num++;&amp;nbsp; // &#x5C0D;&#x50B3;&#x5165;&#x7684;&#x53C3;&#x6578;&#x9032;&#x884C;&#x589E;&#x52A0;&#x64CD;&#x4F5C;&lt;br /&gt;&#xD;
}&lt;/p&gt;&#xD;
&#xD;
&lt;p&gt;int main() {&lt;br /&gt;&#xD;
&amp;nbsp;&amp;nbsp;&amp;nbsp; int number = 10;&lt;/p&gt;&#xD;
&#xD;
&lt;p&gt;&amp;nbsp;&amp;nbsp;&amp;nbsp; std::cout &amp;lt;&amp;lt; &amp;quot;&#x539F;&#x59CB;&#x6578;&#x5B57;&#xFF1A; &amp;quot; &amp;lt;&amp;lt; number &amp;lt;&amp;lt; std::endl;&lt;/p&gt;&#xD;
&#xD;
&lt;p&gt;&amp;nbsp;&amp;nbsp;&amp;nbsp; increment(number);&amp;nbsp; // &#x50B3;&#x503C;&#x547C;&#x53EB;&lt;/p&gt;&#xD;
&#xD;
&lt;p&gt;&amp;nbsp;&amp;nbsp;&amp;nbsp; std::cout &amp;lt;&amp;lt; &amp;quot;&#x547C;&#x53EB;&#x51FD;&#x5F0F;&#x5F8C;&#x7684;&#x6578;&#x5B57;&#xFF1A; &amp;quot; &amp;lt;&amp;lt; number &amp;lt;&amp;lt; std::endl;&lt;/p&gt;&#xD;
&#xD;
&lt;p&gt;&amp;nbsp;&amp;nbsp;&amp;nbsp; return 0;&lt;br /&gt;&#xD;
}&lt;/p&gt; </content>
  <attach></attach>
  <rcount></rcount>
  <rank></rank>
  <hit>13</hit>
  <lang>1</lang>
</data>
