<?xml version="1.0"?>
<data version="3.0" time="2024-07-20 09:54:46" type="post" filename="b000000020.xml">
  <open_time>0000-00-00</open_time>
  <close_time>0000-00-00</close_time>
  <lang_name>Big5</lang_name>
  <board_id>1001278677</board_id>
  <node>000000020</node>
  <site>1000110001</site>
  <pt>2023-07-08 21:05:43</pt>
  <poster>11020143</poster>
  <realname>&#x5433;&#x67CF;&#x8CE2;  </realname>
  <email>s25880260@gmail.com</email>
  <homepage>  </homepage>
  <subject>&#x6436;&#x7B54;106 </subject>
  <content>&lt;p&gt;&#x905E;&#x8FF4;&#x7684;&#x7A0B;&#x5F0F;&#x547C;&#x53EB;&#x8D85;&#x904E;&#x4E86;&#x7CFB;&#x7D71;&#x6240;&#x5206;&#x914D;&#x7684;&#x5806;&#x758A;&#x7A7A;&#x9593;&#xFF0C;&#x5C0E;&#x81F4;stack overflow&#xFF0C;&#x4E5F;&#x5C31;&#x662F;&#x8A18;&#x61B6;&#x9AD4;&#x5340;&#x6BB5;&#x932F;&#x8AA4;&lt;/p&gt; </content>
  <attach></attach>
  <rcount></rcount>
  <rank></rank>
  <hit>11</hit>
  <lang>1</lang>
</data>
