<?xml version="1.0"?>
<data version="3.0" time="2024-07-20 09:54:46" type="post" filename="b000000012.xml">
  <open_time>0000-00-00</open_time>
  <close_time>0000-00-00</close_time>
  <lang_name>Big5</lang_name>
  <board_id>1001278677</board_id>
  <node>000000012</node>
  <site>1000110001</site>
  <pt>2023-07-06 01:52:29</pt>
  <poster>06005636</poster>
  <realname>&#x6731;&#x7D18;&#x6B63;  </realname>
  <email>henry3446@gmail.com</email>
  <homepage> </homepage>
  <subject>&#x6436;&#x7B54;107 </subject>
  <content>&lt;p&gt;107.&#x82E5;&#x905E;&#x8FF4;&#x5230;&#x67D0;&#x5C64;&#x5C31;&#x7570;&#x5E38;&#x7D42;&#x6B62;&#xFF0C;&#x8981;&#x5982;&#x4F55;&#x5F37;&#x5236;&#x5B83;&#x7E7C;&#x7E8C;&#x57F7;&#x884C;&#x5230;&#x4E0B;&#x4E00;&#x5C64;&#xFF1F;&lt;/p&gt;&#xD;
&#xD;
&lt;p&gt;&#x5728;&#x905E;&#x8FF4;&#x51FD;&#x5F0F;&#x4E2D;&#x4F7F;&#x7528;&#x689D;&#x4EF6;&#x5224;&#x65B7;&#x4F86;&#x6AA2;&#x67E5;&#x662F;&#x5426;&#x9054;&#x5230;&#x7570;&#x5E38;&#x7D42;&#x6B62;&#x7684;&#x689D;&#x4EF6;&#xFF0C;&#x5982;&#x679C;&#x689D;&#x4EF6;&#x6EFF;&#x8DB3;&#xFF0C;&#x60A8;&#x53EF;&#x4EE5;&#x5728;&#x8A72;&#x60C5;&#x6CC1;&#x4E0B;&#x8DF3;&#x904E;&#x7570;&#x5E38;&#x7D42;&#x6B62;&#xFF0C;&#x7E7C;&#x7E8C;&#x57F7;&#x884C;&#x5230;&#x4E0B;&#x4E00;&#x5C64;&#x3002;&#x9019;&#x53EF;&#x4EE5;&#x4F7F;&#x7528; if &#x689D;&#x4EF6;&#x5224;&#x65B7;&#x548C; return &#x9673;&#x8FF0;&#x5F0F;&#x4F86;&#x5BE6;&#x73FE; &#x3002;&lt;/p&gt;&#xD;
&#xD;
&lt;p&gt;&#x60F3;&#x905E;&#x8FF4;&#x9032;&#x5165;&#x67D0;&#x5C64;&#x5C31;&#x662F;&#x9020;&#x6210;&#x7570;&#x5E38;&#x7D42;&#x6B62;&#x7684;&#x539F;&#x56E0;&#xFF0C;&#x5982;&#x4F55;&#x8DF3;&#x904E;&#x7570;&#x5E38;&#x9084;&#x540C;&#x6642;&#x53EF;&#x4EE5;&#x7E7C;&#x7E8C;&#x57F7;&#x884C;&#x5230;&#x90A3;&#x4E00;&#x5C64;&#xFF1F;&lt;/p&gt;&#xD;
&#xD;
&lt;p&gt;&#x53EF;&#x4F7F;&#x7528; try-catch &#x584A;&#xFF0C;&#x5728;&#x905E;&#x8FF4;&#x51FD;&#x5F0F;&#x7684;&#x9069;&#x7576;&#x4F4D;&#x7F6E;&#x4F7F;&#x7528; try-catch &#x584A;&#xFF0C;&#x4EE5;&#x6355;&#x7372;&#x7570;&#x5E38;&#x3002;&#x5728; try &#x584A;&#x4E2D;&#x653E;&#x7F6E;&#x53EF;&#x80FD;&#x5F15;&#x767C;&#x7570;&#x5E38;&#x7684;&#x7A0B;&#x5F0F;&#x78BC;&#xFF0C;&#x4E26;&#x5728; catch &#x584A;&#x4E2D;&#x8655;&#x7406;&#x7570;&#x5E38;&#x60C5;&#x6CC1;&lt;/p&gt;&#xD;
&#xD;
&lt;p&gt;function recursiveFunction(level) {&lt;br /&gt;&#xD;
&amp;nbsp; try {&lt;br /&gt;&#xD;
&amp;nbsp;&amp;nbsp;&amp;nbsp; // &#x53EF;&#x80FD;&#x5F15;&#x767C;&#x7570;&#x5E38;&#x7684;&#x7A0B;&#x5F0F;&#x78BC;&lt;br /&gt;&#xD;
&amp;nbsp;&amp;nbsp;&amp;nbsp; if (level === 5) {&lt;br /&gt;&#xD;
&amp;nbsp;&amp;nbsp;&amp;nbsp;&amp;nbsp;&amp;nbsp; throw new Error(&amp;#39;&#x9054;&#x5230;&#x5C64;&#x7D1A; 5&amp;#39;);&lt;br /&gt;&#xD;
&amp;nbsp;&amp;nbsp;&amp;nbsp; }&lt;/p&gt;&#xD;
&#xD;
&lt;p&gt;&amp;nbsp;&amp;nbsp;&amp;nbsp; // &#x905E;&#x8FF4;&#x8ABF;&#x7528;&lt;br /&gt;&#xD;
&amp;nbsp;&amp;nbsp;&amp;nbsp; recursiveFunction(level + 1);&lt;/p&gt;&#xD;
&#xD;
&lt;p&gt;&amp;nbsp;&amp;nbsp;&amp;nbsp; // &#x5728;&#x7570;&#x5E38;&#x4E4B;&#x5F8C;&#x7684;&#x7A0B;&#x5F0F;&#x78BC;&lt;br /&gt;&#xD;
&amp;nbsp;&amp;nbsp;&amp;nbsp; console.log(&amp;#39;&#x5B8C;&#x6210;&#x7570;&#x5E38;&#x8655;&#x7406;&#x5F8C;&#x7684;&#x64CD;&#x4F5C;&amp;#39;);&lt;br /&gt;&#xD;
&amp;nbsp; } catch (error) {&lt;br /&gt;&#xD;
&amp;nbsp;&amp;nbsp;&amp;nbsp; // &#x8655;&#x7406;&#x7570;&#x5E38;&lt;br /&gt;&#xD;
&amp;nbsp;&amp;nbsp;&amp;nbsp; console.log(&amp;#39;&#x6355;&#x7372;&#x5230;&#x7570;&#x5E38;:&amp;#39;, error.message);&lt;/p&gt;&#xD;
&#xD;
&lt;p&gt;&amp;nbsp;&amp;nbsp;&amp;nbsp; // &#x53EF;&#x9078;&#xFF1A;&#x9032;&#x884C;&#x9069;&#x7576;&#x7684;&#x7570;&#x5E38;&#x8655;&#x7406;&#x64CD;&#x4F5C;&lt;/p&gt;&#xD;
&#xD;
&lt;p&gt;&amp;nbsp;&amp;nbsp;&amp;nbsp; // &#x53EF;&#x9078;&#xFF1A;&#x9078;&#x64C7;&#x662F;&#x5426;&#x7E7C;&#x7E8C;&#x57F7;&#x884C;&#x5230;&#x8A72;&#x5C64;&lt;br /&gt;&#xD;
&amp;nbsp;&amp;nbsp;&amp;nbsp; console.log(&amp;#39;&#x7E7C;&#x7E8C;&#x57F7;&#x884C;&#x5230;&#x8A72;&#x5C64;&amp;#39;);&lt;br /&gt;&#xD;
&amp;nbsp; }&lt;br /&gt;&#xD;
}&lt;/p&gt;&#xD;
&#xD;
&lt;p&gt;recursiveFunction(1);&lt;/p&gt;&#xD;
&#xD;
&lt;p&gt;try &#x584A;&#x4E2D;&#x7684;&#x7A0B;&#x5F0F;&#x78BC;&#x53EF;&#x80FD;&#x5F15;&#x767C;&#x7570;&#x5E38;&#x3002;&#x5982;&#x679C;&#x7570;&#x5E38;&#x767C;&#x751F;&#xFF0C;catch &#x584A;&#x5C07;&#x6355;&#x7372;&#x5230;&#x7570;&#x5E38;&#x4E26;&#x8655;&#x7406;&#x5B83;&#xFF0C;&#x7136;&#x5F8C;&#x7E7C;&#x7E8C;&#x57F7;&#x884C;&#x5230;&#x8A72;&#x5C64;&#x7684;&#x5F8C;&#x7E8C;&#x7A0B;&#x5F0F;&#x78BC;&#x3002;&lt;/p&gt;</content>
  <attach></attach>
  <rcount></rcount>
  <rank></rank>
  <hit>17</hit>
  <lang>1</lang>
</data>
