<?xml version="1.0"?>
<data version="3.0" time="2024-07-20 09:54:46" type="post" filename="b000000009.xml">
  <open_time>0000-00-00</open_time>
  <close_time>0000-00-00</close_time>
  <lang_name>Big5</lang_name>
  <board_id>1001278677</board_id>
  <node>000000009</node>
  <site>1000110001</site>
  <pt>2023-07-06 01:46:40</pt>
  <poster>06005636</poster>
  <realname>&#x6731;&#x7D18;&#x6B63;  </realname>
  <email>henry3446@gmail.com</email>
  <homepage>  </homepage>
  <subject>&#x6436;&#x7B54;109 </subject>
  <content>&lt;p&gt;109 &#x975C;&#x614B;&#x9663;&#x5217;&#x548C;&#x52D5;&#x614B;&#x9663;&#x5217;&#x6709;&#x4F55;&#x5DEE;&#x7570;&#xFF1F;&#x6307;&#x51FA;&#x5176;&#x512A;&#x7F3A;&#x9EDE;&#x3002;&lt;/p&gt;&#xD;
&#xD;
&lt;p&gt;&#x975C;&#x614B;&#x9663;&#x5217;&#x7684;&#x5927;&#x5C0F;&#x5728;&#x5275;&#x5EFA;&#x5DF2;&#x7D93;&#x56FA;&#x5B9A;&#xFF0C;&#x7121;&#x6CD5;&#x52D5;&#x614B;&#x64F4;&#x5C55;&#x6216;&#x7E2E;&#x5C0F;&#xFF0C;&#x4E14;&#x9023;&#x7E8C;&#x7684;&#x8A18;&#x61B6;&#x9AD4;&#x7A7A;&#x9593;&#x88AB;&#x5206;&#x914D;&#x7D66;&#x975C;&#x614B;&#x9663;&#x5217;&#xFF0C;&#x4E14;&#x5176;&#x5927;&#x5C0F;&#x4E0D;&#x6703;&#x5728;&#x57F7;&#x884C;&#x671F;&#x9593;&#x6539;&#x8B8A;&#x3002;&lt;/p&gt;&#xD;
&#xD;
&lt;p&gt;&#x512A;&#x9EDE;&#x662F;:1.&#x5B58;&#x53D6;&#x5143;&#x7D20;&#x7684;&#x901F;&#x5EA6;&#x5FEB;&#xFF0C;&#x56E0;&#x70BA;&#x5B83;&#x5011;&#x5728;&#x8A18;&#x61B6;&#x9AD4;&#x4E2D;&#x4F54;&#x7528;&#x9023;&#x7E8C;&#x7684;&#x7A7A;&#x9593;&#x3002;2,&#x5167;&#x5B58;&#x5206;&#x914D;&#x7C21;&#x55AE;&#x4E14;&#x6548;&#x7387;&#x9AD8;&#x3002;3.&#x7121;&#x9700;&#x7BA1;&#x7406;&#x8A18;&#x61B6;&#x9AD4;&#x7684;&#x52D5;&#x614B;&#x5206;&#x914D;&#x548C;&#x91CB;&#x653E;&#x3002;&lt;/p&gt;&#xD;
&#xD;
&lt;p&gt;&#x7F3A;&#x9EDE;&#x662F;:1.&#x5927;&#x5C0F;&#x56FA;&#x5B9A;&#xFF0C;&#x7121;&#x6CD5;&#x8ABF;&#x6574;&#x3002;2.&#x5728;&#x5275;&#x5EFA;&#x6642;&#x5FC5;&#x9808;&#x6307;&#x5B9A;&#x5927;&#x5C0F;&#xFF0C;&#x5982;&#x679C;&#x5BB9;&#x91CF;&#x904E;&#x5927;&#xFF0C;&#x53EF;&#x80FD;&#x6D6A;&#x8CBB;&#x5167;&#x5B58;&#xFF0C;&#x5BB9;&#x91CF;&#x904E;&#x5C0F;&#x5247;&#x7121;&#x6CD5;&#x5132;&#x5B58;&#x8DB3;&#x5920;&#x7684;&#x5143;&#x7D20;&#x3002;&lt;/p&gt;&#xD;
&#xD;
&lt;p&gt;&#x52D5;&#x614B;&#x9663;&#x5217;&#x7684;&#x5927;&#x5C0F;&#x53EF;&#x4EE5;&#x6839;&#x64DA;&#x9700;&#x8981;&#x52D5;&#x614B;&#x8ABF;&#x6574;&#xFF0C;&#x5177;&#x6709;&#x5F48;&#x6027;&#xFF0C; &#x4E14;&#x52D5;&#x614B;&#x9663;&#x5217;&#x5177;&#x6709;&#x8F03;&#x5C0F;&#x7684;&#x5BB9;&#x91CF;&#xFF0C;&#x4F46;&#x53EF;&#x4EE5;&#x96A8;&#x8457;&#x5143;&#x7D20;&#x7684;&#x6DFB;&#x52A0;&#x800C;&#x81EA;&#x52D5;&#x64F4;&#x5C55;&#x5BB9;&#x91CF;&#x3002;&lt;/p&gt;&#xD;
&#xD;
&lt;p&gt;&#x512A;&#x9EDE;&#x662F;:1.&#x5177;&#x6709;&#x5F48;&#x6027;&#xFF0C;&#x53EF;&#x4EE5;&#x52D5;&#x614B;&#x64F4;&#x5C55;&#x6216;&#x7E2E;&#x5C0F;&#x3002;2.&#x53EF;&#x6839;&#x64DA;&#x9700;&#x8981;&#x5206;&#x914D;&#x66F4;&#x591A;&#x7684;&#x5167;&#x5B58;&#xFF0C;&#x4EE5;&#x5BB9;&#x7D0D;&#x66F4;&#x591A;&#x7684;&#x5143;&#x7D20;&#x3002;3.&#x53EF;&#x4EE5;&#x6709;&#x6548;&#x5730;&#x7BA1;&#x7406;&#x8A18;&#x61B6;&#x9AD4;&#xFF0C;&#x907F;&#x514D;&#x5167;&#x5B58;&#x7684;&#x6D6A;&#x8CBB;&#x3002;&lt;/p&gt;&#xD;
&#xD;
&lt;p&gt;&#x7F3A;&#x9EDE;&#x662F;:1.&#x5167;&#x5B58;&#x5206;&#x914D;&#x548C;&#x91CD;&#x65B0;&#x5206;&#x914D;&#x53EF;&#x80FD;&#x9700;&#x8981;&#x984D;&#x5916;&#x7684;&#x6642;&#x9593;&#x548C;&#x7A7A;&#x9593;&#x3002;&lt;/p&gt; </content>
  <attach></attach>
  <rcount></rcount>
  <rank></rank>
  <hit>17</hit>
  <lang>1</lang>
</data>
