<?xml version="1.0"?>
<data version="3.0" time="2024-07-20 09:54:46" type="post" filename="b000000024.xml">
  <open_time>0000-00-00</open_time>
  <close_time>0000-00-00</close_time>
  <lang_name>Big5</lang_name>
  <board_id>1001278677</board_id>
  <node>000000024</node>
  <site>1000110001</site>
  <pt>2023-07-09 20:44:14</pt>
  <poster>06004870</poster>
  <realname>&#x66FE;&#x6D5A;&#x6977;  </realname>
  <email>kenneth61215@gmail.com</email>
  <homepage>  </homepage>
  <subject>&#x6436;&#x7B54;106 </subject>
  <content>&lt;p&gt;106.&amp;nbsp;&#x905E;&#x8FF4;&#x547C;&#x53EB;&#x70BA;&#x4F55;&#x6703;&#x9020;&#x6210;&#x8A18;&#x61B6;&#x9AD4;&#x5340;&#x6BB5;&#x932F;&#x8AA4;&#xFF1F;&lt;/p&gt;&#xD;
&#xD;
&lt;p&gt;&#x7B54;: &#x56E0;&#x70BA;&#x905E;&#x8FF4;&#x5728;&#x6BCF;&#x6B21;call function&#x6703;&#x5C07;&#x6240;&#x9700;&#x7684;&#x53C3;&#x6578;&#x8F38;&#x5165;stack&#x4E2D;&#xFF0C;&#x7B49;&#x5230;&#x51FD;&#x6578;&#x7D50;&#x675F;&#x6642;&#x624D;&#x6703;&#x91CB;&#x653E;&#x8A72;&#x8A18;&#x61B6;&#x9AD4;&#x7A7A;&#x9593;&#xFF0C;&lt;/p&gt;&#xD;
&#xD;
&lt;p&gt;&#x6240;&#x4EE5;&#x7576;&#x4F7F;&#x7528;&#x905E;&#x8FF4;&#x547C;&#x53EB;&#x51FD;&#x6578;&#x6B21;&#x6578;&#x904E;&#x591A;&#x4E14;&#x6C92;&#x6709;&#x7D66;&#x5176;&#x9069;&#x7576;&#x689D;&#x4EF6;&#x4F86;&#x7D50;&#x675F;function&#x6642;&#xFF0C;&#x6703;&#x9020;&#x6210;&#x8A18;&#x61B6;&#x9AD4;&#x88AB;&#x4F54;&#x7528;&#x7A7A;&#x9593;&#x4E0D;&#x65B7;&#x589E;&#x52A0;&#xFF0C;&#x5C0E;&#x81F4;stack overflow&#xFF0C;&lt;/p&gt;&#xD;
&#xD;
&lt;p&gt;&#x8986;&#x84CB;&#x5230;&#x5176;&#x4ED6;&#x8A18;&#x61B6;&#x9AD4;&#x6240;&#x66AB;&#x5B58;&#x7684;&#x8CC7;&#x6599;&#xFF0C;&#x6700;&#x7D42;&#x5C0E;&#x81F4;&#x8A18;&#x61B6;&#x9AD4;&#x5340;&#x6BB5;&#x932F;&#x8AA4;&#x3002;&lt;/p&gt; </content>
  <attach></attach>
  <rcount></rcount>
  <rank></rank>
  <hit>13</hit>
  <lang>1</lang>
</data>
