<?xml version="1.0"?>
<data version="3.0" time="2024-07-20 09:54:46" type="post" filename="b000000014.xml">
  <open_time>0000-00-00</open_time>
  <close_time>0000-00-00</close_time>
  <lang_name>Big5</lang_name>
  <board_id>1001278677</board_id>
  <node>000000014</node>
  <site>1000110001</site>
  <pt>2023-07-06 03:32:52</pt>
  <poster>06005727</poster>
  <realname>&#x9673;&#x5F65;&#x52F3;  </realname>
  <email>cys890403@gmail.com</email>
  <homepage>  </homepage>
  <subject>&#x6436;&#x7B54;107 </subject>
  <content>&lt;p&gt;&lt;span style="color:black"&gt;&lt;span style="font-family:&#x5FAE;&#x8EDF;&#x6B63;&#x9ED1;&#x9AD4;,sans-serif"&gt;&lt;span style="font-size:9.0pt"&gt;&#x554F;107&lt;/span&gt;&#xFF1A;&lt;/span&gt;&lt;/span&gt;&lt;span style="color:black"&gt;&lt;span style="font-family:&#x5FAE;&#x8EDF;&#x6B63;&#x9ED1;&#x9AD4;,sans-serif"&gt;&lt;span style="font-size:9.0pt"&gt;&#x82E5;&#x905E;&#x8FF4;&#x5230;&#x67D0;&#x5C64;&#x5C31;&#x7570;&#x5E38;&#x7D42;&#x6B62;&#xFF0C;&#x8981;&#x5982;&#x4F55;&#x5F37;&#x5236;&#x5B83;&#x7E7C;&#x7E8C;&#x57F7;&#x884C;&#x5230;&#x4E0B;&#x4E00;&#x5C64;&#xFF1F;&lt;/span&gt;&lt;/span&gt;&lt;/span&gt;&lt;/p&gt;&#xD;
&#xD;
&lt;p&gt;&lt;span style="color:black"&gt;&lt;span style="font-family:&#x5FAE;&#x8EDF;&#x6B63;&#x9ED1;&#x9AD4;,sans-serif"&gt;&lt;span style="font-size:9.0pt"&gt;&#x7B54;107&lt;/span&gt;&#xFF1A;&lt;/span&gt;&lt;/span&gt;&lt;span style="color:black"&gt;&lt;span style="font-family:&#x5FAE;&#x8EDF;&#x6B63;&#x9ED1;&#x9AD4;,sans-serif"&gt;&lt;span style="font-size:9.0pt"&gt;&#x82E5;&#x5728;&#x905E;&#x8FF4;&#x7684;&#x67D0;&#x4E00;&#x5C64;&#x7570;&#x5E38;&#x7D42;&#x6B62;&#x5F8C;&#xFF0C;&#x5E0C;&#x671B;&#x5F37;&#x5236;&#x7A0B;&#x5F0F;&#x7E7C;&#x7E8C;&#x57F7;&#x884C;&#x5230;&#x4E0B;&#x4E00;&#x5C64;&#xFF0C;&#x53EF;&#x4EE5;&#x4F7F;&#x7528;&#x4F8B;&#x5916;&#x8655;&#x7406;&#x7684;&#x6A5F;&#x5236;&#x4F86;&#x6355;&#x6349;&#x7570;&#x5E38;&#x4E26;&#x9032;&#x884C;&#x8655;&#x7406;&#x3002;&lt;/span&gt;&lt;/span&gt;&lt;/span&gt;&lt;/p&gt; </content>
  <attach></attach>
  <rcount></rcount>
  <rank></rank>
  <hit>11</hit>
  <lang>1</lang>
</data>
