<?xml version="1.0"?>
<data version="3.0" time="2024-07-20 09:54:46" type="post" filename="b000000018.xml">
  <open_time>0000-00-00</open_time>
  <close_time>0000-00-00</close_time>
  <lang_name>Big5</lang_name>
  <board_id>1001278677</board_id>
  <node>000000018</node>
  <site>1000110001</site>
  <pt>2023-07-08 10:24:11</pt>
  <poster>06005634</poster>
  <realname>&#x90ED;&#x5BB8;&#x69A4;  </realname>
  <email>jyh2guo@gmail.com</email>
  <homepage>  </homepage>
  <subject>&#x6436;&#x7B54;106 </subject>
  <content>&lt;p&gt;106. &#x905E;&#x8FF4;&#x547C;&#x53EB;&#x70BA;&#x4F55;&#x6703;&#x9020;&#x6210;&#x8A18;&#x61B6;&#x9AD4;&#x5340;&#x6BB5;&#x932F;&#x8AA4;&#xFF1F;&lt;br /&gt;&#xD;
&#x905E;&#x8FF4;&#x547C;&#x53EB;&#x53EF;&#x4EE5;&#x5C0E;&#x81F4;&#x8A18;&#x61B6;&#x9AD4;&#x5340;&#x6BB5;&#x932F;&#x8AA4;&#x7684;&#x539F;&#x56E0;&#x901A;&#x5E38;&#x662F;&#x7531;&#x65BC;&#x905E;&#x8FF4;&#x51FD;&#x5F0F;&#x4E0D;&#x65B7;&#x5730;&#x7522;&#x751F;&#x65B0;&#x7684;&#x51FD;&#x5F0F;&#x547C;&#x53EB;&#xFF0C;&#x800C;&#x6BCF;&#x6B21;&#x51FD;&#x5F0F;&#x547C;&#x53EB;&#x90FD;&#x9700;&#x8981;&#x5728;&#x8A18;&#x61B6;&#x9AD4;&#x4E2D;&#x5206;&#x914D;&#x4E00;&#x500B;&#x65B0;&#x7684;&#x5806;&#x758A;&#x6846;&#x67B6;&#xFF0C;&#x6BCF;&#x7576;&#x51FD;&#x5F0F;&#x88AB;&#x547C;&#x53EB;&#x6642;&#xFF0C;&#x76F8;&#x95DC;&#x7684;&#x8CC7;&#x6599;&#xFF08;&#x5982;&#x51FD;&#x5F0F;&#x53C3;&#x6578;&#x3001;&#x5340;&#x57DF;&#x8B8A;&#x6578;&#x7B49;&#xFF09;&#x90FD;&#x6703;&#x88AB;&#x5B58;&#x5132;&#x5728;&#x5806;&#x758A;&#x6846;&#x67B6;&#x4E2D;&#x3002;&#x7576;&#x51FD;&#x5F0F;&#x57F7;&#x884C;&#x5B8C;&#x7562;&#x5F8C;&#xFF0C;&#x8A72;&#x51FD;&#x5F0F;&#x7684;&#x5806;&#x758A;&#x6846;&#x67B6;&#x6703;&#x88AB;&#x91CB;&#x653E;&#xFF0C;&#x4EE5;&#x4FBF;&#x91CB;&#x653E;&#x76F8;&#x61C9;&#x7684;&#x8A18;&#x61B6;&#x9AD4;&#x3002;&lt;/p&gt;&#xD;
&#xD;
&lt;p&gt;&#x5728;&#x905E;&#x8FF4;&#x51FD;&#x5F0F;&#x4E2D;&#xFF0C;&#x6BCF;&#x6B21;&#x51FD;&#x5F0F;&#x547C;&#x53EB;&#x90FD;&#x6703;&#x5C0E;&#x81F4;&#x4E00;&#x500B;&#x65B0;&#x7684;&#x5806;&#x758A;&#x6846;&#x67B6;&#x88AB;&#x5275;&#x5EFA;&#x4E26;&#x5B58;&#x5132;&#x5728;&#x5806;&#x758A;&#x4E2D;&#xFF0C;&#x800C;&#x4E14;&#x9019;&#x4E9B;&#x5806;&#x758A;&#x6846;&#x67B6;&#x7684;&#x6578;&#x91CF;&#x53EF;&#x80FD;&#x6703;&#x975E;&#x5E38;&#x5927;&#x3002;&#x5982;&#x679C;&#x905E;&#x8FF4;&#x7684;&#x6DF1;&#x5EA6;&#x5F88;&#x5927;&#xFF0C;&#x5C31;&#x6703;&#x5728;&#x5806;&#x758A;&#x4E2D;&#x7522;&#x751F;&#x5927;&#x91CF;&#x7684;&#x5806;&#x758A;&#x6846;&#x67B6;&#x3002;&lt;/p&gt;&#xD;
&#xD;
&lt;p&gt;&#x7576;&#x5806;&#x758A;&#x7A7A;&#x9593;&#x7528;&#x76E1;&#x6642;&#xFF0C;&#x7A31;&#x70BA;stack overflow&#x3002;&#x9019;&#x662F;&#x56E0;&#x70BA;&#x6BCF;&#x500B;&#x7A0B;&#x5E8F;&#x90FD;&#x6709;&#x4E00;&#x500B;&#x56FA;&#x5B9A;&#x5927;&#x5C0F;&#x7684;&#x5806;&#x758A;&#x7A7A;&#x9593;&#xFF0C;&#x7576;&#x51FD;&#x5F0F;&#x547C;&#x53EB;&#x592A;&#x591A;&#x6642;&#xFF0C;&#x5806;&#x758A;&#x5C31;&#x6703;&#x8D85;&#x51FA;&#x7BC4;&#x570D;&#xFF0C;&#x5C0E;&#x81F4;&#x8A18;&#x61B6;&#x9AD4;&#x5340;&#x6BB5;&#x932F;&#x8AA4;&#x3002;&lt;/p&gt; </content>
  <attach></attach>
  <rcount></rcount>
  <rank></rank>
  <hit>14</hit>
  <lang>1</lang>
</data>
