<?xml version="1.0"?>
<data version="3.0" time="2024-07-20 09:54:46" type="post" filename="b000000034.xml">
  <open_time>0000-00-00</open_time>
  <close_time>0000-00-00</close_time>
  <lang_name>Big5</lang_name>
  <board_id>1001278677</board_id>
  <node>000000034</node>
  <site>1000110001</site>
  <pt>2023-07-09 23:56:49</pt>
  <poster>06005760</poster>
  <realname>&#x6797;&#x5955;&#x5B8F;  </realname>
  <email>guai900726@gmail.com</email>
  <homepage> </homepage>
  <subject>&#x6436;&#x7B54;106 </subject>
  <content>&lt;p&gt;&#x905E;&#x8FF4;&#x547C;&#x53EB;&#x5728;&#x67D0;&#x4E9B;&#x60C5;&#x6CC1;&#x4E0B;&#x53EF;&#x80FD;&#x5C0E;&#x81F4;&#x8A18;&#x61B6;&#x9AD4;&#x5340;&#x6BB5;&#x932F;&#x8AA4; &#x4E3B;&#x8981;&#x539F;&#x56E0;&#x662F;&#x7531;&#x65BC;&#x5806;&#x758A;&#x6EA2;&#x4F4D;&#x6216;&#x7121;&#x9650;&#x905E;&#x8FF4;&lt;/p&gt;&#xD;
&#xD;
&lt;p&gt;&#x53E6;&#x4E00;&#x500B;&#x60C5;&#x6CC1;&#x662F;&#x7121;&#x9650;&#x905E;&#x8FF4; &#x5C31;&#x662F;&#x905E;&#x8FF4;&#x51FD;&#x6578;&#x6C92;&#x6709;&#x7D42;&#x6B62;&#x689D;&#x4EF6;&#x6216;&#x7D42;&#x6B62;&#x689D;&#x4EF6;&#x8A2D;&#x7F6E;&#x4E0D;&#x6B63;&#x78BA;&amp;nbsp; &#x905E;&#x8FF4;&#x51FD;&#x6578;&#x6703;&#x4E0D;&#x65B7;&#x5730;&#x547C;&#x53EB;&#x81EA;&#x5DF1; &#x9020;&#x6210;&#x7121;&#x9650;&#x905E;&#x8FF4;&lt;/p&gt;</content>
  <attach></attach>
  <rcount></rcount>
  <rank></rank>
  <hit>10</hit>
  <lang>1</lang>
</data>
