<?xml version="1.0"?>
<data version="3.0" time="2024-07-20 09:54:46" type="post" filename="b000000011.xml">
  <open_time>0000-00-00</open_time>
  <close_time>0000-00-00</close_time>
  <lang_name>Big5</lang_name>
  <board_id>1001278677</board_id>
  <node>000000011</node>
  <site>1000110001</site>
  <pt>2023-07-06 01:49:59</pt>
  <poster>06005636</poster>
  <realname>&#x6731;&#x7D18;&#x6B63;  </realname>
  <email>henry3446@gmail.com</email>
  <homepage>  </homepage>
  <subject>&#x6436;&#x7B54;106 </subject>
  <content>&lt;p&gt;106. &#x905E;&#x8FF4;&#x547C;&#x53EB;&#x70BA;&#x4F55;&#x6703;&#x9020;&#x6210;&#x8A18;&#x61B6;&#x9AD4;&#x5340;&#x6BB5;&#x932F;&#x8AA4;&#xFF1F;&lt;/p&gt;&#xD;
&#xD;
&lt;p&gt;&#x7576;&#x547C;&#x53EB;&#x4E00;&#x500B;&#x51FD;&#x5F0F;&#x6642;&#xFF0C;&#x7A0B;&#x5F0F;&#x6703;&#x5C07;&#x51FD;&#x5F0F;&#x7684;&#x8CC7;&#x8A0A;&#x4FDD;&#x5B58;&#x5728;&#x5806;&#x758A;&#xFF08;stack&#xFF09;&#x4E2D;&#x7684;&#x4E00;&#x500B;&#x5340;&#x6BB5;&#x7A31;&#x70BA;&#x300C;&#x547C;&#x53EB;&#x6846;&#x67B6;&#x300D;&#xFF08;call frame&#xFF09;&#x3002;&#x547C;&#x53EB;&#x6846;&#x67B6;&#x5305;&#x542B;&#x4E86;&#x547C;&#x53EB;&#x51FD;&#x5F0F;&#x6240;&#x9700;&#x7684;&#x6240;&#x6709;&#x8CC7;&#x8A0A;&#x3002;&#x7576;&#x51FD;&#x5F0F;&#x5B8C;&#x6210;&#x57F7;&#x884C;&#x6642;&#xFF0C;&#x5B83;&#x7684;&#x547C;&#x53EB;&#x6846;&#x67B6;&#x6703;&#x88AB;&#x79FB;&#x9664;&#x3002; &#x7576;&#x5806;&#x758A;&#x7121;&#x6CD5;&#x5BB9;&#x7D0D;&#x66F4;&#x591A;&#x7684;&#x547C;&#x53EB;&#x6846;&#x67B6;&#x6642;&#xFF0C;&#x5373;&#x8D85;&#x904E;&#x4E86;&#x5806;&#x758A;&#x7684;&#x6700;&#x5927;&#x9650;&#x5236;&#xFF0C;&#x5C31;&#x6703;&#x767C;&#x751F;&#x5806;&#x758A;&#x6EA2;&#x4F4D;&#x3002;&#x9019;&#x53EF;&#x80FD;&#x5C0E;&#x81F4;&#x8A18;&#x61B6;&#x9AD4;&#x5340;&#x6BB5;&#x932F;&#x8AA4;&#xFF0C;&#x56E0;&#x70BA;&#x7A0B;&#x5F0F;&#x8A66;&#x5716;&#x5B58;&#x53D6;&#x4E0D;&#x5B58;&#x5728;&#x7684;&#x6216;&#x88AB;&#x5176;&#x4ED6;&#x8B8A;&#x6578;/&#x8CC7;&#x6599;&#x8986;&#x5BEB;&#x7684;&#x8A18;&#x61B6;&#x9AD4;&#x5340;&#x57DF;&#x3002;&#x9019;&#x7A2E;&#x60C5;&#x6CC1;&#x53EF;&#x80FD;&#x5C0E;&#x81F4;&#x7A0B;&#x5F0F;&#x5D29;&#x6F70;&#x6216;&#x7570;&#x5E38;&#x7D42;&#x6B62;&#x3002;&lt;/p&gt; </content>
  <attach></attach>
  <rcount></rcount>
  <rank></rank>
  <hit>15</hit>
  <lang>1</lang>
</data>
