<?xml version="1.0"?>
<data version="3.0" time="2024-07-20 09:54:46" type="post" filename="b000000014000000001.xml">
  <open_time>0000-00-00</open_time>
  <close_time>0000-00-00</close_time>
  <lang_name>Big5</lang_name>
  <board_id>1001278677</board_id>
  <node>000000014000000001</node>
  <site>1000110001</site>
  <pt>2023-07-07 15:09:09</pt>
  <poster>11813</poster>
  <realname>&#x5433;&#x5B9C;&#x9D3B;  </realname>
  <email>yhwu@cycu.edu.tw</email>
  <homepage>https://www.researchgate.net/profile/Yi-Hung-Wu-2  </homepage>
  <subject>Re: &#x6436;&#x7B54;107  </subject>
  <content>&lt;p&gt;&amp;quot;&#x4F8B;&#x5916;&#x8655;&#x7406;&#x7684;&#x6A5F;&#x5236;&#x4F86;&#x6355;&#x6349;&#x7570;&#x5E38;&amp;quot;&amp;nbsp;&lt;span style="color:#ff0000"&gt; &#x5982;&#x4F55;&#x5BE6;&#x4F5C;&#xFF1F;&lt;/span&gt;&lt;/p&gt;&#xD;
&#xD;
&lt;p&gt;&amp;quot;&#x4E26;&#x9032;&#x884C;&#x8655;&#x7406;&amp;quot;&amp;nbsp; &lt;span style="color:#ff0000"&gt;&#x5982;&#x4F55;&#x9032;&#x884C;&#x624D;&#x53EF;&#x4EE5;&#x7E7C;&#x7E8C;&#x57F7;&#x884C;&#xFF1F;&lt;/span&gt;&lt;/p&gt; </content>
  <attach></attach>
  <rcount></rcount>
  <rank></rank>
  <hit>1</hit>
  <lang>1</lang>
</data>
