<?xml version="1.0"?>
<data version="3.0" time="2024-07-20 09:54:46" type="post" filename="b000000022.xml">
  <open_time>0000-00-00</open_time>
  <close_time>0000-00-00</close_time>
  <lang_name>Big5</lang_name>
  <board_id>1001278677</board_id>
  <node>000000022</node>
  <site>1000110001</site>
  <pt>2023-07-09 13:29:22</pt>
  <poster>06005984</poster>
  <realname>&#x8A31;&#x7956;&#x777F;  </realname>
  <email>ray900510@gmail.com</email>
  <homepage>  </homepage>
  <subject>&#x6436;&#x7B54;109 </subject>
  <content>&lt;p&gt;109. &#x975C;&#x614B;&#x9663;&#x5217;&#x548C;&#x52D5;&#x614B;&#x9663;&#x5217;&#x6709;&#x4F55;&#x5DEE;&#x7570;&#xFF1F;&#x6307;&#x51FA;&#x5176;&#x512A;&#x7F3A;&#x9EDE;&#x3002;&lt;/p&gt;&#xD;
&#xD;
&lt;p&gt;&#x975C;&#x614B;&#x9663;&#x5217;&#x7684;&#x8A18;&#x61B6;&#x9AD4;&#x914D;&#x7F6E;&#x767C;&#x751F;&#x5728;&#x5806;&#x758A;&#x4E0A;&#xFF0C;&#x901A;&#x5E38;&#x5177;&#x6709;&#x8F03;&#x5FEB;&#x7684;&#x5B58;&#x53D6;&#x901F;&#x5EA6;&#x3002;&#x76F8;&#x5C0D;&#x7C21;&#x55AE;&#xFF0C;&#x4E0D;&#x9700;&#x8981;&#x984D;&#x5916;&#x7684;&#x8A18;&#x61B6;&#x9AD4;&#x7BA1;&#x7406;&#x6216;&#x91CB;&#x653E;&#x3002;&lt;/p&gt;&#xD;
&#xD;
&lt;p&gt;&#x7F3A;&#x9EDE;&#x662F;&#x5728;&#x7DE8;&#x8B6F;&#x6642;&#x671F;&#x5C31;&#x88AB;&#x78BA;&#x5B9A;&#xFF0C;&#x7121;&#x6CD5;&#x5728;&#x57F7;&#x884C;&#x6642;&#x671F;&#x52D5;&#x614B;&#x6539;&#x8B8A;&#xFF0C;&#x9019;&#x53EF;&#x80FD;&#x9650;&#x5236;&#x4E86;&#x5F48;&#x6027;&#x548C;&#x8CC7;&#x6E90;&#x4F7F;&#x7528;&#x6548;&#x7387;&#x3002;&lt;/p&gt;&#xD;
&#xD;
&lt;p&gt;&#x52D5;&#x614B;&#x9663;&#x5217;&#x7684;&#x5927;&#x5C0F;&#x53EF;&#x4EE5;&#x5728;&#x57F7;&#x884C;&#x6642;&#x671F;&#x52D5;&#x614B;&#x8ABF;&#x6574;&#xFF0C;&#x53EF;&#x4EE5;&#x6839;&#x64DA;&#x9700;&#x8981;&#x589E;&#x52A0;&#x6216;&#x6E1B;&#x5C11;&#x5143;&#x7D20;&#x7684;&#x6578;&#x91CF;,&#x53EF;&#x4EE5;&#x6839;&#x64DA;&#x9700;&#x6C42;&#x52D5;&#x614B;&#x5206;&#x914D;&#x8A18;&#x61B6;&#x9AD4;&#xFF0C;&#x6E1B;&#x5C11;&#x4E0D;&#x5FC5;&#x8981;&#x7684;&#x8A18;&#x61B6;&#x9AD4;&#x6D6A;&#x8CBB;&lt;/p&gt;&#xD;
&#xD;
&lt;p&gt;&#x7F3A;&#x9EDE;&#x662F;&#x9700;&#x8981;&#x984D;&#x5916;&#x7684;&#x8A18;&#x61B6;&#x9AD4;&#x7BA1;&#x7406;&#x64CD;&#x4F5C;&#xFF0C;&#x4F8B;&#x5982;&#x5206;&#x914D;&#x548C;&#x91CB;&#x653E;&#x8A18;&#x61B6;&#x9AD4;&#xFF0C;&#x9019;&#x53EF;&#x80FD;&#x5E36;&#x4F86;&#x4E00;&#x4E9B;&#x958B;&#x92B7;&#x548C;&#x8907;&#x96DC;&#x5EA6;&#x3002;&#x8A18;&#x61B6;&#x9AD4;&#x914D;&#x7F6E;&#x767C;&#x751F;&#x5728;&#x5806;&#x7A4D;&#x4E0A;&#xFF0C;&#x5B58;&#x53D6;&#x901F;&#x5EA6;&#x76F8;&#x5C0D;&#x8F03;&#x6162;&#x3002;&lt;/p&gt; </content>
  <attach></attach>
  <rcount></rcount>
  <rank></rank>
  <hit>8</hit>
  <lang>1</lang>
</data>
