<?xml version="1.0"?>
<data version="3.0" time="2024-07-20 09:54:46" type="post" filename="b000000003000000001.xml">
  <open_time>0000-00-00</open_time>
  <close_time>0000-00-00</close_time>
  <lang_name>Big5</lang_name>
  <board_id>1001278677</board_id>
  <node>000000003000000001</node>
  <site>1000110001</site>
  <pt>2023-07-07 14:27:25</pt>
  <poster>11813</poster>
  <realname>&#x5433;&#x5B9C;&#x9D3B;  </realname>
  <email>yhwu@cycu.edu.tw</email>
  <homepage>https://www.researchgate.net/profile/Yi-Hung-Wu-2  </homepage>
  <subject>Re: &#x6436;&#x7B54;107  </subject>
  <content>&lt;p&gt;&lt;span style="color:#ff0000"&gt;&#x5047;&#x8A2D;&#x905E;&#x8FF4;&#x5230;100&#x5C64;&#x5C31;&#x51FA;&#x73FE;&#x7570;&#x5E38;&#xFF0C;&#x5728;&#x7B2C;99&#x5C64;&#x7570;&#x5E38;&#x8655;&#x7406;&#x5F8C;&#x518D;&#x6B21;&#x9032;&#x5165;&#x905E;&#x8FF4;&#xFF0C;&#x9084;&#x662F;&#x6703;&#x51FA;&#x73FE;&#x7570;&#x5E38;&#x5427;&#xFF1F;&#x5982;&#x4F55;&#x9032;&#x5165;&#x7B2C;100&#x5C64;&#x7E7C;&#x7E8C;&#x57F7;&#x884C;&#xFF1F;&lt;/span&gt;&lt;/p&gt; </content>
  <attach></attach>
  <rcount></rcount>
  <rank></rank>
  <hit>1</hit>
  <lang>1</lang>
</data>
