<?xml version="1.0"?>
<data version="3.0" time="2024-07-20 09:54:46" type="post" filename="b000000015000000001.xml">
  <open_time>0000-00-00</open_time>
  <close_time>0000-00-00</close_time>
  <lang_name>Big5</lang_name>
  <board_id>1001278677</board_id>
  <node>000000015000000001</node>
  <site>1000110001</site>
  <pt>2023-07-07 15:09:55</pt>
  <poster>11813</poster>
  <realname>&#x5433;&#x5B9C;&#x9D3B;  </realname>
  <email>yhwu@cycu.edu.tw</email>
  <homepage>https://www.researchgate.net/profile/Yi-Hung-Wu-2  </homepage>
  <subject>Re: &#x6436;&#x7B54;110  </subject>
  <content>&lt;p&gt;&#x7B54;&#x554F;&#x8CBC;&#x6587;&#x7684;&#x6A19;&#x984C;&#xFF0C;&#x8ACB;&#x9644;&#x4E0A;&#x539F;&#x672C;&#x7684;&#x554F;&#x984C;&#x6558;&#x8FF0;&#x3002;&lt;/p&gt; </content>
  <attach></attach>
  <rcount></rcount>
  <rank></rank>
  <hit>1</hit>
  <lang>1</lang>
</data>
