<?xml version="1.0"?>
<data version="3.0" time="2024-07-20 09:54:46" type="post" filename="b000000019.xml">
  <open_time>0000-00-00</open_time>
  <close_time>0000-00-00</close_time>
  <lang_name>Big5</lang_name>
  <board_id>1001278677</board_id>
  <node>000000019</node>
  <site>1000110001</site>
  <pt>2023-07-08 15:11:17</pt>
  <poster>06005645</poster>
  <realname>&#x6797;&#x54C1;&#x7444;  </realname>
  <email>hank61061007@gmail.com</email>
  <homepage>  </homepage>
  <subject>&#x6436;&#x7B54;106 </subject>
  <content>&lt;p&gt;&#x905E;&#x8FF4;&#x547C;&#x53EB;&#x70BA;&#x4F55;&#x6703;&#x9020;&#x6210;&#x8A18;&#x61B6;&#x9AD4;&#x5340;&#x6BB5;&#x932F;&#x8AA4;?&lt;/p&gt;&#xD;
&#xD;
&lt;p&gt;&#x50CF;&#x662F;&#x7121;&#x9650;&#x905E;&#x8FF4;(Infinite Recursion)&#xFF0C;&#x7576;&#x6C92;&#x6709;&#x6B63;&#x78BA;&#x7684;&#x7D42;&#x6B62;&#x689D;&#x4EF6;&#x6216;&#x662F;&#x905E;&#x8FF4;&#x505C;&#x6B62;&#x689D;&#x4EF6;&#x4E0D;&#x7B26;&#x5408;&#xFF0C;&#x905E;&#x8FF4;&#x51FD;&#x5F0F;&#x5C07;&#x6C38;&#x9060;&#x905E;&#x8FF4;&#x4E0B;&#x53BB;&#xFF0C;&#x4E0D;&#x65B7;&#x5730;&#x547C;&#x53EB;&#x81EA;&#x5DF1;&#x3002;&#x9019;&#x5C07;&#x6D88;&#x8017;&#x7CFB;&#x7D71;&#x7684;&#x8A18;&#x61B6;&#x9AD4;&#x548C;&#x8CC7;&#x6E90;&#xFF0C;&#x6700;&#x5F8C;&#x5C0E;&#x81F4;&#x8A18;&#x61B6;&#x9AD4;&#x5340;&#x6BB5;&#x932F;&#x8AA4;&#x3002;&lt;/p&gt; </content>
  <attach></attach>
  <rcount></rcount>
  <rank></rank>
  <hit>16</hit>
  <lang>1</lang>
</data>
