<?xml version="1.0"?>
<data version="3.0" time="2024-07-20 09:54:46" type="post" filename="b000000005.xml">
  <open_time>0000-00-00</open_time>
  <close_time>0000-00-00</close_time>
  <lang_name>Big5</lang_name>
  <board_id>1001278677</board_id>
  <node>000000005</node>
  <site>1000110001</site>
  <pt>2023-07-05 14:56:05</pt>
  <poster>06005635</poster>
  <realname>&#x9EC3;&#x535A;&#x5143;  </realname>
  <email>maruko1mjw@yahoo.com.tw</email>
  <homepage>  </homepage>
  <subject>&#x6436;&#x7B54;110 </subject>
  <content>&lt;p&gt;&#x554F;&#x984C; : &#x5BEB;&#x51FA;C++&#x7A0B;&#x5F0F;&#x78BC;&#x8AAA;&#x660E;&#x50B3;&#x503C;&#x547C;&#x53EB;call by value&#x3002;&lt;/p&gt;&#xD;
&#xD;
&lt;p&gt;&#x7B54;&#x6848; :&amp;nbsp;&lt;/p&gt;&#xD;
&#xD;
&lt;p&gt;#include &amp;lt;iostream&amp;gt;&lt;/p&gt;&#xD;
&#xD;
&lt;p&gt;using namespace std;&lt;/p&gt;&#xD;
&#xD;
&lt;p&gt;// &#x51FD;&#x5F0F;&#x5B9A;&#x7FA9;&#xFF0C;&#x63A5;&#x6536;&#x4E00;&#x500B;&#x6574;&#x6578;&#x53C3;&#x6578;&lt;br /&gt;&#xD;
void increment(int num) {&lt;br /&gt;&#xD;
&amp;nbsp; &amp;nbsp; num++; // &#x5C07;&#x53C3;&#x6578;&#x589E;&#x52A0; 1&lt;br /&gt;&#xD;
&amp;nbsp; &amp;nbsp; std::cout &amp;lt;&amp;lt; &amp;quot;Inside the function: &amp;quot; &amp;lt;&amp;lt; num &amp;lt;&amp;lt; std::endl;&lt;br /&gt;&#xD;
}&lt;/p&gt;&#xD;
&#xD;
&lt;p&gt;int main() {&lt;br /&gt;&#xD;
&amp;nbsp; &amp;nbsp; int number = 5;&lt;/p&gt;&#xD;
&#xD;
&lt;p&gt;&amp;nbsp; &amp;nbsp; std::cout &amp;lt;&amp;lt; &amp;quot;Before calling the function: &amp;quot; &amp;lt;&amp;lt; number &amp;lt;&amp;lt; std::endl;&lt;br /&gt;&#xD;
&amp;nbsp; &amp;nbsp; increment(number); // &#x50B3;&#x503C;&#x547C;&#x53EB;&#x51FD;&#x5F0F;&lt;br /&gt;&#xD;
&amp;nbsp; &amp;nbsp; std::cout &amp;lt;&amp;lt; &amp;quot;After calling the function: &amp;quot; &amp;lt;&amp;lt; number &amp;lt;&amp;lt; std::endl;&lt;/p&gt;&#xD;
&#xD;
&lt;p&gt;&amp;nbsp; &amp;nbsp; return 0;&lt;br /&gt;&#xD;
}&lt;/p&gt;&#xD;
&#xD;
&lt;p&gt;&#x5728;&#x4E0A;&#x8FF0;&#x7A0B;&#x5F0F;&#x78BC;&#x4E2D;&#xFF0C;&#x6211;&#x5011;&#x5B9A;&#x7FA9;&#x4E86;&#x4E00;&#x500B; increment &#x51FD;&#x5F0F;&#xFF0C;&#x8A72;&#x51FD;&#x5F0F;&#x63A5;&#x6536;&#x4E00;&#x500B;&#x6574;&#x6578;&#x53C3;&#x6578; num&#x3002;&#x5728; increment &#x51FD;&#x5F0F;&#x5167;&#x90E8;&#xFF0C;&#x6211;&#x5011;&#x5C07; num &#x7684;&#x503C;&#x589E;&#x52A0; 1&#xFF0C;&#x4E26;&#x8F38;&#x51FA;&#x7D50;&#x679C;&#x3002;&lt;/p&gt;&#xD;
&#xD;
&lt;p&gt;&#x6839;&#x64DA;&#x50B3;&#x503C;&#x547C;&#x53EB;&#x7684;&#x65B9;&#x5F0F;&#xFF0C;increment &#x51FD;&#x5F0F;&#x4E2D;&#x7684;&#x53C3;&#x6578; num &#x662F; number &#x7684;&#x8907;&#x88FD;&#x3002;&#x56E0;&#x6B64;&#xFF0C;&#x51FD;&#x5F0F;&#x5167;&#x90E8;&#x5C0D; num &#x7684;&#x4FEE;&#x6539;&#x4E0D;&#x6703;&#x5F71;&#x97FF;&#x5230; number &#x7684;&#x503C;&#x3002;&#x9019;&#x4E5F;&#x53EF;&#x4EE5;&#x5728;&#x8F38;&#x51FA;&#x7D50;&#x679C;&#x4E2D;&#x89C0;&#x5BDF;&#x5230;&#xFF1A;&#x547C;&#x53EB;&#x51FD;&#x5F0F;&#x5F8C;&#xFF0C;num&#x7684;&#x503C;&#x8B8A;&#x70BA;6&#xFF0C;&#x800C;number &#x7684;&#x503C;&#x4ECD;&#x7136;&#x662F; 5&#x3002;&lt;/p&gt;&#xD;
&#xD;
&lt;p&gt;&#x8F38;&#x51FA;&#x7D50;&#x679C;&#x5728;&#x9644;&#x4EF6;&#x3002;&lt;/p&gt; </content>
  <attach>123.png	WM64a512d3a39ad.png</attach>
  <rcount></rcount>
  <rank></rank>
  <hit>22</hit>
  <lang>1</lang>
</data>
