<?xml version="1.0"?>
<data version="3.0" time="2024-07-20 09:54:46" type="post" filename="b000000001.xml">
  <open_time>0000-00-00</open_time>
  <close_time>0000-00-00</close_time>
  <lang_name>Big5</lang_name>
  <board_id>1001278677</board_id>
  <node>000000001</node>
  <site>1000110001</site>
  <pt>2023-07-05 01:31:49</pt>
  <poster>06005727</poster>
  <realname>&#x9673;&#x5F65;&#x52F3;  </realname>
  <email>cys890403@gmail.com</email>
  <homepage>  </homepage>
  <subject>&#x6436;&#x7B54;109 </subject>
  <content>&lt;p&gt;&lt;span style="color:black"&gt;&lt;span style="font-family:&#x5FAE;&#x8EDF;&#x6B63;&#x9ED1;&#x9AD4;,sans-serif"&gt;&lt;span style="font-size:9.0pt"&gt;&#x554F;109&lt;/span&gt;&#xFF1A;&#x975C;&#x614B;&#x9663;&#x5217;&#x548C;&#x52D5;&#x614B;&#x9663;&#x5217;&#x6709;&#x4F55;&#x5DEE;&#x7570;&#xFF1F;&#x6307;&#x51FA;&#x5176;&#x512A;&#x7F3A;&#x9EDE;&#x3002;&lt;/span&gt;&lt;/span&gt;&lt;/p&gt;&#xD;
&#xD;
&lt;p&gt;&lt;span style="color:black"&gt;&lt;span style="font-family:&#x5FAE;&#x8EDF;&#x6B63;&#x9ED1;&#x9AD4;,sans-serif"&gt;&lt;span style="font-size:9.0pt"&gt;&#x7B54;109&lt;/span&gt;&#xFF1A;&#x975C;&#x614B;&#x9663;&#xF99C;&#x548C;&#x52D5;&#x614B;&#x9663;&#xF99C;&#x7684;&#x5DEE;&#x5225;&#x5728;&#x65BC;&#x8A18;&#x61B6;&#x9AD4;&#x7684;&#x4F7F;&#x7528;&#xF9FA;&#x6CC1;&#xFF0C;&#x52D5;&#x614B;&#x9663;&#xF99C;&#x5728;&#x7A0B;&#x5F0F;&#x5C1A;&#x672A;&#x57F7;&#xFA08;&#x5230;&#x6709;&#x95DC;&#x8A72;&#x9663;&#xF99C;&#x7684;&#x5BA3;&#x544A;&#x4E4B;&#x524D;&#xF967;&#x6703;&#x914D;&#x7F6E;&#x4EFB;&#x4F55;&#x8A18;&#x61B6;&#x9AD4;&#x7D66;&#x8A72;&#x9663;&#xF99C;&#xFF0C;&#x7576;&#x7A0B;&#x5F0F;&#x57F7;&#xFA08;&#x5230;&#x5BA3;&#x544A;&#x9663;&#xF99C;&#x6642;&#xFF0C;&#x624D;&#x6703;&#x8981;&#x6C42;&#x7CFB;&#x7D71;&#x914D;&#x7F6E;&#x8A18;&#x61B6;&#x9AD4;&#x7A7A;&#x9593;&#x7D66;&#x52D5;&#x614B;&#x9663;&#xF99C;&#x4F7F;&#x7528;&#x3002;&#x800C;&#x975C;&#x614B;&#x9663;&#xF99C;&#x5247;&#x662F;&#x7A0B;&#x5F0F;&#x5728;&#x8F09;&#x5165;&#x5230;&#x8A18;&#x61B6;&#x9AD4;&#x6642;&#xFF0C;&#x540C;&#x6642;&#x4E5F;&#x8981;&#x6C42;&#x914D;&#x7F6E;&#x8A18;&#x61B6;&#x9AD4;&#x7A7A;&#x9593;&#x7D66;&#x975C;&#x614B;&#x9663;&#xF99C;&#x4F7F;&#x7528;&#x3002;&#x975C;&#x614B;&#x9663;&#x5217;&#x7684;&#x512A;&#x9EDE;&#x662F;&#x627E;&#x67E5;&#x8A18;&#x61B6;&#x9AD4;&#x5341;&#x5206;&#x5FEB;&#x901F;&#xFF0C;&#x7F3A;&#x9EDE;&#x662F;&#x5C0D;&#x65BC;&#x62D3;&#x5C55;&#x7A7A;&#x9593;&#x3001;&#x63D2;&#x5165;&#x8CC7;&#x6599;&#x5F88;&#x6D6A;&#x8CBB;&#x8CC7;&#x6E90;&#xFF0C;&#x9700;&#x8981;&#x79FB;&#x52D5;&#x5927;&#x91CF;&#x8CC7;&#x6599;&#x3002;&#x52D5;&#x614B;&#x9663;&#x5217;&#x7684;&#x512A;&#x9EDE;&#x662F;&#x53EF;&#x4EE5;&#x52D5;&#x614B;&#x7684;&#x65B0;&#x589E;&#x548C;&#x522A;&#x9664;&#x5143;&#x7D20;&lt;/span&gt;&lt;/span&gt;&#x3001;&#x53EF;&#x4EE5;&#x52D5;&#x614B;&#x7684;&#x6539;&#x8B8A;&#x9663;&#x5217;&#x7684;&#x5BB9;&#x91CF;&#xFF0C;&#x7F3A;&#x9EDE;&#x662F;&lt;span style="color:black"&gt;&lt;span style="font-family:&#x5FAE;&#x8EDF;&#x6B63;&#x9ED1;&#x9AD4;,sans-serif"&gt;&lt;span style="font-size:9.0pt"&gt;&#x7576;&#x9700;&#x8981;&#x63D2;&#x5165;&#x6216;&#x522A;&#x9664;&#x5143;&#x7D20;&#x6642;&#xFF0C;&#x53EF;&#x80FD;&#x9700;&#x8981;&#x91CD;&#x65B0;&#x5206;&#x914D;&#x8A18;&#x61B6;&#x9AD4;&#x4E26;&#x79FB;&#x52D5;&#x5176;&#x4ED6;&#x5143;&#x7D20;&#xFF0C;&#x4EE5;&#x4FBF;&#x4FDD;&#x6301;&#x9023;&#x7E8C;&#x7684;&#x8A18;&#x61B6;&#x9AD4;&#x7A7A;&#x9593;&#x4E14;&#x63D2;&#x5165;&#x6216;&#x522A;&#x9664;&#x5143;&#x7D20;&#x7684;&#x6210;&#x672C;&#x8F03;&#x9AD8;&#xFF0C;&#x5C24;&#x5176;&#x662F;&#x5728;&#x9663;&#x5217;&#x7684;&#x958B;&#x982D;&#x6216;&#x4E2D;&#x9593;&#x4F4D;&#x7F6E;&#x3002;&lt;/span&gt;&lt;/span&gt;&lt;/span&gt;&lt;/p&gt; </content>
  <attach></attach>
  <rcount></rcount>
  <rank></rank>
  <hit>27</hit>
  <lang>1</lang>
</data>
