<?xml version="1.0"?>
<data version="3.0" time="2024-07-20 09:54:46" type="post" filename="b000000004.xml">
  <open_time>0000-00-00</open_time>
  <close_time>0000-00-00</close_time>
  <lang_name>Big5</lang_name>
  <board_id>1001278677</board_id>
  <node>000000004</node>
  <site>1000110001</site>
  <pt>2023-07-05 12:13:01</pt>
  <poster>10827128</poster>
  <realname>&#x6797;&#x946B;&#x5B8F;  </realname>
  <email>shawn140802@gmail.com</email>
  <homepage>  </homepage>
  <subject>&#x6436;&#x7B54;108 </subject>
  <content>&lt;p&gt;&#x65B9;&#x6CD5;&#x4E00;:&#x5728;&#x5BA3;&#x544A;&#x6642;&#x76F4;&#x63A5;&#x8CE6;&#x503C;&lt;/p&gt;&#xD;
&#xD;
&lt;p&gt;int main() {&lt;br /&gt;&#xD;
&amp;nbsp; &amp;nbsp; int arr[5] = {1, 2, 3, 4, 5}; &amp;nbsp;// &#x4F7F;&#x7528;&#x521D;&#x59CB;&#x5316;&#x5217;&#x8868;&#x4E3A;&#x6570;&#x7EC4;&#x5143;&#x7D20;&#x8BBE;&#x7F6E;&#x521D;&#x59CB;&#x503C;&lt;/p&gt;&#xD;
&#xD;
&lt;p&gt;&amp;nbsp; &amp;nbsp; // &#x8F93;&#x51FA;&#x6570;&#x7EC4;&#x5143;&#x7D20;&lt;br /&gt;&#xD;
&amp;nbsp; &amp;nbsp; for (int i = 0; i &amp;lt; 5; i++) {&lt;br /&gt;&#xD;
&amp;nbsp; &amp;nbsp; &amp;nbsp; &amp;nbsp; cout &amp;lt;&amp;lt; arr[i] &amp;lt;&amp;lt; &amp;quot; &amp;quot;;&amp;nbsp; &amp;nbsp; &amp;nbsp;//&#x8F38;&#x51FA;&#x8CE6;&#x503C;&#x7D50;&#x679C;&lt;br /&gt;&#xD;
&amp;nbsp; &amp;nbsp; }&lt;br /&gt;&#xD;
&amp;nbsp; &amp;nbsp; cout &amp;lt;&amp;lt; endl;&lt;/p&gt;&#xD;
&#xD;
&lt;p&gt;&amp;nbsp; &amp;nbsp; return 0;&lt;br /&gt;&#xD;
}&lt;br /&gt;&#xD;
&amp;nbsp;&lt;/p&gt;&#xD;
&#xD;
&lt;p&gt;&#x5176;&#x4ED6;&#x65B9;&#x6CD5;&#x4E3B;&#x8981;&#x662F;&#x5148;&#x5BA3;&#x544A;&#x518D;&#x7528;&#x8FF4;&#x5708;&#x7B49;&#x65B9;&#x5F0F;&#x9032;&#x884C;&#x521D;&#x59CB;&#x503C;&#x7684;&#x8CE6;&#x4E88;&lt;/p&gt; </content>
  <attach></attach>
  <rcount></rcount>
  <rank></rank>
  <hit>16</hit>
  <lang>1</lang>
</data>
