<?xml version="1.0"?>
<data version="3.0" time="2024-07-20 09:54:46" type="post" filename="b000000016.xml">
  <open_time>0000-00-00</open_time>
  <close_time>0000-00-00</close_time>
  <lang_name>Big5</lang_name>
  <board_id>1001278677</board_id>
  <node>000000016</node>
  <site>1000110001</site>
  <pt>2023-07-07 16:25:37</pt>
  <poster>06005771</poster>
  <realname>&#x838A;&#x660E;&#x9D3B;  </realname>
  <email>mattsonc204@gmail.com</email>
  <homepage>  </homepage>
  <subject>&#x6436;&#x7B54;109 </subject>
  <content>&lt;p&gt;&#x5DEE;&#x5225;&#x5728;&#x65BC;&#x8A18;&#x61B6;&#x9AD4;&#x7684;&#x4F7F;&#x7528;&#xF9FA;&#x6CC1;&#xFF0C;&#x300E;&#x52D5;&#x614B;&#x9663;&#xF99C;&#x300F;&#x5728;&#x7A0B;&#x5F0F;&#x5C1A;&#x672A;&#x57F7;&#xFA08;&#x5230;&#x6709;&#x95DC;&#x8A72;&#x9663;&#xF99C;&#x7684;&#x5BA3;&#x544A;&#x4E4B;&#x524D;&#xFF0C;&#x4E26;&#xF967;&#x6703;&#x914D;&#x7F6E;&#x4EFB;&#x4F55;&#x8A18;&#x61B6;&#x9AD4;&#x7D66;&#x8A72;&#x9663;&#xF99C;&#xFF0C;&#x7576;&#x7A0B;&#x5F0F;&#x57F7;&#xFA08;&#x5230;&#x5BA3;&#x544A;&#x9663;&#xF99C;&#x6642;&#xFF0C;&#x624D;&#x6703;&#x8981;&#x6C42;&#x7CFB;&#x7D71;&#x914D;&#x7F6E;&#x8A18;&#x61B6;&#x9AD4;&#x7A7A;&#x9593;&#x7D66;&#x52D5;&#x614B;&#x9663;&#xF99C;&#x4F7F;&#x7528;&#x3002;&#x76F8;&#x5C0D;&#x5730;&#xFF0C;&#x800C;&#x300E;&#x975C;&#x614B;&#x9663;&#xF99C;&#x300F;&#x5247;&#x662F;&#x7A0B;&#x5F0F;&#x5728;&#x8F09;&#x5165;&#x5230;&#x8A18;&#x61B6;&#x9AD4;&#x6642;&#xFF0C;&#x540C;&#x6642;&#x4E5F;&#x8981;&#x6C42;&#x914D;&#x7F6E;&#x8A18;&#x61B6;&#x9AD4;&#x7A7A;&#x9593;&#x7D66;&#x975C;&#x614B;&#x9663;&#xF99C;&#x4F7F;&#x7528;&#x3002;&#x56E0;&#x6B64;&#xFF0C;&#x52D5;&#x614B;&#x9663;&#xF99C;&#x6BD4;&#x8F03;&#x7BC0;&#xF96D;&#x8A18;&#x61B6;&#x9AD4;&#x7A7A;&#x9593;&#x7684;&#x4F7F;&#x7528;&#xF961;&#x3002;&lt;/p&gt;&#xD;
&#xD;
&lt;p&gt;&#x975C;&#x614B;&#x9663;&#x5217;&#x512A;&#x9EDE;:&#x4F7F;&#x7528;&#x4E00;&#x6BB5;&lt;strong&gt;&#x9023;&#x7E8C;&lt;/strong&gt;&#x7684;&#x8A18;&#x61B6;&#x9AD4;&#x7A7A;&#x9593;&#x5132;&#x5B58;&#xFF0C;&#x8F03;&#x7BC0;&#x7701;&#x7A7A;&#x9593;&#xFF1B;&#x53EF;&#x4EE5;&#x900F;&#x904E;&lt;strong&gt;&#x7D22;&#x5F15;&#x503C;&lt;/strong&gt;&#x5C0D;&#x8CC7;&#x6599;&#x9032;&#x884C;&lt;strong&gt;&#x67E5;&#x8A62;&#x3001;&#x66F4;&#x6539;&#x3002;&lt;/strong&gt;&lt;/p&gt;&#xD;
&#xD;
&lt;p&gt;&#x975C;&#x614B;&#x9663;&#x5217;&#x7F3A;&#x9EDE;:&#x8981;&#x4E00;&#x7FA4;&lt;strong&gt;&#x76F8;&#x540C;&#x985E;&#x578B;&lt;/strong&gt;&#x7684;&#x8CC7;&#x6599;&#x624D;&#x80FD;&#x5132;&#x5B58;&#xFF1B;&#x5FC5;&#x9808;&#x8981;&#x660E;&#x78BA;&lt;strong&gt;&#x898F;&#x5283;&#x8A18;&#x61B6;&#x9AD4;&#x7A7A;&#x9593;&lt;/strong&gt;&#x4F9B;&#x8CC7;&#x6599;&#x5132;&#x5B58;&#xFF1B;&lt;strong&gt;&#x522A;&#x9664;&#x6216;&#x52A0;&#x5165;&lt;/strong&gt;&#x8CC7;&#xF9BE;&#x6642;&#xFF0C;&#x9700;&#x8981;&lt;strong&gt;&#x79FB;&#x52D5;&#x5927;&#xF97E;&#x7684;&#x8CC7;&#xF9BE;&#x3002;&lt;/strong&gt;&lt;/p&gt;&#xD;
&#xD;
&lt;p&gt;&#x52D5;&#x614B;&#x9663;&#x5217;&#x512A;&#x9EDE;:&lt;strong&gt;&#x522A;&#x9664;&#x3001;&#x52A0;&#x5165;&#x6216;&#x5408;&#x4F75;&lt;/strong&gt;&#x8CC7;&#xF9BE;&#x6642;&#xFF0C;&#x53EA;&#x9700;&#x6539;&#x8B8A;&#x6307;&#x6A19;&#x3002;&lt;/p&gt;&#xD;
&#xD;
&lt;p&gt;&#x52D5;&#x614B;&#x9663;&#x5217;&#x7F3A;&#x9EDE;:&#x4E0D;&#x53EF;&#x76F4;&#x63A5;&#x5B58;&#x53D6;&#xFF1B;&#x4E0D;&#x53EF;&#x4F7F;&#x7528;&#x4E8C;&#x5206;&#x6CD5;&#x641C;&#x7D22;&#xFF1B;&#x8F03;&#x91CF;&#x8CBB;&#x8A18;&#x61B6;&#x9AD4;&#x7A7A;&#x9593;&lt;/p&gt; </content>
  <attach></attach>
  <rcount></rcount>
  <rank></rank>
  <hit>13</hit>
  <lang>1</lang>
</data>
