<?xml version="1.0"?>
<data version="3.0" time="2024-07-20 09:54:46" type="post" filename="b000000027.xml">
  <open_time>0000-00-00</open_time>
  <close_time>0000-00-00</close_time>
  <lang_name>Big5</lang_name>
  <board_id>1001278677</board_id>
  <node>000000027</node>
  <site>1000110001</site>
  <pt>2023-07-09 21:34:55</pt>
  <poster>06004870</poster>
  <realname>&#x66FE;&#x6D5A;&#x6977;  </realname>
  <email>kenneth61215@gmail.com</email>
  <homepage>  </homepage>
  <subject>&#x6436;&#x7B54;109 </subject>
  <content>&lt;p&gt;109. &#x975C;&#x614B;&#x9663;&#x5217;&#x548C;&#x52D5;&#x614B;&#x9663;&#x5217;&#x6709;&#x4F55;&#x5DEE;&#x7570;&#xFF1F;&#x6307;&#x51FA;&#x5176;&#x512A;&#x7F3A;&#x9EDE;&#x3002;&lt;/p&gt;&#xD;
&#xD;
&lt;p&gt;&#x7B54;:&lt;/p&gt;&#xD;
&#xD;
&lt;p&gt;&#x975C;&#x614B;&#x9663;&#x5217;:&lt;/p&gt;&#xD;
&#xD;
&lt;p&gt;&#x512A;&#x9EDE;: &#x5B58;&#x53D6;&#x5FEB;&#x3001;&#x4E0D;&#x9700;&#x8981;&#x984D;&#x5916;&#x8A18;&#x61B6;&#x9AD4;&#x7A7A;&#x9593;&#x5B58;&#x53D6;address&#x3001;&#x65B9;&#x4FBF;&#x5BA3;&#x544A;&lt;/p&gt;&#xD;
&#xD;
&lt;p&gt;&#x7F3A;&#x9EDE;: &#x5927;&#x5C0F;&#x7121;&#x6CD5;&#x8ABF;&#x6574;&lt;/p&gt;&#xD;
&#xD;
&lt;p&gt;&#x52D5;&#x614B;&#x9663;&#x5217;:&lt;/p&gt;&#xD;
&#xD;
&lt;p&gt;&#x512A;&#x9EDE;: &#x53EF;&#x4F9D;&#x9700;&#x6C42;&#x5206;&#x914D;&#x7A7A;&#x9593;&lt;/p&gt;&#xD;
&#xD;
&lt;p&gt;&#x7F3A;&#x9EDE;: &#x5B58;&#x53D6;&#x901F;&#x5EA6;&#x8F03;&#x6162;&#x3001;&#x9700;&#x8981;&#x984D;&#x5916;&#x8A18;&#x61B6;&#x9AD4;&#x7A7A;&#x9593;&#x5B58;&#x53D6; address&#x3001;&#x9700;&#x8981;&#x624B;&#x52D5;&#x91CB;&#x653E;&#x8A18;&#x61B6;&#x9AD4;&#x4EE5;&#x514D;&#x9020;&#x6210;memory leak&lt;/p&gt;&#xD;
&#xD;
&lt;p&gt;&#x975C;&#x614B;&#x9663;&#x5217;&#x662F;&#x5728;&#x7DE8;&#x8B6F;&#x6642;&#x5C31;&#x5206;&#x914D;&#x597D;&#x8A18;&#x61B6;&#x9AD4;&#x7A7A;&#x9593;&#xFF0C;&#x56E0;&#x6B64;&#x8CC7;&#x6599;&#x6703;&#x5B58;&#x53D6;&#x5728;&#x9023;&#x7E8C;&#x7684;&#x8A18;&#x61B6;&#x9AD4;&#x7A7A;&#x9593;&#x5167;&#xFF0C;&#x4E0D;&#x9700;&#x8981;&#x901A;&#x904E;&#x984D;&#x5916;&#x7684;&#x8A18;&#x61B6;&#x9AD4;&#x4F86;&#x5B58;&#x53D6; address &#x4E26;&#x4F7F;&#x7528; address &#x9593;&#x63A5;&#x5B58;&#x53D6;&#x5728;&#x7279;&#x5B9A;&#x8A18;&#x61B6;&#x9AD4;&#x4F4D;&#x7F6E;&#xFF0C;&#x53EA;&#x9700;&#x8981;&#x8A08;&#x7B97;index&#xFF0C;&#x4F46;&#x5176;&#x7F3A;&#x9EDE;&#x4E5F;&#x5F88;&#x660E;&#x986F;&#xFF0C;&#x56E0;&#x70BA;&#x5728;&#x7DE8;&#x8B6F;&#x6642;&#x5C31;&#x5DF2;&#x7D93;&#x5206;&#x914D;&#x597D;&#x8A18;&#x61B6;&#x9AD4;&#x7A7A;&#x9593;&#xFF0C;&#x6240;&#x4EE5;&#x53EF;&#x80FD;&#x5C0E;&#x81F4;&#x5360;&#x7528;&#x4E0D;&#x9700;&#x8981;&#x7684;&#x8A18;&#x61B6;&#x9AD4;&#x7A7A;&#x9593;&#x6216;&#x4E00;&#x958B;&#x59CB;&#x5206;&#x914D;&#x7684;&#x8A18;&#x61B6;&#x9AD4;&#x7A7A;&#x9593;&#x4E0D;&#x8DB3;&#x5C0E;&#x81F4;&#x8D85;&#x51FA;&#x5806;&#x758A;&#x5927;&#x5C0F;&#x7B49;&#x554F;&#x984C;&#x3002;&lt;/p&gt;&#xD;
&#xD;
&lt;p&gt;&#x800C;&#x52D5;&#x614B;&#x9663;&#x5217;&#x7684;&#x7279;&#x6027;&#x5247;&#x76F8;&#x53CD;&#xFF0C;&#x662F;&#x5728;&#x904B;&#x884C;&#x6642;&#x6839;&#x64DA;&#x9700;&#x6C42;&#x8ABF;&#x6574;&#x5927;&#x5C0F;&#xFF0C;&#x5373;&#x4E0D;&#x6703;&#x767C;&#x751F;&#x975C;&#x614B;&#x9663;&#x5217;&#x7684;&#x6D6A;&#x8CBB;&#x4E0D;&#x9700;&#x8981;&#x7A7A;&#x9593;&#x6216;&#x7A7A;&#x9593;&#x4E0D;&#x5920;&#x5B58;&#x53D6;&#x7B49;&#x554F;&#x984C;&#xFF0C;&#x4F46;&#x70BA;&#x4E86;&#x9054;&#x6210;&#x52D5;&#x614B;&#x5206;&#x914D;&#x8A18;&#x61B6;&#x9AD4;&#xFF0C;&#x5206;&#x914D;&#x7684;&#x7A7A;&#x9593;&#x5FC5;&#x7136;&#x7121;&#x6CD5;&#x9023;&#x7E8C;&#xFF0C;&#x6240;&#x4EE5;&#x9700;&#x8981;&#x901A;&#x904E;&#x984D;&#x5916;&#x7684;&#x8A18;&#x61B6;&#x9AD4;&#x7A7A;&#x9593;&#x4F86;&#x5B58;&#x53D6; address &#xFF0C;&#x4E26;&#x5728;&#x5B58;&#x53D6;&#x6642;&#x4F7F;&#x7528; address &#x4F86;&#x6307;&#x5B9A;&#x4F4D;&#x7F6E;&#x3002;&lt;/p&gt; </content>
  <attach></attach>
  <rcount></rcount>
  <rank></rank>
  <hit>6</hit>
  <lang>1</lang>
</data>
