<?xml version="1.0"?>
<data version="3.0" time="2024-07-20 09:54:46" type="post" filename="b000000035.xml">
  <open_time>0000-00-00</open_time>
  <close_time>0000-00-00</close_time>
  <lang_name>Big5</lang_name>
  <board_id>1001278677</board_id>
  <node>000000035</node>
  <site>1000110001</site>
  <pt>2023-07-10 22:58:35</pt>
  <poster>11813</poster>
  <realname>&#x5433;&#x5B9C;&#x9D3B;  </realname>
  <email>yhwu@cycu.edu.tw</email>
  <homepage>https://www.researchgate.net/profile/Yi-Hung-Wu-2 </homepage>
  <subject>&#x5DF2;&#x767B;&#x8A18;&#x8A55;&#x5206; </subject>
  <content>&lt;p&gt;&#x5171;&#x8A08;15&#x4F4D;&#x540C;&#x5B78;&#x5F97;&#x5206;&#x3002;&lt;/p&gt;&#xD;
&#xD;
&lt;p&gt;&lt;span style="color:#ff0000"&gt;&#x518D;&#x63D0;&#x9192;&#xFF1A;&#x540C;&#x5B78;&#x56DE;&#x7B54;&#x8CBC;&#x6587;&#x672A;&#x5FC5;&#x6703;&#x5F97;&#x5206;&#xFF0C;&#x5305;&#x62EC;&#x5167;&#x5BB9;&#x4E0D;&#x592A;&#x5B8C;&#x6574;&#x3001;&#x4E0D;&#x6B63;&#x78BA;&#x6216;&#x91CD;&#x8907;&#x5148;&#x524D;&#x7684;&#x8CBC;&#x6587;&#x3002;&#x76E1;&#x91CF;&#x56DE;&#x7B54;&#x5C1A;&#x672A;&#x88AB;&#x56DE;&#x7B54;&#x7684;&#x554F;&#x984C;&#xFF0C;&#x65B9;&#x53EF;&#x5F97;&#x5230;&#x8DB3;&#x5920;&#x7684;&#x5206;&#x6578;&#x3002;&lt;/span&gt;&lt;/p&gt;</content>
  <attach></attach>
  <rcount></rcount>
  <rank></rank>
  <hit>18</hit>
  <lang>1</lang>
</data>
