<?xml version="1.0"?>
<data version="3.0" time="2024-07-20 09:54:46" type="post" filename="b000000025000000001.xml">
  <open_time>0000-00-00</open_time>
  <close_time>0000-00-00</close_time>
  <lang_name>Big5</lang_name>
  <board_id>1001278677</board_id>
  <node>000000025000000001</node>
  <site>1000110001</site>
  <pt>2023-07-10 22:42:56</pt>
  <poster>11813</poster>
  <realname>&#x5433;&#x5B9C;&#x9D3B;  </realname>
  <email>yhwu@cycu.edu.tw</email>
  <homepage>https://www.researchgate.net/profile/Yi-Hung-Wu-2  </homepage>
  <subject>Re: &#x6436;&#x7B54;107  </subject>
  <content>&lt;p&gt;&amp;quot;&#x4E26;&#x56DE;&#x5FA9;&#x905E;&#x8FF4;&#x72C0;&#x614B;(&#x5982;: depth&#x7B49;&#x53C3;&#x6578;)&#xFF0C;&#x4EE5;&#x63A5;&#x7E8C;&#x9032;&#x884C;&#x905E;&#x8FF4;&#x3002;&amp;quot;&amp;nbsp; &#x624D;&#x662F;&#x91CD;&#x9EDE;&#xFF0C;&#x82E5;&#x80FD;&#x8A73;&#x52A0;&#x89E3;&#x8AAA;&#x6703;&#x66F4;&#x597D;&#x3002;&lt;/p&gt; </content>
  <attach></attach>
  <rcount></rcount>
  <rank></rank>
  <hit>1</hit>
  <lang>1</lang>
</data>
