<?xml version="1.0"?>
<data version="3.0" time="2024-07-20 09:54:46" type="post" filename="b000000008000000001.xml">
  <open_time>0000-00-00</open_time>
  <close_time>0000-00-00</close_time>
  <lang_name>Big5</lang_name>
  <board_id>1001278677</board_id>
  <node>000000008000000001</node>
  <site>1000110001</site>
  <pt>2023-07-08 00:16:11</pt>
  <poster>10827143</poster>
  <realname>&#x6C5F;&#x6668;&#x9298;  </realname>
  <email>gugugu1127@gmail.com</email>
  <homepage>  </homepage>
  <subject>Re: &#x6436;&#x7B54;109  </subject>
  <content>&lt;p&gt;&#x53EF;&#x4EE5;&#x63D0;&#x51FA;&#x5169;&#x8005;&#x7684;&#x512A;&#x7F3A;&#x9EDE;&#xFF0C;&#x50CF;&#x662F;&#x6548;&#x80FD;&#x4E4B;&#x985E;&#x7684;&#x5DEE;&#x7570;&lt;/p&gt; </content>
  <attach></attach>
  <rcount></rcount>
  <rank></rank>
  <hit>1</hit>
  <lang>1</lang>
</data>
