<?xml version="1.0"?>
<data version="3.0" time="2024-07-20 09:54:46" type="post" filename="b000000002.xml">
  <open_time>0000-00-00</open_time>
  <close_time>0000-00-00</close_time>
  <lang_name>Big5</lang_name>
  <board_id>1001278677</board_id>
  <node>000000002</node>
  <site>1000110001</site>
  <pt>2023-07-05 01:53:39</pt>
  <poster>06005984</poster>
  <realname>&#x8A31;&#x7956;&#x777F;  </realname>
  <email>ray900510@gmail.com</email>
  <homepage>  </homepage>
  <subject>&#x6436;&#x7B54;106 </subject>
  <content>&lt;p&gt;&#x905E;&#x8FF4;&#x7684;&#x5C64;&#x6578;&#x904E;&#x9AD8;,&#x53EF;&#x80FD;&#x6703;&#x5C0E;&#x81F4;&#x8A18;&#x61B6;&#x9AD4;&#x5340;&#x6BB5;&#x932F;&#x8AA4;,&#x7531;&#x65BC;&#x8A18;&#x61B6;&#x9AD4;&#x5806;&#x758A;&#x7684;&#x7A7A;&#x9593;&#x9650;&#x5236;&#x6240;&#x5C0E;&#x81F4;,&#xFF0C;&#x6BCF;&#x500B;&#x51FD;&#x5F0F;&#x7684;&#x57F7;&#x884C;&#x74B0;&#x5883;&#x90FD;&#x9700;&#x8981;&#x4F54;&#x7528;&#x4E00;&#x5B9A;&#x7684;&#x8A18;&#x61B6;&#x9AD4;&#x7A7A;&#x9593;&#xFF0C;&#x9019;&#x6A23;&#x5806;&#x758A;&#x7684;&#x7A7A;&#x9593;&#x5F88;&#x5FEB;&#x5C31;&#x6703;&#x8017;&#x76E1;&#x3002;&#x758A;&#x7A7A;&#x9593;&#x8017;&#x76E1;&#x6642;,&#x6703;&#x5C0E;&#x81F4;&#x8A18;&#x61B6;&#x9AD4;&#x5340;&#x6BB5;&#x932F;&#x8AA4;&lt;/p&gt; </content>
  <attach></attach>
  <rcount></rcount>
  <rank></rank>
  <hit>22</hit>
  <lang>1</lang>
</data>
