<?xml version="1.0"?>
<data version="3.0" time="2024-07-20 09:54:46" type="post" filename="b000000027000000001.xml">
  <open_time>0000-00-00</open_time>
  <close_time>0000-00-00</close_time>
  <lang_name>Big5</lang_name>
  <board_id>1001278677</board_id>
  <node>000000027000000001</node>
  <site>1000110001</site>
  <pt>2023-07-10 22:45:16</pt>
  <poster>11813</poster>
  <realname>&#x5433;&#x5B9C;&#x9D3B;  </realname>
  <email>yhwu@cycu.edu.tw</email>
  <homepage>https://www.researchgate.net/profile/Yi-Hung-Wu-2  </homepage>
  <subject>Re: &#x6436;&#x7B54;109  </subject>
  <content>&lt;p&gt;&lt;span style="color:#b22222"&gt;&#x52D5;&#x614B;&#x9663;&#x5217;&#x662F;&#x914D;&#x7F6E;&#x9023;&#x7E8C;&#x7684;&#x8A18;&#x61B6;&#x9AD4;&#x7A7A;&#x9593;&#x3002;&lt;/span&gt;&lt;/p&gt; </content>
  <attach></attach>
  <rcount></rcount>
  <rank></rank>
  <hit>1</hit>
  <lang>1</lang>
</data>
