<?xml version="1.0"?>
<data version="3.0" time="2024-07-20 09:54:46" type="post" filename="b000000032.xml">
  <open_time>0000-00-00</open_time>
  <close_time>0000-00-00</close_time>
  <lang_name>Big5</lang_name>
  <board_id>1001278677</board_id>
  <node>000000032</node>
  <site>1000110001</site>
  <pt>2023-07-09 23:42:18</pt>
  <poster>06005952</poster>
  <realname>&#x59DA;&#x627F;&#x5FD7;  </realname>
  <email>ge062851@gmail.com</email>
  <homepage>  </homepage>
  <subject>&#x6436;&#x7B54;109 </subject>
  <content>&lt;p&gt;&lt;span style="font-size:14px"&gt;&lt;strong&gt;109. &#x975C;&#x614B;&#x9663;&#x5217;&#x548C;&#x52D5;&#x614B;&#x9663;&#x5217;&#x6709;&#x4F55;&#x5DEE;&#x7570;&#xFF1F;&#x6307;&#x51FA;&#x5176;&#x512A;&#x7F3A;&#x9EDE;&#x3002;&lt;/strong&gt;&lt;/span&gt;&lt;/p&gt;&#xD;
&#xD;
&lt;p&gt;&#x52D5;&#x614B;&#x9663;&#xF99C;&#x8207;&#x975C;&#x614B;&#x9663;&#xF99C;&#x7684;&#x5DEE;&#x7570;&#x5728;&#x65BC;:&lt;br /&gt;&#xD;
1.&#x8A18;&#x61B6;&#x9AD4;&#x7684;&#x4F7F;&#x7528;&#xF9FA;&#x6CC1;&lt;br /&gt;&#xD;
2.&amp;quot;&#x52D5;&#x614B;&#x9663;&#xF99C;&amp;quot;&#x5728;&#x7A0B;&#x5F0F;&#x5C1A;&#x672A;&#x57F7;&#xFA08;&#x5230;&#x6709;&#x95DC;&#x8A72;&#x9663;&#xF99C;&#x7684;&#x5BA3;&#x544A;&#x4E4B;&#x524D;&#xFF0C;&#x4E26;&#xF967;&#x6703;&#x914D;&#x7F6E;&#x4EFB;&#x4F55;&#x8A18;&#x61B6;&#x9AD4;&#x7D66;&#x8A72;&#x9663;&#xF99C;&#xFF0C;&lt;br /&gt;&#xD;
&#x7576;&#x7A0B;&#x5F0F;&#x57F7;&#xFA08;&#x5230;&#x5BA3;&#x544A;&#x9663;&#xF99C;&#x6642;&#xFF0C;&#x624D;&#x6703;&#x8981;&#x6C42;&#x7CFB;&#x7D71;&#x914D;&#x7F6E;&#x8A18;&#x61B6;&#x9AD4;&#x7A7A;&#x9593;&#x7D66;&#x52D5;&#x614B;&#x9663;&#xF99C;&#x4F7F;&#x7528;&lt;br /&gt;&#xD;
3.&amp;quot;&#x975C;&#x614B;&#x9663;&#xF99C;&amp;quot;&#x5247;&#x662F;&#x7A0B;&#x5F0F;&#x5728;&#x8F09;&#x5165;&#x5230;&#x8A18;&#x61B6;&#x9AD4;&#x6642;&#xFF0C;&#x540C;&#x6642;&#x4E5F;&#x8981;&#x6C42;&#x914D;&#x7F6E;&#x8A18;&#x61B6;&#x9AD4;&#x7A7A;&#x9593;&#x7D66;&#x975C;&#x614B;&#x9663;&#xF99C;&#x4F7F;&#x7528;&lt;/p&gt;&#xD;
&#xD;
&lt;p&gt;&#x975C;&#x614B;&#x9663;&#x5217;&#x548C;&#x52D5;&#x614B;&#x9663;&#x5217;&#x7684;&#x512A;&#x7F3A;&#x9EDE;:&lt;br /&gt;&#xD;
1.&#x52D5;&#x614B;&#x9663;&#xF99C;&#x6BD4;&#x8F03;&#x7BC0;&#xF96D;&#x8A18;&#x61B6;&#x9AD4;&#x7A7A;&#x9593;&lt;br /&gt;&#xD;
2.&#x975C;&#x614B;&#x9663;&#xF99C;&#x5247;&#x7531;&#x65BC;&#x8A18;&#x61B6;&#x9AD4;&#xF967;&#x6703;&#x88AB;&#x91CB;&#x653E;&#xFF0C;&#x6240;&#x4EE5;&#x53EF;&#x4EE5;&#x4FDD;&#xF9CD;&#x4E4B;&#x524D;&#x7684;&#x5143;&#x7D20;&#xF969;&#x503C;&lt;/p&gt; </content>
  <attach></attach>
  <rcount></rcount>
  <rank></rank>
  <hit>10</hit>
  <lang>1</lang>
</data>
