<?xml version="1.0"?>
<data version="3.0" time="2024-07-20 09:54:46" type="post" filename="b000000010.xml">
  <open_time>0000-00-00</open_time>
  <close_time>0000-00-00</close_time>
  <lang_name>Big5</lang_name>
  <board_id>1001278677</board_id>
  <node>000000010</node>
  <site>1000110001</site>
  <pt>2023-07-06 01:49:02</pt>
  <poster>06005636</poster>
  <realname>&#x6731;&#x7D18;&#x6B63;  </realname>
  <email>henry3446@gmail.com</email>
  <homepage>  </homepage>
  <subject>&#x6436;&#x7B54;108 </subject>
  <content>&lt;p&gt;108. &#x5982;&#x4F55;&#x5E6B;&#x9663;&#x5217;&#x5143;&#x7D20;&#x8A2D;&#x5B9A;&#x975E;&#x96F6;&#x7684;&#x521D;&#x59CB;&#x503C;&#xFF1F;&#x9808;&#x5BEB;&#x51FA;C++&#x7A0B;&#x5F0F;&#x78BC;&#x3002;&lt;/p&gt;&#xD;
&#xD;
&lt;p&gt;&#x672C;&#x7A0B;&#x5F0F;&#x662F;&#x4F7F;&#x7528;&#x8FF4;&#x5708;&#x4F86;&#x8A2D;&#x5B9A;&#x521D;&#x59CB;&#x503C;&lt;/p&gt;&#xD;
&#xD;
&lt;p&gt;#include &amp;lt;iostream&amp;gt;&lt;/p&gt;&#xD;
&#xD;
&lt;p&gt;int main() {&lt;br /&gt;&#xD;
&amp;nbsp;&amp;nbsp;&amp;nbsp; int arr[5];&amp;nbsp; // &#x5EFA;&#x7ACB;&#x4E00;&#x500B;&#x9663;&#x5217;&lt;br /&gt;&#xD;
&amp;nbsp;&amp;nbsp;&amp;nbsp; for (int i = 0; i &amp;lt; 5; i++) {&lt;br /&gt;&#xD;
&amp;nbsp;&amp;nbsp;&amp;nbsp;&amp;nbsp;&amp;nbsp;&amp;nbsp;&amp;nbsp; arr[i] = i + 1;&lt;br /&gt;&#xD;
&amp;nbsp;&amp;nbsp;&amp;nbsp; }&lt;/p&gt;&#xD;
&#xD;
&lt;p&gt;&amp;nbsp;&amp;nbsp;&amp;nbsp; // &#x8F38;&#x51FA;&#x9663;&#x5217;&#x5143;&#x7D20;&#x7684;&#x503C;&lt;br /&gt;&#xD;
&amp;nbsp;&amp;nbsp;&amp;nbsp; for (int i = 0; i &amp;lt; 5; i++) {&lt;br /&gt;&#xD;
&amp;nbsp;&amp;nbsp;&amp;nbsp;&amp;nbsp;&amp;nbsp;&amp;nbsp;&amp;nbsp; std::cout &amp;lt;&amp;lt; arr[i] &amp;lt;&amp;lt; &amp;quot; &amp;quot;;&lt;br /&gt;&#xD;
&amp;nbsp;&amp;nbsp;&amp;nbsp; }&lt;br /&gt;&#xD;
&amp;nbsp;&amp;nbsp;&amp;nbsp; std::cout &amp;lt;&amp;lt; std::endl;&lt;/p&gt;&#xD;
&#xD;
&lt;p&gt;&amp;nbsp;&amp;nbsp;&amp;nbsp; return 0;&lt;br /&gt;&#xD;
}&lt;/p&gt; </content>
  <attach></attach>
  <rcount></rcount>
  <rank></rank>
  <hit>13</hit>
  <lang>1</lang>
</data>
