<?xml version="1.0"?>
<data version="3.0" time="2024-07-20 09:54:46" type="post" filename="b000000030.xml">
  <open_time>0000-00-00</open_time>
  <close_time>0000-00-00</close_time>
  <lang_name>Big5</lang_name>
  <board_id>1001278677</board_id>
  <node>000000030</node>
  <site>1000110001</site>
  <pt>2023-07-09 23:26:22</pt>
  <poster>06005984</poster>
  <realname>&#x8A31;&#x7956;&#x777F;  </realname>
  <email>ray900510@gmail.com</email>
  <homepage>  </homepage>
  <subject>&#x6436;&#x7B54;107 </subject>
  <content>&lt;p&gt;107. &#x82E5;&#x905E;&#x8FF4;&#x5230;&#x67D0;&#x5C64;&#x5C31;&#x7570;&#x5E38;&#x7D42;&#x6B62;&#xFF0C;&#x8981;&#x5982;&#x4F55;&#x5F37;&#x5236;&#x5B83;&#x7E7C;&#x7E8C;&#x57F7;&#x884C;&#x5230;&#x4E0B;&#x4E00;&#x5C64;&#xFF1F;&lt;/p&gt;&#xD;
&#xD;
&lt;p&gt;&#x53EF;&#x4EE5;&#x4F7F;&#x7528;&#x905E;&#x8FF4;&#x51FD;&#x5F0F;&#x7684;&#x8FD4;&#x56DE;&#x503C;&#x4F86;&#x5BE6;&#x73FE;,&#x7576;&#x905E;&#x8FF4;&#x5230;&#x6307;&#x5B9A;&#x7684;&#x7570;&#x5E38;&#x7D42;&#x6B62;&#x5C64;&#x7D1A;&#x6642;&#xFF0C;&#x5B83;&#x6703;&#x8FD4;&#x56DE;&#x7279;&#x5B9A;&#x7684;&#x503C;&#x8868;&#x793A;&#x7570;&#x5E38;&#x7D42;&#x6B62;&lt;/p&gt;&#xD;
&#xD;
&lt;p&gt;&#x5728;&#x6BCF;&#x500B;&#x905E;&#x8FF4;&#x547C;&#x53EB;&#x7684;&#x5F8C;&#x7E8C;&#x908F;&#x8F2F;&#x4E2D;&#xFF0C;&#x6AA2;&#x67E5;&#x4E0B;&#x4E00;&#x5C64;&#x8FD4;&#x56DE;&#x7684;&#x7D50;&#x679C;&#x662F;&#x5426;&#x70BA;&#x7570;&#x5E38;&#x7D42;&#x6B62;&#x3002;&#x5982;&#x679C;&#x662F;&#xFF0C;&#x5247;&#x8FD4;&#x56DE;&#x53E6;&#x4E00;&#x500B;&#x7279;&#x5B9A;&#x7684;&#x503C;&#x8868;&#x793A;&#x5F37;&#x5236;&#x7E7C;&#x7E8C;&#x57F7;&#x884C;&#x5230;&#x4E0B;&#x4E00;&#x5C64;&#x3002;&#x5426;&#x5247;&#xFF0C;&#x6B63;&#x5E38;&#x57F7;&#x884C;&#x905E;&#x8FF4;&#x908F;&#x8F2F;&#x3002;&lt;/p&gt; </content>
  <attach></attach>
  <rcount></rcount>
  <rank></rank>
  <hit>9</hit>
  <lang>1</lang>
</data>
