<?xml version="1.0"?>
<data version="3.0" time="2024-07-20 09:54:46" type="post" filename="b000000020000000001.xml">
  <open_time>0000-00-00</open_time>
  <close_time>0000-00-00</close_time>
  <lang_name>Big5</lang_name>
  <board_id>1001278677</board_id>
  <node>000000020000000001</node>
  <site>1000110001</site>
  <pt>2023-07-09 09:53:38</pt>
  <poster>11813</poster>
  <realname>&#x5433;&#x5B9C;&#x9D3B;  </realname>
  <email>yhwu@cycu.edu.tw</email>
  <homepage>https://www.researchgate.net/profile/Yi-Hung-Wu-2 </homepage>
  <subject>Re: &#x6436;&#x7B54;106  </subject>
  <content>&lt;p&gt;&lt;span style="color:#b22222"&gt;&#x4EC0;&#x9EBC;&#x6A23;&#x7684;&#x60C5;&#x6CC1;&#x6703;&#x9020;&#x6210;&amp;quot;&#x8D85;&#x904E;&#x4E86;&#x7CFB;&#x7D71;&#x6240;&#x5206;&#x914D;&#x7684;&#x5806;&#x758A;&#x7A7A;&#x9593;&amp;quot;&#xFF1F;&lt;/span&gt;&lt;/p&gt;</content>
  <attach></attach>
  <rcount></rcount>
  <rank></rank>
  <hit>2</hit>
  <lang>1</lang>
</data>
