<?xml version="1.0"?>
<data version="3.0" time="2024-07-20 09:54:46" type="post" filename="b000000021.xml">
  <open_time>0000-00-00</open_time>
  <close_time>0000-00-00</close_time>
  <lang_name>Big5</lang_name>
  <board_id>1001278677</board_id>
  <node>000000021</node>
  <site>1000110001</site>
  <pt>2023-07-08 21:15:01</pt>
  <poster>11020143</poster>
  <realname>&#x5433;&#x67CF;&#x8CE2;  </realname>
  <email>s25880260@gmail.com</email>
  <homepage>  </homepage>
  <subject>&#x6436;&#x7B54;109 </subject>
  <content>&lt;p&gt;&#x975C;&#x614B;&#x9663;&#x5217;&#x5728;&#x5BA3;&#x544A;&#x6642;&#x9700;&#x8981;&#x6307;&#x5B9A;&#x56FA;&#x5B9A;&#x7684;&#x5927;&#x5C0F;&#xFF0C;&#x4E14;&#x5728;&#x7A0B;&#x5F0F;&#x904B;&#x884C;&#x671F;&#x9593;&#x5927;&#x5C0F;&#x4E0D;&#x53EF;&#x66F4;&#x6539;&#xFF0C;&#x52D5;&#x614B;&#x9663;&#x5217;&#x7684;&#x5927;&#x5C0F;&#x53EF;&#x4EE5;&#x5728;&#x904B;&#x884C;&#x6642;&#x6839;&#x64DA;&#x9700;&#x8981;&#x9032;&#x884C;&#x52D5;&#x614B;&#x8ABF;&#x6574;&#xFF0C;&#x5927;&#x5C0F;&#x4E0D;&#x56FA;&#x5B9A;&lt;br /&gt;&#xD;
&#x975C;&#x614B;&#x9663;&#x5217;&#x512A;&#x9EDE;:&#x5B58;&#x53D6;&#x901F;&#x5EA6;&#x5FEB;&lt;br /&gt;&#xD;
&#x975C;&#x614B;&#x9663;&#x5217;&#x7F3A;&#x9EDE;:&#x7121;&#x6CD5;&#x61C9;&#x5C0D;&#x5927;&#x5C0F;&#x4E0D;&#x78BA;&#x5B9A;&#xFF0C;&#x4E5F;&#x53EF;&#x80FD;&#x6D6A;&#x8CBB;&#x8A18;&#x61B6;&#x9AD4;&#x7A7A;&#x9593;&lt;br /&gt;&#xD;
&#x52D5;&#x614B;&#x9663;&#x5217;&#x512A;&#x9EDE;:&#x5927;&#x5C0F;&#x5F48;&#x6027;&#xFF0C;&#x53EF;&#x4EE5;&#x6709;&#x6548;&#x5229;&#x7528;&#x8A18;&#x61B6;&#x9AD4;&#xFF0C;&#x907F;&#x514D;&#x6D6A;&#x8CBB;&lt;br /&gt;&#xD;
&#x52D5;&#x614B;&#x9663;&#x5217;&#x7F3A;&#x9EDE;:&#x5B58;&#x53D6;&#x901F;&#x5EA6;&#x8F03;&#x6162;&#xFF0C;&#x9700;&#x8981;&#x52D5;&#x614B;&#x5206;&#x914D;&#x548C;&#x91CB;&#x653E;&#x8A18;&#x61B6;&#x9AD4;&#xFF0C;&#x53EF;&#x80FD;&#x5C0E;&#x81F4;&#x8A18;&#x61B6;&#x9AD4;&#x7BA1;&#x7406;&#x7684;&#x958B;&#x92B7;&lt;/p&gt; </content>
  <attach></attach>
  <rcount></rcount>
  <rank></rank>
  <hit>9</hit>
  <lang>1</lang>
</data>
