<?xml version="1.0"?>
<data version="3.0" time="2024-07-20 09:54:46" type="post" filename="b000000023.xml">
  <open_time>0000-00-00</open_time>
  <close_time>0000-00-00</close_time>
  <lang_name>Big5</lang_name>
  <board_id>1001278677</board_id>
  <node>000000023</node>
  <site>1000110001</site>
  <pt>2023-07-09 14:16:21</pt>
  <poster>06005734</poster>
  <realname>&#x5B8B;&#x80B2;&#x81F4;  </realname>
  <email>asdeax8177616@gmail.com</email>
  <homepage>  </homepage>
  <subject>&#x6436;&#x7B54;109 </subject>
  <content>&lt;p&gt;109. &#x975C;&#x614B;&#x9663;&#x5217;&#x548C;&#x52D5;&#x614B;&#x9663;&#x5217;&#x6709;&#x4F55;&#x5DEE;&#x7570;&#xFF1F;&#x6307;&#x51FA;&#x5176;&#x512A;&#x7F3A;&#x9EDE;&#x3002;&lt;/p&gt;&#xD;
&#xD;
&lt;p&gt;&#x975C;&#x614B;&#x9663;&#x5217;&#x7684;&#x512A;&#x9EDE;&#x662F;&#x5B58;&#x53D6;&#x6548;&#x80FD;&#x9AD8;&#xFF0C;&#x53EF;&#x4EE5;&#x76F4;&#x63A5;&#x900F;&#x904E;&#x7D22;&#x5F15;&#x5B58;&#x53D6;&#x5143;&#x7D20;&#xFF0C;&#x5E76;&#x4E14;&#x4F54;&#x7528;&#x56FA;&#x5B9A;&#x5927;&#x5C0F;&#x7684;&#x8A18;&#x61B6;&#x9AD4;&#xFF0C;&#x4E0D;&#x9700;&#x8981;&#x984D;&#x5916;&#x7684;&#x8A18;&#x61B6;&#x9AD4;&#x914D;&#x7F6E;&#x3002;&#x7136;&#x800C;&#xFF0C;&#x975C;&#x614B;&#x9663;&#x5217;&#x7684;&#x7F3A;&#x9EDE;&#x662F;&#x7121;&#x6CD5;&#x52D5;&#x614B;&#x8ABF;&#x6574;&#x9577;&#x5EA6;&#xFF0C;&#x4F54;&#x7528;&#x56FA;&#x5B9A;&#x5927;&#x5C0F;&#x7684;&#x8A18;&#x61B6;&#x9AD4;&#xFF0C;&#x5373;&#x4F7F;&#x5BE6;&#x969B;&#x4F7F;&#x7528;&#x7684;&#x5143;&#x7D20;&#x6578;&#x91CF;&#x8F03;&#x5C11;&#xFF0C;&#x4E5F;&#x7121;&#x6CD5;&#x91CB;&#x653E;&#x591A;&#x9918;&#x7684;&#x8A18;&#x61B6;&#x9AD4;&#x3002;&lt;/p&gt;&#xD;
&#xD;
&lt;p&gt;&#x52D5;&#x614B;&#x9663;&#x5217;&#x7684;&#x512A;&#x9EDE;&#x662F;&#x9577;&#x5EA6;&#x53EF;&#x8B8A;&#xFF0C;&#x53EF;&#x4EE5;&#x5728;&#x904B;&#x884C;&#x6642;&#x6839;&#x64DA;&#x9700;&#x8981;&#x9032;&#x884C;&#x589E;&#x52A0;&#x6216;&#x6E1B;&#x5C11;&#xFF0C;&#x4E26;&#x4E14;&#x5728;&#x8A18;&#x61B6;&#x9AD4;&#x4F7F;&#x7528;&#x4E0A;&#x66F4;&#x9748;&#x6D3B;&#xFF0C;&#x53EF;&#x4EE5;&#x91CB;&#x653E;&#x591A;&#x9918;&#x7684;&#x8A18;&#x61B6;&#x9AD4;&#x3002;&#x7136;&#x800C;&#xFF0C;&#x52D5;&#x614B;&#x9663;&#x5217;&#x7684;&#x7F3A;&#x9EDE;&#x662F;&#x5B58;&#x53D6;&#x6548;&#x80FD;&#x7A0D;&#x4F4E;&#x65BC;&#x975C;&#x614B;&#x9663;&#x5217;&#xFF0C;&#x53EF;&#x80FD;&#x9700;&#x8981;&#x9032;&#x884C;&#x984D;&#x5916;&#x7684;&#x8A18;&#x61B6;&#x9AD4;&#x6307;&#x6A19;&#x8A08;&#x7B97;&#xFF0C;&#x4E14;&#x9700;&#x8981;&#x52D5;&#x614B;&#x5206;&#x914D;&#x548C;&#x91CB;&#x653E;&#x8A18;&#x61B6;&#x9AD4;&#x7A7A;&#x9593;&#x3002;&lt;/p&gt; </content>
  <attach></attach>
  <rcount></rcount>
  <rank></rank>
  <hit>11</hit>
  <lang>1</lang>
</data>
