<?xml version="1.0"?>
<data version="3.0" time="2024-07-20 09:54:46" type="post" filename="b000000016000000001.xml">
  <open_time>0000-00-00</open_time>
  <close_time>0000-00-00</close_time>
  <lang_name>Big5</lang_name>
  <board_id>1001278677</board_id>
  <node>000000016000000001</node>
  <site>1000110001</site>
  <pt>2023-07-07 23:37:12</pt>
  <poster>11813</poster>
  <realname>&#x5433;&#x5B9C;&#x9D3B;  </realname>
  <email>yhwu@cycu.edu.tw</email>
  <homepage>https://www.researchgate.net/profile/Yi-Hung-Wu-2  </homepage>
  <subject>Re: &#x6436;&#x7B54;109  </subject>
  <content>&lt;p&gt;&lt;span style="color:#ff0000"&gt;&#x52D5;&#x614B;&#x9663;&#x5217;&#x4E5F;&#x53EF;&#x4EE5;&#x76F4;&#x63A5;&#x5B58;&#x53D6;&#x5594;&#xFF01;&lt;/span&gt;&lt;/p&gt;&#xD;
&#xD;
&lt;p&gt;&#x52D5;&#x614B;&#x6307;&#x7684;&#x662F;&#x914D;&#x7F6E;&#x6642;&#x6A5F;&#xFF0C;&#x65E2;&#x7136;&#x662F;&#x9663;&#x5217;&#xFF0C;&#x7576;&#x7136;&#x4E5F;&#x53EF;&#x4EE5;&#x76F4;&#x63A5;&#x5B58;&#x53D6;&#x3002;&#x53EF;&#x53C3;&#x95B1;&lt;a href="https://hackmd.io/2HsJruQAShmUohsCHQUxnA#Dynamic-Array" target="_blank"&gt;&#x7A0B;&#x8A2D;&#x7DF4;&#x7FD2;&#x4E09;&lt;/a&gt;&#x3002;&lt;/p&gt; </content>
  <attach></attach>
  <rcount></rcount>
  <rank></rank>
  <hit>1</hit>
  <lang>1</lang>
</data>
