<?xml version="1.0"?>
<data version="3.0" time="2024-07-20 09:54:46" type="post" filename="b000000034000000001.xml">
  <open_time>0000-00-00</open_time>
  <close_time>0000-00-00</close_time>
  <lang_name>Big5</lang_name>
  <board_id>1001278677</board_id>
  <node>000000034000000001</node>
  <site>1000110001</site>
  <pt>2023-07-10 22:54:11</pt>
  <poster>11813</poster>
  <realname>&#x5433;&#x5B9C;&#x9D3B;  </realname>
  <email>yhwu@cycu.edu.tw</email>
  <homepage>https://www.researchgate.net/profile/Yi-Hung-Wu-2 </homepage>
  <subject>Re: &#x6436;&#x7B54;106  </subject>
  <content>&lt;p&gt;&amp;quot;&#x7121;&#x9650;&#x905E;&#x8FF4;&amp;quot; &#x662F;&#x6307;&#x4EC0;&#x9EBC;&#xFF1F;&lt;span style="color:#ff0000"&gt;&#x96FB;&#x8166;&#x4E0D;&#x53EF;&#x80FD;&#x7121;&#x9650;&#x57F7;&#x884C;&#x905E;&#x8FF4;&#x5427;&#xFF01;&lt;/span&gt;&lt;/p&gt;</content>
  <attach></attach>
  <rcount></rcount>
  <rank></rank>
  <hit>2</hit>
  <lang>1</lang>
</data>
