<?xml version="1.0"?>
<data version="3.0" time="2024-07-20 09:54:46" type="post" filename="b000000025.xml">
  <open_time>0000-00-00</open_time>
  <close_time>0000-00-00</close_time>
  <lang_name>Big5</lang_name>
  <board_id>1001278677</board_id>
  <node>000000025</node>
  <site>1000110001</site>
  <pt>2023-07-09 20:59:18</pt>
  <poster>06004870</poster>
  <realname>&#x66FE;&#x6D5A;&#x6977;  </realname>
  <email>kenneth61215@gmail.com</email>
  <homepage>  </homepage>
  <subject>&#x6436;&#x7B54;107 </subject>
  <content>&lt;p&gt;107. &#x82E5;&#x905E;&#x8FF4;&#x5230;&#x67D0;&#x5C64;&#x5C31;&#x7570;&#x5E38;&#x7D42;&#x6B62;&#xFF0C;&#x8981;&#x5982;&#x4F55;&#x5F37;&#x5236;&#x5B83;&#x7E7C;&#x7E8C;&#x57F7;&#x884C;&#x5230;&#x4E0B;&#x4E00;&#x5C64;&#xFF1F;&lt;/p&gt;&#xD;
&#xD;
&lt;p&gt;&#x7B54;: &#x4F7F;&#x7528;try, throw, catch&#x4F86;&#x9032;&#x884C;&#x5C0D;&#x7570;&#x5E38;&#x72C0;&#x614B;(exception)&#x7684;&#x8655;&#x7406;&#xFF0C;&#x4F8B;:&lt;/p&gt;&#xD;
&#xD;
&lt;p&gt;&#x5728;&#x8655;&#x7406;&#x9664;&#x6CD5;&#x7684;&#x905E;&#x8FF4;&#x5916;&#x5305;&#x4E0A;try&#xFF0C;&#x4E26;&#x5728;&#x7A0B;&#x5F0F;&#x51FA;&#x73FE;&#x7570;&#x5E38;&#x6642;&#xFF0C;throw&#x51FA;&#x7570;&#x5E38;&#x72C0;&#x614B; (&#x5982;: &#x5206;&#x6BCD;&#x70BA;0)&#xFF0C;&#x4E26;&#x4E14;&#x8DF3;&#x5230;try&#x5916;&#x9762;&#x7684;catch&#x4E2D;&#x4F86;&#x5C0D;&#x7570;&#x5E38;&#x72C0;&#x614B;&#x9032;&#x884C;&#x8655;&#x7406;&lt;/p&gt;&#xD;
&#xD;
&lt;p&gt;&#x4E26;&#x56DE;&#x5FA9;&#x905E;&#x8FF4;&#x72C0;&#x614B;(&#x5982;: depth&#x7B49;&#x53C3;&#x6578;)&#xFF0C;&#x4EE5;&#x63A5;&#x7E8C;&#x9032;&#x884C;&#x905E;&#x8FF4;&#x3002;&lt;/p&gt; </content>
  <attach></attach>
  <rcount></rcount>
  <rank></rank>
  <hit>7</hit>
  <lang>1</lang>
</data>
