<?xml version="1.0"?>
<data version="3.0" time="2024-07-20 09:54:46" type="post" filename="b000000021000000001.xml">
  <open_time>0000-00-00</open_time>
  <close_time>0000-00-00</close_time>
  <lang_name>Big5</lang_name>
  <board_id>1001278677</board_id>
  <node>000000021000000001</node>
  <site>1000110001</site>
  <pt>2023-07-09 09:54:23</pt>
  <poster>11813</poster>
  <realname>&#x5433;&#x5B9C;&#x9D3B;  </realname>
  <email>yhwu@cycu.edu.tw</email>
  <homepage>https://www.researchgate.net/profile/Yi-Hung-Wu-2  </homepage>
  <subject>Re: &#x6436;&#x7B54;109  </subject>
  <content>&lt;p&gt;&amp;quot;&#x52D5;&#x614B;&#x9663;&#x5217;&#x7F3A;&#x9EDE;:&#x5B58;&#x53D6;&#x901F;&#x5EA6;&#x8F03;&#x6162;&amp;quot; WHY?&lt;/p&gt; </content>
  <attach></attach>
  <rcount></rcount>
  <rank></rank>
  <hit>1</hit>
  <lang>1</lang>
</data>
