<?xml version="1.0"?>
<data version="3.0" time="2024-07-20 09:54:52" type="post" filename="b000000009.xml">
  <open_time>0000-00-00</open_time>
  <close_time>0000-00-00</close_time>
  <lang_name>Big5</lang_name>
  <board_id>1001278678</board_id>
  <node>000000009</node>
  <site>1000110001</site>
  <pt>2023-07-09 16:21:07</pt>
  <poster>10924326</poster>
  <realname>&#x5433;&#x82F1;&#x777F;  </realname>
  <email>incaray901228@gmail.com</email>
  <homepage>  </homepage>
  <subject>&#x6436;&#x7B54;115 </subject>
  <content>&lt;p&gt;#include &amp;lt;iostream&amp;gt;&lt;br /&gt;&#xD;
using namespace std;&lt;/p&gt;&#xD;
&#xD;
&lt;p&gt;void square(int* num) ;&lt;/p&gt;&#xD;
&#xD;
&lt;p&gt;&lt;br /&gt;&#xD;
void square(int* num) {&lt;br /&gt;&#xD;
&amp;nbsp; &amp;nbsp; (*num) = (*num ) * ( *num );&lt;br /&gt;&#xD;
}&lt;/p&gt;&#xD;
&#xD;
&lt;p&gt;int main() {&lt;br /&gt;&#xD;
&amp;nbsp; &amp;nbsp; int num ;&lt;/p&gt;&#xD;
&#xD;
&lt;p&gt;&amp;nbsp; &amp;nbsp; cin &amp;gt;&amp;gt; num ;&lt;/p&gt;&#xD;
&#xD;
&lt;p&gt;&amp;nbsp; &amp;nbsp; cout &amp;lt;&amp;lt; &amp;quot;&#x539F;&#x672C;&#x7684;&#x503C;&#xFF1A;&amp;quot;&amp;lt;&amp;lt; num &amp;lt;&amp;lt; endl;&lt;/p&gt;&#xD;
&#xD;
&lt;p&gt;&amp;nbsp; &amp;nbsp; square(&amp;amp;num);&lt;/p&gt;&#xD;
&#xD;
&lt;p&gt;&amp;nbsp; &amp;nbsp; cout &amp;lt;&amp;lt; &amp;quot;&#x5E73;&#x65B9;&#x540E;&#x7684;&#x503C;: &amp;quot; &amp;lt;&amp;lt; num &amp;lt;&amp;lt; endl;&lt;/p&gt;&#xD;
&#xD;
&lt;p&gt;&amp;nbsp; &amp;nbsp; return 0;&lt;br /&gt;&#xD;
}&lt;br /&gt;&#xD;
&amp;nbsp;&lt;/p&gt;&#xD;
&#xD;
&lt;p&gt;&#x4E3B;&#x51FD;&#x793A;&#x4E2D;&#x8F38;&#x5165;&#x6574;&#x6578;&#x503C;&#x5C07;&#x5176;&#x5740;&#x50B3;&#x5165;&#x51FD;&#x5F0F;square&#xFF0C;&#x52A0;&#x4E0A;&#x6307;&#x6A19;&#x505A;&#x51FA;&#x904B;&#x7B97;&#x53EF;&#x4EE5;&#x76F4;&#x63A5;&#x6539;&#x8B8A;&#x539F;&#x672C;&#x7684;&#x503C;&lt;/p&gt;&#xD;
&#xD;
&lt;p&gt;&#x9644;&#x5716;&#x57F7;&#x884C;&#x7D50;&#x679C;&lt;/p&gt; </content>
  <attach>&#x554F;&#x7B54;.jpg	WM64aa6d8fc6fb7.jpg</attach>
  <rcount></rcount>
  <rank></rank>
  <hit>15</hit>
  <lang>1</lang>
</data>
