<?xml version="1.0"?>
<data version="3.0" time="2024-07-20 09:54:52" type="post" filename="b000000008000000001.xml">
  <open_time>0000-00-00</open_time>
  <close_time>0000-00-00</close_time>
  <lang_name>Big5</lang_name>
  <board_id>1001278678</board_id>
  <node>000000008000000001</node>
  <site>1000110001</site>
  <pt>2023-07-07 23:40:40</pt>
  <poster>11813</poster>
  <realname>&#x5433;&#x5B9C;&#x9D3B;  </realname>
  <email>yhwu@cycu.edu.tw</email>
  <homepage>https://www.researchgate.net/profile/Yi-Hung-Wu-2  </homepage>
  <subject>Re: &#x6436;&#x7B54;112  </subject>
  <content>&lt;p&gt;&#x6700;&#x597D;&#x662F;&#x5E6B;&#x4E8C;&#x500B;&#x985E;&#x5225;&#x4E5F;&#x52A0;&#x4E0A;&#x5EFA;&#x69CB;&#x5B50;constructor&#xFF0C;&#x9019;&#x6A23;&#x9084;&#x53EF;&#x4EE5;&#x89E3;&#x91CB;&#x4E0B;&#x5217;&#x9019;&#x884C;&#x7A0B;&#x5F0F;&#x78BC;&#x6703;&#x57F7;&#x884C;&#x4EC0;&#x9EBC;&#x52D5;&#x4F5C;&#xFF1A;&lt;/p&gt;&#xD;
&#xD;
&lt;p&gt;&amp;nbsp;&amp;nbsp;&amp;nbsp; Dog dog;&lt;br /&gt;&#xD;
&amp;nbsp;&lt;/p&gt; </content>
  <attach></attach>
  <rcount></rcount>
  <rank></rank>
  <hit>1</hit>
  <lang>1</lang>
</data>
