<?xml version="1.0"?>
<data version="3.0" time="2024-07-20 09:54:52" type="post" filename="b000000006000000001.xml">
  <open_time>0000-00-00</open_time>
  <close_time>0000-00-00</close_time>
  <lang_name>Big5</lang_name>
  <board_id>1001278678</board_id>
  <node>000000006000000001</node>
  <site>1000110001</site>
  <pt>2023-07-07 15:31:18</pt>
  <poster>11813</poster>
  <realname>&#x5433;&#x5B9C;&#x9D3B;  </realname>
  <email>yhwu@cycu.edu.tw</email>
  <homepage>https://www.researchgate.net/profile/Yi-Hung-Wu-2  </homepage>
  <subject>Re: &#x6436;&#x7B54;113  </subject>
  <content>&lt;p&gt;&lt;span style="color:#ff0000"&gt;&#x7981;&#x7528;&#x9644;&#x6A94;&#xFF0C;&#x5716;&#x7247;&#x9808;&#x6539;&#x7528;&#x63D2;&#x5716;&#x4EE5;&#x4F9B;&#x700F;&#x89BD;&#xFF0C;&#x672A;&#x4FEE;&#x6B63;&#x5C07;&#x4E0D;&#x4E88;&#x8A08;&#x5206;&#x3002;&lt;/span&gt;&lt;/p&gt; </content>
  <attach></attach>
  <rcount></rcount>
  <rank></rank>
  <hit>1</hit>
  <lang>1</lang>
</data>
