<?xml version="1.0"?>
<data version="3.0" time="2024-07-20 09:54:52" type="post" filename="b000000007.xml">
  <open_time>0000-00-00</open_time>
  <close_time>0000-00-00</close_time>
  <lang_name>Big5</lang_name>
  <board_id>1001278678</board_id>
  <node>000000007</node>
  <site>1000110001</site>
  <pt>2023-07-07 15:58:12</pt>
  <poster>06005635</poster>
  <realname>&#x9EC3;&#x535A;&#x5143;  </realname>
  <email>maruko1mjw@yahoo.com.tw</email>
  <homepage>  </homepage>
  <subject>&#x6436;&#x7B54;115 </subject>
  <content>&lt;p&gt;&#x984C;&#x76EE; :&amp;nbsp;&#x5BEB;C++&#x7A0B;&#x5F0F;&#x78BC;&#x8AAA;&#x660E;&#x50B3;&#x5740;&#x547C;&#x53EB;call by address&lt;/p&gt;&#xD;
&#xD;
&lt;p&gt;&#x7B54;&#x6848; :&amp;nbsp;&lt;/p&gt;&#xD;
&#xD;
&lt;p&gt;#include &amp;lt;iostream&amp;gt;&lt;/p&gt;&#xD;
&#xD;
&lt;p&gt;using namespace std;&lt;/p&gt;&#xD;
&#xD;
&lt;p&gt;// &#x50B3;&#x5740;&#x547C;&#x53EB;&#x51FD;&#x5F0F;&lt;br /&gt;&#xD;
void increment(int* num) {&lt;br /&gt;&#xD;
&amp;nbsp; &amp;nbsp; (*num)++; &amp;nbsp;// &#x901A;&#x904E;&#x89E3;&#x9664;&#x53C3;&#x7167;&#xFF08;dereferencing&#xFF09;&#x905E;&#x589E;&#x50B3;&#x5165;&#x4F4D;&#x5740;&#x5C0D;&#x61C9;&#x7684;&#x503C;&lt;br /&gt;&#xD;
}&lt;/p&gt;&#xD;
&#xD;
&lt;p&gt;int main() {&lt;br /&gt;&#xD;
&amp;nbsp; &amp;nbsp; int number = 10;&lt;/p&gt;&#xD;
&#xD;
&lt;p&gt;&amp;nbsp; &amp;nbsp; std::cout &amp;lt;&amp;lt; &amp;quot;&#x539F;&#x59CB;&#x6578;&#x503C;: &amp;quot; &amp;lt;&amp;lt; number &amp;lt;&amp;lt; std::endl;&lt;/p&gt;&#xD;
&#xD;
&lt;p&gt;&amp;nbsp; &amp;nbsp; // &#x547C;&#x53EB;increment&#x51FD;&#x5F0F;&#xFF0C;&#x5C07;number&#x7684;&#x4F4D;&#x5740;&#x50B3;&#x905E;&#x9032;&#x53BB;&lt;br /&gt;&#xD;
&amp;nbsp; &amp;nbsp; increment(&amp;amp;number);&lt;/p&gt;&#xD;
&#xD;
&lt;p&gt;&amp;nbsp; &amp;nbsp; std::cout &amp;lt;&amp;lt; &amp;quot;&#x905E;&#x589E;&#x5F8C;&#x7684;&#x6578;&#x503C;: &amp;quot; &amp;lt;&amp;lt; number &amp;lt;&amp;lt; std::endl;&lt;/p&gt;&#xD;
&#xD;
&lt;p&gt;&amp;nbsp; &amp;nbsp; return 0;&lt;br /&gt;&#xD;
}&lt;/p&gt;&#xD;
&#xD;
&lt;p&gt;&#x7576;&#x6211;&#x5011;&#x5728;C++&#x4E2D;&#x4F7F;&#x7528;&#x50B3;&#x5740;&#x547C;&#x53EB;&#xFF08;call by address&#xFF09;&#x6642;&#xFF0C;&#x6211;&#x5011;&#x5C07;&#x4E00;&#x500B;&#x8B8A;&#x6578;&#x7684;&#x8A18;&#x61B6;&#x9AD4;&#x4F4D;&#x5740;&#x50B3;&#x905E;&#x7D66;&#x51FD;&#x5F0F;&#xFF0C;&#x4F7F;&#x5F97;&#x51FD;&#x5F0F;&#x53EF;&#x4EE5;&#x76F4;&#x63A5;&#x4FEE;&#x6539;&#x8A72;&#x4F4D;&#x5740;&#x5C0D;&#x61C9;&#x7684;&#x8B8A;&#x6578;&#x7684;&#x503C;&#x3002;&lt;/p&gt;&#xD;
&#xD;
&lt;p&gt;&#x57F7;&#x884C;&#x7D50;&#x679C;&#x5728;&#x9644;&#x6A94;&lt;/p&gt; </content>
  <attach>105.png	WM64a7c57fbf227.png</attach>
  <rcount></rcount>
  <rank></rank>
  <hit>25</hit>
  <lang>1</lang>
</data>
