<?xml version="1.0"?>
<data version="3.0" time="2024-07-20 09:54:52" type="post" filename="b000000020.xml">
  <open_time>0000-00-00</open_time>
  <close_time>0000-00-00</close_time>
  <lang_name>Big5</lang_name>
  <board_id>1001278678</board_id>
  <node>000000020</node>
  <site>1000110001</site>
  <pt>2023-07-11 21:40:26</pt>
  <poster>10827244</poster>
  <realname>&#x5289;&#x61F7;&#x4E4B;  </realname>
  <email>s10827244@cycu.edu.tw</email>
  <homepage>  </homepage>
  <subject>&#x6436;&#x7B54;113 </subject>
  <content>&lt;p&gt;&#x9010;&#x4E00;&#x8655;&#x7406;&#x5F8C;&#x5E8F;&#x5F0F;&#x7684;&#x5143;&#x7D20;&lt;/p&gt;&#xD;
&#xD;
&lt;p&gt;&amp;quot;a&amp;quot; : stack&#xFF1A;[a]&lt;/p&gt;&#xD;
&#xD;
&lt;p&gt;&amp;quot;b&amp;quot; : stack&#xFF1A;[a, b]&lt;/p&gt;&#xD;
&#xD;
&lt;p&gt;&amp;quot;+&amp;quot; : POP &amp;#39;b&amp;#39; &#x548C; &amp;#39;a&amp;#39;&#xFF0C;&#x7D50;&#x5408;&#x6210;infix&#x8868;&#x9054;&#x5F0F;&amp;#39;(a + b)&amp;#39;&#xFF0C;&#x7136;&#x5F8C;&#x63A8;&#x56DE;stack&#x4E2D; ; stack&#xFF1A;[(a + b)]&lt;/p&gt;&#xD;
&#xD;
&lt;p&gt;&amp;quot;c&amp;quot; : stack : [(a + b), c]&lt;/p&gt;&#xD;
&#xD;
&lt;p&gt;&amp;quot;*&amp;quot; : POP c&amp;#39; &#x548C; &amp;#39;(a + b)&amp;#39;&#xFF0C;&#x7D50;&#x5408;&#x6210;infix&#x8868;&#x9054;&#x5F0F;(a + b) * c&amp;nbsp;&lt;br /&gt;&#xD;
&#x7136;&#x5F8C;&#x63A8;&#x56DE;stack&#x4E2D; ; stack&#xFF1A;[ ( (a + b) * c ) ]&lt;/p&gt;&#xD;
&#xD;
&lt;p&gt;&amp;quot;d&amp;quot; : stack : [((a + b) * c), d]&lt;/p&gt;&#xD;
&#xD;
&lt;p&gt;&amp;quot;e&amp;quot; : stack : [((a + b) * c), d, e]&lt;/p&gt;&#xD;
&#xD;
&lt;p&gt;&amp;quot;+&amp;quot; : POP &amp;#39;e&amp;#39; &#x548C; &amp;#39;d&amp;#39;&#xFF0C;&#x7D50;&#x5408;&#x6210;infix&#x8868;&#x9054;&#x5F0F; &amp;#39;(d + e)&amp;#39;&lt;br /&gt;&#xD;
&#x7136;&#x5F8C;&#x63A8;&#x56DE;stack&#x4E2D; ; stack&#xFF1A;[((a + b) * c), (d + e)]&lt;/p&gt;&#xD;
&#xD;
&lt;p&gt;&amp;quot;f&amp;quot; &amp;quot; stack&#xFF1A;[((a + b) * c), (d + e), f]&lt;/p&gt;&#xD;
&#xD;
&lt;p&gt;&amp;quot;*&amp;quot; : POP &amp;#39;(d + e)&amp;#39; &#x548C; &amp;#39;f&amp;#39;&#xFF0C;&#x7D50;&#x5408;&#x6210;infix&#x8868;&#x9054;&#x5F0F; &amp;#39;( (d + e ) * f )&amp;#39;&lt;br /&gt;&#xD;
&#x7136;&#x5F8C;&#x63A8;&#x56DE;stack&#x4E2D;&#x3002;stack&#xFF1A;[((a + b) * c), ((d + e)* f)]&lt;/p&gt;&#xD;
&#xD;
&lt;p&gt;&amp;quot;+&amp;quot; : POP &amp;#39;((a + b) * c)&amp;#39; &#x548C; &amp;#39;((d + e)* f)&amp;#39;&#xFF0C;&#x7D50;&#x5408;&#x6210;infix&#x8868;&#x9054;&#x5F0F;&amp;nbsp;&lt;br /&gt;&#xD;
&amp;#39;( ((a + b) * c) + ((d + e) * f) )&amp;#39;&#xFF0C;&#x7136;&#x5F8C;&#x63A8;&#x56DE;stack&#x4E2D;&lt;br /&gt;&#xD;
stack&#xFF1A;[( ((a + b) * c) + ((d + e) * f) )]&lt;/p&gt;&#xD;
&#xD;
&lt;p&gt;&amp;quot;w&amp;quot; : stack : [( ((a + b) * c) + ((d + e) * f) ), w]&lt;/p&gt;&#xD;
&#xD;
&lt;p&gt;&amp;quot;z&amp;quot; : stack : [( ((a + b) * c) + ((d + e) * f) ), w, z]&lt;/p&gt;&#xD;
&#xD;
&lt;p&gt;&amp;quot;+&amp;quot; : POP &amp;#39;z&amp;#39; &#x548C; &amp;#39;w&amp;#39;&#xFF0C;&#x7D50;&#x5408;&#x6210;infix&#x8868;&#x9054;&#x5F0F; &amp;#39;(w + z)&amp;#39;&lt;br /&gt;&#xD;
&#x7136;&#x5F8C;&#x63A8;&#x56DE;stack&#x4E2D; ; stack&#xFF1A;[( ((a + b) * c) + ((d + e) * f) ), (w+z)]&lt;/p&gt;&#xD;
&#xD;
&lt;p&gt;&amp;quot;*&amp;quot; : POP &amp;#39;(w + z)&amp;#39; &#x548C; &amp;#39;( ((a + b) * c) + ((d + e) * f) )&amp;#39;&#xFF0C;&#x4E26;&#x5C07;&#x5B83;&#x5011;&#x7D50;&#x5408;&#x6210;&#x5B50;&#x8868;&#x9054;&#x5F0F;&lt;br /&gt;&#xD;
&amp;#39;( ((a + b) * c) + ((d + e) * f) ) * (w+z) &amp;#39;&#xFF0C;&#x7136;&#x5F8C;&#x5C07;&#x5B50;&#x8868;&#x9054;&#x5F0F;&#x63A8;&#x56DE;stack&#x4E2D;&#x3002;&lt;br /&gt;&#xD;
stack&#xFF1A;[{ ((a + b) * c) + ((d + e) * f) } * ( w + z ) ]&lt;/p&gt;&#xD;
&#xD;
&lt;p&gt;&#x6700;&#x5F8C;&#x5F9E;stack&#x4E2D;&#x5F48;&#x51FA;&#x6700;&#x7D42;&#x7684;&#x4E2D;&#x5E8F;&#x5F0F;&#x8868;&#x9054;&#x5F0F;&#xFF1A;( ((a + b) * c) + ((d + e) * f) ) * ( w + z )&lt;/p&gt; </content>
  <attach></attach>
  <rcount></rcount>
  <rank></rank>
  <hit>9</hit>
  <lang>1</lang>
</data>
