<?xml version="1.0"?>
<data version="3.0" time="2024-07-20 09:54:52" type="post" filename="b000000009000000001.xml">
  <open_time>0000-00-00</open_time>
  <close_time>0000-00-00</close_time>
  <lang_name>Big5</lang_name>
  <board_id>1001278678</board_id>
  <node>000000009000000001</node>
  <site>1000110001</site>
  <pt>2023-07-10 16:19:33</pt>
  <poster>11813</poster>
  <realname>&#x5433;&#x5B9C;&#x9D3B;  </realname>
  <email>yhwu@cycu.edu.tw</email>
  <homepage>https://www.researchgate.net/profile/Yi-Hung-Wu-2  </homepage>
  <subject>Re: &#x6436;&#x7B54;115  </subject>
  <content>&lt;p&gt;OK, &#x51FD;&#x6578;&#x5B9A;&#x7FA9;&#x653E;&#x5728;&#x4E3B;&#x7A0B;&#x5F0F;&#x4E4B;&#x524D;&#x5C31;&#x4E0D;&#x9700;&#x8981;&#x51FD;&#x6578;&#x5BA3;&#x544A;&#x4E86;&#x3002;&lt;/p&gt; </content>
  <attach></attach>
  <rcount></rcount>
  <rank></rank>
  <hit>1</hit>
  <lang>1</lang>
</data>
