<?xml version="1.0"?>
<data version="3.0" time="2024-07-20 09:54:52" type="post" filename="b000000013.xml">
  <open_time>0000-00-00</open_time>
  <close_time>0000-00-00</close_time>
  <lang_name>Big5</lang_name>
  <board_id>1001278678</board_id>
  <node>000000013</node>
  <site>1000110001</site>
  <pt>2023-07-10 14:16:05</pt>
  <poster>10927250</poster>
  <realname>&#x53E4;&#x5BB8;&#x5B87;  </realname>
  <email>ku0905264478@gmail.com</email>
  <homepage>  </homepage>
  <subject>&#x6436;&#x7B54;115 </subject>
  <content>&lt;p&gt;#include &amp;lt;iostream&amp;gt;&lt;/p&gt;&#xD;
&#xD;
&lt;p&gt;// &#x5B9A;&#x7FA9;&#x4E00;&#x500B;&#x4EA4;&#x63DB;&#x5169;&#x500B;&#x6574;&#x6578;&#x503C;&#x7684;&#x51FD;&#x5F0F;&lt;/p&gt;&#xD;
&#xD;
&lt;p&gt;void swapValues(int* a, int* b) {&lt;/p&gt;&#xD;
&#xD;
&lt;p&gt;&amp;nbsp; int temp = *a; // &#x4F7F;&#x7528;&#x6307;&#x6A19;&#x89E3;&#x9664;&#x53C3;&#x8003;(*)&#x4F86;&#x53D6;&#x5F97;&#x50B3;&#x5165;&#x4F4D;&#x5740;&#x4E0A;&#x7684;&#x503C;&lt;/p&gt;&#xD;
&#xD;
&lt;p&gt;&amp;nbsp; *a = *b; // &#x4FEE;&#x6539;&#x7B2C;&#x4E00;&#x500B;&#x6574;&#x6578;&#x7684;&#x503C;&lt;/p&gt;&#xD;
&#xD;
&lt;p&gt;&amp;nbsp; *b = temp; // &#x4FEE;&#x6539;&#x7B2C;&#x4E8C;&#x500B;&#x6574;&#x6578;&#x7684;&#x503C;&lt;/p&gt;&#xD;
&#xD;
&lt;p&gt;}&lt;/p&gt;&#xD;
&#xD;
&lt;p&gt;int main() {&lt;/p&gt;&#xD;
&#xD;
&lt;p&gt;&amp;nbsp; int x = 5;&lt;/p&gt;&#xD;
&#xD;
&lt;p&gt;&amp;nbsp; int y = 10;&lt;/p&gt;&#xD;
&#xD;
&lt;p&gt;&amp;nbsp; std::cout &amp;lt;&amp;lt; &amp;quot;&#x4EA4;&#x63DB;&#x524D;&#xFF1A;&amp;quot; &amp;lt;&amp;lt; &amp;quot;x = &amp;quot; &amp;lt;&amp;lt; x &amp;lt;&amp;lt; &amp;quot;, y = &amp;quot; &amp;lt;&amp;lt; y &amp;lt;&amp;lt; std::endl; // &#x50B3;&#x905E;&#x8B8A;&#x6578;&#x7684;&#x8A18;&#x61B6;&#x9AD4;&#x4F4D;&#x5740;&#x7D66;swapValues&#x51FD;&#x5F0F;&amp;nbsp; &amp;nbsp; &amp;nbsp; &amp;nbsp;swapValues(&amp;amp;x, &amp;amp;y);&lt;/p&gt;&#xD;
&#xD;
&lt;p&gt;&amp;nbsp; std::cout &amp;lt;&amp;lt; &amp;quot;&#x4EA4;&#x63DB;&#x5F8C;&#xFF1A;&amp;quot; &amp;lt;&amp;lt; &amp;quot;x = &amp;quot; &amp;lt;&amp;lt; x &amp;lt;&amp;lt; &amp;quot;, y = &amp;quot; &amp;lt;&amp;lt; y &amp;lt;&amp;lt; std::endl;&lt;/p&gt;&#xD;
&#xD;
&lt;p&gt;&amp;nbsp; return 0;&lt;/p&gt;&#xD;
&#xD;
&lt;p&gt;&amp;nbsp;}&lt;/p&gt;&#xD;
&#xD;
&lt;p&gt;&#x5728;&#x4E0A;&#x8FF0;&#x7A0B;&#x5F0F;&#x78BC;&#x4E2D;&#xFF0C;&#x6211;&#x5011;&#x4F7F;&#x7528;int*&#x578B;&#x5225;&#x7684;&#x6307;&#x6A19;&#x4F86;&#x63A5;&#x53D7;&#x4F4D;&#x5740;&#x53C3;&#x6578;&#x3002;&#x5728;swapValues&#x51FD;&#x5F0F;&#x5167;&#x90E8;&#xFF0C;&#x6211;&#x5011;&#x4F7F;&#x7528;&#x6307;&#x6A19;&#x89E3;&#x9664;&#x53C3;&#x8003;&#x904B;&#x7B97;&#x7B26;(*)&#x4F86;&#x5B58;&#x53D6;&#x50B3;&#x5165;&#x4F4D;&#x5740;&#x4E0A;&#x7684;&#x503C;&#x3002;&#x85C9;&#x7531;&#x4EA4;&#x63DB;&#x9019;&#x5169;&#x500B;&#x6574;&#x6578;&#x8B8A;&#x6578;&#x7684;&#x503C;&#xFF0C;&#x51FD;&#x5F0F;&#x4FEE;&#x6539;&#x4E86;main&#x51FD;&#x5F0F;&#x4E2D;x&#x548C;y&#x7684;&#x5167;&#x5BB9;&#x3002;&lt;/p&gt;&#xD;
&#xD;
&lt;p&gt;&#x8F38;&#x51FA;&#x7D50;&#x679C;&#xFF1A;&lt;/p&gt;&#xD;
&#xD;
&lt;p&gt;Copy code&lt;/p&gt;&#xD;
&#xD;
&lt;p&gt;&#x4EA4;&#x63DB;&#x524D;&#xFF1A;x = 5, y = 10 &#x4EA4;&#x63DB;&#x5F8C;&#xFF1A;x = 10, y = 5&lt;/p&gt;&#xD;
&#xD;
&lt;p&gt;&#x8ACB;&#x6CE8;&#x610F;&#xFF0C;&#x50B3;&#x5740;&#x547C;&#x53EB;&#x5141;&#x8A31;&#x6211;&#x5011;&#x5728;&#x51FD;&#x5F0F;&#x5167;&#x90E8;&#x4FEE;&#x6539;&#x8B8A;&#x6578;&#x7684;&#x503C;&#xFF0C;&#x4F46;&#x5728;&#x67D0;&#x4E9B;&#x60C5;&#x6CC1;&#x4E0B;&#xFF0C;&#x53EF;&#x80FD;&#x9700;&#x8981;&#x6CE8;&#x610F;&#x4F4D;&#x5740;&#x7684;&#x6709;&#x6548;&#x6027;&#x53CA;&#x907F;&#x514D;&#x4E0D;&#x5FC5;&#x8981;&#x7684;&#x6307;&#x6A19;&#x932F;&#x8AA4;&#x3002;&lt;/p&gt; </content>
  <attach></attach>
  <rcount></rcount>
  <rank></rank>
  <hit>16</hit>
  <lang>1</lang>
</data>
