<?xml version="1.0"?>
<data version="3.0" time="2024-07-20 09:54:52" type="post" filename="b000000016000000001.xml">
  <open_time>0000-00-00</open_time>
  <close_time>0000-00-00</close_time>
  <lang_name>Big5</lang_name>
  <board_id>1001278678</board_id>
  <node>000000016000000001</node>
  <site>1000110001</site>
  <pt>2023-07-11 09:02:09</pt>
  <poster>11813</poster>
  <realname>&#x5433;&#x5B9C;&#x9D3B;  </realname>
  <email>yhwu@cycu.edu.tw</email>
  <homepage>https://www.researchgate.net/profile/Yi-Hung-Wu-2  </homepage>
  <subject>Re: &#x6436;&#x7B54;113  </subject>
  <content>&lt;p&gt;&lt;span style="color:#b22222"&gt;&#x6709;&#x770B;&#x904E;&#x524D;&#x9762;&#x7684;&#x8CBC;&#x6587;&#x55CE;&#xFF1F;&#x5167;&#x5BB9;&#x91CD;&#x8907;&#x662F;&#x4E0D;&#x4E88;&#x8A08;&#x5206;&#x7684;&#x3002;&lt;/span&gt;&lt;/p&gt; </content>
  <attach></attach>
  <rcount></rcount>
  <rank></rank>
  <hit>1</hit>
  <lang>1</lang>
</data>
