<?xml version="1.0"?>
<data version="3.0" time="2024-07-20 09:54:52" type="post" filename="b000000017.xml">
  <open_time>0000-00-00</open_time>
  <close_time>0000-00-00</close_time>
  <lang_name>Big5</lang_name>
  <board_id>1001278678</board_id>
  <node>000000017</node>
  <site>1000110001</site>
  <pt>2023-07-11 15:22:56</pt>
  <poster>10827146</poster>
  <realname>&#x674E;&#x59F5;&#x9713;  </realname>
  <email>p96178@gmail.com</email>
  <homepage> </homepage>
  <subject>&#x6436;&#x7B54;114 </subject>
  <content>&lt;p&gt;C++&#x7684;&#x591A;&#x8F09; Overloading &#x53EF;&#x4EE5;&#x900F;&#x904E;&#x8ABF;&#x6574; &#x76F8;&#x540C;&#x540D;&#x7A31;&amp;nbsp;Funtion &#x7684;&#x53C3;&#x6578;&#x6578;&#x91CF;&#x6216;&#x662F;&#x53C3;&#x6578;&#x578B;&#x5225;&#x4F86;&#x5BE6;&#x73FE;&#x3002;&lt;br /&gt;&#xD;
&lt;br /&gt;&#xD;
CODE :&lt;/p&gt;&#xD;
&#xD;
&lt;p&gt;# include &amp;lt;iostream&amp;gt;&lt;/p&gt;&#xD;
&#xD;
&lt;p&gt;using namespace std;&lt;/p&gt;&#xD;
&#xD;
&lt;p&gt;class Calculate {&lt;/p&gt;&#xD;
&#xD;
&lt;p&gt;public:&lt;/p&gt;&#xD;
&#xD;
&lt;p&gt;&amp;nbsp; &amp;nbsp; // &#x5169;&#x500B;&#x578B;&#x5225;&#x70BA; int &#x53C3;&#x6578;&#x52A0;&#x7E3D;&lt;/p&gt;&#xD;
&#xD;
&lt;p&gt;&amp;nbsp; &amp;nbsp; int GetSum( int a, int b ) {&lt;/p&gt;&#xD;
&#xD;
&lt;p&gt;&amp;nbsp; &amp;nbsp; &amp;nbsp; &amp;nbsp; return a + b;&lt;/p&gt;&#xD;
&#xD;
&lt;p&gt;&amp;nbsp; &amp;nbsp; } // GetSum()&lt;/p&gt;&#xD;
&#xD;
&lt;p&gt;&amp;nbsp; &amp;nbsp; // &#x4E09;&#x500B;&#x578B;&#x5225;&#x70BA; int &#x53C3;&#x6578;&#x52A0;&#x7E3D;&lt;/p&gt;&#xD;
&#xD;
&lt;p&gt;&amp;nbsp; &amp;nbsp; int GetSum( int a, int b, int c ) {&lt;/p&gt;&#xD;
&#xD;
&lt;p&gt;&amp;nbsp; &amp;nbsp; &amp;nbsp; &amp;nbsp; return a + b + c;&lt;/p&gt;&#xD;
&#xD;
&lt;p&gt;&amp;nbsp; &amp;nbsp; } // GetSum()&lt;/p&gt;&#xD;
&#xD;
&lt;p&gt;&amp;nbsp; &amp;nbsp; // &#x5169;&#x500B;&#x578B;&#x5225;&#x70BA; float &#x53C3;&#x6578;&#x52A0;&#x7E3D;&lt;/p&gt;&#xD;
&#xD;
&lt;p&gt;&amp;nbsp; &amp;nbsp; float GetSum( float a, float b ) {&lt;/p&gt;&#xD;
&#xD;
&lt;p&gt;&amp;nbsp; &amp;nbsp; &amp;nbsp; &amp;nbsp; return a + b;&lt;/p&gt;&#xD;
&#xD;
&lt;p&gt;&amp;nbsp; &amp;nbsp; } // GetSum()&lt;/p&gt;&#xD;
&#xD;
&lt;p&gt;} ; // class Calculate&lt;/p&gt;&#xD;
&#xD;
&lt;p&gt;int main() {&lt;/p&gt;&#xD;
&#xD;
&lt;p&gt;&amp;nbsp; &amp;nbsp; int num1 = 10;&lt;/p&gt;&#xD;
&#xD;
&lt;p&gt;&amp;nbsp; &amp;nbsp; int num2 = 20;&lt;/p&gt;&#xD;
&#xD;
&lt;p&gt;&amp;nbsp; &amp;nbsp; int num3 = 30;&lt;/p&gt;&#xD;
&#xD;
&lt;p&gt;&amp;nbsp; &amp;nbsp; float float1 = 2.5;&lt;/p&gt;&#xD;
&#xD;
&lt;p&gt;&amp;nbsp; &amp;nbsp; float float2 = 10.5;&lt;/p&gt;&#xD;
&#xD;
&lt;p&gt;&amp;nbsp; &amp;nbsp; Calculate cal;&lt;/p&gt;&#xD;
&#xD;
&lt;p&gt;&amp;nbsp; &amp;nbsp; cout &amp;lt;&amp;lt; cal.GetSum( num1, num2 ) &amp;lt;&amp;lt; endl; &amp;nbsp; &amp;nbsp; &amp;nbsp; // &#x8F38;&#x51FA;30&lt;/p&gt;&#xD;
&#xD;
&lt;p&gt;&amp;nbsp; &amp;nbsp; cout &amp;lt;&amp;lt; cal.GetSum( num1, num2, num3 ) &amp;lt;&amp;lt; endl; // &#x8F38;&#x51FA;60&lt;/p&gt;&#xD;
&#xD;
&lt;p&gt;&amp;nbsp; &amp;nbsp; cout &amp;lt;&amp;lt; cal.GetSum( float1, float2 ) &amp;lt;&amp;lt; endl; &amp;nbsp; // &#x8F38;&#x51FA;13&lt;/p&gt;&#xD;
&#xD;
&lt;p&gt;&amp;nbsp; &amp;nbsp; system(&amp;quot;pause&amp;quot;);&lt;/p&gt;&#xD;
&#xD;
&lt;p&gt;&amp;nbsp; &amp;nbsp; return 0;&lt;/p&gt;&#xD;
&#xD;
&lt;p&gt;} // main()&lt;/p&gt;</content>
  <attach></attach>
  <rcount></rcount>
  <rank></rank>
  <hit>24</hit>
  <lang>1</lang>
</data>
