<?xml version="1.0"?>
<data version="3.0" time="2024-07-20 09:54:52" type="post" filename="b000000015.xml">
  <open_time>0000-00-00</open_time>
  <close_time>0000-00-00</close_time>
  <lang_name>Big5</lang_name>
  <board_id>1001278678</board_id>
  <node>000000015</node>
  <site>1000110001</site>
  <pt>2023-07-10 20:17:09</pt>
  <poster>06005645</poster>
  <realname>&#x6797;&#x54C1;&#x7444;  </realname>
  <email>hank61061007@gmail.com</email>
  <homepage>  </homepage>
  <subject>&#x554F;&#x7B54;115 </subject>
  <content>&lt;p&gt;&#x5BEB;C++&#x7A0B;&#x5F0F;&#x78BC;&#x8AAA;&#x660E;&#x50B3;&#x5740;&#x547C;&#x53EB;call by address&#x3002;&lt;/p&gt;&#xD;
&#xD;
&lt;p&gt;&#x7576;&#x4F60;&#x5728;C++&#x4E2D;&#x4F7F;&#x7528;&#x50B3;&#x5740;&#x547C;&#x53EB;&#xFF08;call by address&#xFF09;&#x6642;&#xFF0C;&#x4F60;&#x5BE6;&#x969B;&#x4E0A;&#x662F;&#x50B3;&#x905E;&#x8B8A;&#x6578;&#x7684;&#x8A18;&#x61B6;&#x9AD4;&#x4F4D;&#x5740;&#x7D66;&#x51FD;&#x5F0F;&#xFF0C;&#x800C;&#x4E0D;&#x662F;&#x503C;&#x672C;&#x8EAB;&#x3002;&lt;/p&gt;&#xD;
&#xD;
&lt;p&gt;#include &amp;lt;iostream&amp;gt;&lt;/p&gt;&#xD;
&#xD;
&lt;p&gt;// &#x50B3;&#x5740;&#x547C;&#x53EB;&#x51FD;&#x5F0F;&#xFF0C;&#x4F7F;&#x7528;&#x53C3;&#x8003;&#x4F86;&#x4FEE;&#x6539;&#x8B8A;&#x6578;&#x7684;&#x503C;&lt;/p&gt;&#xD;
&#xD;
&lt;p&gt;void changeValue(int&amp;amp; ref) {&lt;/p&gt;&#xD;
&#xD;
&lt;p&gt;ref = 100; // &#x76F4;&#x63A5;&#x4FEE;&#x6539;&#x53C3;&#x8003;&#x7684;&#x503C;&lt;/p&gt;&#xD;
&#xD;
&lt;p&gt;}&lt;/p&gt;&#xD;
&#xD;
&lt;p&gt;int main() {&lt;/p&gt;&#xD;
&#xD;
&lt;p&gt;int num = 10;//&#x521D;&#x59CB;&#x503C;&lt;/p&gt;&#xD;
&#xD;
&lt;p&gt;std::cout &amp;lt;&amp;lt; &amp;quot;&#x539F;&#x59CB;&#x503C;: &amp;quot; &amp;lt;&amp;lt; num &amp;lt;&amp;lt; std::endl; // &#x50B3;&#x905E;&#x8B8A;&#x6578;&#x7684;&#x53C3;&#x8003;&#x7D66;&#x51FD;&#x5F0F;&lt;/p&gt;&#xD;
&#xD;
&lt;p&gt;changeValue(num);&lt;/p&gt;&#xD;
&#xD;
&lt;p&gt;std::cout &amp;lt;&amp;lt; &amp;quot;&#x4FEE;&#x6539;&#x5F8C;&#x7684;&#x503C;: &amp;quot; &amp;lt;&amp;lt; num &amp;lt;&amp;lt; std::endl;&lt;/p&gt;&#xD;
&#xD;
&lt;p&gt;return 0;&lt;/p&gt;&#xD;
&#xD;
&lt;p&gt;}&lt;/p&gt; </content>
  <attach></attach>
  <rcount></rcount>
  <rank></rank>
  <hit>12</hit>
  <lang>1</lang>
</data>
