<?xml version="1.0"?>
<data version="3.0" time="2024-07-20 09:54:52" type="post" filename="b000000022.xml">
  <open_time>0000-00-00</open_time>
  <close_time>0000-00-00</close_time>
  <lang_name>Big5</lang_name>
  <board_id>1001278678</board_id>
  <node>000000022</node>
  <site>1000110001</site>
  <pt>2023-07-14 02:09:33</pt>
  <poster>11813</poster>
  <realname>&#x5433;&#x5B9C;&#x9D3B;  </realname>
  <email>yhwu@cycu.edu.tw</email>
  <homepage>https://www.researchgate.net/profile/Yi-Hung-Wu-2  </homepage>
  <subject>&#x5DF2;&#x767B;&#x8A18;&#x8A55;&#x5206; </subject>
  <content>&lt;p&gt;&#x5171;&#x8A08;13&#x4F4D;&#x540C;&#x5B78;&#x5F97;&#x5206;&#x3002;&lt;/p&gt;&#xD;
&#xD;
&lt;p&gt;&lt;span style="color:#b22222"&gt;&#x6CE8;&#x610F;&#xFF1A;&#x8001;&#x5E2B;&#x6216;&#x52A9;&#x6559;&#x7559;&#x8A00;&#x672A;&#x5FC5;&#x4EE3;&#x8868;&#x5F97;&#x5206;&#xFF0C;&#x4F8B;&#x5982;&#xFF1A;&#x548C;&#x5148;&#x524D;&#x8CBC;&#x6587;&#x91CD;&#x8907;&#x592A;&#x591A;&#x5C31;&#x4E0D;&#x6703;&#x7D66;&#x5206;&#xFF0C;&#x8ACB;&#x52D9;&#x5FC5;&#x5C07;&#x5148;&#x524D;&#x7684;&#x8CBC;&#x6587;&#x770B;&#x5B8C;&#x624D;&#x958B;&#x59CB;&#x4F5C;&#x7B54;&#xFF01;&lt;/span&gt;&lt;/p&gt; </content>
  <attach></attach>
  <rcount></rcount>
  <rank></rank>
  <hit>7</hit>
  <lang>1</lang>
</data>
