<?xml version="1.0"?>
<data version="3.0" time="2024-07-20 09:54:52" type="post" filename="b000000015000000001.xml">
  <open_time>0000-00-00</open_time>
  <close_time>0000-00-00</close_time>
  <lang_name>Big5</lang_name>
  <board_id>1001278678</board_id>
  <node>000000015000000001</node>
  <site>1000110001</site>
  <pt>2023-07-10 20:57:47</pt>
  <poster>11813</poster>
  <realname>&#x5433;&#x5B9C;&#x9D3B;  </realname>
  <email>yhwu@cycu.edu.tw</email>
  <homepage>https://www.researchgate.net/profile/Yi-Hung-Wu-2  </homepage>
  <subject>Re: &#x554F;&#x7B54;115  </subject>
  <content>&lt;p&gt;&lt;span style="color:#ff0000"&gt;call by reference&#x4E26;&#x975E;call by address&#xFF01;&lt;/span&gt;&lt;/p&gt; </content>
  <attach></attach>
  <rcount></rcount>
  <rank></rank>
  <hit>1</hit>
  <lang>1</lang>
</data>
