<?xml version="1.0"?>
<data version="3.0" time="2024-07-20 09:54:52" type="post" filename="b000000005000000001.xml">
  <open_time>0000-00-00</open_time>
  <close_time>0000-00-00</close_time>
  <lang_name>Big5</lang_name>
  <board_id>1001278678</board_id>
  <node>000000005000000001</node>
  <site>1000110001</site>
  <pt>2023-07-07 15:30:13</pt>
  <poster>11813</poster>
  <realname>&#x5433;&#x5B9C;&#x9D3B;  </realname>
  <email>yhwu@cycu.edu.tw</email>
  <homepage>https://www.researchgate.net/profile/Yi-Hung-Wu-2  </homepage>
  <subject>Re: &#x6436;&#x7B54;115  </subject>
  <content>&lt;p&gt;&#x8ACB;&#x9644;&#x4E0A;&#x539F;&#x672C;&#x7684;&#x984C;&#x76EE;&#x6558;&#x8FF0;&#xFF0C;&#x4E26;&#x5BEB;&#x4E0A;&#x6B63;&#x78BA;&#x7684;&#x4E2D;&#x82F1;&#x6587;&#x5C08;&#x6709;&#x540D;&#x8A5E;&#xFF01;&lt;/p&gt; </content>
  <attach></attach>
  <rcount></rcount>
  <rank></rank>
  <hit>1</hit>
  <lang>1</lang>
</data>
