<?xml version="1.0"?>
<data version="3.0" time="2024-07-20 09:54:52" type="post" filename="b000000006000000002.xml">
  <open_time>0000-00-00</open_time>
  <close_time>0000-00-00</close_time>
  <lang_name>Big5</lang_name>
  <board_id>1001278678</board_id>
  <node>000000006000000002</node>
  <site>1000110001</site>
  <pt>2023-07-14 02:00:58</pt>
  <poster>11813</poster>
  <realname>&#x5433;&#x5B9C;&#x9D3B;  </realname>
  <email>yhwu@cycu.edu.tw</email>
  <homepage>https://www.researchgate.net/profile/Yi-Hung-Wu-2  </homepage>
  <subject>Re: &#x6436;&#x7B54;113  </subject>
  <content>&lt;p&gt;&lt;span style="color:#b22222"&gt;&#x5148;&#x524D;&#x7684;&#x8CBC;&#x6587;&#x8981;&#x95B1;&#x8B80;&#x904E;&#xFF0C;&#x907F;&#x514D;&#x91CD;&#x8907;&#x3002;&lt;/span&gt;&lt;/p&gt; </content>
  <attach></attach>
  <rcount></rcount>
  <rank></rank>
  <hit>1</hit>
  <lang>1</lang>
</data>
