<?xml version="1.0"?>
<data version="3.0" time="2024-07-20 09:54:52" type="post" filename="b000000019.xml">
  <open_time>0000-00-00</open_time>
  <close_time>0000-00-00</close_time>
  <lang_name>Big5</lang_name>
  <board_id>1001278678</board_id>
  <node>000000019</node>
  <site>1000110001</site>
  <pt>2023-07-11 19:23:08</pt>
  <poster>06005634</poster>
  <realname>&#x90ED;&#x5BB8;&#x69A4;  </realname>
  <email>jyh2guo@gmail.com</email>
  <homepage> </homepage>
  <subject>&#x6436;&#x7B54;114 </subject>
  <content>&lt;p&gt;#include &amp;lt;iostream&amp;gt;&lt;br /&gt;&#xD;
using namespace std;&lt;br /&gt;&#xD;
class Cal {&lt;br /&gt;&#xD;
public:&lt;br /&gt;&#xD;
&amp;nbsp; &amp;nbsp; int add(int a,int b) {&lt;br /&gt;&#xD;
&amp;nbsp; &amp;nbsp; &amp;nbsp; &amp;nbsp; return a+b;&lt;br /&gt;&#xD;
&amp;nbsp; &amp;nbsp; }&lt;/p&gt;&#xD;
&#xD;
&lt;p&gt;&amp;nbsp; &amp;nbsp; double add1(double a, double b) {&lt;br /&gt;&#xD;
&amp;nbsp; &amp;nbsp; &amp;nbsp; &amp;nbsp; return a+b;&lt;br /&gt;&#xD;
&amp;nbsp; &amp;nbsp; }&lt;br /&gt;&#xD;
};&lt;/p&gt;&#xD;
&#xD;
&lt;p&gt;int main() {&lt;br /&gt;&#xD;
&amp;nbsp; &amp;nbsp; Cal c;&lt;br /&gt;&#xD;
&amp;nbsp; &amp;nbsp; int result = c.add(30, 35);//result=30+35=65&lt;br /&gt;&#xD;
&amp;nbsp; &amp;nbsp; double result1 = c.add1(2.4, 3.9);//result1=2.4+3.9=6.3&lt;/p&gt;&#xD;
&#xD;
&lt;p&gt;&amp;nbsp; &amp;nbsp;cout &amp;lt;&amp;lt; &amp;quot;&#x6574;&#x6578;&#x76F8;&#x52A0;&#x7684;&#x7D50;&#x679C;&#x70BA;: &amp;quot; &amp;lt;&amp;lt; result &amp;lt;&amp;lt; endl;&lt;br /&gt;&#xD;
&amp;nbsp; &amp;nbsp;cout &amp;lt;&amp;lt; &amp;quot;&#x6D6E;&#x9EDE;&#x6578;&#x7684;&#x76F8;&#x52A0;&#x7D50;&#x679C;&#x70BA;: &amp;quot; &amp;lt;&amp;lt; result1 &amp;lt;&amp;lt; endl;&lt;/p&gt;&#xD;
&#xD;
&lt;p&gt;&amp;nbsp; &amp;nbsp; return 0;&lt;br /&gt;&#xD;
}&lt;br /&gt;&#xD;
&#x57F7;&#x884C;&#x7D50;&#x679C;&#x5982;&#x4E0B;&lt;br /&gt;&#xD;
&lt;img alt="" src="/user/0/6/06005634/images/%E5%9C%96%E7%89%875.png" style="height:242px; width:674px" /&gt;&lt;/p&gt;</content>
  <attach></attach>
  <rcount></rcount>
  <rank></rank>
  <hit>19</hit>
  <lang>1</lang>
</data>
