<?xml version="1.0"?>
<data version="3.0" time="2024-07-20 09:54:52" type="post" filename="b000000016.xml">
  <open_time>0000-00-00</open_time>
  <close_time>0000-00-00</close_time>
  <lang_name>Big5</lang_name>
  <board_id>1001278678</board_id>
  <node>000000016</node>
  <site>1000110001</site>
  <pt>2023-07-11 03:24:52</pt>
  <poster>11020143</poster>
  <realname>&#x5433;&#x67CF;&#x8CE2;  </realname>
  <email>s25880260@gmail.com</email>
  <homepage> </homepage>
  <subject>&#x6436;&#x7B54;113 </subject>
  <content>&lt;p&gt;&lt;u&gt;a b +&lt;/u&gt; c * &lt;u&gt;d e +&lt;/u&gt; f * + &lt;u&gt;w z +&lt;/u&gt;*&lt;/p&gt;&#xD;
&#xD;
&lt;p&gt;&lt;u&gt;(a+b)c*&lt;/u&gt; &lt;u&gt;(d+e)f*&lt;/u&gt;+(w+z)*&lt;/p&gt;&#xD;
&#xD;
&lt;p&gt;&lt;u&gt;((a+b)*c)((d+e)*f))+&lt;/u&gt;(w+z)*&lt;/p&gt;&#xD;
&#xD;
&lt;p&gt;((a+b)*c)+&lt;u&gt;((d+e)*f)(w+z)*&lt;/u&gt;&lt;/p&gt;&#xD;
&#xD;
&lt;p&gt;(((a+b)*c)+((d+e)*f))*(w+z)&lt;/p&gt;</content>
  <attach></attach>
  <rcount></rcount>
  <rank></rank>
  <hit>14</hit>
  <lang>1</lang>
</data>
