<?xml version="1.0"?>
<data version="3.0" time="2024-07-19 08:50:18" type="post" filename="b000000009.xml">
  <open_time>0000-00-00</open_time>
  <close_time>0000-00-00</close_time>
  <lang_name>Big5</lang_name>
  <board_id>1001305435</board_id>
  <node>000000009</node>
  <site>1000110001</site>
  <pt>2023-10-25 15:42:33</pt>
  <poster>11127230</poster>
  <realname>&#x937E;&#x5E1B;&#x52F3;  </realname>
  <email>jone921216@gmail.com</email>
  <homepage> </homepage>
  <subject>126. + * 2 4 6 * - 7 5&#x662F;&#x524D;&#x5E8F;&#x5F0F;&#x55CE;&#xFF1F;&#x70BA;&#x4EC0;&#x9EBC;&#xFF1F; </subject>
  <content>&lt;p&gt;126. + * 2 4 6 * - 7 5&lt;/p&gt;&#xD;
&#xD;
&lt;p&gt;&#x4E0D;&#x662F;&#xFF0C;&#x7B97;&#x4E00;&#x4E0B;&#x5C31;&#x77E5;&#x9053;&#x4E86;&#x3002;&lt;/p&gt;&#xD;
&#xD;
&lt;p&gt;7-5&lt;/p&gt;&#xD;
&#xD;
&lt;p&gt;&#x7136;&#x5F8C;&#x627E;&#x4E0D;&#x5230;&#x5169;&#x500B;&#x6578;&#x5B57;&#x4E86;&#x3002;&lt;/p&gt;&#xD;
&#xD;
&lt;p&gt;&#x6240;&#x4EE5;&#x4E0D;&#x662F;&#x3002;&lt;/p&gt;</content>
  <attach></attach>
  <rcount></rcount>
  <rank></rank>
  <hit>22</hit>
  <lang>1</lang>
</data>
