<?xml version="1.0"?>
<data version="3.0" time="2024-07-19 08:50:18" type="post" filename="b000000013.xml">
  <open_time>0000-00-00</open_time>
  <close_time>0000-00-00</close_time>
  <lang_name>Big5</lang_name>
  <board_id>1001305435</board_id>
  <node>000000013</node>
  <site>1000110001</site>
  <pt>2023-10-26 19:53:25</pt>
  <poster>11111239</poster>
  <realname>&#x9AD8;&#x4E8E;&#x55AC;  </realname>
  <email>rita920927@gmail.com</email>
  <homepage>  </homepage>
  <subject>126. + * 2 4 6 * - 7 5&#x662F;&#x524D;&#x5E8F;&#x5F0F;&#x55CE;&#xFF1F;&#x70BA;&#x4EC0;&#x9EBC;&#xFF1F; </subject>
  <content>&lt;p&gt;&#x4E0D;&#x662F;&#x3002;&lt;/p&gt;&#xD;
&#xD;
&lt;p&gt;&#x524D;&#x5E8F;&#x8868;&#x793A;&#x6CD5;&#x662F;&#x5C07;&#x904B;&#x7B97;&#x5B50;&#x653E;&#x5230;&#x6240;&#x6709;&#x904B;&#x7B97;&#x5143;&#x4E4B;&#x524D;&#x7684;&#x8868;&#x793A;&#x6CD5;&#xFF0C;&#x50CF;&#x662F;&#x4E2D;&#x5E8F;(2+3)&#x8F49;&#x6210;&#x524D;&#x5E8F;&#x662F;+23&lt;/p&gt;&#xD;
&#xD;
&lt;p&gt;+*246*-75&lt;/p&gt;&#xD;
&#xD;
&lt;p&gt;=&lt;/p&gt;&#xD;
&#xD;
&lt;p&gt;+86*2 (8=*24,2=-75)&lt;/p&gt;&#xD;
&#xD;
&lt;p&gt;=&lt;/p&gt;&#xD;
&#xD;
&lt;p&gt;14*2 (14=+86)&lt;/p&gt;&#xD;
&#xD;
&lt;p&gt;&#x904B;&#x7B97;&#x5B50;&#x5728;&#x904B;&#x7B97;&#x5143;&#x4E2D;&#x524D;(false)&lt;/p&gt; </content>
  <attach></attach>
  <rcount></rcount>
  <rank></rank>
  <hit>23</hit>
  <lang>1</lang>
</data>
