<?xml version="1.0"?>
<data version="3.0" time="2024-07-19 08:50:18" type="post" filename="b000000006.xml">
  <open_time>0000-00-00</open_time>
  <close_time>0000-00-00</close_time>
  <lang_name>Big5</lang_name>
  <board_id>1001305435</board_id>
  <node>000000006</node>
  <site>1000110001</site>
  <pt>2023-10-24 16:58:52</pt>
  <poster>11127213</poster>
  <realname>&#x51CC;&#x9F0E;&#x8ED2;  </realname>
  <email>benson920925@gmail.com</email>
  <homepage> </homepage>
  <subject>128. &#x5F8C;&#x5E8F;&#x5F0F;2 4 6 * + 7 5 - *&#x8981;&#x5982;&#x4F55;&#x900F;&#x904E;&#x5806;&#x758A;&#x6C42;&#x89E3;&#xFF1F;&#x8981;&#x5217;&#x51FA;&#x904E;&#x7A0B;&#x3002; </subject>
  <content>&lt;p&gt;&#x5F8C;&#x5E8F;&#x5F0F; : 2 4 6 * + 7 5 - *&lt;/p&gt;&#xD;
&#xD;
&lt;p&gt;&#x4F5C;&#x6CD5; : &#x6578;&#x5B57;&#x8207;&#x904B;&#x7B97;&#x5B50;&#x90FD;&#x8981;&#x9032;&#x5230;&#x5806;&#x758A;&#x505A;&#x8655;&#x7406;&#x3002;&#x6BCF;&#x9047;&#x5230;&#x904B;&#x7B97;&#x5B50;&#xFF0C;pop&#x51FA;&#x5169;&#x500B;&#x5806;&#x758A;&#x7269;&#x4EF6;&#xFF0C;&#x5373;&#x62FF;&#x51FA;&#x5169;&#x500B;&#x904B;&#x7B97;&#x5143;&#x505A;&#x8A72;&#x904B;&#x7B97; ( &#x5982;&#x679C;&#x662F;&#x5408;&#x6CD5;&#x7684;&#x5F8C;&#x5E8F;&#x5F0F;&#xFF0C;pop&#x51FA;&#x4F86;&#x7684;&#x5169;&#x7269;&#x4EF6;&#x4E00;&#x5B9A;&#x662F;&#x904B;&#x7B97;&#x5143;&amp;nbsp;) &#x3002;&#x518D;&#x628A;&#x904B;&#x7B97;&#x7684;&#x7D50;&#x679C;&#x63A8;&#x56DE;&#x5806;&#x758A;&#x4E2D;&#x3002;&#x6700;&#x5F8C;&#x7684;&#x7D50;&#x679C;&#x5C31;&#x662F;&#x7B54;&#x6848;&#x3002;(&#x7B2C;&#x4E8C;&#x500B;pop&#x7684;&#x7269;&#x4EF6;&#x662F;&#x88AB;&#x4F5C;&#x904B;&#x7B97;&#x7684;&#x6578;&#x5B57;&#xFF0C;7 5 -&#xFF0C;7 &#x70BA;&#x88AB;&#x6E1B;&#x6578;&#xFF0C;5 &#x70BA;&#x6E1B;&#x6578; )&lt;/p&gt;&#xD;
&#xD;
&lt;p&gt;&#x904E;&#x7A0B; :&amp;nbsp;&lt;/p&gt;&#xD;
&#xD;
&lt;p&gt;&#x5F8C;&#x5E8F;&#x5F0F;&amp;nbsp; &amp;nbsp; &amp;nbsp; &amp;nbsp; &amp;nbsp; &amp;nbsp; &amp;nbsp; &amp;nbsp; &amp;nbsp; &amp;nbsp; &amp;nbsp; &amp;nbsp; &amp;nbsp; &amp;nbsp; &amp;nbsp; &amp;nbsp; &amp;nbsp; &amp;nbsp; &amp;nbsp; &amp;nbsp; &amp;nbsp; &amp;nbsp; &amp;nbsp; &amp;nbsp; &amp;nbsp; &amp;nbsp; &amp;nbsp; &#x5806;&#x758A;&#x5167;( &#x6700;&#x53F3;&#x908A;&#x70BA;top )&lt;/p&gt;&#xD;
&#xD;
&lt;p&gt;2&amp;nbsp; &amp;nbsp; &amp;nbsp; &amp;nbsp; &amp;nbsp; &amp;nbsp; &amp;nbsp; &amp;nbsp; &amp;nbsp; &amp;nbsp; &amp;nbsp; &amp;nbsp; &amp;nbsp; &amp;nbsp; &amp;nbsp; &amp;nbsp; &amp;nbsp; &amp;nbsp; &amp;nbsp; &amp;nbsp; &amp;nbsp; &amp;nbsp; &amp;nbsp; &amp;nbsp; &amp;nbsp; &amp;nbsp; &amp;nbsp; &amp;nbsp; &amp;nbsp; &amp;nbsp; &amp;nbsp; 2&lt;/p&gt;&#xD;
&#xD;
&lt;p&gt;2 4&amp;nbsp; &amp;nbsp; &amp;nbsp; &amp;nbsp; &amp;nbsp; &amp;nbsp; &amp;nbsp; &amp;nbsp; &amp;nbsp; &amp;nbsp; &amp;nbsp; &amp;nbsp; &amp;nbsp; &amp;nbsp; &amp;nbsp; &amp;nbsp; &amp;nbsp; &amp;nbsp; &amp;nbsp; &amp;nbsp; &amp;nbsp; &amp;nbsp; &amp;nbsp; &amp;nbsp; &amp;nbsp; &amp;nbsp; &amp;nbsp; &amp;nbsp; &amp;nbsp; &amp;nbsp;2 4&lt;/p&gt;&#xD;
&#xD;
&lt;p&gt;2 4 6&amp;nbsp; &amp;nbsp; &amp;nbsp; &amp;nbsp; &amp;nbsp; &amp;nbsp; &amp;nbsp; &amp;nbsp; &amp;nbsp; &amp;nbsp; &amp;nbsp; &amp;nbsp; &amp;nbsp; &amp;nbsp; &amp;nbsp; &amp;nbsp; &amp;nbsp; &amp;nbsp; &amp;nbsp; &amp;nbsp; &amp;nbsp; &amp;nbsp; &amp;nbsp; &amp;nbsp; &amp;nbsp; &amp;nbsp; &amp;nbsp; &amp;nbsp; 2 4 6&lt;/p&gt;&#xD;
&#xD;
&lt;p&gt;2 4 6 *&amp;nbsp; &amp;nbsp; &amp;nbsp; &amp;nbsp; &amp;nbsp; &amp;nbsp; &amp;nbsp; &amp;nbsp; &amp;nbsp; &amp;nbsp; &amp;nbsp; &amp;nbsp; &amp;nbsp; &amp;nbsp; &amp;nbsp; &amp;nbsp; &amp;nbsp; &amp;nbsp; &amp;nbsp; &amp;nbsp; &amp;nbsp; &amp;nbsp; &amp;nbsp; &amp;nbsp; &amp;nbsp; &amp;nbsp; &amp;nbsp; 2 ( 4 * 6 )&amp;nbsp; &amp;nbsp;==&amp;gt;&amp;nbsp;2 24&lt;/p&gt;&#xD;
&#xD;
&lt;p&gt;2 4 6 * +&amp;nbsp; &amp;nbsp; &amp;nbsp; &amp;nbsp; &amp;nbsp; &amp;nbsp; &amp;nbsp; &amp;nbsp; &amp;nbsp; &amp;nbsp; &amp;nbsp; &amp;nbsp; &amp;nbsp; &amp;nbsp; &amp;nbsp; &amp;nbsp; &amp;nbsp; &amp;nbsp; &amp;nbsp; &amp;nbsp; &amp;nbsp; &amp;nbsp; &amp;nbsp; &amp;nbsp; &amp;nbsp; &amp;nbsp;( 2 + 24&amp;nbsp;)&amp;nbsp; &amp;nbsp;==&amp;gt; 26&lt;/p&gt;&#xD;
&#xD;
&lt;p&gt;2 4 6 * + 7&amp;nbsp; &amp;nbsp; &amp;nbsp; &amp;nbsp; &amp;nbsp; &amp;nbsp; &amp;nbsp; &amp;nbsp; &amp;nbsp; &amp;nbsp; &amp;nbsp; &amp;nbsp; &amp;nbsp; &amp;nbsp; &amp;nbsp; &amp;nbsp; &amp;nbsp; &amp;nbsp; &amp;nbsp; &amp;nbsp; &amp;nbsp; &amp;nbsp; &amp;nbsp; &amp;nbsp; 26 7&lt;/p&gt;&#xD;
&#xD;
&lt;p&gt;2 4 6 * + 7 5&amp;nbsp; &amp;nbsp; &amp;nbsp; &amp;nbsp; &amp;nbsp; &amp;nbsp; &amp;nbsp; &amp;nbsp; &amp;nbsp; &amp;nbsp; &amp;nbsp; &amp;nbsp; &amp;nbsp; &amp;nbsp; &amp;nbsp; &amp;nbsp; &amp;nbsp; &amp;nbsp; &amp;nbsp; &amp;nbsp; &amp;nbsp; &amp;nbsp; &amp;nbsp;26 7 5&lt;/p&gt;&#xD;
&#xD;
&lt;p&gt;2 4 6 * + 7 5 -&amp;nbsp; &amp;nbsp; &amp;nbsp; &amp;nbsp; &amp;nbsp; &amp;nbsp; &amp;nbsp; &amp;nbsp; &amp;nbsp; &amp;nbsp; &amp;nbsp; &amp;nbsp; &amp;nbsp; &amp;nbsp; &amp;nbsp; &amp;nbsp; &amp;nbsp; &amp;nbsp; &amp;nbsp; &amp;nbsp; &amp;nbsp; &amp;nbsp;26 ( 7 - 5 ) ==&amp;gt; 26 2&lt;/p&gt;&#xD;
&#xD;
&lt;p&gt;2 4 6 * + 7 5 - *&amp;nbsp; &amp;nbsp; &amp;nbsp; &amp;nbsp; &amp;nbsp; &amp;nbsp; &amp;nbsp; &amp;nbsp; &amp;nbsp; &amp;nbsp; &amp;nbsp; &amp;nbsp; &amp;nbsp; &amp;nbsp; &amp;nbsp; &amp;nbsp; &amp;nbsp; &amp;nbsp; &amp;nbsp; &amp;nbsp; &amp;nbsp;( 26 * 2 )&amp;nbsp; &amp;nbsp;==&amp;gt; 52&lt;/p&gt;&#xD;
&#xD;
&lt;p&gt;&#x6700;&#x7D42;&#x7B54;&#x6848; : 52&lt;/p&gt;</content>
  <attach></attach>
  <rcount></rcount>
  <rank></rank>
  <hit>47</hit>
  <lang>1</lang>
</data>
