<?xml version="1.0"?>
<data version="3.0" time="2024-07-19 08:50:18" type="post" filename="b000000016.xml">
  <open_time>0000-00-00</open_time>
  <close_time>0000-00-00</close_time>
  <lang_name>Big5</lang_name>
  <board_id>1001305435</board_id>
  <node>000000016</node>
  <site>1000110001</site>
  <pt>2023-10-30 18:42:00</pt>
  <poster>11120427</poster>
  <realname>&#x8521;&#x7D5C;&#x8335;  </realname>
  <email>anna0809123@gmail.com</email>
  <homepage>  </homepage>
  <subject>126. + * 2 4 6 * - 7 5&#x662F;&#x524D;&#x5E8F;&#x5F0F;&#x55CE;&#xFF1F;&#x70BA;&#x4EC0;&#x9EBC;&#xFF1F; </subject>
  <content>&lt;p&gt;+ * 2 4 6 * - 7 5 &#x4E0D;&#x662F;&#x524D;&#x5E8F;&#x5F0F;&lt;/p&gt;&#xD;
&#xD;
&lt;p&gt;&#x56E0;&#x70BA;&#xFF08;7-5)=2&lt;/p&gt;&#xD;
&#xD;
&lt;p&gt;&#x4E0B;&#x4E00;&#x6B65;&#x5C31;&#x6C92;&#x6709;&#x6578;&#x5B57;&#x8207;2&#x76F8;&#x4E58;&lt;/p&gt;&#xD;
&#xD;
&lt;p&gt;&#x6240;&#x4EE5;&#x4E26;&#x4E0D;&#x6B63;&#x78BA;&#x3002;&lt;/p&gt; </content>
  <attach></attach>
  <rcount></rcount>
  <rank></rank>
  <hit>15</hit>
  <lang>1</lang>
</data>
