<?xml version="1.0"?>
<data version="3.0" time="2024-07-19 08:50:18" type="post" filename="b000000004.xml">
  <open_time>0000-00-00</open_time>
  <close_time>0000-00-00</close_time>
  <lang_name>Big5</lang_name>
  <board_id>1001305435</board_id>
  <node>000000004</node>
  <site>1000110001</site>
  <pt>2023-10-23 00:59:56</pt>
  <poster>11127225</poster>
  <realname>&#x8CF4;&#x678B;&#x4F51;  </realname>
  <email>leolai325@gmail.com</email>
  <homepage> </homepage>
  <subject>130. &#x5BEB;Python&#x7A0B;&#x5F0F;&#x78BC;&#x5BE6;&#x73FE;&#x8FD1;&#x4F3C;C++ class&#x96B1;&#x85CF;&#x8CC7;&#x6599;&#x7684;&#x6548;&#x679C;&#xFF0C;&#x4E26;&#x6307;&#x51FA;&#x5DEE;&#x7570;&#x3002; </subject>
  <content>&lt;p&gt;Python&#x539F;&#x59CB;&#x78BC;:&lt;br /&gt;&#xD;
&amp;nbsp;&lt;/p&gt;&#xD;
&#xD;
&lt;p&gt;class Myclass:&lt;/p&gt;&#xD;
&#xD;
&lt;p&gt;&amp;nbsp; &amp;nbsp; public_member = 1&lt;/p&gt;&#xD;
&#xD;
&lt;p&gt;&amp;nbsp; &amp;nbsp; __private_member = 2&lt;/p&gt;&#xD;
&#xD;
&lt;p&gt;&amp;nbsp; &amp;nbsp; @classmethod&lt;/p&gt;&#xD;
&#xD;
&lt;p&gt;&amp;nbsp; &amp;nbsp; def private_member(self):&lt;/p&gt;&#xD;
&#xD;
&lt;p&gt;&amp;nbsp; &amp;nbsp; &amp;nbsp; &amp;nbsp; return self.__private_member&lt;/p&gt;&#xD;
&#xD;
&lt;p&gt;&amp;nbsp; &amp;nbsp;&lt;/p&gt;&#xD;
&#xD;
&lt;p&gt;try:&lt;/p&gt;&#xD;
&#xD;
&lt;p&gt;&amp;nbsp; &amp;nbsp; print(&amp;quot;Accessing public member&amp;quot;)&lt;/p&gt;&#xD;
&#xD;
&lt;p&gt;&amp;nbsp; &amp;nbsp; print(&amp;quot;The value of public member is&amp;quot;,Myclass.public_member)&lt;/p&gt;&#xD;
&#xD;
&lt;p&gt;except:&lt;/p&gt;&#xD;
&#xD;
&lt;p&gt;&amp;nbsp; &amp;nbsp; print(&amp;quot;Can&amp;#39;t access!&amp;quot;)&lt;/p&gt;&#xD;
&#xD;
&lt;p&gt;print()&lt;/p&gt;&#xD;
&#xD;
&lt;p&gt;try:&lt;/p&gt;&#xD;
&#xD;
&lt;p&gt;&amp;nbsp; &amp;nbsp; print(&amp;quot;Accessing private member directly&amp;quot;)&lt;/p&gt;&#xD;
&#xD;
&lt;p&gt;&amp;nbsp; &amp;nbsp; print(&amp;quot;The value of private member is&amp;quot;,Myclass.__private_member)&lt;/p&gt;&#xD;
&#xD;
&lt;p&gt;except:&lt;/p&gt;&#xD;
&#xD;
&lt;p&gt;&amp;nbsp; &amp;nbsp; print(&amp;quot;Can&amp;#39;t access!&amp;quot;)&lt;/p&gt;&#xD;
&#xD;
&lt;p&gt;print()&lt;/p&gt;&#xD;
&#xD;
&lt;p&gt;try:&lt;/p&gt;&#xD;
&#xD;
&lt;p&gt;&amp;nbsp; &amp;nbsp; print(&amp;quot;Accessing private member by classmethod&amp;quot;)&lt;/p&gt;&#xD;
&#xD;
&lt;p&gt;&amp;nbsp; &amp;nbsp; print(&amp;quot;The value of private member is&amp;quot;,Myclass.private_member())&lt;/p&gt;&#xD;
&#xD;
&lt;p&gt;except:&lt;/p&gt;&#xD;
&#xD;
&lt;p&gt;&amp;nbsp; &amp;nbsp; print(&amp;quot;Can&amp;#39;t access!&amp;quot;)&lt;/p&gt;&#xD;
&#xD;
&lt;p&gt;&#x8F38;&#x51FA;:&lt;br /&gt;&#xD;
Accessing public member&lt;br /&gt;&#xD;
The value of public member is 1&lt;/p&gt;&#xD;
&#xD;
&lt;p&gt;Accessing private member directly&lt;br /&gt;&#xD;
Can&amp;#39;t access!&lt;/p&gt;&#xD;
&#xD;
&lt;p&gt;Accessing private member by classmethod&lt;br /&gt;&#xD;
The value of private member is 2&lt;/p&gt;&#xD;
&#xD;
&lt;p&gt;&#x8207;C++&#x7684;&#x5DEE;&#x7570;:&lt;/p&gt;&#xD;
&#xD;
&lt;p&gt;Python&#x672C;&#x8EAB;&#x6C92;&#x6709;&#x56B4;&#x8B39;&#x5B9A;&#x7FA9;&#x7684;private&#x4FEE;&#x98FE;&#x8A5E;&#xFF0C;&#x53EA;&#x80FD;&#x4F7F;&#x7528;name mangling&#x7684;&#x65B9;&#x6CD5;&#x5728;&#x524D;&#x9762;&#x52A0;&#x4E0A;&#x96D9;&#x5E95;&#x7DDA;&#x4F86;&#x9054;&#x6210;&#x985E;&#x4F3C;&#x7684;&#x6548;&#x679C;&lt;/p&gt;&#xD;
&#xD;
&lt;p&gt;&#x9019;&#x76F4;&#x63A5;&#x5C0E;&#x81F4;&#x4E86;Python&#x4E2D;&#x8981;&#x96B1;&#x85CF;&#x8CC7;&#x6599;&#x7684;&#x8A71;&#xFF0C;&#x8B8A;&#x6578;&#x540D;&#x7A31;&#x6703;&#x88AB;&#x9650;&#x5236;&#x4E00;&#x5B9A;&#x8981;&#x7528;&#x96D9;&#x5E95;&#x7DDA;&#x958B;&#x982D;&lt;/p&gt;&#xD;
&#xD;
&lt;p&gt;&#x800C;C++&#x5247;&#x53EA;&#x9700;&#x8981;&#x5728;&#x8B8A;&#x6578;&#x5BA3;&#x544A;&#x524D;&#x4E00;&#x884C;&#x52A0;&#x4E0A;private:&#x5C31;&#x597D;&lt;/p&gt;</content>
  <attach></attach>
  <rcount></rcount>
  <rank></rank>
  <hit>29</hit>
  <lang>1</lang>
</data>
