<?xml version="1.0"?>
<data version="3.0" time="2024-07-19 08:50:18" type="post" filename="b000000004000000001.xml">
  <open_time>0000-00-00</open_time>
  <close_time>0000-00-00</close_time>
  <lang_name>Big5</lang_name>
  <board_id>1001305435</board_id>
  <node>000000004000000001</node>
  <site>1000110001</site>
  <pt>2023-11-28 21:53:02</pt>
  <poster>11813</poster>
  <realname>&#x5433;&#x5B9C;&#x9D3B;  </realname>
  <email>yhwu@cycu.edu.tw</email>
  <homepage>https://www.researchgate.net/profile/Yi-Hung-Wu-2  </homepage>
  <subject>Re: 130. &#x5BEB;Python&#x7A0B;&#x5F0F;&#x78BC;&#x5BE6;&#x73FE;&#x8FD1;&#x4F3C;C++ class&#x96B1;&#x85CF;&#x8CC7;&#x6599;&#x7684;&#x6548;&#x679C;&#xFF0C;&#x4E26;&#x6307;&#x51FA;&#x5DEE;&#x7570;&#x3002;  </subject>
  <content>&lt;p&gt;&lt;span style="color:#0000cd"&gt;Excellent!&lt;/span&gt;&lt;/p&gt;&#xD;
&#xD;
&lt;p&gt;&#x5BEB;&#x5F97;&#x4E0D;&#x932F;&#x7684;&lt;a href="https://aji.tw/2017/06/python%E4%BD%A0%E5%88%B0%E5%BA%95%E6%98%AF%E5%9C%A8__%E5%BA%95%E7%B7%9A__%E4%BB%80%E9%BA%BC%E5%95%A6/" target="_blank"&gt;&#x53C3;&#x8003;&lt;/a&gt;&lt;/p&gt;&#xD;
&#xD;
&lt;p&gt;&#x5176;&#x4ED6;&#x8209;&#x4F8B;&#x7684;&lt;a href="https://medium.com/python-language/python-tricks-%E5%BA%95%E7%B7%9A%E5%AE%B6%E6%97%8F%E7%9A%84%E7%A7%98%E5%AF%86-d84a2ce9cde6" target="_blank"&gt;&#x53C3;&#x8003;&lt;/a&gt;&lt;/p&gt; </content>
  <attach></attach>
  <rcount></rcount>
  <rank></rank>
  <hit>1</hit>
  <lang>1</lang>
</data>
