<?xml version="1.0"?>
<data version="3.0" time="2024-07-19 08:50:18" type="post" filename="b000000002.xml">
  <open_time>0000-00-00</open_time>
  <close_time>0000-00-00</close_time>
  <lang_name>Big5</lang_name>
  <board_id>1001305435</board_id>
  <node>000000002</node>
  <site>1000110001</site>
  <pt>2023-10-22 15:38:42</pt>
  <poster>11127229</poster>
  <realname>&#x5ED6;&#x7FCA;&#x5D34;  </realname>
  <email>willy.liao921118@gmail.com</email>
  <homepage> </homepage>
  <subject>127. &#x5BEB;C++&#x7A0B;&#x5F0F;&#x78BC;&#x4ECB;&#x7D39;&#x4E00;&#x7D44;&#x8B80;&#x6A94;&#x548C;&#x5BEB;&#x6A94;&#x7684;&#x6307;&#x4EE4;&#xFF0C;&#x9808;&#x80FD;&#x6210;&#x529F;&#x7DE8;&#x8B6F;&#x57F7;&#x884C;&#x3002; </subject>
  <content>&lt;p&gt;# include &amp;lt;iostream&amp;gt;&lt;/p&gt;&#xD;
&#xD;
&lt;p&gt;# include &amp;lt;fstream&amp;gt;&lt;/p&gt;&#xD;
&#xD;
&lt;p&gt;# include &amp;lt;string&amp;gt;&lt;/p&gt;&#xD;
&#xD;
&lt;p&gt;using namespace std ;&lt;/p&gt;&#xD;
&#xD;
&lt;p&gt;&amp;nbsp;&amp;nbsp;&lt;/p&gt;&#xD;
&#xD;
&lt;p&gt;int main( ) {&lt;/p&gt;&#xD;
&#xD;
&lt;p&gt;&amp;nbsp; &amp;nbsp; &amp;nbsp; &amp;nbsp; string file_name ;&lt;/p&gt;&#xD;
&#xD;
&lt;p&gt;&amp;nbsp; &amp;nbsp; &amp;nbsp; &amp;nbsp;cout &amp;lt;&amp;lt; &amp;quot;Enter a file name: &amp;quot; ;&lt;/p&gt;&#xD;
&#xD;
&lt;p&gt;&amp;nbsp; &amp;nbsp; &amp;nbsp; &amp;nbsp;cin &amp;gt;&amp;gt; file_name ;&lt;/p&gt;&#xD;
&#xD;
&lt;p&gt;&amp;nbsp; &amp;nbsp; &amp;nbsp; &amp;nbsp;file_name = file_name + &amp;quot;.txt&amp;quot; ;&lt;/p&gt;&#xD;
&#xD;
&lt;p&gt;&amp;nbsp; &amp;nbsp; &amp;nbsp; &amp;nbsp;ifstream input_file( file_name ) ;&lt;/p&gt;&#xD;
&#xD;
&lt;p&gt;&amp;nbsp; &amp;nbsp; &amp;nbsp; &amp;nbsp;ofstream output_file( &amp;quot;output.txt&amp;quot; ) ;&lt;/p&gt;&#xD;
&#xD;
&lt;p&gt;&amp;nbsp; &amp;nbsp; &amp;nbsp; &amp;nbsp;if ( input_file.is_open( ) &amp;amp;&amp;amp; output_file.is_open( ) ) {&lt;/p&gt;&#xD;
&#xD;
&lt;p&gt;&amp;nbsp; &amp;nbsp; &amp;nbsp; &amp;nbsp; &amp;nbsp; &amp;nbsp; &amp;nbsp; &amp;nbsp;string line ;&lt;/p&gt;&#xD;
&#xD;
&lt;p&gt;&amp;nbsp; &amp;nbsp; &amp;nbsp; &amp;nbsp; &amp;nbsp; &amp;nbsp; &amp;nbsp; &amp;nbsp;while ( getline( input_file, line ) ) {&lt;/p&gt;&#xD;
&#xD;
&lt;p&gt;&amp;nbsp; &amp;nbsp; &amp;nbsp; &amp;nbsp; &amp;nbsp; &amp;nbsp; &amp;nbsp; &amp;nbsp; &amp;nbsp; &amp;nbsp; &amp;nbsp; &amp;nbsp;output_file &amp;lt;&amp;lt; line &amp;lt;&amp;lt; endl ;&lt;/p&gt;&#xD;
&#xD;
&lt;p&gt;&amp;nbsp; &amp;nbsp; &amp;nbsp; &amp;nbsp; &amp;nbsp; &amp;nbsp; &amp;nbsp; &amp;nbsp;} &amp;nbsp;// while&lt;/p&gt;&#xD;
&#xD;
&lt;p&gt;&amp;nbsp;&amp;nbsp;&lt;/p&gt;&#xD;
&#xD;
&lt;p&gt;&amp;nbsp; &amp;nbsp; &amp;nbsp; &amp;nbsp; &amp;nbsp; &amp;nbsp; &amp;nbsp; &amp;nbsp;cout &amp;lt;&amp;lt; &amp;quot;File successfully read and written.&amp;quot; &amp;lt;&amp;lt; endl ;&lt;/p&gt;&#xD;
&#xD;
&lt;p&gt;&amp;nbsp; &amp;nbsp; &amp;nbsp; &amp;nbsp; &amp;nbsp; &amp;nbsp; &amp;nbsp; &amp;nbsp;input_file.close( ) ;&lt;/p&gt;&#xD;
&#xD;
&lt;p&gt;&amp;nbsp; &amp;nbsp; &amp;nbsp; &amp;nbsp; &amp;nbsp; &amp;nbsp; &amp;nbsp; &amp;nbsp;output_file.close( ) ;&lt;/p&gt;&#xD;
&#xD;
&lt;p&gt;&amp;nbsp; &amp;nbsp; &amp;nbsp; &amp;nbsp;} &amp;nbsp;// if&lt;/p&gt;&#xD;
&#xD;
&lt;p&gt;&amp;nbsp; &amp;nbsp; &amp;nbsp; &amp;nbsp;else {&lt;/p&gt;&#xD;
&#xD;
&lt;p&gt;&amp;nbsp; &amp;nbsp; &amp;nbsp; &amp;nbsp; &amp;nbsp; &amp;nbsp; &amp;nbsp; &amp;nbsp;cout &amp;lt;&amp;lt; &amp;quot;Unable to open file.&amp;quot; &amp;lt;&amp;lt; endl ;&lt;/p&gt;&#xD;
&#xD;
&lt;p&gt;&amp;nbsp; &amp;nbsp; &amp;nbsp; &amp;nbsp;} &amp;nbsp;// else&lt;/p&gt;&#xD;
&#xD;
&lt;p&gt;&amp;nbsp;&amp;nbsp;&lt;/p&gt;&#xD;
&#xD;
&lt;p&gt;&amp;nbsp; &amp;nbsp; &amp;nbsp; &amp;nbsp;return 0 ;&lt;/p&gt;&#xD;
&#xD;
&lt;p&gt;} &amp;nbsp;// main&lt;/p&gt;</content>
  <attach></attach>
  <rcount></rcount>
  <rank></rank>
  <hit>29</hit>
  <lang>1</lang>
</data>
