<?xml version="1.0"?>
<data version="3.0" time="2024-07-19 08:50:18" type="post" filename="b000000001.xml">
  <open_time>0000-00-00</open_time>
  <close_time>0000-00-00</close_time>
  <lang_name>Big5</lang_name>
  <board_id>1001305435</board_id>
  <node>000000001</node>
  <site>1000110001</site>
  <pt>2023-10-22 10:00:02</pt>
  <poster>11127205</poster>
  <realname>&#x5C48;&#x6021;&#x5B89;  </realname>
  <email>chieu2025@gmail.com</email>
  <homepage>  </homepage>
  <subject>126. + * 2 4 6 * - 7 5&#x662F;&#x524D;&#x5E8F;&#x5F0F;&#x55CE;&#xFF1F;&#x70BA;&#x4EC0;&#x9EBC;&#xFF1F; </subject>
  <content>&lt;p&gt;&lt;span style="font-family:Arial,Helvetica,sans-serif"&gt;&#x4E0D;&#x662F;&#xFF0C;&#x524D;&#x5E8F;&#x5F0F;&#x8981;&#x7531;&#x53F3;&#x5F80;&#x5DE6;&#x770B;&#xFF0C;&#x6B65;&#x9A5F;&#x70BA;&#x4E0B; :&lt;/span&gt;&lt;/p&gt;&#xD;
&#xD;
&lt;p&gt;&lt;span style="font-family:Arial,Helvetica,sans-serif"&gt;+&amp;nbsp; *&amp;nbsp; 2&amp;nbsp; 4&amp;nbsp; 6&amp;nbsp; *&amp;nbsp; -&amp;nbsp; 7&amp;nbsp; 5&amp;nbsp;&amp;nbsp;&lt;/span&gt;&lt;/p&gt;&#xD;
&#xD;
&lt;p&gt;&lt;span style="font-family:Arial,Helvetica,sans-serif"&gt;+&amp;nbsp; *&amp;nbsp; 2&amp;nbsp; 4&amp;nbsp; 6&amp;nbsp; *&amp;nbsp; 2&amp;nbsp; __&amp;nbsp;&amp;nbsp;&amp;nbsp;&amp;nbsp;&amp;nbsp;&amp;nbsp;&amp;nbsp;&lt;/span&gt;&lt;/p&gt;&#xD;
&#xD;
&lt;p&gt;&lt;span style="font-family:Arial,Helvetica,sans-serif"&gt;&#x5230;&#x7B2C;&#x4E8C;&#x6B65;&#x5C31;&#x6703;&#x767C;&#x73FE;&#x5E95;&#x7DDA;&#x8655;&#x5C11;&#x4E00;&#x500B;&#x904B;&#x7B97;&#x5143;&#xFF0C;&#x56E0;&#x6B64;&#x4E0D;&#x662F;&#x524D;&#x5E8F;&#x5F0F;&lt;/span&gt;&lt;/p&gt;&#xD;
&#xD;
&lt;p&gt;&lt;span style="font-family:Arial,Helvetica,sans-serif"&gt;&#x82E5;&#x628A;2, 4, 6&#x5176;&#x4E2D;&#x4E00;&#x500B;&#x6578;&#x5B57;&#x5F80;&#x5F8C;&#x79FB;&#xFF0C;&#x5C31;&#x6703;&#x8B8A;&#x70BA;&#x5408;&#x7406;&#x7684;&#x524D;&#x5E8F;&#x5F0F;&#xFF0C;&#x4F8B;&#x5982; :&lt;/span&gt;&lt;/p&gt;&#xD;
&#xD;
&lt;p&gt;&lt;span style="font-family:Arial,Helvetica,sans-serif"&gt;+&amp;nbsp; *&amp;nbsp;&amp;nbsp;2&amp;nbsp; 4&amp;nbsp; *&amp;nbsp; -&amp;nbsp; 7&amp;nbsp; 5&amp;nbsp; 6&amp;nbsp; &amp;nbsp;&lt;/span&gt;&lt;/p&gt;&#xD;
&#xD;
&lt;p&gt;&lt;span style="font-family:Arial,Helvetica,sans-serif"&gt;+&amp;nbsp; *&amp;nbsp; 2&amp;nbsp; 4&amp;nbsp; *&amp;nbsp; 2&amp;nbsp; 6&amp;nbsp;&amp;nbsp;&amp;nbsp;&amp;nbsp; &amp;nbsp;&lt;/span&gt;&lt;/p&gt;&#xD;
&#xD;
&lt;p&gt;&lt;span style="font-family:Arial,Helvetica,sans-serif"&gt;+&amp;nbsp; *&amp;nbsp; 2&amp;nbsp; 4&amp;nbsp; 12&amp;nbsp; &amp;nbsp;&lt;/span&gt;&lt;/p&gt;&#xD;
&#xD;
&lt;p&gt;&lt;span style="font-family:Arial,Helvetica,sans-serif"&gt;+&amp;nbsp; 8&amp;nbsp; 12&amp;nbsp; &amp;nbsp;= 20&lt;/span&gt;&lt;/p&gt; </content>
  <attach></attach>
  <rcount></rcount>
  <rank></rank>
  <hit>50</hit>
  <lang>1</lang>
</data>
