<?xml version="1.0"?>
<data version="3.0" time="2024-07-19 08:50:18" type="post" filename="b000000008000000001.xml">
  <open_time>0000-00-00</open_time>
  <close_time>0000-00-00</close_time>
  <lang_name>Big5</lang_name>
  <board_id>1001305435</board_id>
  <node>000000008000000001</node>
  <site>1000110001</site>
  <pt>2023-10-25 20:58:50</pt>
  <poster>11127232</poster>
  <realname>&#x6797;&#x923A;&#x5BB8;  </realname>
  <email>sam179851@gmail.com</email>
  <homepage>  </homepage>
  <subject>Re: 126. + * 2 4 6 * - 7 5&#x662F;&#x524D;&#x5E8F;&#x5F0F;&#x55CE;&#xFF1F;&#x70BA;&#x4EC0;&#x9EBC;&#xFF1F;  </subject>
  <content>&lt;p&gt;&#x5F88;&#x5B8C;&#x6574;&#x6B38;&amp;gt;:D&lt;/p&gt; </content>
  <attach></attach>
  <rcount></rcount>
  <rank></rank>
  <hit>1</hit>
  <lang>1</lang>
</data>
