<?xml version="1.0"?>
<data version="3.0" time="2024-07-19 08:50:18" type="post" filename="b000000011.xml">
  <open_time>0000-00-00</open_time>
  <close_time>0000-00-00</close_time>
  <lang_name>Big5</lang_name>
  <board_id>1001305435</board_id>
  <node>000000011</node>
  <site>1000110001</site>
  <pt>2023-10-25 21:10:09</pt>
  <poster>11127232</poster>
  <realname>&#x6797;&#x923A;&#x5BB8;  </realname>
  <email>sam179851@gmail.com</email>
  <homepage>  </homepage>
  <subject>126. + * 2 4 6 * - 7 5&#x662F;&#x524D;&#x5E8F;&#x5F0F;&#x55CE;&#xFF1F;&#x70BA;&#x4EC0;&#x9EBC;&#xFF1F; </subject>
  <content>&lt;p&gt;&#x6839;&#x64DA;&#x524D;&#x5E8F;&#x5F0F;&#x7684;&#x6587;&#x6CD5;&#x5B9A;&#x7FA9;:&lt;/p&gt;&#xD;
&#xD;
&lt;p&gt;&amp;lt;prefix&amp;gt; = &amp;lt;operand&amp;gt;&amp;nbsp;| &amp;lt;operator&amp;gt; &amp;lt;prefix&amp;gt; &amp;lt;prefix&amp;gt;&lt;/p&gt;&#xD;
&#xD;
&lt;p&gt;&amp;lt;operand&amp;gt; = 0 | 1 | 2 | ... | 9&amp;nbsp;&lt;/p&gt;&#xD;
&#xD;
&lt;p&gt;&amp;lt;operator&amp;gt; = + | - | * | /&amp;nbsp;&amp;nbsp;&lt;/p&gt;&#xD;
&#xD;
&lt;p&gt;&#x6240;&#x4EE5;&#x7576;E&#x70BA;&#x4E00;&#x500B;&#x5408;&#x6CD5;&#x7684;&#x524D;&#x5E8F;&#x5F0F;&#xFF0C;Y&#x4E0D;&#x662F;&#x7A7A;&#x5B57;&#x4E32;&#xFF0C;EY = &amp;lt;prefix&amp;gt;Y&#xFF0C;&#x4E0D;&#x53EF;&#x80FD;&#x7B26;&#x5408;&#x4E0A;&#x8FF0;&#x6587;&#x6CD5;&#x5B9A;&#x7FA9;&#xFF0C;&#x5FC5;&#x4E0D;&#x70BA;&#x524D;&#x5E8F;&#x3002;&lt;/p&gt;&#xD;
&#xD;
&lt;p&gt;&#x81EA;&#x5DE6;&#x800C;&#x53F3;&#x4F5C;&#x904B;&#x7B97;&#x53EF;&#x5F97;&#x77E5;+*246 &#x5DF2;&#x70BA;&#x4E00;&#x5408;&#x6CD5;&#x524D;&#x5E8F;&#x5F0F;&#xFF0C;&#x4F46;Y&#x4E0D;&#x70BA;&#x7A7A;&#x5B57;&#x4E32; -&amp;gt; &#x5F97;&#x8B49;+ * 2 4 6 * - 7 5&#x4E0D;&#x70BA;&#x5408;&#x6CD5;&#x524D;&#x5E8F;&#x5F0F;&lt;/p&gt; </content>
  <attach></attach>
  <rcount></rcount>
  <rank></rank>
  <hit>25</hit>
  <lang>1</lang>
</data>
