<?xml version="1.0"?>
<data version="3.0" time="2024-07-19 08:50:18" type="post" filename="b000000002000000001.xml">
  <open_time>0000-00-00</open_time>
  <close_time>0000-00-00</close_time>
  <lang_name>Big5</lang_name>
  <board_id>1001305435</board_id>
  <node>000000002000000001</node>
  <site>1000110001</site>
  <pt>2023-11-28 21:43:54</pt>
  <poster>11813</poster>
  <realname>&#x5433;&#x5B9C;&#x9D3B;  </realname>
  <email>yhwu@cycu.edu.tw</email>
  <homepage>https://www.researchgate.net/profile/Yi-Hung-Wu-2 </homepage>
  <subject>Re: 127. &#x5BEB;C++&#x7A0B;&#x5F0F;&#x78BC;&#x4ECB;&#x7D39;&#x4E00;&#x7D44;&#x8B80;&#x6A94;&#x548C;&#x5BEB;&#x6A94;&#x7684;&#x6307;&#x4EE4;&#xFF0C;&#x9808;&#x80FD;&#x6210;&#x529F;&#x7DE8;&#x8B6F;&#x57F7;&#x884C;&#x3002;  </subject>
  <content>&lt;p&gt;&lt;span style="color:#b22222"&gt;&#x4ECB;&#x7D39;&#xFF1F;not just code...&lt;/span&gt;&lt;/p&gt;</content>
  <attach></attach>
  <rcount></rcount>
  <rank></rank>
  <hit>2</hit>
  <lang>1</lang>
</data>
