<?xml version="1.0"?>
<data version="3.0" time="2024-07-19 08:50:18" type="post" filename="b000000010.xml">
  <open_time>0000-00-00</open_time>
  <close_time>0000-00-00</close_time>
  <lang_name>Big5</lang_name>
  <board_id>1001305435</board_id>
  <node>000000010</node>
  <site>1000110001</site>
  <pt>2023-10-25 21:06:29</pt>
  <poster>11127239</poster>
  <realname>&#x9673;&#x6620;&#x9293;  </realname>
  <email>edan0727@gmail.com</email>
  <homepage>  </homepage>
  <subject>126. + * 2 4 6 * - 7 5&#x662F;&#x524D;&#x5E8F;&#x5F0F;&#x55CE;&#xFF1F;&#x70BA;&#x4EC0;&#x9EBC;&#xFF1F; </subject>
  <content>&lt;p&gt;&#x524D;&#x5E8F;&#x662F;&#x7531;&#x5F8C;&#x9762;&#x5F80;&#x524D;&#x7B97;&#xFF0C;&#x56E0;&#x6B64;&#x6D41;&#x7A0B;&#x53EF;&#x4EE5;&#x9577;&#x9019;&#x6A23;&lt;/p&gt;&#xD;
&#xD;
&lt;p&gt;&lt;span style="color:#0000ff"&gt;(1)&lt;/span&gt;&amp;nbsp; + * 2 4 6 * - &lt;span style="background-color:#add8e6"&gt;7 5&lt;/span&gt;&lt;/p&gt;&#xD;
&#xD;
&lt;p&gt;&lt;span style="color:#0000ff"&gt;(2)&lt;/span&gt;&amp;nbsp; + * 2 4 6 * &lt;span style="background-color:#add8e6"&gt;2&lt;/span&gt;&lt;/p&gt;&#xD;
&#xD;
&lt;p&gt;&#x5728;&#x505A;&#x7B2C;&#x4E09;&#x4E0D;&#x6642;&#x6703;&#x767C;&#x751F;&#x932F;&#x8AA4;&#xFF0C;&lt;/p&gt;&#xD;
&#xD;
&lt;p&gt;&#x56E0;&#x70BA; 2 &#x5F8C;&#x9762;&#x61C9;&#x8A72;&#x9084;&#x8981;&lt;span style="background-color:#d3d3d3"&gt;&#x518D;&#x4E00;&#x500B;&#x6578;&#x5B57;&lt;/span&gt;&#x8DDF;2&#x505A;&#x76F8;&#x4E58;&#x7684;&#x52D5;&#x4F5C;&#x3002;&lt;/p&gt;&#xD;
&#xD;
&lt;p&gt;&#x7531;&#x6B64;&#x5F97;&#x77E5;&#xFF0C;&#x6B64;&lt;span style="background-color:#dda0dd"&gt;&#x4E0D;&#x70BA;&#x524D;&#x5E8F;&lt;/span&gt;&#x3002;&lt;/p&gt; </content>
  <attach></attach>
  <rcount></rcount>
  <rank></rank>
  <hit>49</hit>
  <lang>1</lang>
</data>
