<?xml version="1.0"?>
<data version="3.0" time="2024-07-19 08:50:18" type="post" filename="b000000017.xml">
  <open_time>0000-00-00</open_time>
  <close_time>0000-00-00</close_time>
  <lang_name>Big5</lang_name>
  <board_id>1001305435</board_id>
  <node>000000017</node>
  <site>1000110001</site>
  <pt>2023-11-01 20:30:45</pt>
  <poster>10911110</poster>
  <realname>&#x6C5F;&#x4F91;&#x502B;  </realname>
  <email>acth11256@gmail.com</email>
  <homepage>  </homepage>
  <subject>126. + * 2 4 6 * - 7 5&#x662F;&#x524D;&#x5E8F;&#x5F0F;&#x55CE;&#xFF1F;&#x70BA;&#x4EC0;&#x9EBC;&#xFF1F; </subject>
  <content>&lt;p&gt;126. + * 2 4 6 * - 7 5&#x662F;&#x524D;&#x5E8F;&#x5F0F;&#x55CE;&#xFF1F;&#x70BA;&#x4EC0;&#x9EBC;&#xFF1F;&lt;/p&gt;&#xD;
&#xD;
&lt;p&gt;&#x524D;&#x5E8F;&#x5F0F;&#x7531;&#x53F3;&#x5F80;&#x5DE6;&#x505A;&#x8A08;&#x7B97;&lt;/p&gt;&#xD;
&#xD;
&lt;p&gt;&#x56E0;&#x6B64;&#x539F;&#x5F0F; + * 2 4 6 * &lt;u&gt;&lt;span style="background-color:#00ffff"&gt;- 7 5&lt;/span&gt;&lt;/u&gt;&lt;span style="background-color:#00ffff"&gt;&amp;nbsp;&lt;/span&gt; &#x5148;&#x5F9E;-75&#x958B;&#x59CB;&#x8A08;&#x7B97;&lt;/p&gt;&#xD;
&#xD;
&lt;p&gt;=&amp;nbsp;+ * 2 4 6 &lt;u&gt;&lt;span style="background-color:#00ffff"&gt;* 2&amp;nbsp;&lt;/span&gt;&lt;/u&gt;&amp;nbsp; &#x63A5;&#x8457;&#x7B97;*2&#xFF0C;&#x4F46;&#x6B64;&#x6642;*2&#x6C92;&#x6709;&#x5176;&#x4ED6;&#x7684;&#x6578;&#x5B57;&#x53EF;&#x4EE5;&#x8A08;&#x7B97;&#xFF0C;&#x4E0D;&#x7B26;&#x5408;&#x524D;&#x5E8F;&#x5F0F;&#x904B;&#x7B97;&lt;/p&gt;&#xD;
&#xD;
&lt;p&gt;&#x56E0;&#x6B64; + * 2 4 6 * - 7 5 &#x4E26;&#x4E0D;&#x662F;&#x524D;&#x5E8F;&#x5F0F;&#x3002;&lt;/p&gt; </content>
  <attach></attach>
  <rcount></rcount>
  <rank></rank>
  <hit>5</hit>
  <lang>1</lang>
</data>
