<?xml version="1.0"?>
<data version="3.0" time="2024-07-19 08:50:18" type="post" filename="b000000008.xml">
  <open_time>0000-00-00</open_time>
  <close_time>0000-00-00</close_time>
  <lang_name>Big5</lang_name>
  <board_id>1001305435</board_id>
  <node>000000008</node>
  <site>1000110001</site>
  <pt>2023-10-25 15:02:23</pt>
  <poster>11127254</poster>
  <realname>&#x9673;&#x5CB3;&#x5D07;  </realname>
  <email>yoyo930311yoyo@gmail.com</email>
  <homepage>  </homepage>
  <subject>126. + * 2 4 6 * - 7 5&#x662F;&#x524D;&#x5E8F;&#x5F0F;&#x55CE;&#xFF1F;&#x70BA;&#x4EC0;&#x9EBC;&#xFF1F; </subject>
  <content>&lt;p&gt;&#x904B;&#x7B97;&#x5F0F;: + * 2 4 6 * - 7 5&#x662F;&#x524D;&#x5E8F;&#x5F0F;&#x55CE;&#xFF1F;&#x70BA;&#x4EC0;&#x9EBC;&#xFF1F;&lt;/p&gt;&#xD;
&#xD;
&lt;p&gt;&#x539F;&#x5F0F;: +(&lt;u&gt;* 2 4&lt;/u&gt;) 6 * - 7 5&amp;nbsp;&amp;nbsp;&amp;nbsp;&amp;nbsp;&amp;nbsp;(&lt;u&gt;* 2 4&lt;/u&gt;) &#x70BA;&#x524D;&#x5E8F;&#x5F0F;&#x5C07;&#x4ED6;&#x8996;&#x70BA;&#x4E00;&#x500B;&#x8B8A;&#x6578;a&lt;/p&gt;&#xD;
&#xD;
&lt;p&gt;=&amp;gt; (&lt;u&gt;+ a 6&lt;/u&gt;) * - 7 5&amp;nbsp;&amp;nbsp;&amp;nbsp;&amp;nbsp;&amp;nbsp;&amp;nbsp;&amp;nbsp;&amp;nbsp;&amp;nbsp;&amp;nbsp;&amp;nbsp;&amp;nbsp;(&lt;u&gt;+ a 6&lt;/u&gt;) &#x70BA;&#x524D;&#x5E8F;&#x5F0F;&#x5C07;&#x4ED6;&#x8996;&#x70BA;&#x4E00;&#x500B;&#x8B8A;&#x6578;b&lt;/p&gt;&#xD;
&#xD;
&lt;p&gt;=&amp;gt; b * (&lt;u&gt;- 7 5&lt;/u&gt;)&amp;nbsp;&amp;nbsp;&amp;nbsp;&amp;nbsp;&amp;nbsp;&amp;nbsp;&amp;nbsp;&amp;nbsp;&amp;nbsp;&amp;nbsp;&amp;nbsp;&amp;nbsp;&amp;nbsp;&amp;nbsp;&amp;nbsp;&amp;nbsp;&amp;nbsp;&amp;nbsp;(&lt;u&gt;- 7 5&lt;/u&gt;)&amp;nbsp;&#x70BA;&#x524D;&#x5E8F;&#x5F0F;&#x5C07;&#x4ED6;&#x8996;&#x70BA;&#x4E00;&#x500B;&#x8B8A;&#x6578;c&lt;/p&gt;&#xD;
&#xD;
&lt;p&gt;=&amp;gt; b * c&amp;nbsp;&amp;nbsp;&#x4E0D;&#x70BA;&#x524D;&#x5E8F;&#x5F0F;&lt;/p&gt;&#xD;
&#xD;
&lt;p&gt;&#x56E0;&#x6B64;:&amp;nbsp;&lt;strong&gt;+ * 2 4 6 * - 7 5 &#x4E0D;&#x70BA;&#x524D;&#x5E8F;&#x5F0F;&lt;/strong&gt;&lt;/p&gt;&#xD;
&#xD;
&lt;p&gt;&#x539F;&#x5F0F;: + * 2 4 6 * - 7 5 &#xFF0C;&#x82E5;&#x5C07;&#x4E2D;&#x9593;&#x7684;&amp;nbsp;*&amp;nbsp;&#x63D0;&#x5230;&#x6700;&#x524D;&#x9762;&#x6539;&#x6210;=&amp;gt; * + * 2 4 6&amp;nbsp;- 7 5 &#x5247;&#x70BA;&#x5408;&#x6CD5;&#x524D;&#x5E8F;&#x5F0F;&lt;/p&gt; </content>
  <attach></attach>
  <rcount></rcount>
  <rank></rank>
  <hit>31</hit>
  <lang>1</lang>
</data>
