<?xml version="1.0"?>
<data version="3.0" time="2024-07-19 08:50:18" type="post" filename="b000000015.xml">
  <open_time>0000-00-00</open_time>
  <close_time>0000-00-00</close_time>
  <lang_name>Big5</lang_name>
  <board_id>1001305435</board_id>
  <node>000000015</node>
  <site>1000110001</site>
  <pt>2023-10-28 17:24:34</pt>
  <poster>11120406</poster>
  <realname>&#x8B1D;&#x5BB8;&#x6069;  </realname>
  <email>allen24004828@gmail.com</email>
  <homepage>  </homepage>
  <subject>126.+ * 2 4 6 * - 7 5&#x662F;&#x524D;&#x5E8F;&#x5F0F;&#x55CE;?&#x70BA;&#x4EC0;&#x9EBC;? </subject>
  <content>&lt;p&gt;+ * 2 4 6 * - 7 5&#x4E0D;&#x662F;&#x524D;&#x5E8F;&#x5F0F;,&#x524D;&#x5E8F;&#x5F0F;&#x5FC5;&#x9808;&#x5C07;&#x904B;&#x7B97;&#x5B50;&#x653E;&#x5728;&#x524D;&#x65B9;&#x3002;&lt;/p&gt;&#xD;
&#xD;
&lt;p&gt;&#x4F8B;&#x5982;: 2+5&#x6B64;&#x4E2D;&#x5E8F;&#x5F0F;&#x82E5;&#x8F49;&#x70BA;&#x524D;&#x5E8F;&#x5F0F;&#x61C9;&#x70BA;&lt;/p&gt;&#xD;
&#xD;
&lt;p&gt;+ 2 5&lt;/p&gt;&#xD;
&#xD;
&lt;p&gt;&#x4E0A;&#x65B9;&#x7684;&#x7B97;&#x5F0F;&#x5230;&#x4E86;&amp;nbsp;+ * 2 4 6 * 2 &#x5C31;&#x5361;&#x4F4F;&#x4E86;&lt;/p&gt; </content>
  <attach></attach>
  <rcount></rcount>
  <rank></rank>
  <hit>10</hit>
  <lang>1</lang>
</data>
