<?xml version="1.0"?>
<data version="3.0" time="2024-07-19 08:50:18" type="post" filename="b000000012.xml">
  <open_time>0000-00-00</open_time>
  <close_time>0000-00-00</close_time>
  <lang_name>Big5</lang_name>
  <board_id>1001305435</board_id>
  <node>000000012</node>
  <site>1000110001</site>
  <pt>2023-10-26 00:29:13</pt>
  <poster>11127253</poster>
  <realname>&#x6797;&#x8A9E;&#x606C;  </realname>
  <email>a92100450615@gmail.com</email>
  <homepage>  </homepage>
  <subject>128. &#x5F8C;&#x5E8F;&#x5F0F;2 4 6 * + 7 5 - *&#x8981;&#x5982;&#x4F55;&#x900F;&#x904E;&#x5806;&#x758A;&#x6C42;&#x89E3;&#xFF1F;&#x8981;&#x5217;&#x51FA;&#x904E;&#x7A0B;&#x3002; </subject>
  <content>&lt;p&gt;&#x904D;&#x6B77;&#x5F8C;&#x5E8F;&#x5F0F;&#xFF0C;&#x9047;&#x5230;&#x6578;&#x5B57;&#x5B58;&#x9032;&#x5806;&#x758A;&#xFF0C;&#x9047;&#x5230;&#x904B;&#x7B97;&#x5B50;&#x628A;&#x5806;&#x758A;&#x4E2D;&#x7684;&#x5169;&#x500B;&#x6578;&#x5B57;&#x53D6;&#x51FA;&#x505A;&#x56DB;&#x5247;&#x904B;&#x7B97;&#x518D;&#x653E;&#x56DE;&lt;/p&gt;&#xD;
&#xD;
&lt;p&gt;1.&#x5806;&#x758A;&#x653E;&#x5165;2&lt;br /&gt;&#xD;
2.&#x5806;&#x758A;&#x653E;&#x5165;4&lt;br /&gt;&#xD;
3.&#x5806;&#x758A;&#x653E;&#x5165;6&lt;br /&gt;&#xD;
4.&#x9047;&#x5230;&#x904B;&#x7B97;&#x5B50;&amp;#39;*&amp;#39;:&#x5806;&#x758A;&#x53D6;&#x51FA;4,6&#x505A;:4*6 = 24&#xFF0C;&#x5806;&#x758A;&#x653E;&#x5165;24&lt;br /&gt;&#xD;
5.&#x9047;&#x5230;&#x904B;&#x7B97;&#x5B50;&amp;#39;+&amp;#39;:&#x5806;&#x758A;&#x53D6;&#x51FA;2,24&#x505A;:2+24 = 26&#xFF0C;&#x5806;&#x758A;&#x653E;&#x5165;26&lt;br /&gt;&#xD;
6.&#x5806;&#x758A;&#x653E;&#x5165;7&lt;br /&gt;&#xD;
7.&#x5806;&#x758A;&#x653E;&#x5165;5&lt;br /&gt;&#xD;
8.&#x9047;&#x5230;&#x904B;&#x7B97;&#x5B50;&amp;#39;-&amp;#39;:&#x5806;&#x758A;&#x53D6;&#x51FA;7,5&#x505A;:7-5 = 2&#xFF0C;&#x5806;&#x758A;&#x653E;&#x5165;2&lt;br /&gt;&#xD;
9.&#x9047;&#x5230;&#x904B;&#x7B97;&#x5B50;&amp;#39;*&amp;#39;:&#x5806;&#x758A;&#x53D6;&#x51FA;26,2&#x505A;:26*2 =52&#xFF0C;&#x5806;&#x758A;&#x653E;&#x5165;52&lt;/p&gt;&#xD;
&#xD;
&lt;p&gt;&#x5F8C;&#x5E8F;&#x5F0F;&#x904D;&#x6B77;&#x7D50;&#x675F;&#xFF0C;&#x7B54;&#x6848;&#x70BA;52&lt;/p&gt; </content>
  <attach></attach>
  <rcount></rcount>
  <rank></rank>
  <hit>15</hit>
  <lang>1</lang>
</data>
