<?xml version="1.0"?>
<data version="3.0" time="2024-07-19 08:50:18" type="post" filename="b000000014.xml">
  <open_time>0000-00-00</open_time>
  <close_time>0000-00-00</close_time>
  <lang_name>Big5</lang_name>
  <board_id>1001305435</board_id>
  <node>000000014</node>
  <site>1000110001</site>
  <pt>2023-10-28 08:46:44</pt>
  <poster>11127228</poster>
  <realname>&#x5468;&#x7FA9;&#x5EAD;  </realname>
  <email>qaz20031211@gmail.com</email>
  <homepage> </homepage>
  <subject>126.+ * 2 4 6 * - 7 5&#x662F;&#x524D;&#x5E8F;&#x5F0F;&#x55CE;&#xFF1F;&#x70BA;&#x4EC0;&#x9EBC;&#xFF1F; </subject>
  <content>&lt;p&gt;&#x4E0D;&#x662F;&lt;/p&gt;&#xD;
&#xD;
&lt;p&gt;&#x524D;&#x5E8F;&#x8868;&#x793A;&#x6CD5;&#x662F;&#x5C07;&#x904B;&#x7B97;&#x5B50;&#x653E;&#x5230;&#x6240;&#x6709;&#x904B;&#x7B97;&#x5143;&#x4E4B;&#x524D;&#x7684;&#x8868;&#x793A;&#x6CD5;&#xFF0C;&#x683C;&#x5F0F;&#x70BA;&#x300C;&#x904B;&#x7B97;&#x5B50; &#x904B;&#x7B97;&#x5143; &#x904B;&#x7B97;&#x5143;&#x300D;&lt;br /&gt;&#xD;
+*246*-75&lt;br /&gt;&#xD;
= +86*2&lt;br /&gt;&#xD;
= 14*2( &#x4E0D;&#x7B26;&#x5408;&#x524D;&#x5E8F;&#x7684;&#x8981;&#x6C42; )&lt;/p&gt;</content>
  <attach></attach>
  <rcount></rcount>
  <rank></rank>
  <hit>13</hit>
  <lang>1</lang>
</data>
