<?xml version="1.0"?>
<data version="3.0" time="2024-07-19 09:03:50" type="board" filename="list.xml" id="1001174280">
  <board_id>1001174280</board_id>
  <bname>a:5:{s:4:"Big5";s:35:"&#x9650;&#x6642;&#x6436;&#x7B54; 216-220(20240719_copy)";s:6:"GB2312";s:25:"QA 216-220(20240719_copy)";s:2:"en";s:25:"QA 216-220(20240719_copy)";s:6:"EUC-JP";s:15:"(20240719_copy)";s:11:"user_define";s:15:"(20240719_copy)";}</bname>
  <manager>11813</manager>
  <title>&#x64C7;&#x4E00;&#x56DE;&#x7B54;&#xFF0C;&#x9EDE;&#x8B9A;10&#x6B21;&#x6216;3&#x4EBA;&#x7559;&#x597D;&#x8A55;&#x53EF;&#x5F97;QA&#x8A55;&#x5206;&#xFF01;&#xD;
&#x6A19;&#x984C;&#x8A3B;&#x660E;&#x984C;&#x865F;&#x53CA;&#x984C;&#x76EE;&#xFF0C;&#x5167;&#x5BB9;&#x4E0D;&#x5B9C;&#x5C07;&#x76F4;&#x63A5;&#x522A;&#x6587;&#xFF01;&#xD;
216. &#x8209;&#x4F8B;&#x89E3;&#x8AAA;&#x5E0C;&#x723E;&#x6392;&#x5E8F;shell sort&#x662F;&#x5426;&#x7A69;&#x5B9A;stable&#x3002;&#xD;
217. &#x8209;&#x4F8B;&#x89E3;&#x8AAA;&#x5FEB;&#x901F;&#x6392;&#x5E8F;quick sort&#x662F;&#x5426;&#x7A69;&#x5B9A;stable&#x3002;&#xD;
218. &#x70BA;&#x5FEB;&#x901F;&#x6392;&#x5E8F;&#x63D0;&#x51FA;&#x9078;&#x64C7;&#x57FA;&#x6E96;pivot&#x7684;&#x65B9;&#x6CD5;&#xFF0C;&#x4E26;&#x8209;&#x4F8B;&#x8AAA;&#x660E;&#x512A;&#x9EDE;&#x3002;&#xD;
219. &#x8209;&#x4F8B;&#x5340;&#x5225;&#x5B8C;&#x5168;full&#x3001;&#x5B8C;&#x6574;complete&#x53CA;&#x5E73;&#x8861;balanced&#x4E8C;&#x5143;&#x6A39;&#x7684;&#x5DEE;&#x7570;&#x3002;&#xD;
220. &#x8209;&#x4F8B;&#x5340;&#x5225;&#x524D;&#x5E8F;preorder&#x3001;&#x4E2D;&#x5E8F;inorder&#x53CA;&#x5F8C;&#x5E8F;postorder&#x4E8C;&#x5143;&#x6A39;&#x8D70;&#x8A2A;&#x7684;&#x5DEE;&#x7570;&#x3002;</title>
  <owner_id>10131386</owner_id>
  <open_time>2022-12-06 01:00:00</open_time>
  <close_time>2022-12-20 23:59:00</close_time>
  <share_time>2022-12-27 00:00:00</share_time>
  <switch></switch>
  <with_attach>no</with_attach>
  <vpost>0</vpost>
  <default_order>pt</default_order>
  <post_times>0</post_times>
  <extras></extras>
  <poster>student,assistant,teacher</poster>
  <after_finish></after_finish>
  <fb_comment>N</fb_comment>
  <board>
    <node id="000000001" type="F" data="b000000001.xml"/>
    <node id="000000001000000001" type="F" data="b000000001000000001.xml"/>
    <node id="000000002" type="F" data="b000000002.xml"/>
    <node id="000000002000000001" type="F" data="b000000002000000001.xml"/>
    <node id="000000003" type="F" data="b000000003.xml"/>
  </board>
  <quint/>
</data>
