<?xml version="1.0"?>
<data version="3.0" time="2024-07-19 08:57:25" type="post" filename="b000000001.xml">
  <open_time>0000-00-00</open_time>
  <close_time>0000-00-00</close_time>
  <lang_name>Big5</lang_name>
  <board_id>1001296428</board_id>
  <node>000000001</node>
  <site>1000110001</site>
  <pt>2023-12-22 21:44:43</pt>
  <poster>11127116</poster>
  <realname>&#x66FE;&#x8A6E;&#x6DF3;  </realname>
  <email>kevin47338647@gmail.com</email>
  <homepage>  </homepage>
  <subject>223 </subject>
  <content>&lt;p&gt;223. &#x76F8;&#x540C;&#x641C;&#x5C0B;&#x9375;&#x7684;&#x4E8C;&#x7B46;&#x8CC7;&#x6599;&#x5982;&#x4F55;&#x5B58;&#x5165;&#x4E8C;&#x5143;&#x641C;&#x5C0B;&#x6A39;&#xFF1F;&lt;/p&gt;&#xD;
&#xD;
&lt;ol&gt;&#xD;
	&lt;li&gt;&#xD;
	&lt;p&gt;&lt;strong&gt;&#x5141;&#x8A31;&#x91CD;&#x8907;&#x9375;&#x503C;(&lt;/strong&gt;&#x8001;&#x5E2B;&#x5728;&#x8AB2;&#x5802;&#x4E2D;&#x6559;&#x6211;&#x5011;&#x7684;&#x65B9;&#x6CD5;&#x3002;&lt;strong&gt;)&#xFF1A;&lt;/strong&gt; &#x4F60;&#x53EF;&#x4EE5;&#x9078;&#x64C7;&#x5141;&#x8A31;&#x6A39;&#x4E2D;&#x5B58;&#x5728;&#x91CD;&#x8907;&#x7684;&#x9375;&#x503C;&#x3002;&#x5728;&#x9019;&#x7A2E;&#x60C5;&#x6CC1;&#x4E0B;&#xFF0C;&#x4F60;&#x53EF;&#x4EE5;&#x9078;&#x64C7;&#x5C07;&#x76F8;&#x540C;&#x9375;&#x503C;&#x7684;&#x65B0;&#x7BC0;&#x9EDE;&#x63D2;&#x5165;&#x70BA;&#x73FE;&#x6709;&#x7BC0;&#x9EDE;&#x7684;&#x5DE6;&#x5B50;&#x7BC0;&#x9EDE;&#x6216;&#x53F3;&#x5B50;&#x7BC0;&#x9EDE;&#x3002;&#x901A;&#x5E38;&#xFF0C;&#x70BA;&#x4E86;&#x4FDD;&#x6301;&#x4E00;&#x81F4;&#x6027;&#xFF0C;&#x4F60;&#x53EF;&#x80FD;&#x6703;&#x9078;&#x64C7;&#x7E3D;&#x662F;&#x5C07;&#x91CD;&#x8907;&#x9375;&#x503C;&#x7684;&#x7BC0;&#x9EDE;&#x63D2;&#x5165;&#x5230;&#x540C;&#x4E00;&#x5074;&#xFF08;&#x4F8B;&#x5982;&#xFF0C;&#x7E3D;&#x662F;&#x4F5C;&#x70BA;&#x53F3;&#x5B50;&#x7BC0;&#x9EDE;&#xFF09;&#x3002;&lt;/p&gt;&#xD;
	&lt;/li&gt;&#xD;
	&lt;li&gt;&#xD;
	&lt;p&gt;&lt;strong&gt;&#x589E;&#x52A0;&#x8A08;&#x6578;&#x5668;&#xFF1A;&lt;/strong&gt; &#x5728;&#x6BCF;&#x500B;&#x7BC0;&#x9EDE;&#x4E2D;&#x589E;&#x52A0;&#x4E00;&#x500B;&#x8A08;&#x6578;&#x5668;&#x4F86;&#x8A18;&#x9304;&#x76F8;&#x540C;&#x9375;&#x503C;&#x51FA;&#x73FE;&#x7684;&#x6B21;&#x6578;&#x3002;&#x7576;&#x63D2;&#x5165;&#x4E00;&#x500B;&#x5DF2;&#x7D93;&#x5B58;&#x5728;&#x65BC;&#x6A39;&#x4E2D;&#x7684;&#x9375;&#x503C;&#x6642;&#xFF0C;&#x4E0D;&#x662F;&#x63D2;&#x5165;&#x65B0;&#x7684;&#x7BC0;&#x9EDE;&#xFF0C;&#x800C;&#x662F;&#x589E;&#x52A0;&#x8A72;&#x7BC0;&#x9EDE;&#x7684;&#x8A08;&#x6578;&#x5668;&#x3002;&lt;/p&gt;&#xD;
	&lt;/li&gt;&#xD;
&lt;/ol&gt; </content>
  <attach></attach>
  <rcount></rcount>
  <rank></rank>
  <hit>23</hit>
  <lang>1</lang>
</data>
