<?xml version="1.0"?>
<data version="3.0" time="2024-07-19 08:57:25" type="post" filename="b000000002.xml">
  <open_time>0000-00-00</open_time>
  <close_time>0000-00-00</close_time>
  <lang_name>Big5</lang_name>
  <board_id>1001296428</board_id>
  <node>000000002</node>
  <site>1000110001</site>
  <pt>2023-12-24 22:35:24</pt>
  <poster>11127110</poster>
  <realname>&#x8A31;&#x81F3;&#x6600;  </realname>
  <email>alberthsu919@gmail.com</email>
  <homepage>  </homepage>
  <subject>225 </subject>
  <content>&lt;p&gt;&lt;span style="font-family:&#x65B0;&#x7D30;&#x660E;&#x9AD4;,serif"&gt;&#x5DF2;&#x6392;&#x5E8F;&#x8CC7;&#x6599;&#x5982;&#x4F55;&#x5EFA;&#x7ACB;&#x4E00;&#x68F5;&#x5E73;&#x8861;&#x7684;&#x4E8C;&#x5143;&#x641C;&#x5C0B;&#x6A39;&#xFF1F;&lt;/span&gt;&lt;/p&gt;&#xD;
&#xD;
&lt;p&gt;&lt;span style="font-family:&#x65B0;&#x7D30;&#x660E;&#x9AD4;,serif"&gt;&#x5DF2;&#x6392;&#x5E8F;&#x7684;&#x8CC7;&#x6599;&#xFF0C;&#x53EF;&#x4EE5;&#x5229;&#x7528;&#x4E2D;&#x5E8F;&#x8D70;&#x8A2A;&#x5EFA;&#x7ACB;&#x5E73;&#x8861;&#x6A39;&#x3002;&#x5C07;&#x5DF2;&#x6392;&#x5E8F;&#x8CC7;&#x6599;&#x6700;&#x4E2D;&#x9593;&#x90A3;&#x7B46;&#x8CC7;&#x6599;&#x4F5C;&#x70BA;&#x6A39;&#x6839;&#xFF0C;&#x4E26;&#x5C0D;&#x5DE6;&#x5B50;&#x6A39;&#x8207;&#x53F3;&#x5B50;&#x6A39;&#x4E5F;&#x53D6;&#x6700;&#x4E2D;&#x9593;&#x90A3;&#x7B46;&#x8CC7;&#x6599;&#x4F5C;&#x70BA;&#x6A39;&#x6839;&#xFF0C;&#x4EE5;&#x6B64;&#x65B9;&#x5F0F;&#x905E;&#x8FF4;&#x5EFA;&#x7ACB;&#x4E8C;&#x5143;&#x641C;&#x5C0B;&#x6A39;&#x3002;&lt;/span&gt;&lt;/p&gt;&#xD;
&#xD;
&lt;p&gt;&lt;span style="font-family:&#x65B0;&#x7D30;&#x660E;&#x9AD4;,serif"&gt;&#x5047;&#x8A2D;&#x8CC7;&#x6599;&#x70BA;&#xFF3B;&lt;/span&gt;1, 2, 3, 4, 5, 6, 7&lt;span style="font-family:&#x65B0;&#x7D30;&#x660E;&#x9AD4;,serif"&gt;&#xFF3D;&lt;/span&gt;&lt;/p&gt;&#xD;
&#xD;
&lt;p&gt;&lt;span style="font-family:&#x65B0;&#x7D30;&#x660E;&#x9AD4;,serif"&gt;&#x53D6;&lt;/span&gt;4&lt;span style="font-family:&#x65B0;&#x7D30;&#x660E;&#x9AD4;,serif"&gt;&#x70BA;&#x6A39;&#x6839;&#xFF0C;&#x518D;&#x53D6;&lt;/span&gt;2&lt;span style="font-family:&#x65B0;&#x7D30;&#x660E;&#x9AD4;,serif"&gt;&#x70BA;&#x5DE6;&#x5B50;&#x6A39;&#x6A39;&#x6839;&#xFF0C;&lt;/span&gt;6&lt;span style="font-family:&#x65B0;&#x7D30;&#x660E;&#x9AD4;,serif"&gt;&#x70BA;&#x53F3;&#x5B50;&#x6A39;&#x6A39;&#x6839;&#xFF0C;&#x53EF;&#x5EFA;&#x7ACB;&#x5E73;&#x8861;&#x4E4B;&#x4E8C;&#x5143;&#x6A39;&#x3002;&lt;/span&gt;&lt;/p&gt;&#xD;
&#xD;
&lt;p&gt;&amp;nbsp; &amp;nbsp; &amp;nbsp;&amp;nbsp;4&lt;/p&gt;&#xD;
&#xD;
&lt;p&gt;&amp;nbsp; &amp;nbsp; &amp;nbsp;/ \&lt;/p&gt;&#xD;
&#xD;
&lt;p&gt;&amp;nbsp; &amp;nbsp;2&amp;nbsp; &amp;nbsp; &amp;nbsp;6&lt;/p&gt;&#xD;
&#xD;
&lt;p&gt;&amp;nbsp;/ \&amp;nbsp; &amp;nbsp; &amp;nbsp;/ \&lt;/p&gt;&#xD;
&#xD;
&lt;p&gt;1&amp;nbsp; 3&amp;nbsp; &amp;nbsp;5&amp;nbsp; 7&lt;/p&gt; </content>
  <attach></attach>
  <rcount></rcount>
  <rank></rank>
  <hit>23</hit>
  <lang>1</lang>
</data>
