<?xml version="1.0"?>
<data version="3.0" time="2024-07-19 08:57:25" type="post" filename="b000000001000000001.xml">
  <open_time>0000-00-00</open_time>
  <close_time>0000-00-00</close_time>
  <lang_name>Big5</lang_name>
  <board_id>1001296428</board_id>
  <node>000000001000000001</node>
  <site>1000110001</site>
  <pt>2023-12-26 15:20:05</pt>
  <poster>11813</poster>
  <realname>&#x5433;&#x5B9C;&#x9D3B;  </realname>
  <email>yhwu@cycu.edu.tw</email>
  <homepage>https://www.researchgate.net/profile/Yi-Hung-Wu-2  </homepage>
  <subject>Re: 223  </subject>
  <content>&lt;p&gt;&lt;span style="color:#b22222"&gt;&amp;quot;&lt;strong&gt;&#x589E;&#x52A0;&#x8A08;&#x6578;&#x5668;&amp;quot; &#x7121;&#x6CD5;&#x5B58;&#x5165;&#x8CC7;&#x6599;&#x3002;&lt;/strong&gt;&lt;/span&gt;&lt;/p&gt; </content>
  <attach></attach>
  <rcount></rcount>
  <rank></rank>
  <hit>1</hit>
  <lang>1</lang>
</data>
