<?xml version="1.0"?>
<data version="3.0" time="2024-07-19 09:00:55" type="post" filename="b000000003000000002.xml">
  <open_time>0000-00-00</open_time>
  <close_time>0000-00-00</close_time>
  <lang_name>Big5</lang_name>
  <board_id>1001174282</board_id>
  <node>000000003000000002</node>
  <site>1000110001</site>
  <pt>2022-12-26 23:50:19</pt>
  <poster>11813</poster>
  <realname>&#x5433;&#x5B9C;&#x9D3B;  </realname>
  <email>yhwu@cycu.edu.tw</email>
  <homepage>https://www.researchgate.net/profile/Yi-Hung-Wu-2 </homepage>
  <subject>Re: 221. &#x8209;&#x4F8B;&#x89E3;&#x8AAA;&#x4E2D;&#x5E8F;&#x8D70;&#x8A2A;&#x4E8C;&#x5143;&#x641C;&#x5C0B;&#x6A39;&#x662F;&#x5426;&#x7A69;&#x5B9A;&#x6392;&#x5E8F;&#x3002;  </subject>
  <content>&lt;p&gt;&amp;quot;&lt;strong&gt;&#x76F8;&#x540C;&#x7684;&#x8CC7;&#x6599;&#x6642;&#xFF0C;&#x6211;&#x5011;&#x6703;&#x5C07;&#x5B83;&#x8996;&#x70BA;&#x540C;&#x4E00;&#x500B;&#x7BC0;&#x9EDE;&amp;quot; &#x9019;&#x662F;&#x4F5C;&#x696D;&#x984C;&#x76EE;&#x7684;&#x7279;&#x6B8A;&#x898F;&#x5B9A;&#xFF0C;&#x4E0A;&#x8FF0;&#x89E3;&#x7B54;&#x662F;&#x6C92;&#x554F;&#x984C;&#x3002;&lt;/strong&gt;&lt;/p&gt;&#xD;
&#xD;
&lt;p&gt;&lt;span style="color:#b22222"&gt;&lt;strong&gt;&#x4E0D;&#x904E;&#xFF0C;&#x984C;&#x610F;&#x662F;&#x6307;&#x4E00;&#x822C;&#x8655;&#x7406;&#x540C;&#x503C;&#x8CC7;&#x6599;&#x662F;&#x65B0;&#x589E;&#x7BC0;&#x9EDE;&#x4E14;&#x653E;&#x5165;&#x53F3;&#x5B50;&#x6A39;&#x7684;&#x4E8C;&#x5143;&#x641C;&#x5C0B;&#x6A39;&#xFF0C;&#x5176;&#x4E2D;&#x5E8F;&#x8D70;&#x8A2A;&#x5F97;&#x5230;&#x7684;&#x662F;&#x5426;&#x70BA;&#x7A69;&#x5B9A;&#x6392;&#x5E8F;&#xFF1F;&#x3002;&lt;/strong&gt;&lt;/span&gt;&lt;/p&gt;</content>
  <attach></attach>
  <rcount></rcount>
  <rank></rank>
  <hit>2</hit>
  <lang>1</lang>
</data>
