<?xml version="1.0"?>
<data version="3.0" time="2024-07-19 09:00:55" type="post" filename="b000000001000000002.xml">
  <open_time>0000-00-00</open_time>
  <close_time>0000-00-00</close_time>
  <lang_name>Big5</lang_name>
  <board_id>1001174282</board_id>
  <node>000000001000000002</node>
  <site>1000110001</site>
  <pt>2022-12-26 21:06:08</pt>
  <poster>11027246</poster>
  <realname>&#x6797;&#x8A70;&#x8A60;  </realname>
  <email>a78419261@gmail.com</email>
  <homepage>  </homepage>
  <subject>Re: 222. &#x64B0;&#x5BEB;&#x7A0B;&#x5F0F;&#x78BC;&#x6307;&#x51FA;&#x5982;&#x4F55;&#x70BA;&#x4E8C;&#x5143;&#x641C;&#x5C0B;&#x6A39;&#x65B0;&#x589E;&#x7BC0;&#x9EDE;&#x3002;  </subject>
  <content>&lt;p&gt;&#x7CBE;&#x95E2;&#x8B1B;&#x89E3;&#xFF0C;&#x8B93;&#x6211;&#x7A2E;&#x51FA;&#x8056;&#x8A95;&#x6A39;&lt;/p&gt; </content>
  <attach></attach>
  <rcount></rcount>
  <rank></rank>
  <hit>1</hit>
  <lang>1</lang>
</data>
