<?xml version="1.0"?>
<data version="3.0" time="2024-07-19 09:00:55" type="post" filename="b000000003.xml">
  <open_time>0000-00-00</open_time>
  <close_time>0000-00-00</close_time>
  <lang_name>Big5</lang_name>
  <board_id>1001174282</board_id>
  <node>000000003</node>
  <site>1000110001</site>
  <pt>2022-12-26 21:03:55</pt>
  <poster>11027246</poster>
  <realname>&#x6797;&#x8A70;&#x8A60;  </realname>
  <email>a78419261@gmail.com</email>
  <homepage> </homepage>
  <subject>221. &#x8209;&#x4F8B;&#x89E3;&#x8AAA;&#x4E2D;&#x5E8F;&#x8D70;&#x8A2A;&#x4E8C;&#x5143;&#x641C;&#x5C0B;&#x6A39;&#x662F;&#x5426;&#x7A69;&#x5B9A;&#x6392;&#x5E8F;&#x3002; </subject>
  <content>&lt;p style="text-align:justify"&gt;&lt;strong&gt;&lt;span style="font-family:Arial,Helvetica,sans-serif"&gt;&#x7A69;&#x5B9A;&#x6392;&#x5E8F;:&#x5982;&#x679C;&#x6392;&#x5E8F;&#x76F8;&#x540C;&#x8CC7;&#x6599;&#xFF0C;&#x5728;&#x6392;&#x5E8F;&#x5F8C;&#x76F8;&#x5C0D;&#x4F4D;&#x7F6E;&#x8207;&#x6392;&#x5E8F;&#x524D;&#x76F8;&#x540C;&#x6642;&#x3002;&lt;/span&gt;&lt;/strong&gt;&lt;/p&gt;&#xD;
&#xD;
&lt;p style="text-align:justify"&gt;&lt;strong&gt;&lt;span style="font-family:Arial,Helvetica,sans-serif"&gt;&#x4F8B;&#x5982;:&lt;/span&gt;&lt;/strong&gt;&lt;/p&gt;&#xD;
&#xD;
&lt;p style="text-align:justify"&gt;&lt;strong&gt;&lt;span style="font-family:Arial,Helvetica,sans-serif"&gt;&#x6392;&#x5E8F;&#x524D;&#xFF1A;&lt;span style="color:#800000"&gt;3&lt;/span&gt;,5,19,1,&lt;span style="color:#008080"&gt;3&lt;/span&gt;,10&lt;/span&gt;&lt;/strong&gt;&lt;/p&gt;&#xD;
&#xD;
&lt;p style="text-align:justify"&gt;&lt;strong&gt;&lt;span style="font-family:Arial,Helvetica,sans-serif"&gt;&#x6392;&#x5E8F;&#x5F8C;&#xFF1A;1,&lt;span style="color:#800000"&gt;3&lt;/span&gt;,&lt;span style="color:#008080"&gt;3&lt;/span&gt;,5,10,19&amp;nbsp;&amp;nbsp;(&#x56E0;&#x70BA;&#x5169;&#x500B;&lt;span style="color:#800000"&gt;3&lt;/span&gt;, &lt;span style="color:#008080"&gt;3&lt;/span&gt;&#x7684;&#x76F8;&#x5C0D;&#x4F4D;&#x7F6E;&#x5728;&#x6392;&#x5E8F;&#x524D;&#x8207;&#x5F8C;&#x7686;&#x76F8;&#x540C;)&lt;/span&gt;&lt;/strong&gt;&lt;/p&gt;&#xD;
&#xD;
&lt;p style="text-align:justify"&gt;&lt;strong&gt;&lt;span style="font-family:Arial,Helvetica,sans-serif"&gt;&#x4E0D;&#x7A69;&#x5B9A;&#x6392;&#x5E8F;:&#x5982;&#x679C;&#x6392;&#x5E8F;&#x76F8;&#x540C;&#x4E4B;&#x8CC7;&#x6599;&#xFF0C;&#x5728;&#x6392;&#x5E8F;&#x5F8C;&#x76F8;&#x5C0D;&#x4F4D;&#x7F6E;&#x8207;&#x6392;&#x5E8F;&#x524D;&#x4F4D;&#x7F6E;&#x88DC;&#x76F8;&#x540C;&#x3002;&lt;/span&gt;&lt;/strong&gt;&lt;/p&gt;&#xD;
&#xD;
&lt;p style="text-align:justify"&gt;&lt;strong&gt;&lt;span style="font-family:Arial,Helvetica,sans-serif"&gt;&#x4F8B;&#x5982;:&lt;/span&gt;&lt;/strong&gt;&lt;/p&gt;&#xD;
&#xD;
&lt;p style="text-align:justify"&gt;&lt;strong&gt;&lt;span style="font-family:Arial,Helvetica,sans-serif"&gt;&#x6392;&#x5E8F;&#x524D;&#xFF1A;&lt;span style="color:#800000"&gt;3&lt;/span&gt;,5,19,1,&lt;span style="color:#008080"&gt;3&lt;/span&gt;,10&lt;/span&gt;&lt;/strong&gt;&lt;/p&gt;&#xD;
&#xD;
&lt;p style="text-align:justify"&gt;&lt;strong&gt;&lt;span style="font-family:Arial,Helvetica,sans-serif"&gt;&#x6392;&#x5E8F;&#x5F8C;&#xFF1A;1,4,&lt;span style="color:#008080"&gt;3&lt;/span&gt;,&lt;span style="color:#800000"&gt;3&lt;/span&gt;,10,19&amp;nbsp;&amp;nbsp;(&#x56E0;&#x70BA;&#x5169;&#x500B;&lt;span style="color:#800000"&gt;3&lt;/span&gt;, &lt;span style="color:#008080"&gt;3&lt;/span&gt;&#x7684;&#x76F8;&#x5C0D;&#x4F4D;&#x7F6E;&#x5728;&#x6392;&#x5E8F;&#x524D;&#x8207;&#x5F8C;&#x4E0D;&#x76F8;&#x540C;)&lt;/span&gt;&lt;/strong&gt;&lt;/p&gt;&#xD;
&#xD;
&lt;p style="text-align:justify"&gt;&lt;strong&gt;&#x7576;&#x4E8C;&#x5143;&#x641C;&#x5C0B;&#x6A39;&#x9047;&#x5230;&#x76F8;&#x540C;&#x7684;&#x8CC7;&#x6599;&#x6642;&#xFF0C;&#x6211;&#x5011;&#x6703;&#x5C07;&#x5B83;&#x8996;&#x70BA;&#x540C;&#x4E00;&#x500B;&#x7BC0;&#x9EDE;&#x7136;&#x5F8C;push_back&#x90A3;&#x7B46;&#x8CC7;&#x6599;&#x7684;&#x7DE8;&#x865F;&#x5230;vector&#xFF0C;&#x6240;&#x4EE5;&#x7531;&#x6B64;&#x53EF;&#x77E5;&#x5728;&#x6392;&#x5E8F;&#x524D;&#x8DDF;&#x6392;&#x5E8F;&#x5F8C;&#x76F8;&#x540C;&#x8CC7;&#x6599;&#x7DE8;&#x865F;&#x7684;&#x76F8;&#x5C0D;&#x4F4D;&#x7F6E;&#x662F;&#x6C92;&#x6709;&#x6539;&#x8B8A;&#x7684;&#xFF0C;&#x56E0;&#x6B64;&#x4E8C;&#x5143;&#x641C;&#x5C0B;&#x6A39;&#x70BA;&#x7A69;&#x5B9A;&#x6392;&#x5E8F;&#x3002;&lt;/strong&gt;&lt;/p&gt;&#xD;
&#xD;
&lt;p style="text-align:justify"&gt;&lt;strong&gt;&#x7A0B;&#x5F0F;&#x7BC4;&#x4F8B;:&lt;/strong&gt;&lt;/p&gt;&#xD;
&#xD;
&lt;p style="text-align:justify"&gt;&lt;strong&gt;typedef struct BST{&lt;br /&gt;&#xD;
&amp;nbsp; &amp;nbsp; int key;&amp;nbsp; &amp;nbsp; &amp;nbsp; &amp;nbsp; &amp;nbsp; &amp;nbsp; &amp;nbsp; &amp;nbsp; &amp;nbsp; &amp;nbsp; &amp;nbsp; &amp;nbsp; &amp;nbsp; &amp;nbsp; &amp;nbsp; &amp;nbsp; &amp;nbsp; &amp;nbsp; &amp;nbsp; &amp;nbsp; &amp;nbsp; &amp;nbsp; &amp;nbsp; // search key&lt;br /&gt;&#xD;
&amp;nbsp;&amp;nbsp; &amp;nbsp;vector&amp;lt;int&amp;gt; idx; &amp;nbsp; &amp;nbsp; &amp;nbsp; &amp;nbsp; &amp;nbsp; &amp;nbsp; &amp;nbsp; &amp;nbsp; &amp;nbsp;&amp;nbsp; &amp;nbsp;&amp;nbsp;&amp;nbsp; &amp;nbsp;&amp;nbsp;&amp;nbsp; &amp;nbsp;&amp;nbsp;&amp;nbsp;// store no of the same key&lt;br /&gt;&#xD;
&amp;nbsp;&amp;nbsp; &amp;nbsp;struct BST *lchild; &amp;nbsp; &amp;nbsp; &amp;nbsp; &amp;nbsp; &amp;nbsp; &amp;nbsp; &amp;nbsp;&amp;nbsp;&amp;nbsp; &amp;nbsp;&amp;nbsp;&amp;nbsp; &amp;nbsp;&amp;nbsp;&amp;nbsp; &amp;nbsp;&amp;nbsp;&amp;nbsp;// left child&lt;br /&gt;&#xD;
&amp;nbsp;&amp;nbsp; &amp;nbsp;struct BST *rchild; &amp;nbsp; &amp;nbsp; &amp;nbsp; &amp;nbsp; &amp;nbsp; &amp;nbsp; &amp;nbsp;&amp;nbsp;&amp;nbsp; &amp;nbsp;&amp;nbsp;&amp;nbsp; &amp;nbsp;&amp;nbsp;&amp;nbsp; &amp;nbsp;&amp;nbsp;&amp;nbsp;// right child&lt;/strong&gt;&lt;/p&gt;&#xD;
&#xD;
&lt;p style="text-align:justify"&gt;&lt;strong&gt;} nodeType; &amp;nbsp;&amp;nbsp;&lt;/strong&gt;&lt;/p&gt;&#xD;
&#xD;
&lt;p&gt;&lt;strong&gt;void insertNode(nodeType *&amp;amp;root, int key, int no) {&amp;nbsp;&amp;nbsp;&lt;br /&gt;&#xD;
&amp;nbsp; &amp;nbsp; if (root == NULL) { // &#x9084;&#x6C92;&#x6709;&#x6771;&#x897F;&#xFF0C;&#x5EFA;&#x7ACB;&#x7BC0;&#x9EDE;&lt;br /&gt;&#xD;
&amp;nbsp; &amp;nbsp; &amp;nbsp; &amp;nbsp; root = new nodeType;&lt;br /&gt;&#xD;
&amp;nbsp; &amp;nbsp; &amp;nbsp; &amp;nbsp; root -&amp;gt; key = key;&lt;br /&gt;&#xD;
&amp;nbsp; &amp;nbsp; &amp;nbsp; &amp;nbsp; root -&amp;gt; idx.push_back(no);&lt;br /&gt;&#xD;
&amp;nbsp; &amp;nbsp; &amp;nbsp; &amp;nbsp; root -&amp;gt; lchild = NULL;&lt;br /&gt;&#xD;
&amp;nbsp; &amp;nbsp; &amp;nbsp; &amp;nbsp; root -&amp;gt; rchild = NULL;&lt;br /&gt;&#xD;
&amp;nbsp; &amp;nbsp; } else {&lt;br /&gt;&#xD;
&amp;nbsp; &amp;nbsp; &amp;nbsp; &amp;nbsp; if (hp &amp;lt; root-&amp;gt;key) &amp;nbsp;// &#x6BD4;&#x8A72;&#x7BC0;&#x9EDE;&#x5C0F;&#xFF0C;&#x5F80;&#x5DE6;&#x7BC0;&#x9EDE;&lt;br /&gt;&#xD;
&amp;nbsp; &amp;nbsp; &amp;nbsp; &amp;nbsp; &amp;nbsp; &amp;nbsp; insertNode(root-&amp;gt;lchild,key, no);&lt;br /&gt;&#xD;
&amp;nbsp; &amp;nbsp; &amp;nbsp; &amp;nbsp; else if(key == root-&amp;gt;key) &amp;nbsp;// &#x4E00;&#x6A23;&#x5927;&#xFF0C;&#x5B58;&#x5230;&#x540C;&#x4E00;&#x7BC0;&#x9EDE;&lt;br /&gt;&#xD;
&amp;nbsp; &amp;nbsp; &amp;nbsp; &amp;nbsp; &amp;nbsp; &amp;nbsp; root -&amp;gt; idx.push_back(no);&lt;br /&gt;&#xD;
&amp;nbsp; &amp;nbsp; &amp;nbsp; &amp;nbsp; else// &#x6BD4;&#x8A72;&#x7BC0;&#x9EDE;&#x5927;&#xFF0C;&#x5F80;&#x53F3;&#x7BC0;&#x9EDE;&lt;br /&gt;&#xD;
&amp;nbsp; &amp;nbsp; &amp;nbsp; &amp;nbsp; &amp;nbsp; &amp;nbsp; insertNode(root-&amp;gt;rchild, key, no);&lt;br /&gt;&#xD;
&amp;nbsp; &amp;nbsp; }&lt;/strong&gt;&lt;/p&gt;&#xD;
&#xD;
&lt;p&gt;&lt;strong&gt;}&lt;/strong&gt;&lt;/p&gt;</content>
  <attach></attach>
  <rcount></rcount>
  <rank></rank>
  <hit>56</hit>
  <lang>1</lang>
</data>
