<?xml version="1.0"?>
<data version="3.0" time="2024-07-19 08:50:53" type="post" filename="b000000004.xml">
  <open_time>0000-00-00</open_time>
  <close_time>0000-00-00</close_time>
  <lang_name>Big5</lang_name>
  <board_id>1001305437</board_id>
  <node>000000004</node>
  <site>1000110001</site>
  <pt>2023-11-27 12:22:31</pt>
  <poster>11127239</poster>
  <realname>&#x9673;&#x6620;&#x9293;  </realname>
  <email>edan0727@gmail.com</email>
  <homepage>  </homepage>
  <subject>206. &#x64B0;&#x5BEB;&#x7A0B;&#x5F0F;&#x78BC;&#x8AAA;&#x660E;&#x6C23;&#x6CE1;&#x6392;&#x5E8F;bubble sort&#x5982;&#x4F55;&#x63D0;&#x65E9;&#x7D50;&#x675F;&#x57F7;&#x884C;&#x3002; </subject>
  <content>&lt;p&gt;&#x82E5;&#x60F3;&#x63D0;&#x65E9;&#x7D50;&#x675F;&#xFF0C;&#x53EF;&#x4EE5;&#x770B;&#x8A72;&#x6B21;&#x6C23;&#x6CE1;&#x6392;&#x5E8F;&#x662F;&#x5426;&#x6709;&#x4EA4;&#x63DB;&#x4F4D;&#x7F6E;&#xFF0C;&lt;/p&gt;&#xD;
&#xD;
&lt;p&gt;&#x82E5;&#x7121;&#xFF0C;&#x5C31;&#x53EF;&#x4EE5;&#x7406;&#x89E3;&#x6210;&#x5DF2;&#x7D93;&#x6392;&#x597D;&#x4E86;&#xFF0C;&#x63A5;&#x4E0B;&#x4F86;&#x5C31;&#x53EF;&#x4EE5;&#x63D0;&#x65E9;&#x7D50;&#x675F;&#x3002;&lt;/p&gt;&#xD;
&#xD;
&lt;p&gt;&#x4EE5;&#x4E0B;&#x662F;&#x4F7F;&#x7528;&#x7A0B;&#x5F0F;&#x78BC;&#x4F86;&#x89E3;&#x91CB;&#xFF1A;&lt;/p&gt;&#xD;
&#xD;
&lt;p&gt;#include &amp;lt;iostream&amp;gt;&lt;br /&gt;&#xD;
#include &amp;lt;vector&amp;gt;&lt;/p&gt;&#xD;
&#xD;
&lt;p&gt;using namespace std;&lt;/p&gt;&#xD;
&#xD;
&lt;p&gt;void bubbleSort(vector&amp;lt;int&amp;gt;&amp;amp; arr) {&lt;br /&gt;&#xD;
&amp;nbsp; &amp;nbsp; int n = arr.size();&lt;br /&gt;&#xD;
&amp;nbsp; &amp;nbsp; bool sort_true_false = true; // &#x7528;&#x65BC;&#x6AA2;&#x6E2C;&#x662F;&#x5426;&#x9032;&#x884C;&#x4E86;&#x4EA4;&#x63DB;&lt;/p&gt;&#xD;
&#xD;
&lt;p&gt;&amp;nbsp; &amp;nbsp; for (int i = 0; i &amp;lt; n - 1; i++) {&lt;br /&gt;&#xD;
&amp;nbsp; &amp;nbsp; &amp;nbsp; &amp;nbsp; sort_true_false = false;&lt;/p&gt;&#xD;
&#xD;
&lt;p&gt;&amp;nbsp; &amp;nbsp; &amp;nbsp; &amp;nbsp; // &#x672A;&#x6392;&#x5E8F;&#x90E8;&#x5206;&lt;br /&gt;&#xD;
&amp;nbsp; &amp;nbsp; &amp;nbsp; &amp;nbsp; for (int j = 0; j &amp;lt; n - i - 1; j++) {&lt;br /&gt;&#xD;
&amp;nbsp; &amp;nbsp; &amp;nbsp; &amp;nbsp; &amp;nbsp; &amp;nbsp; // &#x5982;&#x679C;&#x524D;&#x9762;&#x7684;&#x5143;&#x7D20;&#x5927;&#x65BC;&#x5F8C;&#x9762;&#x7684;&#x5143;&#x7D20;&#xFF0C;&#x5247;&#x4EA4;&#x63DB;&#x5B83;&#x5011;&lt;br /&gt;&#xD;
&amp;nbsp; &amp;nbsp; &amp;nbsp; &amp;nbsp; &amp;nbsp; &amp;nbsp; if (arr[j] &amp;gt; arr[j + 1]) {&lt;br /&gt;&#xD;
&amp;nbsp; &amp;nbsp; &amp;nbsp; &amp;nbsp; &amp;nbsp; &amp;nbsp; &amp;nbsp; &amp;nbsp; swap(arr[j], arr[j + 1]);&lt;br /&gt;&#xD;
&amp;nbsp; &amp;nbsp; &amp;nbsp; &amp;nbsp; &amp;nbsp; &amp;nbsp; &amp;nbsp; &amp;nbsp; sort_true_false = true; // &#x8868;&#x793A;&#x9032;&#x884C;&#x4E86;&#x4EA4;&#x63DB;&lt;br /&gt;&#xD;
&amp;nbsp; &amp;nbsp; &amp;nbsp; &amp;nbsp; &amp;nbsp; &amp;nbsp; }&lt;br /&gt;&#xD;
&amp;nbsp; &amp;nbsp; &amp;nbsp; &amp;nbsp; }&lt;/p&gt;&#xD;
&#xD;
&lt;p&gt;&amp;nbsp; &amp;nbsp; &amp;nbsp; &amp;nbsp; // &#x5982;&#x679C;&#x518D;&#x4E00;&#x6B21;&#x6383;&#x63CF;&#x4E2D;&lt;span style="color:#0000ff"&gt;&#x6C92;&#x6709;&#x9032;&#x884C;&#x4EFB;&#x4F55;&#x4EA4;&#x63DB;&#xFF0C;&#x8868;&#x793A;&#x53EF;&#x4EE5;&#x63D0;&#x65E9;&#x7D50;&#x675F;&lt;/span&gt;&lt;br /&gt;&#xD;
&amp;nbsp; &amp;nbsp; &amp;nbsp; &amp;nbsp; if (!sort_true_false) {&lt;br /&gt;&#xD;
&amp;nbsp; &amp;nbsp; &amp;nbsp; &amp;nbsp; &amp;nbsp; &amp;nbsp; cout &amp;lt;&amp;lt; &amp;quot;&#x63D0;&#x65E9;&#x7D50;&#x675F;&#x3002;\n&amp;quot;;&lt;br /&gt;&#xD;
&amp;nbsp; &amp;nbsp; &amp;nbsp; &amp;nbsp; &amp;nbsp; &amp;nbsp; break;&lt;br /&gt;&#xD;
&amp;nbsp; &amp;nbsp; &amp;nbsp; &amp;nbsp; }&lt;br /&gt;&#xD;
&amp;nbsp; &amp;nbsp; }&lt;br /&gt;&#xD;
}&lt;/p&gt;&#xD;
&#xD;
&lt;p&gt;int main() {&lt;br /&gt;&#xD;
&amp;nbsp; &amp;nbsp; vector&amp;lt;int&amp;gt; arr = {5, 2, 9, 1, 5, 6};&lt;br /&gt;&#xD;
&amp;nbsp; &amp;nbsp;&amp;nbsp;&lt;br /&gt;&#xD;
&amp;nbsp; &amp;nbsp; cout &amp;lt;&amp;lt; &amp;quot;&#x672A;&#x6392;&#x5E8F;&#x6578;&#x5217;&#xFF1A;&amp;quot;;&lt;br /&gt;&#xD;
&amp;nbsp; &amp;nbsp; for (int num : arr) {&lt;br /&gt;&#xD;
&amp;nbsp; &amp;nbsp; &amp;nbsp; &amp;nbsp; cout &amp;lt;&amp;lt; num &amp;lt;&amp;lt; &amp;quot; &amp;quot;;&lt;br /&gt;&#xD;
&amp;nbsp; &amp;nbsp; }&lt;/p&gt;&#xD;
&#xD;
&lt;p&gt;&amp;nbsp; &amp;nbsp; cout &amp;lt;&amp;lt; endl;&lt;/p&gt;&#xD;
&#xD;
&lt;p&gt;&amp;nbsp; &amp;nbsp; // &#x547C;&#x53EB;&#x6C23;&#x6CE1;&#x6392;&#x5E8F;&lt;br /&gt;&#xD;
&amp;nbsp; &amp;nbsp; bubbleSort(arr);&lt;/p&gt;&#xD;
&#xD;
&lt;p&gt;&amp;nbsp; &amp;nbsp; cout &amp;lt;&amp;lt; &amp;quot;&#x6392;&#x5E8F;&#x5F8C;&#x6578;&#x5217;&#xFF1A;&amp;quot;;&lt;br /&gt;&#xD;
&amp;nbsp; &amp;nbsp; for (int num : arr) {&lt;br /&gt;&#xD;
&amp;nbsp; &amp;nbsp; &amp;nbsp; &amp;nbsp; cout &amp;lt;&amp;lt; num &amp;lt;&amp;lt; &amp;quot; &amp;quot;;&lt;br /&gt;&#xD;
&amp;nbsp; &amp;nbsp; }&lt;/p&gt;&#xD;
&#xD;
&lt;p&gt;&amp;nbsp; &amp;nbsp; return 0;&lt;br /&gt;&#xD;
}&lt;/p&gt; </content>
  <attach></attach>
  <rcount></rcount>
  <rank></rank>
  <hit>33</hit>
  <lang>1</lang>
</data>
