<?xml version="1.0"?>
<data version="3.0" time="2024-07-19 08:50:53" type="post" filename="b000000001.xml">
  <open_time>0000-00-00</open_time>
  <close_time>0000-00-00</close_time>
  <lang_name>Big5</lang_name>
  <board_id>1001305437</board_id>
  <node>000000001</node>
  <site>1000110001</site>
  <pt>2023-11-23 17:08:29</pt>
  <poster>11127229</poster>
  <realname>&#x5ED6;&#x7FCA;&#x5D34;  </realname>
  <email>willy.liao921118@gmail.com</email>
  <homepage> </homepage>
  <subject>206. &#x64B0;&#x5BEB;&#x7A0B;&#x5F0F;&#x78BC;&#x8AAA;&#x660E;&#x6C23;&#x6CE1;&#x6392;&#x5E8F;bubble sort&#x5982;&#x4F55;&#x63D0;&#x65E9;&#x7D50;&#x675F;&#x57F7;&#x884C;&#x3002; </subject>
  <content>&lt;p&gt;&lt;span style="font-size:12px"&gt;&lt;span style="font-family:Arial,Helvetica,sans-serif"&gt;# include &amp;lt;iostream&amp;gt;&lt;br /&gt;&#xD;
using namespace std ;&lt;/span&gt;&lt;/span&gt;&lt;/p&gt;&#xD;
&#xD;
&lt;p&gt;&lt;span style="font-size:12px"&gt;&lt;span style="font-family:Arial,Helvetica,sans-serif"&gt;void bubbleSort( int arr[], int n ) {&lt;br /&gt;&#xD;
&amp;nbsp; &amp;nbsp; for ( int i = 0 ; i &amp;lt; n ; i++ ) {&lt;br /&gt;&#xD;
&amp;nbsp; &amp;nbsp; &amp;nbsp; &amp;nbsp; bool swapped = false ; &amp;nbsp;// &#x521D;&#x59CB;&#x5316;&#x6A19;&#x8A8C;&#xFF0C;&#x5176;&#x8868;&#x793A;&#x672C;&#x8F2A;&#x662F;&#x5426;&#x6709;&#x9032;&#x884C;&#x4EA4;&#x63DB;&lt;/span&gt;&lt;/span&gt;&lt;/p&gt;&#xD;
&#xD;
&lt;p&gt;&lt;span style="font-size:12px"&gt;&lt;span style="font-family:Arial,Helvetica,sans-serif"&gt;&amp;nbsp; &amp;nbsp; &amp;nbsp; &amp;nbsp; for ( int j = 0 ; j &amp;lt; n - i - 1 ; j++ ) {&amp;nbsp;&lt;/span&gt;&lt;br /&gt;&#xD;
&lt;span style="font-family:Arial,Helvetica,sans-serif"&gt;&amp;nbsp; &amp;nbsp; &amp;nbsp; &amp;nbsp; &amp;nbsp; &amp;nbsp; if ( arr[j] &amp;gt; arr[j + 1] ) { &amp;nbsp;// &#x5982;&#x679C;&#x76F8;&#x9130;&#x7684;&#x5143;&#x7D20;&#x9806;&#x5E8F;&#x932F;&#x8AA4;&#xFF0C;&#x9032;&#x884C;&#x4EA4;&#x63DB;&lt;br /&gt;&#xD;
&amp;nbsp; &amp;nbsp; &amp;nbsp; &amp;nbsp; &amp;nbsp; &amp;nbsp; &amp;nbsp; &amp;nbsp; swap( arr[j], arr[j + 1] ) ;&lt;br /&gt;&#xD;
&amp;nbsp; &amp;nbsp; &amp;nbsp; &amp;nbsp; &amp;nbsp; &amp;nbsp; &amp;nbsp; &amp;nbsp; swapped = true ; &amp;nbsp;// &#x8A2D;&#x7F6E;&#x6A19;&#x8A8C;&#x70BA;true&#xFF0C;&#x8868;&#x793A;&#x6709;&#x9032;&#x884C;&#x4EA4;&#x63DB;&lt;br /&gt;&#xD;
&amp;nbsp; &amp;nbsp; &amp;nbsp; &amp;nbsp; }&amp;nbsp;&lt;/span&gt;&lt;/span&gt;&lt;/p&gt;&#xD;
&#xD;
&lt;p&gt;&lt;span style="font-size:12px"&gt;&lt;span style="font-family:Arial,Helvetica,sans-serif"&gt;&amp;nbsp; &amp;nbsp; &amp;nbsp; &amp;nbsp; if ( !swapped ) break ; &amp;nbsp;// &#x5982;&#x679C;&#x672C;&#x8F2A;&#x6C92;&#x6709;&#x9032;&#x884C;&#x4EA4;&#x63DB;&#xFF0C;&#x8868;&#x793A;&#x6578;&#x5217;&#x5DF2;&#x7D93;&#x6709;&#x5E8F;&#xFF0C;&#x63D0;&#x524D;&#x7D50;&#x675F;&#x6392;&#x5E8F;&lt;br /&gt;&#xD;
&amp;nbsp; &amp;nbsp; }&amp;nbsp;&lt;br /&gt;&#xD;
}&amp;nbsp;&lt;/span&gt;&lt;/span&gt;&lt;/p&gt;&#xD;
&#xD;
&lt;p&gt;&lt;br /&gt;&#xD;
&lt;span style="font-size:12px"&gt;&lt;span style="font-family:Arial,Helvetica,sans-serif"&gt;int main() {&lt;br /&gt;&#xD;
&amp;nbsp; &amp;nbsp; int arr[] = { 64, 34, 25, 12, 22, 11, 90 } ; &amp;nbsp;// &#x4F8B;&#x5B50;&lt;/span&gt;&lt;/span&gt;&lt;/p&gt;&#xD;
&#xD;
&lt;p&gt;&lt;span style="font-size:12px"&gt;&lt;span style="font-family:Arial,Helvetica,sans-serif"&gt;&amp;nbsp; &amp;nbsp; bubbleSort( arr, 7 ) ; &amp;nbsp;// &#x547C;&#x53EB;&#x6C23;&#x6CE1;&#x6392;&#x5E8F;&#x51FD;&#x6578;&lt;/span&gt;&lt;/span&gt;&lt;/p&gt;&#xD;
&#xD;
&lt;p&gt;&lt;span style="font-size:12px"&gt;&lt;span style="font-family:Arial,Helvetica,sans-serif"&gt;&amp;nbsp; &amp;nbsp; cout &amp;lt;&amp;lt; &amp;quot;&#x6392;&#x5E8F;&#x5F8C;&#x7684;&#x6578;&#x5217;: &amp;quot; ; &amp;nbsp;// &#x8F38;&#x51FA;&#x6392;&#x5E8F;&#x5F8C;&#x7684;&#x6578;&#x5217;&lt;br /&gt;&#xD;
&amp;nbsp; &amp;nbsp; for ( auto &amp;amp; arr : arr )&lt;br /&gt;&#xD;
&amp;nbsp; &amp;nbsp; &amp;nbsp; &amp;nbsp; cout &amp;lt;&amp;lt; arr &amp;lt;&amp;lt; &amp;quot; &amp;quot; ;&lt;/span&gt;&lt;/span&gt;&lt;/p&gt;&#xD;
&#xD;
&lt;p&gt;&lt;span style="font-size:12px"&gt;&lt;span style="font-family:Arial,Helvetica,sans-serif"&gt;&amp;nbsp; &amp;nbsp; cout &amp;lt;&amp;lt; endl ;&lt;br /&gt;&#xD;
&amp;nbsp; &amp;nbsp; return 0 ;&lt;br /&gt;&#xD;
} &amp;nbsp;&lt;/span&gt;&lt;/span&gt;&lt;/p&gt;</content>
  <attach></attach>
  <rcount></rcount>
  <rank></rank>
  <hit>23</hit>
  <lang>1</lang>
</data>
