<?xml version="1.0"?>
<data version="3.0" time="2024-07-19 08:50:53" type="post" filename="b000000005.xml">
  <open_time>0000-00-00</open_time>
  <close_time>0000-00-00</close_time>
  <lang_name>Big5</lang_name>
  <board_id>1001305437</board_id>
  <node>000000005</node>
  <site>1000110001</site>
  <pt>2023-11-28 20:24:17</pt>
  <poster>11127223</poster>
  <realname>&#x9673;&#x90C1;&#x8C4A;  </realname>
  <email>chenyuli921021@icloud.com</email>
  <homepage> </homepage>
  <subject>209. &#x64B0;&#x5BEB;&#x7A0B;&#x5F0F;&#x78BC;&#x6307;&#x51FA;&#x5F71;&#x97FF;&#x63D2;&#x5165;&#x6392;&#x5E8F;insertion sort&#x662F;&#x5426;&#x7A69;&#x5B9A;stable&#x7684;&#x95DC;&#x9375;&#x6307;&#x4EE4;&#x3002; </subject>
  <content>&lt;p&gt;//&#x64B0;&#x5BEB;&#x7A0B;&#x5F0F;&#x78BC;&#x6307;&#x51FA;&#x5F71;&#x97FF;&#x63D2;&#x5165;&#x6392;&#x5E8F;insertion sort&#x662F;&#x5426;&#x7A69;&#x5B9A;stable&#x7684;&#x95DC;&#x9375;&#x6307;&#x4EE4;&#x3002;&lt;/p&gt;&#xD;
&#xD;
&lt;p&gt;#include &amp;lt;iostream&amp;gt;&lt;/p&gt;&#xD;
&#xD;
&lt;p&gt;using namespace std;&lt;/p&gt;&#xD;
&#xD;
&lt;p&gt;int main() {&lt;/p&gt;&#xD;
&#xD;
&lt;p&gt;&amp;nbsp; int n;&lt;/p&gt;&#xD;
&#xD;
&lt;p&gt;&amp;nbsp; // input&lt;/p&gt;&#xD;
&#xD;
&lt;p&gt;&amp;nbsp; cin &amp;gt;&amp;gt; n;&lt;/p&gt;&#xD;
&#xD;
&lt;p&gt;&amp;nbsp; int *arr = new int[ n ];&lt;/p&gt;&#xD;
&#xD;
&lt;p&gt;&amp;nbsp; for ( int i = 0 ; i &amp;lt; n ; i++ ) {&lt;/p&gt;&#xD;
&#xD;
&lt;p&gt;&amp;nbsp; &amp;nbsp; cin &amp;gt;&amp;gt; arr[ i ];&lt;/p&gt;&#xD;
&#xD;
&lt;p&gt;&amp;nbsp; } // for&lt;/p&gt;&#xD;
&#xD;
&lt;p&gt;&amp;nbsp; // insertion sort&lt;/p&gt;&#xD;
&#xD;
&lt;p&gt;&amp;nbsp; // n is the length of arr&lt;/p&gt;&#xD;
&#xD;
&lt;p&gt;&amp;nbsp; for ( int i = 1 ; i &amp;lt; n ; i++ ) {&lt;/p&gt;&#xD;
&#xD;
&lt;p&gt;&amp;nbsp; &amp;nbsp; int key = arr[ i ];&lt;/p&gt;&#xD;
&#xD;
&lt;p&gt;&amp;nbsp; &amp;nbsp; int j = i - 1;&lt;/p&gt;&#xD;
&#xD;
&lt;p&gt;&amp;nbsp; &amp;nbsp; while ( j &amp;gt;= 0 &amp;amp;&amp;amp; arr[ j ] &amp;gt; key ) {&lt;/p&gt;&#xD;
&#xD;
&lt;p&gt;&amp;nbsp; &amp;nbsp; &amp;nbsp; /*&lt;/p&gt;&#xD;
&#xD;
&lt;p&gt;&amp;nbsp; &amp;nbsp; &amp;nbsp; &#x95DC;&#x9375;&#x5728;while&#x7684;&#x689D;&#x4EF6;&#xFF0C;&#x7528; arr[ j ] &amp;gt; key &#x4F86;&#x5224;&#x65B7;&#x662F;&#x5426;&#x8981;&#x5C07; arr[ j ] &#x5F80;&#x5F8C;&#x79FB;&lt;/p&gt;&#xD;
&#xD;
&lt;p&gt;&amp;nbsp; &amp;nbsp; &amp;nbsp; &#x5728;&#x9047;&#x5230;&#x76F8;&#x540C;&#x7684;&#x6578;&#x5B57;&#x6642;&#xFF0C;&#x6703;&#x7D50;&#x675F;&#x8FF4;&#x5708;&#xFF0C;&#x628A;&#x81EA;&#x5DF1;&#x653E;&#x5728;&#x5DF2;&#x7D93;&#x88AB;&#x6392;&#x5E8F;&#x904E;&#x7684;&#x6578;&#x5B57;&#xFF08;&#x76F8;&#x540C;&#x4E14;&#x4F4D;&#x7F6E;&#x5728;&#x81EA;&#x5DF1;&#x524D;&#x9762;&#x7684;&#x6578;&#x5B57;&#xFF09;&#x7684;&#x5F8C;&#x9762;&lt;/p&gt;&#xD;
&#xD;
&lt;p&gt;&amp;nbsp; &amp;nbsp; &amp;nbsp; &#x9019;&#x6A23;&#x5C31;&#x4E0D;&#x6703;&#x6539;&#x8B8A;&#x76F8;&#x540C;&#x6578;&#x5B57;&#x7684;&#x76F8;&#x5C0D;&#x4F4D;&#x7F6E;&lt;/p&gt;&#xD;
&#xD;
&lt;p&gt;&amp;nbsp; &amp;nbsp; &amp;nbsp; */&lt;/p&gt;&#xD;
&#xD;
&lt;p&gt;&amp;nbsp; &amp;nbsp; &amp;nbsp; arr[ j + 1 ] = arr[ j ];&lt;/p&gt;&#xD;
&#xD;
&lt;p&gt;&amp;nbsp; &amp;nbsp; &amp;nbsp; j--;&lt;/p&gt;&#xD;
&#xD;
&lt;p&gt;&amp;nbsp; &amp;nbsp; } // while&lt;/p&gt;&#xD;
&#xD;
&lt;p&gt;&amp;nbsp; &amp;nbsp; arr[ j + 1 ] = key; //&amp;nbsp;&#x628A;&#x81EA;&#x5DF1;&#x653E;&#x5728;&#x5DF2;&#x7D93;&#x88AB;&#x6392;&#x5E8F;&#x904E;&#x7684;&#x6578;&#x5B57;&#xFF08;&#x76F8;&#x540C;&#x4E14;&#x4F4D;&#x7F6E;&#x5728;&#x81EA;&#x5DF1;&#x524D;&#x9762;&#x7684;&#x6578;&#x5B57;&#xFF09;&#x7684;&#x5F8C;&#x9762;&lt;/p&gt;&#xD;
&#xD;
&lt;p&gt;&amp;nbsp; } // for&lt;/p&gt;&#xD;
&#xD;
&lt;p&gt;&amp;nbsp; // output&lt;/p&gt;&#xD;
&#xD;
&lt;p&gt;&amp;nbsp; for ( int i = 0 ; i &amp;lt; n ; i++ ) {&lt;/p&gt;&#xD;
&#xD;
&lt;p&gt;&amp;nbsp; &amp;nbsp; cout &amp;lt;&amp;lt; arr[ i ] &amp;lt;&amp;lt; &amp;quot; &amp;quot;;&lt;/p&gt;&#xD;
&#xD;
&lt;p&gt;&amp;nbsp; } // for&lt;/p&gt;&#xD;
&#xD;
&lt;p&gt;&amp;nbsp; cout &amp;lt;&amp;lt; endl;&lt;/p&gt;&#xD;
&#xD;
&lt;p&gt;&amp;nbsp; return 0;&lt;/p&gt;&#xD;
&#xD;
&lt;p&gt;} // main&lt;/p&gt;</content>
  <attach>209.cpp	WM6565dbec8f0fa.cpp</attach>
  <rcount></rcount>
  <rank></rank>
  <hit>13</hit>
  <lang>1</lang>
</data>
