<?xml version="1.0"?>
<data version="3.0" time="2024-07-19 08:50:53" type="post" filename="b000000006.xml">
  <open_time>0000-00-00</open_time>
  <close_time>0000-00-00</close_time>
  <lang_name>Big5</lang_name>
  <board_id>1001305437</board_id>
  <node>000000006</node>
  <site>1000110001</site>
  <pt>2023-12-05 12:55:14</pt>
  <poster>11127201</poster>
  <realname>&#x9673;&#x54C1;&#x59A4;  </realname>
  <email>penguin930707@gmail.com</email>
  <homepage>  </homepage>
  <subject>207. &#x8209;&#x4F8B;&#x89E3;&#x8AAA;&#x9078;&#x64C7;&#x6392;&#x5E8F;selection sort&#x4E26;&#x975E;&#x7A69;&#x5B9A;stable&#x7684;&#x6392;&#x5E8F;&#x65B9;&#x6CD5; </subject>
  <content>&lt;p&gt;&#x5047;&#x8A2D;&#x6709;&#x4E00;&#x500B;&#x9663;&#x5217; [5a, 2, 5b, 1]&#xFF0C;&#x5176;&#x4E2D; 5a &#x548C; 5b &#x5206;&#x5225;&#x4EE3;&#x8868;&#x5169;&#x500B;&#x503C;&#x76F8;&#x540C;&#x7684;&#x5143;&#x7D20;&#x3002;&#x5982;&#x679C;&#x4F7F;&#x7528;&#x9078;&#x64C7;&#x6392;&#x5E8F;&#xFF0C;&#x6F14;&#x7B97;&#x6CD5;&#x53EF;&#x80FD;&#x6703;&#x5148;&#x627E;&#x5230;&#x6578;&#x7D44;&#x4E2D;&#x7684;&#x6700;&#x5C0F;&#x503C; 1&#xFF0C;&#x7136;&#x5F8C;&#x5C07;&#x5176;&#x8207;&#x7B2C;&#x4E00;&#x500B; 5a &#x4EA4;&#x63DB;&#x3002;&#x9019;&#x5C0E;&#x81F4;&#x4E86;&#x539F;&#x672C;&#x76F8;&#x540C;&#x7684;&#x5169;&#x500B; 5a &#x7684;&#x76F8;&#x5C0D;&#x4F4D;&#x7F6E;&#x767C;&#x751F;&#x4E86;&#x6539;&#x8B8A;&#xFF0C;&#x6392;&#x5E8F;&#x5F8C;&#x7684;&#x7D50;&#x679C;&#x53EF;&#x80FD;&#x662F; [1, 2, 5b, 5a]&#xFF0C;&#x5728;&#x7A69;&#x5B9A;&#x7684;&#x6392;&#x5E8F;&#x6F14;&#x7B97;&#x6CD5;&#x4E2D;&#xFF0C;&#x5982;&#x679C;&#x6709;&#x5169;&#x500B;&#x76F8;&#x7B49;&#x7684;&#x5143;&#x7D20;&#xFF0C;&#x6392;&#x5E8F;&#x5F8C;&#x5B83;&#x5011;&#x7684;&#x76F8;&#x5C0D;&#x4F4D;&#x7F6E;&#x4FDD;&#x6301;&#x4E0D;&#x8B8A;&#xFF0C;&#x800C;&#x9078;&#x64C7;&#x6392;&#x5E8F;&#x6703;&#x6539;&#x8B8A;&#x4F4D;&#x7F6E;&#x56E0;&#x6B64;&#x662F;&#x975E;&#x7A69;&#x5B9A;&#x3002;&lt;/p&gt; </content>
  <attach></attach>
  <rcount></rcount>
  <rank></rank>
  <hit>14</hit>
  <lang>1</lang>
</data>
