<?xml version="1.0"?>
<data version="3.0" time="2024-07-19 08:50:53" type="post" filename="b000000002.xml">
  <open_time>0000-00-00</open_time>
  <close_time>0000-00-00</close_time>
  <lang_name>Big5</lang_name>
  <board_id>1001305437</board_id>
  <node>000000002</node>
  <site>1000110001</site>
  <pt>2023-11-24 17:19:34</pt>
  <poster>11020126</poster>
  <realname>&#x912D;&#x7950;&#x6600;  </realname>
  <email>carry0987@gmail.com</email>
  <homepage>  </homepage>
  <subject>208. &#x64B0;&#x5BEB;&#x7A0B;&#x5F0F;&#x78BC;&#x6307;&#x51FA;&#x5F71;&#x97FF;&#x6C23;&#x6CE1;&#x6392;&#x5E8F;&#x662F;&#x5426;&#x7A69;&#x5B9A;stable&#x7684;&#x95DC;&#x9375;&#x6307;&#x4EE4;&#x3002; </subject>
  <content>&lt;p&gt;&#x6C23;&#x6CE1;&#x6392;&#x5E8F;&#x662F;&#x4E00;&#x7A2E;&#x901A;&#x904E;&#x53CD;&#x8986;&#x904D;&#x6B77;&#x8981;&#x6392;&#x5E8F;&#x7684;&#x6578;&#x5217;&#xFF0C;&#x6BD4;&#x8F03;&#x6BCF;&#x5C0D;&#x76F8;&#x9130;&#x5143;&#x7D20;&#xFF0C;&#x4E26;&#x5C07;&#x5B83;&#x5011;&#x7684;&#x9806;&#x5E8F;&#x5C0D;&#x8ABF;&#xFF08;&#x5982;&#x679C;&#x5B83;&#x5011;&#x7684;&#x9806;&#x5E8F;&#x932F;&#x8AA4;&#xFF09;&#x7684;&#x6F14;&#x7B97;&#x6CD5;&#x3002;&#x7A69;&#x5B9A;&#x6027;&#x6307;&#x7684;&#x662F;&#x6392;&#x5E8F;&#x7B97;&#x6CD5;&#x80FD;&#x5426;&#x4FDD;&#x6301;&#x76F8;&#x540C;&#x5143;&#x7D20;&#x539F;&#x59CB;&#x7684;&#x76F8;&#x5C0D;&#x9806;&#x5E8F;&#x4E0D;&#x8B8A;&#xFF1B;&#x5982;&#x679C;&#x7B97;&#x6CD5;&#x80FD;&#x505A;&#x5230;&#x9019;&#x4E00;&#x9EDE;&#xFF0C;&#x5B83;&#x5C31;&#x662F;&#x7A69;&#x5B9A;&#x7684;&#x3002;&lt;/p&gt;&#xD;
&#xD;
&lt;p&gt;&#x5728;&#x505A;&#x6C23;&#x6CE1;&#x6392;&#x5E8F;&#x6642;&#xFF0C;&#x5982;&#x679C;&#x9047;&#x5230;&#x5169;&#x500B;&#x4E00;&#x6A23;&#x7684;&#x6578;&#xFF0C;&#x70BA;&#x4E86;&#x4FDD;&#x6301;&#x6392;&#x5E8F;&#x7684;&#x7A69;&#x5B9A;&#x6027;&#xFF0C;&#x6211;&#x5011;&#x4E0D;&#x61C9;&#x8A72;&#x4EA4;&#x63DB;&#x5B83;&#x5011;&#x7684;&#x4F4D;&#x7F6E;&#x3002;&#x7A69;&#x5B9A;&#x7684;&#x6C23;&#x6CE1;&#x6392;&#x5E8F;&#x6703;&#x78BA;&#x4FDD;&#x9019;&#x4E9B;&#x76F8;&#x540C;&#x7684;&#x6578;&#x5728;&#x6392;&#x5E8F;&#x5B8C;&#x6210;&#x5F8C;&#xFF0C;&#x5B83;&#x5011;&#x7684;&#x524D;&#x5F8C;&#x9806;&#x5E8F;&#x548C;&#x5728;&#x672A;&#x6392;&#x5E8F;&#x4E4B;&#x524D;&#x662F;&#x4E00;&#x6A23;&#x7684;&#x3002;&lt;/p&gt;&#xD;
&#xD;
&lt;p&gt;&#x7C21;&#x55AE;&#x4F86;&#x8AAA;&#xFF0C;&#x70BA;&#x4E86;&#x8B93;&#x6C23;&#x6CE1;&#x6392;&#x5E8F;&#x4FDD;&#x6301;&#x7A69;&#x5B9A;&#xFF0C;&#x95DC;&#x9375;&#x662F;&#x76F8;&#x7B49;&#x7684;&#x5143;&#x7D20;&#x4E0D;&#x53EF;&#x4EE5;&#x4EA4;&#x63DB;&#x4F4D;&#x7F6E;&#x3002;&#x5728;&#x4E00;&#x500B;&#x7D93;&#x5178;&#x7684;&#x6C23;&#x6CE1;&#x6392;&#x5E8F;&#x5BE6;&#x73FE;&#x4E2D;&#xFF0C;&#x9019;&#x500B;&#x7A69;&#x5B9A;&#x6027;&#x662F;&#x81EA;&#x7136;&#x9054;&#x6210;&#x7684;&#xFF0C;&#x56E0;&#x70BA;&#x7576;&#x5169;&#x500B;&#x5143;&#x7D20;&#x76F8;&#x7B49;&#x6642;&#x7B97;&#x6CD5;&#x4E0D;&#x6703;&#x505A;&#x4EFB;&#x4F55;&#x52D5;&#x4F5C;&#x3002;&#x9019;&#x5C31;&#x610F;&#x5473;&#x8457;&#x7B49;&#x503C;&#x7684;&#x5143;&#x7D20;&#x6703;&#x4FDD;&#x6301;&#x5B83;&#x5011;&#x539F;&#x59CB;&#x7684;&#x9806;&#x5E8F;&#xFF0C;&#x5F9E;&#x800C;&#x4F7F;&#x6392;&#x5E8F;&#x904E;&#x7A0B;&#x662F;&#x7A69;&#x5B9A;&#x7684;&#x3002;&lt;/p&gt;&#xD;
&#xD;
&lt;p&gt;&#x4EE5;&#x4E0B;&#x662F;&#x7BC4;&#x76F8;&#x95DC;&#x7684;C++&#x7BC4;&#x4F8B;&lt;/p&gt;&#xD;
&#xD;
&lt;blockquote&gt;&#xD;
&lt;p&gt;#include &amp;lt;iostream&amp;gt;&lt;br /&gt;&#xD;
#include &amp;lt;vector&amp;gt;&lt;/p&gt;&#xD;
&#xD;
&lt;p&gt;void bubbleSort(std::vector&amp;lt;int&amp;gt;&amp;amp; arr) {&lt;br /&gt;&#xD;
&amp;nbsp; &amp;nbsp; int n = arr.size();&lt;br /&gt;&#xD;
&amp;nbsp; &amp;nbsp; bool swapped;&lt;/p&gt;&#xD;
&#xD;
&lt;p&gt;&amp;nbsp; &amp;nbsp; for(int i = 0; i &amp;lt; n - 1; i++) {&lt;br /&gt;&#xD;
&amp;nbsp; &amp;nbsp; &amp;nbsp; &amp;nbsp; swapped = false;&lt;br /&gt;&#xD;
&amp;nbsp; &amp;nbsp; &amp;nbsp; &amp;nbsp; for(int j = 0; j &amp;lt; n - i - 1; j++) {&lt;br /&gt;&#xD;
&amp;nbsp; &amp;nbsp; &amp;nbsp; &amp;nbsp; &amp;nbsp; &amp;nbsp; // &#x95DC;&#x9375;&#x9EDE;&#x5728;&#x65BC;&#x4F7F;&#x7528; &amp;quot;&#x5C0F;&#x65BC;&#x7B49;&#x65BC;&amp;quot; &#x64CD;&#x4F5C;&lt;br /&gt;&#xD;
&amp;nbsp; &amp;nbsp; &amp;nbsp; &amp;nbsp; &amp;nbsp; &amp;nbsp; // &#x9019;&#x6703;&#x5C0E;&#x81F4;&#x76F8;&#x540C;&#x503C;&#x7684;&#x5143;&#x7D20;&#x4E0D;&#x6703;&#x4EA4;&#x63DB;&lt;br /&gt;&#xD;
&amp;nbsp; &amp;nbsp; &amp;nbsp; &amp;nbsp; &amp;nbsp; &amp;nbsp; if (arr[j] &amp;gt; arr[j + 1]) {&lt;br /&gt;&#xD;
&amp;nbsp; &amp;nbsp; &amp;nbsp; &amp;nbsp; &amp;nbsp; &amp;nbsp; &amp;nbsp; &amp;nbsp; // &#x4EA4;&#x63DB;arr[j]&#x548C;arr[j + 1]&lt;br /&gt;&#xD;
&amp;nbsp; &amp;nbsp; &amp;nbsp; &amp;nbsp; &amp;nbsp; &amp;nbsp; &amp;nbsp; &amp;nbsp; std::swap(arr[j], arr[j + 1]);&lt;br /&gt;&#xD;
&amp;nbsp; &amp;nbsp; &amp;nbsp; &amp;nbsp; &amp;nbsp; &amp;nbsp; &amp;nbsp; &amp;nbsp; swapped = true;&lt;br /&gt;&#xD;
&amp;nbsp; &amp;nbsp; &amp;nbsp; &amp;nbsp; &amp;nbsp; &amp;nbsp; }&lt;br /&gt;&#xD;
&amp;nbsp; &amp;nbsp; &amp;nbsp; &amp;nbsp; }&lt;/p&gt;&#xD;
&#xD;
&lt;p&gt;&amp;nbsp; &amp;nbsp; &amp;nbsp; &amp;nbsp; // &#x5982;&#x679C;&#x5728;&#x67D0;&#x4E00;&#x8F2A;&#x6C92;&#x6709;&#x767C;&#x751F;&#x4EA4;&#x63DB;&#xFF0C;&#x5247;&#x8868;&#x793A;&#x9663;&#x5217;&#x5DF2;&#x6392;&#x5E8F;&#x597D;&lt;br /&gt;&#xD;
&amp;nbsp; &amp;nbsp; &amp;nbsp; &amp;nbsp; if (!swapped)&lt;br /&gt;&#xD;
&amp;nbsp; &amp;nbsp; &amp;nbsp; &amp;nbsp; &amp;nbsp; &amp;nbsp; break;&lt;br /&gt;&#xD;
&amp;nbsp; &amp;nbsp; }&lt;br /&gt;&#xD;
}&lt;/p&gt;&#xD;
&#xD;
&lt;p&gt;int main() {&lt;br /&gt;&#xD;
&amp;nbsp; &amp;nbsp; std::vector&amp;lt;int&amp;gt; arr = {64, 34, 25, 12, 22, 11, 90};&lt;br /&gt;&#xD;
&amp;nbsp; &amp;nbsp; bubbleSort(arr);&lt;/p&gt;&#xD;
&#xD;
&lt;p&gt;&amp;nbsp; &amp;nbsp; std::cout &amp;lt;&amp;lt; &amp;quot;Sorted array: \n&amp;quot;;&lt;br /&gt;&#xD;
&amp;nbsp; &amp;nbsp; for (int i = 0; i &amp;lt; arr.size(); i++)&lt;br /&gt;&#xD;
&amp;nbsp; &amp;nbsp; &amp;nbsp; &amp;nbsp; std::cout &amp;lt;&amp;lt; arr[i] &amp;lt;&amp;lt; &amp;quot; &amp;quot;;&lt;br /&gt;&#xD;
&amp;nbsp; &amp;nbsp; std::cout &amp;lt;&amp;lt; std::endl;&lt;/p&gt;&#xD;
&#xD;
&lt;p&gt;&amp;nbsp; &amp;nbsp; return 0;&lt;br /&gt;&#xD;
}&lt;/p&gt;&#xD;
&lt;/blockquote&gt;&#xD;
&#xD;
&lt;p&gt;&#x5728;&#x4E0A;&#x9762;&#x7684;&#x7A0B;&#x5F0F;&#x78BC;&#x4E2D;&#xFF0C;&#x8981;&#x7DAD;&#x6301;&#x6C23;&#x6CE1;&#x6392;&#x5E8F;&#x7684;&#x7A69;&#x5B9A;&#x6027;&#xFF0C;&#x6CE8;&#x91CD;&#x7684;&#x662F;&#x5728;&#x5167;&#x5C64;&#x5FAA;&#x74B0;&#x9047;&#x5230;&#x76F8;&#x7B49;&#x5143;&#x7D20;&#x6642;&#x4E0D;&#x9032;&#x884C;&#x4EA4;&#x63DB;&#x3002;&#x96D6;&#x7136;&#x9019;&#x88E1;&#x6C92;&#x6709;&#x660E;&#x78BA;&#x4F7F;&#x7528;&amp;quot;&#x5C0F;&#x65BC;&#x7B49;&#x65BC;&amp;quot;&#x4F86;&#x9032;&#x884C;&#x6BD4;&#x8F03;&#xFF08;&#x56E0;&#x70BA;&#x9019;&#x6703;&#x9020;&#x6210;&#x4E0D;&#x5FC5;&#x8981;&#x7684;&#x4EA4;&#x63DB;&#xFF09;&#xFF0C;&#x4F46;&#x907F;&#x514D;&#x4E86;&#x5C0D;&#x7B49;&#x503C;&#x7684;&#x5143;&#x7D20;&#x9032;&#x884C;&#x4EA4;&#x63DB;&#xFF0C;&#x56E0;&#x70BA;&#x5B83;&#x53EA;&#x5728; `arr[j] &amp;gt; arr[j + 1]` &#x7684;&#x60C5;&#x6CC1;&#x4E0B;&#x9032;&#x884C;&#x4EA4;&#x63DB;&#x3002;&lt;br /&gt;&#xD;
&amp;nbsp;&lt;/p&gt; </content>
  <attach></attach>
  <rcount></rcount>
  <rank></rank>
  <hit>20</hit>
  <lang>1</lang>
</data>
