<?xml version="1.0"?>
<data version="3.0" time="2024-07-19 09:05:14" type="post" filename="b000000009000000002.xml">
  <open_time>0000-00-00</open_time>
  <close_time>0000-00-00</close_time>
  <lang_name>Big5</lang_name>
  <board_id>1001162650</board_id>
  <node>000000009000000002</node>
  <site>1000110001</site>
  <pt>2022-10-24 21:59:57</pt>
  <poster>11813</poster>
  <realname>&#x5433;&#x5B9C;&#x9D3B;  </realname>
  <email>yhwu@cycu.edu.tw</email>
  <homepage>https://www.researchgate.net/profile/Yi-Hung-Wu-2  </homepage>
  <subject>Re: 124. &#x5408;&#x6CD5;&#x904B;&#x7B97;&#x5F0F;&#x82E5;&#x6709;&#x4E09;&#x7D44;&#x62EC;&#x5F27;&#xFF0C;&#x53EF;&#x4EE5;&#x6709;&#x5E7E;&#x7A2E;&#x4E0D;&#x540C;&#x7684;&#x5F62;&#x5F0F;&#xFF1F;&#x4F8B;&#x5982;()()()&#x548C;(()())&#x5C31;&#x662F;&#x4E8C;&#x7A2E;&#x4E0D;&#x540C;&#x7684;&#x5F62;&#x5F0F;&#x3002;  </subject>
  <content>&lt;p&gt;&lt;span style="color:#b22222"&gt;&#x8CBC;&#x6587;&#x4E4B;&#x524D;&#x8981;&#x770B;&#x770B;&#x524D;&#x9762;&#x7684;&#x8CBC;&#x6587;&#xFF0C;&#x6BEB;&#x7121;&#x65B0;&#x610F;&#x7684;&#x5167;&#x5BB9;&#x662F;&#x5F97;&#x4E0D;&#x5230;&#x984D;&#x5916;&#x52A0;&#x5206;&#x7684;&#x3002;&lt;/span&gt;&lt;/p&gt; </content>
  <attach></attach>
  <rcount></rcount>
  <rank></rank>
  <hit>1</hit>
  <lang>1</lang>
</data>
