<?xml version="1.0"?>
<data version="3.0" time="2024-07-19 09:05:14" type="post" filename="b000000012.xml">
  <open_time>0000-00-00</open_time>
  <close_time>0000-00-00</close_time>
  <lang_name>Big5</lang_name>
  <board_id>1001162650</board_id>
  <node>000000012</node>
  <site>1000110001</site>
  <pt>2022-10-25 23:10:44</pt>
  <poster>11027101</poster>
  <realname>&#x674E;&#x5EAD;&#x59A4;  </realname>
  <email>timi920714@gmail.com</email>
  <homepage>  </homepage>
  <subject>121. &#x8209;&#x4F8B;&#x8AAA;&#x660E;&#x4F7F;&#x7528;&#x74B0;&#x72C0;&#x93C8;&#x7D50;&#x4E32;&#x5217;Circularly linked list&#x7684;&#x60C5;&#x5883;&#x3002; </subject>
  <content>&lt;p&gt;&lt;span style="font-size:11px"&gt;&lt;span style="font-family:Arial,Helvetica,sans-serif"&gt;&#x74B0;&#x72C0;&#x93C8;&#x7D50;&#x4E32;&#x5217;&#x7684;&#x7279;&#x8272;&lt;/span&gt;&lt;/span&gt;&lt;/p&gt;&#xD;
&#xD;
&lt;p&gt;&lt;span style="font-size:11px"&gt;&lt;span style="font-family:Arial,Helvetica,sans-serif"&gt;&#x662F;&#x5C07;&#x55AE;&#x5411;&#x9023;&#x63A5;&#x4E32;&#x5217;&#x6700;&#x5F8C;&#x4E00;&#x500B;&#x7BC0;&#x9EDE;&#x6307;&#x5411;&#x4E32;&#x5217;&#x7684;&#x7B2C;&#x4E00;&#x500B;&#x7BC0;&#x9EDE;&#xFF0C;&#x800C;&#x975E;&#x50CF;&#x55AE;&#x5411;&#x93C8;&#x7D50;&#x4E32;&#x5217;&#x6307;&#x5411;null&#xFF0C;&#x4E14;&#x4E0D;&#x8AD6;&#x5F9E;&#x54EA;&#x500B;&#x7BC0;&#x9EDE;&#x958B;&#x59CB;&#x8B80;&#x53D6;&#xFF0C;&#x90FD;&#x80FD;&#x7D93;&#x904E;&#x7BC0;&#x9EDE;&#xFF0C;&#x6240;&#x4EE5;&#x600E;&#x9EBC;&#x524D;&#x9032;&#x90FD;&#x6703;&#x5FAA;&#x74B0;&#x3002;&amp;nbsp;&lt;/span&gt;&lt;/span&gt;&lt;/p&gt;&#xD;
&#xD;
&lt;p&gt;&lt;span style="font-size:11px"&gt;&lt;span style="font-family:Arial,Helvetica,sans-serif"&gt;&lt;span style="color:#303233"&gt;&#x5C0F;&#x6642;&#x5019;&#x7684;&#x73A9;&#x7684;&#x5718;&#x5EB7;&#x904A;&#x6232;&#x9B3C;&#x6293;&#x4EBA;&#xFF0C;&#x5927;&#x5BB6;&#x6703;&#x570D;&#x6210;&#x4E00;&#x500B;&#x5713;&#x5708;&#xFF0C;&#x5148;&#x9078;&#x4E00;&#x500B;&#x4EBA;&#x7576;&#x9B3C;&#xFF0C;&#x6703;&#x5728;&#x5713;&#x5708;&#x5916;&#x570D;&#x74B0;&#x9076;&#x5C0B;&#x627E;&#x4E0B;&#x624B;&#x7684;&#x76EE;&#x6A19;&#xFF0C;&#x5047;&#x8A2D;&#x9019;&#x500B;&#x9B3C;&#x62CD;&#x4E86;&#x4F60;&#x7684;&#x80CC;&#x4E00;&#x4E0B;&#xFF0C;&#x4F60;&#x5C31;&#x8981;&#x8D95;&#x5FEB;&#x7AD9;&#x8D77;&#x4F86;&#x8FFD;&#x4ED6;&#x3002;&lt;/span&gt;&#x5982;&#x679C;&#x8FFD;&#x5230;&#x4ED6;&#xFF0C;&#x4ED6;&#x5C31;&#x7E7C;&#x7E8C;&#x7576;&#x9B3C; ; &#x5982;&#x679C;&#x8B93;&#x9B3C;&#x8DD1;&#x4E00;&#x5708;&#xFF0C;&#x6436;&#x5750;&#x5728;&#x4F60;&#x539F;&#x672C;&#x7684;&#x4F4D;&#x7F6E;&#x4E0A;&#xFF0C;&#x90A3;&#x5C31;&#x8981;&#x63DB;&#x4F60;&#x7576;&#x9B3C;&#xFF0C;&#x4E14;&#x904E;&#x7A0B;&#x4E00;&#x5B9A;&#x6703;&#x7D93;&#x904E;&#x6240;&#x6709;&#x4EBA;&#x3002;&lt;/span&gt;&lt;/span&gt;&lt;/p&gt; </content>
  <attach></attach>
  <rcount></rcount>
  <rank></rank>
  <hit>9</hit>
  <lang>1</lang>
</data>
