<?xml version="1.0"?>
<data version="3.0" time="2024-07-19 09:05:14" type="post" filename="b000000009.xml">
  <open_time>0000-00-00</open_time>
  <close_time>0000-00-00</close_time>
  <lang_name>Big5</lang_name>
  <board_id>1001162650</board_id>
  <node>000000009</node>
  <site>1000110001</site>
  <pt>2022-10-24 17:32:23</pt>
  <poster>11027142</poster>
  <realname>&#x6797;&#x8559;&#x90C1;  </realname>
  <email>tiffanylin0914@gmail.com</email>
  <homepage> </homepage>
  <subject>124. &#x5408;&#x6CD5;&#x904B;&#x7B97;&#x5F0F;&#x82E5;&#x6709;&#x4E09;&#x7D44;&#x62EC;&#x5F27;&#xFF0C;&#x53EF;&#x4EE5;&#x6709;&#x5E7E;&#x7A2E;&#x4E0D;&#x540C;&#x7684;&#x5F62;&#x5F0F;&#xFF1F;&#x4F8B;&#x5982;()()()&#x548C;(()())&#x5C31;&#x662F;&#x4E8C;&#x7A2E;&#x4E0D;&#x540C;&#x7684;&#x5F62;&#x5F0F;&#x3002; </subject>
  <content>&lt;p&gt;&#x7E3D;&#x5171;&#x6709;&#x4E94;&#x7A2E;&#x4E0D;&#x540C;&#x5F62;&#x5F0F;&lt;/p&gt;&#xD;
&#xD;
&lt;p&gt;1.()()()&amp;nbsp;&lt;/p&gt;&#xD;
&#xD;
&lt;p&gt;2.((()))&amp;nbsp;&lt;/p&gt;&#xD;
&#xD;
&lt;p&gt;3.(())()&lt;/p&gt;&#xD;
&#xD;
&lt;p&gt;4.()(())&lt;/p&gt;&#xD;
&#xD;
&lt;p&gt;5.(()())&amp;nbsp;&lt;/p&gt;</content>
  <attach></attach>
  <rcount></rcount>
  <rank></rank>
  <hit>19</hit>
  <lang>1</lang>
</data>
