<?xml version="1.0"?>
<data version="3.0" time="2024-07-19 09:05:14" type="post" filename="b000000008000000002.xml">
  <open_time>0000-00-00</open_time>
  <close_time>0000-00-00</close_time>
  <lang_name>Big5</lang_name>
  <board_id>1001162650</board_id>
  <node>000000008000000002</node>
  <site>1000110001</site>
  <pt>2022-10-22 17:34:27</pt>
  <poster>11027102</poster>
  <realname>&#x4EC7;&#x701A;&#x6176;  </realname>
  <email>tim1357929@gmail.com</email>
  <homepage>  </homepage>
  <subject>Re: 124. &#x5408;&#x6CD5;&#x904B;&#x7B97;&#x5F0F;&#x82E5;&#x6709;&#x4E09;&#x7D44;&#x62EC;&#x5F27;&#xFF0C;&#x53EF;&#x4EE5;&#x6709;&#x5E7E;&#x7A2E;&#x4E0D;&#x540C;&#x7684;&#x5F62;&#x5F0F;&#xFF1F;&#x4F8B;&#x5982;()()()&#x548C;(()())&#x5C31;&#x662F;&#x4E8C;&#x7A2E;&#x4E0D;&#x540C;&#x7684;&#x5F62;&#x5F0F;&#x3002;  </subject>
  <content>&lt;p&gt;&#x8B1B;&#x7684;&#x5F88;&#x597D;&#xFF01;&lt;/p&gt; </content>
  <attach></attach>
  <rcount></rcount>
  <rank></rank>
  <hit>2</hit>
  <lang>1</lang>
</data>
