<?xml version="1.0"?>
<data version="3.0" time="2024-07-19 09:05:14" type="post" filename="b000000004000000001.xml">
  <open_time>0000-00-00</open_time>
  <close_time>0000-00-00</close_time>
  <lang_name>Big5</lang_name>
  <board_id>1001162650</board_id>
  <node>000000004000000001</node>
  <site>1000110001</site>
  <pt>2022-10-21 14:48:19</pt>
  <poster>11813</poster>
  <realname>&#x5433;&#x5B9C;&#x9D3B;  </realname>
  <email>yhwu@cycu.edu.tw</email>
  <homepage>https://www.researchgate.net/profile/Yi-Hung-Wu-2 </homepage>
  <subject>Re: 123. &#x5BEB;C++&#x7A0B;&#x5F0F;&#x78BC;&#x8AAA;&#x660E;&#x5982;&#x4F55;&#x8907;&#x88FD;&#x4E00;&#x6574;&#x500B;&#x93C8;&#x7D50;&#x4E32;&#x5217;linked list&#x5230;&#x53E6;&#x4E00;&#x500B;&#x8B8A;&#x6578;&#x3002;  </subject>
  <content>&lt;p&gt;&lt;span style="color:#ff0000"&gt;&#x8981;&#x8A2D;&#x6CD5;&#x907F;&#x514D;&#x9023;&#x7E8C;&#x4E8C;&#x6B21;&#x93C8;&#x7D50;&#x4EE5;&#x4E0A;&#x5982;&amp;quot;head-&amp;gt;next-&amp;gt;next&amp;quot;&#x5F62;&#x5F0F;&#x7684;&#x7A0B;&#x5F0F;&#x78BC;&#xFF0C;&#x7A0B;&#x5F0F;&#x53EF;&#x8B80;&#x6027;&#x5DEE;&#x3001;&#x5E38;&#x56E0;illeagal access&#x51FA;&#x932F;&#x3001;&#x800C;&#x4E14;&#x4E0D;&#x6613;&#x9664;&#x932F;&#x3002;&lt;/span&gt;&lt;/p&gt;</content>
  <attach></attach>
  <rcount></rcount>
  <rank></rank>
  <hit>2</hit>
  <lang>1</lang>
</data>
