<?xml version="1.0"?>
<data version="3.0" time="2024-07-19 09:05:14" type="post" filename="b000000003.xml">
  <open_time>0000-00-00</open_time>
  <close_time>0000-00-00</close_time>
  <lang_name>Big5</lang_name>
  <board_id>1001162650</board_id>
  <node>000000003</node>
  <site>1000110001</site>
  <pt>2022-10-14 17:52:16</pt>
  <poster>11027104</poster>
  <realname>&#x4FAF;&#x5982;&#x84C1;  </realname>
  <email>ruzhenhou@gmail.com</email>
  <homepage>  </homepage>
  <subject>124. &#x5408;&#x6CD5;&#x904B;&#x7B97;&#x5F0F;&#x82E5;&#x6709;&#x4E09;&#x7D44;&#x62EC;&#x5F27;&#xFF0C;&#x53EF;&#x4EE5;&#x6709;&#x5E7E;&#x7A2E;&#x4E0D;&#x540C;&#x7684;&#x5F62;&#x5F0F;&#xFF1F;&#x4F8B;&#x5982;()()()&#x548C;(()())&#x5C31;&#x662F;&#x4E8C;&#x7A2E;&#x4E0D;&#x540C;&#x7684;&#x5F62;&#x5F0F;&#x3002; </subject>
  <content>&lt;p&gt;&#x5408;&#x6CD5;&#x7684;&#x5F62;&#x5F0F;&#x6709;5&#x7A2E;&#xFF0C;&lt;/p&gt;&#xD;
&#xD;
&lt;p&gt;&amp;nbsp; &#x55AE;&#x5C64; : ()()()&lt;/p&gt;&#xD;
&#xD;
&lt;p&gt;&amp;nbsp; &#x96D9;&#x5C64; : (())()&#x3001;()(())&#x3001;(()())&lt;/p&gt;&#xD;
&#xD;
&lt;p&gt;&amp;nbsp; &#x4E09;&#x5C64; : ((()))&lt;/p&gt;&#xD;
&#xD;
&lt;p&gt;&#x4E0D;&#x5408;&#x6CD5;&#x7684;&#x60C5;&#x6CC1;&#x6709;15&#x7A2E;&#xFF0C;&#x6703;&#x51FA;&#x73FE;&#x62EC;&#x865F;&#x4E0D;&#x6210;&#x5C0D;&#x7684;&#x60C5;&#x6CC1;&#x3002;&lt;/p&gt;&#xD;
&#xD;
&lt;p&gt;&#x50C5;&#x4E00;&#x500B;&#x6210;&#x5C0D; : ()))((&#x3001;))((()&#x3001;))()((&#x3001;))(()(&#x3001;)())((&lt;/p&gt;&#xD;
&#xD;
&lt;p&gt;&#x5169;&#x500B;&#x6210;&#x5C0D; :&lt;/p&gt;&#xD;
&#xD;
&lt;p&gt;&amp;nbsp; &#x55AE;&#x5C64; : ())(()&#x3001;())()(&#x3001;)()(()&#x3001;)()()(&#x3001;()())(&#x3001;)(()()&lt;/p&gt;&#xD;
&#xD;
&lt;p&gt;&amp;nbsp; &#x96D9;&#x5C64; : )(())(&#x3001;(()))(&#x3001;)((())&lt;/p&gt;&#xD;
&#xD;
&lt;p&gt;&#x90FD;&#x4E0D;&#x6210;&#x5C0D; :&amp;nbsp; )))(((&lt;/p&gt; </content>
  <attach></attach>
  <rcount></rcount>
  <rank></rank>
  <hit>40</hit>
  <lang>1</lang>
</data>
