<?xml version="1.0"?>
<data version="3.0" time="2024-07-19 08:54:04" type="post" filename="b000000006.xml">
  <open_time>0000-00-00</open_time>
  <close_time>0000-00-00</close_time>
  <lang_name>Big5</lang_name>
  <board_id>1001296421</board_id>
  <node>000000006</node>
  <site>1000110001</site>
  <pt>2023-10-19 21:26:05</pt>
  <poster>10924148</poster>
  <realname>&#x9673;&#x9EC3;&#x63DA;  </realname>
  <email>conary0917@gmail.com</email>
  <homepage>  </homepage>
  <subject>121 </subject>
  <content>&lt;p&gt;&#x8209;&#x4F8B;&#x8AAA;&#x660E;&#x4F7F;&#x7528;&#x74B0;&#x72C0;&#x93C8;&#x7D50;&#x4E32;&#x5217;Circularly linked list&#x7684;&#x60C5;&#x5883;&#x3002;&lt;/p&gt;&#xD;
&#xD;
&lt;p&gt;&#x6ED1;&#x9F20;&#x9023;&#x9EDE;&#x7A0B;&#x5F0F;(&#x6216;&#x662F;&#x5176;&#x4ED6;&#x9700;&#x8981;&#x91CD;&#x8907;&#x57F7;&#x884C;&#x6709;&#x898F;&#x5F8B;&#x7684;&#x6ED1;&#x9F20;&#x9EDE;&#x64CA;or&#x9375;&#x76E4;&#x8F38;&#x5165;&#x7684;&#x7A0B;&#x5F0F;):&lt;/p&gt;&#xD;
&#xD;
&lt;p&gt;&#x4EE5;&#x6ED1;&#x9F20;&#x9023;&#x9EDE;&#x7A0B;&#x5F0F;&#x70BA;&#x4F8B;&#xFF0C;&#x5728;&#x7B2C;&#x4E00;&#x500B;node&#x5B58;&#x5165;&#x7684;&#x6307;&#x4EE4;&#x70BA;&#x6309;&#x4E0B;&#x5DE6;&#x9375;&#xFF0C;&#x7B2C;&#x4E8C;&#x500B;node&#x5247;&#x5B58;&#x5165;&#x5F48;&#x958B;&#x5DE6;&#x9375;&#x7684;&#x6307;&#x4EE4;&#xFF0C;&#x5982;&#x6B64;&#x4FBF;&#x53EF;&#x4EE5;&#x4E00;&#x76F4;&#x91CD;&#x8907;&#x9EDE;&#x64CA;&#x7684;&#x52D5;&#x4F5C;&#x9054;&#x5230;&#x9023;&#x9EDE;&#x7684;&#x529F;&#x80FD;&#x3002;&lt;/p&gt; </content>
  <attach></attach>
  <rcount></rcount>
  <rank></rank>
  <hit>16</hit>
  <lang>1</lang>
</data>
