<?xml version="1.0"?>
<data version="3.0" time="2024-07-19 08:54:04" type="post" filename="b000000001000000001.xml">
  <open_time>0000-00-00</open_time>
  <close_time>0000-00-00</close_time>
  <lang_name>Big5</lang_name>
  <board_id>1001296421</board_id>
  <node>000000001000000001</node>
  <site>1000110001</site>
  <pt>2023-10-16 13:25:49</pt>
  <poster>11277028</poster>
  <realname>&#x6C5F;&#x6668;&#x9298;  </realname>
  <email>gugugu1127@gmail.com</email>
  <homepage>  </homepage>
  <subject>Re: 124  </subject>
  <content>&lt;p&gt;&#x5341;&#x5206;&#x6E05;&#x695A;&lt;/p&gt; </content>
  <attach></attach>
  <rcount></rcount>
  <rank></rank>
  <hit>1</hit>
  <lang>1</lang>
</data>
