<?xml version="1.0"?>
<data version="3.0" time="2024-07-19 08:54:04" type="post" filename="b000000003000000002.xml">
  <open_time>0000-00-00</open_time>
  <close_time>0000-00-00</close_time>
  <lang_name>Big5</lang_name>
  <board_id>1001296421</board_id>
  <node>000000003000000002</node>
  <site>1000110001</site>
  <pt>2023-10-18 19:09:20</pt>
  <poster>11127140</poster>
  <realname>&#x59DC;&#x7FA9;&#x65B0;  </realname>
  <email>jabeeschool@gmail.com</email>
  <homepage>  </homepage>
  <subject>Re: 121  </subject>
  <content>&lt;p&gt;&#x89E3;&#x91CB;&#x5F97;&#x5F88;&#x6E05;&#x695A;&#xFF0C;&#x53E6;&#x5916;&#x5728;&#x4F5C;&#x696D;&#x8D70;&#x53F3;&#x4E0B;&#x5DE6;&#x4E0A;&#x4E5F;&#x53EF;&#x4EE5;&#x7528;&#x5230;&#xFF01;&lt;/p&gt; </content>
  <attach></attach>
  <rcount></rcount>
  <rank></rank>
  <hit>1</hit>
  <lang>1</lang>
</data>
