<?xml version="1.0"?>
<data version="3.0" time="2024-07-19 08:54:04" type="post" filename="b000000007.xml">
  <open_time>0000-00-00</open_time>
  <close_time>0000-00-00</close_time>
  <lang_name>Big5</lang_name>
  <board_id>1001296421</board_id>
  <node>000000007</node>
  <site>1000110001</site>
  <pt>2023-10-21 00:14:05</pt>
  <poster>10942208</poster>
  <realname>&#x9673;&#x6D3A;&#x5B89;  </realname>
  <email>asd0389wsx0216@gmail.com</email>
  <homepage>  </homepage>
  <subject>122 </subject>
  <content>&lt;p&gt;/*&amp;nbsp;&lt;br /&gt;&#xD;
10942208 &#x9673;&#x6D3A;&#x5B89; &#x8CC7;&#x56DB;&#x4E59;&lt;br /&gt;&#xD;
&#x7528;swap(&#x4EA4;&#x63DB;&#x5169;&#x6578;)&#x8AAA;&#x660E;&#x50B3;&#x53C3;&#x8003;&#x547C;&#x53EB;call by reference&#x3002;&amp;nbsp;&lt;br /&gt;&#xD;
*/&lt;/p&gt;&#xD;
&#xD;
&lt;p&gt;&amp;nbsp;&lt;br /&gt;&#xD;
#include &amp;lt;stdio.h&amp;gt;&lt;br /&gt;&#xD;
#include &amp;lt;string&amp;gt;&lt;br /&gt;&#xD;
#include &amp;lt;iostream&amp;gt;&lt;/p&gt;&#xD;
&#xD;
&lt;p&gt;using namespace std ;&lt;/p&gt;&#xD;
&#xD;
&lt;p&gt;void swapCallByReference( int &amp;amp;n1, int &amp;amp;n2) {&lt;br /&gt;&#xD;
&amp;nbsp;&amp;nbsp; &amp;nbsp;// &amp;amp;&#x63A5;&#x6536;&#x5230;&#x7684;&#x662F;&#x8B8A;&#x6578;&#x7684;&#x8A18;&#x61B6;&#x9AD4;&#x4F4D;&#x5740;&#xFF08;&#x53C3;&#x7167;&#xFF09;&lt;br /&gt;&#xD;
&amp;nbsp;&amp;nbsp; &amp;nbsp;int temp = n1 ;&lt;br /&gt;&#xD;
&amp;nbsp;&amp;nbsp; &amp;nbsp;n1 = n2 ;&lt;br /&gt;&#xD;
&amp;nbsp;&amp;nbsp; &amp;nbsp;n2 = temp ;&lt;br /&gt;&#xD;
} // swapCallByReference&lt;br /&gt;&#xD;
void swapCallByValue( int n1, int n2) {&lt;br /&gt;&#xD;
&amp;nbsp;&amp;nbsp; &amp;nbsp;// &#x5167;&#x90E8;&#x4FEE;&#x6539;&#x7684;&#x662F; n1,n2 &#x6240;&#x6307;&#x5411;&#x7684;&#x8A18;&#x61B6;&#x9AD4;&#x4F4D;&#x7F6E;&#x7684;&#x503C;&#xFF0C;&#x800C;&#x4E0D;&#x662F; a,b&lt;br /&gt;&#xD;
&amp;nbsp;&amp;nbsp; &amp;nbsp;int temp = n1 ;&lt;br /&gt;&#xD;
&amp;nbsp;&amp;nbsp; &amp;nbsp;n1 = n2 ;&lt;br /&gt;&#xD;
&amp;nbsp;&amp;nbsp; &amp;nbsp;n2 = temp ;&lt;br /&gt;&#xD;
} // swapCallByValue&lt;/p&gt;&#xD;
&#xD;
&lt;p&gt;&lt;br /&gt;&#xD;
//&#x4F7F;&#x7528;&#x6307;&#x6A19;&#x6642;&#xFF0C;&#x53EF;&#x4EE5;&#x5B58;&#x53D6;&#x6216;&#x4FEE;&#x6539;&#x8A72;&#x6307;&#x6A19;&#x6240;&#x6307;&#x5411;&#x7684;&#x8A18;&#x61B6;&#x9AD4;&#x4F4D;&#x7F6E;&#x7684;&#x8CC7;&#x6599;&#x3002;&lt;br /&gt;&#xD;
//&#x5C07;&#x4E00;&#x500B;&#x8B8A;&#x6578;&#x7684;&#x6307;&#x6A19;&#x50B3;&#x905E;&#x7D66;&#x4E00;&#x500B;&#x51FD;&#x6578;&#xFF0C;&#x51FD;&#x6578;&#x53EF;&#x4EE5;&#x901A;&#x904E;&#x6307;&#x6A19;&#x4F86;&#x4FEE;&#x6539;&#x8A72;&#x8B8A;&#x6578;&#x7684;&#x503C;&#xFF0C;&#x5C31;&#x50CF;&#x4F7F;&#x7528;&#x50B3;&#x53C3;&#x8003;&#x7684;&#x65B9;&#x5F0F;&#x4E00;&#x6A23;&#x3002;&lt;br /&gt;&#xD;
void swapCallByReferenceUsePointer( int *n1, int *n2) {&lt;br /&gt;&#xD;
&amp;nbsp; &amp;nbsp; int temp = *n1;&lt;br /&gt;&#xD;
&amp;nbsp; &amp;nbsp; *n1 = *n2;&lt;br /&gt;&#xD;
&amp;nbsp; &amp;nbsp; *n2 = temp;&lt;br /&gt;&#xD;
} // swapCallByReferenceUsePointer&lt;/p&gt;&#xD;
&#xD;
&lt;p&gt;int main() {&lt;br /&gt;&#xD;
&amp;nbsp;&amp;nbsp; &amp;nbsp;int a , b ;&lt;br /&gt;&#xD;
&amp;nbsp;&amp;nbsp; &amp;nbsp;a = 0 ;&lt;br /&gt;&#xD;
&amp;nbsp;&amp;nbsp; &amp;nbsp;b = 0 ;&lt;br /&gt;&#xD;
&amp;nbsp;&amp;nbsp; &amp;nbsp;cout &amp;lt;&amp;lt; &amp;quot;&#x8F38;&#x5165;&#x5169;&#x500B;number &amp;quot; &amp;lt;&amp;lt; endl ;&lt;br /&gt;&#xD;
&amp;nbsp;&amp;nbsp; &amp;nbsp;cout &amp;lt;&amp;lt; &amp;quot;a = &amp;quot; ;&lt;br /&gt;&#xD;
&amp;nbsp;&amp;nbsp; &amp;nbsp;cin &amp;gt;&amp;gt; a ;&amp;nbsp;&lt;br /&gt;&#xD;
&amp;nbsp;&amp;nbsp; &amp;nbsp;cout &amp;lt;&amp;lt; &amp;quot;b = &amp;quot; ;&lt;br /&gt;&#xD;
&amp;nbsp;&amp;nbsp; &amp;nbsp;cin &amp;gt;&amp;gt; b ;&amp;nbsp;&lt;br /&gt;&#xD;
&amp;nbsp;&amp;nbsp; &amp;nbsp;cout &amp;lt;&amp;lt; &amp;quot;call by reference&amp;quot; &amp;lt;&amp;lt; endl ;&lt;br /&gt;&#xD;
&amp;nbsp;&amp;nbsp; &amp;nbsp;cout &amp;lt;&amp;lt; &amp;quot;&#x4EA4;&#x63DB;&#x524D; =&amp;gt; &amp;nbsp;a = &amp;quot; &amp;lt;&amp;lt; a &amp;lt;&amp;lt; &amp;quot;, b = &amp;quot; &amp;lt;&amp;lt; b &amp;nbsp;&amp;lt;&amp;lt; endl ;&lt;br /&gt;&#xD;
&amp;nbsp;&amp;nbsp; &amp;nbsp;swapCallByReference( a, b );&lt;br /&gt;&#xD;
&amp;nbsp;&amp;nbsp; &amp;nbsp;cout &amp;lt;&amp;lt; &amp;quot;&#x4EA4;&#x63DB;&#x5F8C; =&amp;gt; &amp;nbsp;a = &amp;quot; &amp;lt;&amp;lt; a &amp;lt;&amp;lt; &amp;quot;, b = &amp;quot; &amp;lt;&amp;lt; b &amp;lt;&amp;lt; endl ;&lt;br /&gt;&#xD;
&amp;nbsp;&amp;nbsp; &amp;nbsp;cout &amp;lt;&amp;lt; &amp;quot;==================================================================&amp;quot; &amp;lt;&amp;lt; endl ;&lt;br /&gt;&#xD;
&amp;nbsp;&amp;nbsp; &amp;nbsp;cout &amp;lt;&amp;lt; &amp;quot;call by value&amp;quot; &amp;lt;&amp;lt; endl ;&lt;br /&gt;&#xD;
&amp;nbsp;&amp;nbsp; &amp;nbsp;cout &amp;lt;&amp;lt; &amp;quot;&#x4EA4;&#x63DB;&#x524D; =&amp;gt; &amp;nbsp;a = &amp;quot; &amp;lt;&amp;lt; a &amp;lt;&amp;lt; &amp;quot;, b = &amp;quot; &amp;lt;&amp;lt; b &amp;nbsp;&amp;lt;&amp;lt; endl ;&lt;br /&gt;&#xD;
&amp;nbsp;&amp;nbsp; &amp;nbsp;swapCallByValue( a, b );&lt;br /&gt;&#xD;
&amp;nbsp;&amp;nbsp; &amp;nbsp;cout &amp;lt;&amp;lt; &amp;quot;&#x4EA4;&#x63DB;&#x5F8C; =&amp;gt; &amp;nbsp;a = &amp;quot; &amp;lt;&amp;lt; a &amp;lt;&amp;lt; &amp;quot;, b = &amp;quot; &amp;lt;&amp;lt; b &amp;lt;&amp;lt; endl ;&lt;br /&gt;&#xD;
&amp;nbsp;&amp;nbsp; &amp;nbsp;cout &amp;lt;&amp;lt; &amp;quot;==================================================================&amp;quot; &amp;lt;&amp;lt; endl ;&lt;br /&gt;&#xD;
&amp;nbsp;&amp;nbsp; &amp;nbsp;cout &amp;lt;&amp;lt; &amp;quot;CallByReferenceUsePointer&amp;quot; &amp;lt;&amp;lt; endl ;&lt;br /&gt;&#xD;
&amp;nbsp;&amp;nbsp; &amp;nbsp;&lt;br /&gt;&#xD;
&amp;nbsp;&amp;nbsp; &amp;nbsp;int *n1 = &amp;amp;a ;&lt;br /&gt;&#xD;
&amp;nbsp;&amp;nbsp; &amp;nbsp;int *n2 = &amp;amp;b ;&amp;nbsp;&lt;br /&gt;&#xD;
&amp;nbsp;&amp;nbsp; &amp;nbsp;cout &amp;lt;&amp;lt; &amp;quot;&#x4EA4;&#x63DB;&#x524D; =&amp;gt; &amp;nbsp;a = &amp;quot; &amp;lt;&amp;lt; *n1 &amp;lt;&amp;lt; &amp;quot;, b = &amp;quot; &amp;lt;&amp;lt; *n2 &amp;nbsp;&amp;lt;&amp;lt; endl ;&lt;br /&gt;&#xD;
&amp;nbsp;&amp;nbsp; &amp;nbsp;swapCallByReferenceUsePointer( n1, n2 );&lt;br /&gt;&#xD;
&amp;nbsp;&amp;nbsp; &amp;nbsp;cout &amp;lt;&amp;lt; &amp;quot;&#x4EA4;&#x63DB;&#x5F8C; =&amp;gt; &amp;nbsp;a = &amp;quot; &amp;lt;&amp;lt; *n1 &amp;lt;&amp;lt; &amp;quot;, b = &amp;quot; &amp;lt;&amp;lt; *n2 &amp;lt;&amp;lt; endl ;&lt;br /&gt;&#xD;
&amp;nbsp;&amp;nbsp; &amp;nbsp;cout &amp;lt;&amp;lt; &amp;quot;==================================================================&amp;quot; &amp;lt;&amp;lt; endl ;&lt;br /&gt;&#xD;
&amp;nbsp;&amp;nbsp; &amp;nbsp;&lt;br /&gt;&#xD;
} // main()&lt;/p&gt;&#xD;
&#xD;
&lt;p&gt;// &#x57F7;&#x884C;&#x7D50;&#x679C;&lt;/p&gt;&#xD;
&#xD;
&lt;p&gt;&lt;img alt="" src="/user/1/0/10942208/images/swap.png" style="height:531px; width:836px" /&gt;&lt;/p&gt; </content>
  <attach></attach>
  <rcount></rcount>
  <rank></rank>
  <hit>16</hit>
  <lang>1</lang>
</data>
