<?xml version="1.0"?>
<data version="3.0" time="2024-07-20 09:55:00" type="post" filename="b000000010000000001.xml">
  <open_time>0000-00-00</open_time>
  <close_time>0000-00-00</close_time>
  <lang_name>Big5</lang_name>
  <board_id>1001278679</board_id>
  <node>000000010000000001</node>
  <site>1000110001</site>
  <pt>2023-07-10 16:50:47</pt>
  <poster>11813</poster>
  <realname>&#x5433;&#x5B9C;&#x9D3B;  </realname>
  <email>yhwu@cycu.edu.tw</email>
  <homepage>https://www.researchgate.net/profile/Yi-Hung-Wu-2  </homepage>
  <subject>Re: &#x6436;&#x7B54;118  </subject>
  <content>&lt;p&gt;&amp;quot;ptrX&#x6240;&#x6307;&#x5411;node&#x4E0B;&#x4E00;&#x500B;&#x7BC0;&#x9EDE;node+1&#x8A2D;&#x7F6E;&#x70BA;&#x6307;&#x5411;ptrX&#x76EE;&#x524D;&#x6240;&#x6307;&#x5411;&#x7BC0;&#x9EDE;node&amp;quot;&lt;/p&gt;&#xD;
&#xD;
&lt;p&gt;&lt;span style="color:#ff0000"&gt;&#x9019;&#x662F;&#x4E2D;&#x6587;&#x55CE;&#xFF1F;&lt;/span&gt;&lt;/p&gt; </content>
  <attach></attach>
  <rcount></rcount>
  <rank></rank>
  <hit>1</hit>
  <lang>1</lang>
</data>
