<?xml version="1.0"?>
<data version="3.0" time="2024-07-20 09:55:00" type="post" filename="b000000018.xml">
  <open_time>0000-00-00</open_time>
  <close_time>0000-00-00</close_time>
  <lang_name>Big5</lang_name>
  <board_id>1001278679</board_id>
  <node>000000018</node>
  <site>1000110001</site>
  <pt>2023-07-13 23:51:22</pt>
  <poster>06005931</poster>
  <realname>&#x4F58;&#x4EF2;&#x5091;  </realname>
  <email>szj891226@gmail.com</email>
  <homepage>  </homepage>
  <subject>&#x554F;&#x7B54;120 </subject>
  <content>&lt;p&gt;&#x984C;&#x76EE;:&#x8209;&#x4F8B;&#x8AAA;&#x660E;&#x4F7F;&#x7528;&#x96D9;&#x5411;&#x93C8;&#x7D50;&#x4E32;&#x5217;doubly linked list&#x7684;&#x60C5;&#x5883;&#x3002;&lt;/p&gt;&#xD;
&#xD;
&lt;p&gt;Ans:&lt;/p&gt;&#xD;
&#xD;
&lt;p&gt;&#x96D9;&#x5411;&#x93C8;&#x7D50;&#x4E32;&#x5217;&#x7684;&#x7279;&#x8272;&#x662F;&#x4E00;&#x500B;&#x7BC0;&#x9EDE;&#x5305;&#x542B;&#x8CC7;&#x6599;&#x53CA;&#x5169;&#x500B;&#x6307;&#x6A19;(&#x4E00;&#x500B;&#x6307;&#x5411;&#x524D;&#x7AEF;&#xFF0C;&#x4E00;&#x500B;&#x6307;&#x5411;&#x5F8C;&#x7AEF;)&lt;/p&gt;&#xD;
&#xD;
&lt;p&gt;Google&#x7FFB;&#x8B6F;&#x7684;&#x60C5;&#x5883;&#x4E5F;&#x662F;&#x4E00;&#x500B;&#x96D9;&#x5411;&#x93C8;&#x7D50;&#x7684;&#x60C5;&#x6CC1;&#xFF0C;&#x53EF;&#x4EE5;&#x9078;&#x64C7;&#x4E00;&#x7A2E;&#x8A9E;&#x8A00;&#x8F49;&#x63DB;&#x6210;&#x53E6;&#x4E00;&#x7A2E;&#x8A9E;&#x8A00;&#xFF0C;&#x50CF;&#x662F;&#x5F9E;&#x4E2D;&#x6587;&#x7FFB;&#x8B6F;&#x6210;&#x82F1;&#x6587;&#xFF0C;&#x540C;&#x6642;&#x4E5F;&#x80FD;&#x8B8A;&#x6210;&#x82F1;&#x6587;&#x7FFB;&#x8B6F;&#x4E2D;&#x6587;&#x3002;&lt;/p&gt; </content>
  <attach></attach>
  <rcount></rcount>
  <rank></rank>
  <hit>9</hit>
  <lang>1</lang>
</data>
