<?xml version="1.0"?>
<data version="3.0" time="2024-07-20 09:55:00" type="post" filename="b000000006000000001.xml">
  <open_time>0000-00-00</open_time>
  <close_time>0000-00-00</close_time>
  <lang_name>Big5</lang_name>
  <board_id>1001278679</board_id>
  <node>000000006000000001</node>
  <site>1000110001</site>
  <pt>2023-07-10 16:44:10</pt>
  <poster>11813</poster>
  <realname>&#x5433;&#x5B9C;&#x9D3B;  </realname>
  <email>yhwu@cycu.edu.tw</email>
  <homepage>https://www.researchgate.net/profile/Yi-Hung-Wu-2 </homepage>
  <subject>Re: &#x6436;&#x7B54;116  </subject>
  <content>&lt;p&gt;&lt;span style="color:#ff0000"&gt;&#x5FC5;&#x9808;&#x5148;&#x770B;&#x904E;&#x8CBC;&#x6587;&#xFF0C;&#x5207;&#x52FF;&#x91CD;&#x8907;&#xFF01;&lt;/span&gt;&lt;/p&gt;</content>
  <attach></attach>
  <rcount></rcount>
  <rank></rank>
  <hit>2</hit>
  <lang>1</lang>
</data>
