<?xml version="1.0"?>
<data version="3.0" time="2024-07-20 09:55:00" type="post" filename="b000000018000000001.xml">
  <open_time>0000-00-00</open_time>
  <close_time>0000-00-00</close_time>
  <lang_name>Big5</lang_name>
  <board_id>1001278679</board_id>
  <node>000000018000000001</node>
  <site>1000110001</site>
  <pt>2023-07-14 02:37:43</pt>
  <poster>11813</poster>
  <realname>&#x5433;&#x5B9C;&#x9D3B;  </realname>
  <email>yhwu@cycu.edu.tw</email>
  <homepage>https://www.researchgate.net/profile/Yi-Hung-Wu-2  </homepage>
  <subject>Re: &#x554F;&#x7B54;120  </subject>
  <content>&lt;p&gt;&lt;span style="color:#ff0000"&gt;&#x53EA;&#x8981;&#x4E8C;&#x7A2E;&#x8A9E;&#x8A00;&#x70BA;&#x4F55;&#x8981;&#x5F62;&#x6210;&#x4E00;&#x500B;&#x4E32;&#x5217;&#xFF1F;&lt;/span&gt;&lt;/p&gt; </content>
  <attach></attach>
  <rcount></rcount>
  <rank></rank>
  <hit>1</hit>
  <lang>1</lang>
</data>
