<?xml version="1.0"?>
<data version="3.0" time="2024-07-20 09:55:00" type="post" filename="b000000002.xml">
  <open_time>0000-00-00</open_time>
  <close_time>0000-00-00</close_time>
  <lang_name>Big5</lang_name>
  <board_id>1001278679</board_id>
  <node>000000002</node>
  <site>1000110001</site>
  <pt>2023-07-09 10:07:39</pt>
  <poster>06005634</poster>
  <realname>&#x90ED;&#x5BB8;&#x69A4;  </realname>
  <email>jyh2guo@gmail.com</email>
  <homepage>  </homepage>
  <subject>&#x6436;&#x7B54;116 </subject>
  <content>&lt;p&gt;116. &#x5C07;&#x5F8C;&#x5E8F;&#x5F0F;postfix&#x8F49;&#x524D;&#x5E8F;&#x5F0F;prefix&#xFF0C;&#x4E26;&#x8A73;&#x8FF0;&#x6B65;&#x9A5F;&#x3002;&lt;br /&gt;&#xD;
a b + c * d e + f * + w z + *&lt;/p&gt;&#xD;
&#xD;
&lt;p&gt;&#x5148;&#x5C07;postfix&#x8F49;&#x70BA;infix&lt;/p&gt;&#xD;
&#xD;
&lt;p&gt;1.(a+b), c, *,(d+e), f, *, +, (w+z), *&lt;/p&gt;&#xD;
&#xD;
&lt;p&gt;&lt;br /&gt;&#xD;
2.((a+b)*c), ((d+e)*f), +, (w+z), *&lt;/p&gt;&#xD;
&#xD;
&lt;p&gt;3. (((a+b)*c)+ ((d+e)*f)), (w+z), *&lt;/p&gt;&#xD;
&#xD;
&lt;p&gt;4. ((((a+b)*c)+ ((d+e)*f))* (w+z))&lt;br /&gt;&#xD;
&#x518D;&#x5C07;infix&#x8F49;prefix&lt;/p&gt;&#xD;
&#xD;
&lt;p&gt;5.*+*+abc*+def+wz&lt;/p&gt; </content>
  <attach></attach>
  <rcount></rcount>
  <rank></rank>
  <hit>23</hit>
  <lang>1</lang>
</data>
