<?xml version="1.0"?>
<data version="3.0" time="2024-07-20 09:55:00" type="post" filename="b000000008000000001.xml">
  <open_time>0000-00-00</open_time>
  <close_time>0000-00-00</close_time>
  <lang_name>Big5</lang_name>
  <board_id>1001278679</board_id>
  <node>000000008000000001</node>
  <site>1000110001</site>
  <pt>2023-07-10 16:47:58</pt>
  <poster>11813</poster>
  <realname>&#x5433;&#x5B9C;&#x9D3B;  </realname>
  <email>yhwu@cycu.edu.tw</email>
  <homepage>https://www.researchgate.net/profile/Yi-Hung-Wu-2  </homepage>
  <subject>Re: &#x6436;&#x7B54;119  </subject>
  <content>&lt;p&gt;OK.&lt;/p&gt;&#xD;
&#xD;
&lt;p&gt;&lt;span style="color:#b22222"&gt;&#x5E95;&#x4E0B;&#x9019;&#x6BB5;&#x7A0B;&#x5F0F;&#x78BC;&#x662F;&#x591A;&#x9918;&#x7684;&#xFF0C;&#x524D;&#x9762;&#x7684;if&#x6558;&#x8FF0;&#x5DF2;&#x6392;&#x9664;&#x9019;&#x7A2E;&#x60C5;&#x6CC1;&#x3002;&lt;/span&gt;&lt;/p&gt;&#xD;
&#xD;
&lt;p&gt;&amp;nbsp;&amp;nbsp;&amp;nbsp;&amp;nbsp; if (temp == nullptr) {&lt;/p&gt;&#xD;
&#xD;
&lt;p&gt;&amp;nbsp;&amp;nbsp;&amp;nbsp;&amp;nbsp;&amp;nbsp;&amp;nbsp;&amp;nbsp;&amp;nbsp;&amp;nbsp;&amp;nbsp;&amp;nbsp; //&amp;nbsp;&#x5982;&#x679C;&#x93C8;&#x7D50;&#x4E32;&#x5217;&#x7684;&#x9577;&#x5EA6;&#x5C0F;&#x65BC;3&#xFF0C;&#x7121;&#x6CD5;&#x522A;&#x9664;&#x7B2C;3&#x500B;&#x7BC0;&#x9EDE;&lt;/p&gt;&#xD;
&#xD;
&lt;p&gt;&amp;nbsp;&amp;nbsp;&amp;nbsp;&amp;nbsp;&amp;nbsp;&amp;nbsp;&amp;nbsp;&amp;nbsp;&amp;nbsp;&amp;nbsp;&amp;nbsp; return;&lt;/p&gt; </content>
  <attach></attach>
  <rcount></rcount>
  <rank></rank>
  <hit>1</hit>
  <lang>1</lang>
</data>
