<?xml version="1.0"?>
<data version="3.0" time="2024-07-20 09:55:00" type="post" filename="b000000007.xml">
  <open_time>0000-00-00</open_time>
  <close_time>0000-00-00</close_time>
  <lang_name>Big5</lang_name>
  <board_id>1001278679</board_id>
  <node>000000007</node>
  <site>1000110001</site>
  <pt>2023-07-10 14:19:06</pt>
  <poster>10927250</poster>
  <realname>&#x53E4;&#x5BB8;&#x5B87;  </realname>
  <email>ku0905264478@gmail.com</email>
  <homepage> </homepage>
  <subject>&#x6436;&#x7B54;120</subject>
  <content>&lt;p&gt;&#x8209;&#x4F8B;&#x8AAA;&#x660E;&#x4F7F;&#x7528;&#x96D9;&#x5411;&#x93C8;&#x7D50;&#x4E32;&#x5217;doubly linked list&#x7684;&#x60C5;&#x5883;?&lt;/p&gt;&#xD;
&#xD;
&lt;p&gt;&#x6587;&#x5B57;&#x7DE8;&#x8F2F;&#x5668;&#x7684;&#x64A4;&#x92B7;&#xFF08;undo&#xFF09;&#x64CD;&#x4F5C;&#xFF1A;&#x5728;&#x6587;&#x5B57;&#x7DE8;&#x8F2F;&#x5668;&#x4E2D;&#xFF0C;&#x64A4;&#x92B7;&#x64CD;&#x4F5C;&#x901A;&#x5E38;&#x9700;&#x8981;&#x8FFD;&#x8E64;&#x4E4B;&#x524D;&#x9032;&#x884C;&#x7684;&#x6240;&#x6709;&#x7DE8;&#x8F2F;&#x52D5;&#x4F5C;&#x3002;&#x4F7F;&#x7528;&#x96D9;&#x5411;&#x93C8;&#x7D50;&#x4E32;&#x5217;&#xFF0C;&#x6211;&#x5011;&#x53EF;&#x4EE5;&#x5EFA;&#x7ACB;&#x4E00;&#x500B;&#x9023;&#x7E8C;&#x7684;&#x6B77;&#x53F2;&#x7D00;&#x9304;&#xFF0C;&#x6BCF;&#x500B;&#x7BC0;&#x9EDE;&#x4EE3;&#x8868;&#x4E00;&#x500B;&#x7DE8;&#x8F2F;&#x52D5;&#x4F5C;&#xFF0C;&#x4E26;&#x4E14;&#x4FDD;&#x7559;&#x524D;&#x4E00;&#x500B;&#x548C;&#x5F8C;&#x4E00;&#x500B;&#x7BC0;&#x9EDE;&#x7684;&#x4F4D;&#x5740;&#x3002;&#x9019;&#x6A23;&#xFF0C;&#x7576;&#x6211;&#x5011;&#x8981;&#x64A4;&#x92B7;&#x64CD;&#x4F5C;&#x6642;&#xFF0C;&#x53EA;&#x9700;&#x8981;&#x5C07;&#x76EE;&#x524D;&#x7684;&#x72C0;&#x614B;&#x56DE;&#x5FA9;&#x5230;&#x524D;&#x4E00;&#x500B;&#x7BC0;&#x9EDE;&#x5373;&#x53EF;&#x3002;&lt;/p&gt;</content>
  <attach></attach>
  <rcount></rcount>
  <rank></rank>
  <hit>25</hit>
  <lang>1</lang>
</data>
