<?xml version="1.0"?>
<data version="3.0" time="2024-07-20 09:55:00" type="post" filename="b000000009000000001.xml">
  <open_time>0000-00-00</open_time>
  <close_time>0000-00-00</close_time>
  <lang_name>Big5</lang_name>
  <board_id>1001278679</board_id>
  <node>000000009000000001</node>
  <site>1000110001</site>
  <pt>2023-07-10 16:49:21</pt>
  <poster>11813</poster>
  <realname>&#x5433;&#x5B9C;&#x9D3B;  </realname>
  <email>yhwu@cycu.edu.tw</email>
  <homepage>https://www.researchgate.net/profile/Yi-Hung-Wu-2  </homepage>
  <subject>Re: &#x6436;&#x7B54;120  </subject>
  <content>&lt;p&gt;&lt;span style="color:#ff0000"&gt;&#x5148;&#x524D;&#x7684;&#x8CBC;&#x6587;&#x8981;&#x7D30;&#x8B80;&#xFF0C;&#x5167;&#x5BB9;&#x91CD;&#x8907;&#x53EF;&#x80FD;&#x4E0D;&#x4E88;&#x8A08;&#x5206;&#x3002;&lt;/span&gt;&lt;/p&gt; </content>
  <attach></attach>
  <rcount></rcount>
  <rank></rank>
  <hit>1</hit>
  <lang>1</lang>
</data>
