<?xml version="1.0"?>
<data version="3.0" time="2024-07-20 09:55:00" type="post" filename="b000000005.xml">
  <open_time>0000-00-00</open_time>
  <close_time>0000-00-00</close_time>
  <lang_name>Big5</lang_name>
  <board_id>1001278679</board_id>
  <node>000000005</node>
  <site>1000110001</site>
  <pt>2023-07-09 23:49:56</pt>
  <poster>06005771</poster>
  <realname>&#x838A;&#x660E;&#x9D3B;  </realname>
  <email>mattsonc204@gmail.com</email>
  <homepage>  </homepage>
  <subject>&#x6436;&#x7B54;120 </subject>
  <content>&lt;p&gt;&#x984C;&#x76EE;:&#x8209;&#x4F8B;&#x8AAA;&#x660E;&#x4F7F;&#x7528;&#x96D9;&#x5411;&#x93C8;&#x7D50;&#x4E32;&#x5217;doubly linked list&#x7684;&#x60C5;&#x5883;&#x3002;&lt;/p&gt;&#xD;
&#xD;
&lt;p&gt;A:&#x5BE6;&#x73FE;&#x700F;&#x89BD;&#x5668;&#x7684;&#x6B77;&#x53F2;&#x8A18;&#x9304;&#xFF1A;&#x700F;&#x89BD;&#x5668;&#x7684;&#x6B77;&#x53F2;&#x8A18;&#x9304;&#x53EF;&#x4EE5;&#x4F7F;&#x7528;&#x96D9;&#x5411;&#x93C8;&#x7D50;&#x4E32;&#x5217;&#x4F86;&#x5BE6;&#x73FE;&#x3002;&#x6BCF;&#x7576;&#x7528;&#x6236;&#x8A2A;&#x554F;&#x4E00;&#x500B;&#x65B0;&#x7684;&#x7DB2;&#x9801;&#xFF0C;&#x8A72;&#x7DB2;&#x9801;&#x7684;URL&#x53EF;&#x4EE5;&#x88AB;&#x6DFB;&#x52A0;&#x5230;&#x96D9;&#x5411;&#x93C8;&#x7D50;&#x4E32;&#x5217;&#x7684;&#x5C3E;&#x90E8;&#x3002;&#x5982;&#x679C;&#x7528;&#x6236;&#x60F3;&#x8981;&#x8FD4;&#x56DE;&#x5148;&#x524D;&#x8A2A;&#x554F;&#x7684;&#x7DB2;&#x9801;&#xFF0C;&#x53EF;&#x4EE5;&#x8F15;&#x9B06;&#x5730;&#x5728;&#x96D9;&#x5411;&#x93C8;&#x7D50;&#x4E32;&#x5217;&#x4E2D;&#x5C0E;&#x822A;&#xFF0C;&#x5F9E;&#x7576;&#x524D;&#x7684;&#x7BC0;&#x9EDE;&#x5411;&#x524D;&#x6216;&#x5411;&#x5F8C;&#x79FB;&#x52D5;&#x3002;&#x6B64;&#x70BA;&#x5176;&#x4E2D;&#x4E4B;&#x4E00;&#x7BC4;&#x4F8B;&#xFF0C;&#x5B83;&#x5728;&#x9700;&#x8981;&#x5FEB;&#x901F;&#x63D2;&#x5165;&#x3001;&#x522A;&#x9664;&#x548C;&#x904D;&#x6B77;&#x5143;&#x7D20;&#x7684;&#x60C5;&#x5883;&#x4E0B;&#x975E;&#x5E38;&#x6709;&#x7528;&#x3002;&#x7531;&#x65BC;&#x96D9;&#x5411;&#x93C8;&#x7D50;&#x4E32;&#x5217;&#x53EF;&#x4EE5;&#x5728;&#x524D;&#x5F8C;&#x5169;&#x500B;&#x65B9;&#x5411;&#x4E0A;&#x904D;&#x6B77;&#xFF0C;&#x76F8;&#x8F03;&#x65BC;&#x55AE;&#x5411;&#x93C8;&#x7D50;&#x4E32;&#x5217;&#xFF0C;&#x5B83;&#x63D0;&#x4F9B;&#x4E86;&#x66F4;&#x9748;&#x6D3B;&#x7684;&#x64CD;&#x4F5C;&#x548C;&#x66F4;&#x9AD8;&#x6548;&#x7684;&#x6027;&#x80FD;&#x3002;&lt;/p&gt; </content>
  <attach></attach>
  <rcount></rcount>
  <rank></rank>
  <hit>28</hit>
  <lang>1</lang>
</data>
