<?xml version="1.0"?>
<data version="3.0" time="2024-07-20 09:55:00" type="post" filename="b000000010.xml">
  <open_time>0000-00-00</open_time>
  <close_time>0000-00-00</close_time>
  <lang_name>Big5</lang_name>
  <board_id>1001278679</board_id>
  <node>000000010</node>
  <site>1000110001</site>
  <pt>2023-07-10 15:57:43</pt>
  <poster>06005636</poster>
  <realname>&#x6731;&#x7D18;&#x6B63;  </realname>
  <email>henry3446@gmail.com</email>
  <homepage> </homepage>
  <subject>&#x6436;&#x7B54;118 </subject>
  <content>&lt;p&gt;118. &#x4EE4;ptrX&#x6307;&#x5411;&#x93C8;&#x7D50;&#x4E32;&#x5217;&#x7684;&#x7BC0;&#x9EDE;&#xFF0C;&#x6BD4;&#x8F03; ptrX = ptrX-&amp;gt;next &#x548C; ptrX-&amp;gt;next = ptrX &#x7684;&#x5DEE;&#x7570;&#x3002;&lt;/p&gt;&#xD;
&#xD;
&lt;p&gt;ptrX = ptrX-&amp;gt;next: ptrX&#x6240;&#x6307;&#x5411;&#x7BC0;&#x9EDE;&#x4E0B;&#x4E00;&#x500B;&#x7BC0;&#x9EDE;&#x8A2D;&#x7F6E;&#x70BA;&#x6307;&#x5411;ptrX&#x76EE;&#x524D;&#x6240;&#x6307;&#x5411;&#x7BC0;&#x9EDE;&#xFF0C;&#x4F7F;ptrX&#x76EE;&#x524D;&#x6240;&#x6307;&#x5411;&#x7684;&#x7BC0;&#x9EDE;&#x7684;&#x4E0B;&#x4E00;&#x500B;&#x7BC0;&#x9EDE;&#x6307;&#x5411;&#x81EA;&#x5DF1;&#xFF0C;&#x4F7F;&#x5F97;&#x5F62;&#x6210;cycle&#x3002;&lt;/p&gt;&#xD;
&#xD;
&lt;p&gt;ptrX-&amp;gt;next = ptrX : ptrX&#x6240;&#x6307;&#x5411;&#x7BC0;&#x9EDE;&#x7684;&#x4E0B;&#x4E00;&#x500B;&#x7BC0;&#x9EDE;&#x8A2D;&#x7F6E;&#x70BA;&#x6307;&#x5411;ptrX&#x76EE;&#x524D;&#x6240;&#x6307;&#x5411;&#x7BC0;&#x9EDE;&#xFF0C;&#x4F7F;ptrX&#x76EE;&#x524D;&#x6240;&#x6307;&#x5411;&#x7684;&#x7BC0;&#x9EDE;&#x7684;&#x4E0B;&#x4E00;&#x500B;&#x7BC0;&#x9EDE;&#x6307;&#x5411;&#x81EA;&#x5DF1;&#xFF0C;&#x5F97;&#x5F62;&#x6210;cycle&#x3002;&lt;/p&gt;&#xD;
&#xD;
&lt;p&gt;ptrX = ptrX-&amp;gt;next &#x5C07; ptrX &#x79FB;&#x52D5;&#x5230;&#x93C8;&#x7D50;&#x4E32;&#x5217;&#x7684;&#x4E0B;&#x4E00;&#x500B;&#x7BC0;&#x9EDE;&#xFF0C;&#x800C; ptrX-&amp;gt;next = ptrX &#x5C07; ptrX &#x76EE;&#x524D;&#x6240;&#x6307;&#x5411;&#x7BC0;&#x9EDE;&#x7684;&#x4E0B;&#x4E00;&#x500B;&#x7BC0;&#x9EDE;&#x8A2D;&#x7F6E;&#x70BA;&#x6307;&#x5411;&#x81EA;&#x5DF1;&#xFF0C;&#x5F9E;&#x800C;&#x5F62;&#x6210;&#x4E86;&#x4E00;&#x500B;&#x5FAA;&#x74B0;&#x3002; &#x60F3;&#x6CD5;&#x4E00;&#x6A23;&#xFF0C;&#x4F46;&#x65B9;&#x6CD5;&#x4E0D;&#x540C;&lt;/p&gt;</content>
  <attach></attach>
  <rcount></rcount>
  <rank></rank>
  <hit>27</hit>
  <lang>1</lang>
</data>
