<?xml version="1.0"?>
<data version="3.0" time="2024-07-20 09:55:00" type="post" filename="b000000017000000001.xml">
  <open_time>0000-00-00</open_time>
  <close_time>0000-00-00</close_time>
  <lang_name>Big5</lang_name>
  <board_id>1001278679</board_id>
  <node>000000017000000001</node>
  <site>1000110001</site>
  <pt>2023-07-14 02:36:50</pt>
  <poster>11813</poster>
  <realname>&#x5433;&#x5B9C;&#x9D3B;  </realname>
  <email>yhwu@cycu.edu.tw</email>
  <homepage>https://www.researchgate.net/profile/Yi-Hung-Wu-2  </homepage>
  <subject>Re: &#x6436;&#x7B54;116  </subject>
  <content>&lt;p&gt;OK.&lt;/p&gt;&#xD;
&#xD;
&lt;p&gt;&lt;span style="color:#ff0000"&gt;&#x70BA;&#x4F55;&#x4E0D;&#x76F4;&#x63A5;&#x5F8C;&#x5E8F;&#x8F49;&#x6210;&#x524D;&#x5E8F;&#xFF1F;&#x52A0;&#x4E0A;&#x62EC;&#x5F27;&#x4E4B;&#x5F8C;&#x53C8;&#x62FF;&#x6389;&#x662F;&#x591A;&#x9918;&#x7684;&#x3002;&lt;/span&gt;&lt;/p&gt; </content>
  <attach></attach>
  <rcount></rcount>
  <rank></rank>
  <hit>1</hit>
  <lang>1</lang>
</data>
