<?xml version="1.0"?>
<data version="3.0" time="2024-07-20 09:55:00" type="post" filename="b000000004.xml">
  <open_time>0000-00-00</open_time>
  <close_time>0000-00-00</close_time>
  <lang_name>Big5</lang_name>
  <board_id>1001278679</board_id>
  <node>000000004</node>
  <site>1000110001</site>
  <pt>2023-07-09 16:36:24</pt>
  <poster>10924326</poster>
  <realname>&#x5433;&#x82F1;&#x777F;  </realname>
  <email>incaray901228@gmail.com</email>
  <homepage>  </homepage>
  <subject>&#x6436;&#x7B54;117 </subject>
  <content>&lt;p&gt;using namespace std;&lt;/p&gt;&#xD;
&#xD;
&lt;p&gt;void swap(int &amp;amp;a, int &amp;amp;b) ;&lt;/p&gt;&#xD;
&#xD;
&lt;p&gt;&lt;br /&gt;&#xD;
void swap(int &amp;amp;a, int &amp;amp;b) {&lt;br /&gt;&#xD;
&amp;nbsp; &amp;nbsp; int temp ;&lt;br /&gt;&#xD;
&amp;nbsp; &amp;nbsp; temp = a ;&lt;br /&gt;&#xD;
&amp;nbsp; &amp;nbsp; a = b;&lt;br /&gt;&#xD;
&amp;nbsp; &amp;nbsp; b = temp;&lt;br /&gt;&#xD;
}&lt;/p&gt;&#xD;
&#xD;
&lt;p&gt;int main() {&lt;/p&gt;&#xD;
&#xD;
&lt;p&gt;&amp;nbsp; &amp;nbsp; int a ;&lt;br /&gt;&#xD;
&amp;nbsp; &amp;nbsp; int b ;&lt;/p&gt;&#xD;
&#xD;
&lt;p&gt;&amp;nbsp; &amp;nbsp; cin &amp;gt;&amp;gt; a &amp;gt;&amp;gt; b ;&lt;/p&gt;&#xD;
&#xD;
&lt;p&gt;&amp;nbsp; &amp;nbsp; cout&amp;lt;&amp;lt; &amp;quot;a = &amp;quot; &amp;lt;&amp;lt; a &amp;lt;&amp;lt; &amp;quot; b = &amp;quot; &amp;lt;&amp;lt; b &amp;lt;&amp;lt; endl;&lt;/p&gt;&#xD;
&#xD;
&lt;p&gt;&amp;nbsp; &amp;nbsp; swap(a, b);&lt;/p&gt;&#xD;
&#xD;
&lt;p&gt;&amp;nbsp; &amp;nbsp; cout&amp;lt;&amp;lt;&amp;quot;&#x5169;&#x500B;&#x4EA4;&#x63DB;&#x5F8C;&#xFF1A;a = &amp;quot;&amp;lt;&amp;lt; a &amp;lt;&amp;lt; &amp;quot;b = &amp;quot; &amp;lt;&amp;lt; b &amp;lt;&amp;lt; endl;&lt;/p&gt;&#xD;
&#xD;
&lt;p&gt;&amp;nbsp; &amp;nbsp; return 0;&lt;br /&gt;&#xD;
}&lt;br /&gt;&#xD;
&lt;br /&gt;&#xD;
&amp;nbsp;&lt;/p&gt;&#xD;
&#xD;
&lt;p&gt;&#x4E3B;&#x51FD;&#x793A;&#x8F38;&#x5165;&#x5169;&#x500B;&#x503C;&#x4E4B;&#x5F8C;&#x50B3;&#x5165;&#x5169;&#x500B;&#x503C;&#x7684;&#x5740;&#x9032;&#x5165;swap&#x51FD;&#x5F0F;&#x4E2D;&#xFF0C;&#x53EF;&#x4EE5;&#x5C0D;&#x5176;&#x76F4;&#x63A5;&#x4FEE;&#x6539;&#x6578;&#x503C;&lt;/p&gt;&#xD;
&#xD;
&lt;p&gt;&#x9644;&#x5716;&#x57F7;&#x884C;&#x7D50;&#x679C;&lt;/p&gt; </content>
  <attach>&#x554F;&#x7B54;2.png	WM64aa710a0f328.png</attach>
  <rcount></rcount>
  <rank></rank>
  <hit>24</hit>
  <lang>1</lang>
</data>
