<?xml version="1.0"?>
<data version="3.0" time="2024-07-20 09:55:00" type="post" filename="b000000016000000001.xml">
  <open_time>0000-00-00</open_time>
  <close_time>0000-00-00</close_time>
  <lang_name>Big5</lang_name>
  <board_id>1001278679</board_id>
  <node>000000016000000001</node>
  <site>1000110001</site>
  <pt>2023-07-14 02:35:12</pt>
  <poster>11813</poster>
  <realname>&#x5433;&#x5B9C;&#x9D3B;  </realname>
  <email>yhwu@cycu.edu.tw</email>
  <homepage>https://www.researchgate.net/profile/Yi-Hung-Wu-2  </homepage>
  <subject>Re: &#x554F;&#x7B54;118  </subject>
  <content>&lt;p&gt;&lt;span style="color:#b22222"&gt;&#x5716;&#x89E3;&#x662F;&#x6709;&#x554F;&#x984C;&#x7684;&#xFF1A;ptrX&#x548C;ptrX-&amp;gt;next&#x90FD;&#x662F;&#x6307;&#x6A19;&#xFF0C;&#x4E26;&#x975E;&#x7BC0;&#x9EDE;&#xFF01;&lt;/span&gt;&lt;/p&gt; </content>
  <attach></attach>
  <rcount></rcount>
  <rank></rank>
  <hit>1</hit>
  <lang>1</lang>
</data>
