<?xml version="1.0"?>
<data version="3.0" time="2024-07-20 09:55:00" type="post" filename="b000000011.xml">
  <open_time>0000-00-00</open_time>
  <close_time>0000-00-00</close_time>
  <lang_name>Big5</lang_name>
  <board_id>1001278679</board_id>
  <node>000000011</node>
  <site>1000110001</site>
  <pt>2023-07-10 16:33:42</pt>
  <poster>06005636</poster>
  <realname>&#x6731;&#x7D18;&#x6B63;  </realname>
  <email>henry3446@gmail.com</email>
  <homepage>  </homepage>
  <subject>&#x6436;&#x7B54;116 </subject>
  <content>&lt;p&gt;116. &#x5C07;&#x5F8C;&#x5E8F;&#x5F0F;postfix&#x8F49;&#x524D;&#x5E8F;&#x5F0F;prefix&#xFF0C;&#x4E26;&#x8A73;&#x8FF0;&#x6B65;&#x9A5F;&#x3002; a b + c * d e + f * + w z + *&lt;/p&gt;&#xD;
&#xD;
&lt;p&gt;[&#x5148;&#x5C07;&#x5F8C;&#x5E8F;&#x5F0F;&#x8F49;&#x6210;&#x4E2D;&#x5E8F;&#x5F0F;&#xFF0C;&#x518D;&#x8F49;&#x6210;&#x524D;&#x5E8F;&#x5F0F;]&lt;/p&gt;&#xD;
&#xD;
&lt;p&gt;Step1:(a b +) c * (d e +)&amp;nbsp; f&amp;nbsp; *&amp;nbsp;&amp;nbsp; +&amp;nbsp;&amp;nbsp; (w z +)&amp;nbsp;&amp;nbsp; *&lt;/p&gt;&#xD;
&#xD;
&lt;p&gt;Step2: [(a+b)c *] [(d+e) f&amp;nbsp; *] + [(w+z)] *&lt;/p&gt;&#xD;
&#xD;
&lt;p&gt;Step3:{[(a+b)*c ] [(d+e)*f] +} [(w+z)*]&lt;/p&gt;&#xD;
&#xD;
&lt;p&gt;Step4:[(a+b)*c ]+[(d+e)*f] [(w+z) *]&lt;/p&gt;&#xD;
&#xD;
&lt;p&gt;Step5:[(a+b)*c ]+[(d+e)*f] * [(w+z)]&lt;/p&gt;&#xD;
&#xD;
&lt;p&gt;=&amp;gt;(((a+b)*c)+((d+e)*f)*(w+z)[&#x4E2D;&#x5E8F;&#x5F0F;]&lt;/p&gt;&#xD;
&#xD;
&lt;p&gt;Step1:* ((a+b)*c)+((d+e)*f)(w+z)&lt;/p&gt;&#xD;
&#xD;
&lt;p&gt;Step2:* + ((a+b)*c) ((d+e)*f)(w+z)&lt;/p&gt;&#xD;
&#xD;
&lt;p&gt;Step3:* + * (a+b)c (d+e) * f (w+z)&lt;/p&gt;&#xD;
&#xD;
&lt;p&gt;Step4:* + * + a b c&amp;nbsp; * + d e f (w+z)&lt;/p&gt;&#xD;
&#xD;
&lt;p&gt;Step5:* + * + a b c&amp;nbsp; * + d e f&amp;nbsp; + w z&lt;/p&gt;&#xD;
&#xD;
&lt;p&gt;=&amp;gt;* + * + a b c&amp;nbsp; * + d e f&amp;nbsp; + w z&lt;/p&gt; </content>
  <attach></attach>
  <rcount></rcount>
  <rank></rank>
  <hit>28</hit>
  <lang>1</lang>
</data>
