<?xml version="1.0"?>
<data version="3.0" time="2024-07-20 09:55:00" type="post" filename="b000000002000000001.xml">
  <open_time>0000-00-00</open_time>
  <close_time>0000-00-00</close_time>
  <lang_name>Big5</lang_name>
  <board_id>1001278679</board_id>
  <node>000000002000000001</node>
  <site>1000110001</site>
  <pt>2023-07-09 10:41:08</pt>
  <poster>11813</poster>
  <realname>&#x5433;&#x5B9C;&#x9D3B;  </realname>
  <email>yhwu@cycu.edu.tw</email>
  <homepage>https://www.researchgate.net/profile/Yi-Hung-Wu-2  </homepage>
  <subject>Re: &#x6436;&#x7B54;116  </subject>
  <content>&lt;p&gt;&#x8ACB;&#x5148;&#x95B1;&#x8B80;&#x524D;&#x9762;&#x7684;&#x8CBC;&#x6587;&#xFF0C;&#x82E5;&#x5167;&#x5BB9;&#x91CD;&#x8907;&#x6027;&#x592A;&#x9AD8;&#xFF0C;&#x53EF;&#x80FD;&#x5C31;&#x4E0D;&#x4E88;&#x8A08;&#x5206;&#x3002;&lt;/p&gt; </content>
  <attach></attach>
  <rcount></rcount>
  <rank></rank>
  <hit>1</hit>
  <lang>1</lang>
</data>
