<?xml version="1.0"?>
<data version="3.0" time="2024-07-20 09:55:00" type="post" filename="b000000015.xml">
  <open_time>0000-00-00</open_time>
  <close_time>0000-00-00</close_time>
  <lang_name>Big5</lang_name>
  <board_id>1001278679</board_id>
  <node>000000015</node>
  <site>1000110001</site>
  <pt>2023-07-13 23:01:41</pt>
  <poster>06005914</poster>
  <realname>&#x9673;&#x5F65;&#x4E2D;  </realname>
  <email>jackson89911@gmail.com</email>
  <homepage>  </homepage>
  <subject>&#x554F;&#x7B54;120 </subject>
  <content>&lt;p&gt;120. &#x8209;&#x4F8B;&#x8AAA;&#x660E;&#x4F7F;&#x7528;&#x96D9;&#x5411;&#x93C8;&#x7D50;&#x4E32;&#x5217;doubly linked list&#x7684;&#x60C5;&#x5883;&#x3002;&lt;/p&gt;&#xD;
&#xD;
&lt;p&gt;A:&#x96D9;&#x5411;&#x93C8;&#x7D50;&#x4E32;&#x5217;&#x6709;&#x5169;&#x500B;&#x6307;&#x6A19;&#x7BC0;&#x9EDE;&#xFF0C;&#x53EF;&#x4EE5;&#x5F9E;&#x4EFB;&#x4E00;&#x7AEF;&#x9032;&#x884C;&#x63D2;&#x5165;&#x548C;&#x522A;&#x9664;&#xFF0C;&#x56E0;&#x6B64;&#x5B83;&#x6BD4;&#x55AE;&#x5411;&#x93C8;&#x7D50;&#x4E32;&#x5217;&#x66F4;&#x6709;&#x6548;&#x7387;&#x3002;&lt;/p&gt;&#xD;
&#xD;
&lt;p&gt;&#x96D9;&#x5411;&#x93C8;&#x7D50;&#x4E32;&#x5217;&#x53EF;&#x4EE5;&#x4F7F;&#x7528;&#x5728;&#x904A;&#x6232;&#x4E2D;&#x7684;&#x89D2;&#x8272;&#x79FB;&#x52D5;&#x6280;&#x8853;&#x4E0A;&#xFF0C;&#x5728;&#x904A;&#x6232;&#x4E2D;&#xFF0C;&#x89D2;&#x8272;&#x53EF;&#x4EE5;&#x79FB;&#x52D5;&#x5230;&#x4EFB;&#x610F;&#x65B9;&#x5411;&#x7684;&#x4F4D;&#x7F6E;&#x3002;&#x70BA;&#x4E86;&#x5BE6;&#x73FE;&#x9019;&#x7A2E;&#x79FB;&#x52D5;&#xFF0C;&#x53EF;&#x4EE5;&#x4F7F;&#x7528;&#x96D9;&#x5411;&#x93C8;&#x7D50;&#x4E32;&#x5217;&#x4F86;&#x5B58;&#x5132;&#x89D2;&#x8272;&#x7684;&#x6240;&#x6709;&#x53EF;&#x80FD;&#x4F4D;&#x7F6E;&#x3002;&#x6BCF;&#x500B;&#x4F4D;&#x7F6E;&#x90FD;&#x7531;&#x4E00;&#x500B;&#x7BC0;&#x9EDE;&#x8868;&#x793A;&#xFF0C;&#x7BC0;&#x9EDE;&#x4E2D;&#x5305;&#x542B;&#x89D2;&#x8272;&#x7684;&#x4F4D;&#x7F6E;&#x548C;&#x65B9;&#x5411;&#x3002;&#x7576;&#x89D2;&#x8272;&#x79FB;&#x52D5;&#x6642;&#xFF0C;&#x53EF;&#x4EE5;&#x901A;&#x904E;&#x4FEE;&#x6539;&#x7BC0;&#x9EDE;&#x4E2D;&#x7684;&#x6578;&#x64DA;&#x4F86;&#x66F4;&#x65B0;&#x89D2;&#x8272;&#x7684;&#x4F4D;&#x7F6E;&#x548C;&#x65B9;&#x5411;&#x3002;&lt;/p&gt; </content>
  <attach></attach>
  <rcount></rcount>
  <rank></rank>
  <hit>14</hit>
  <lang>1</lang>
</data>
