<?xml version="1.0"?>
<data version="3.0" time="2024-07-20 09:55:00" type="post" filename="b000000013.xml">
  <open_time>0000-00-00</open_time>
  <close_time>0000-00-00</close_time>
  <lang_name>Big5</lang_name>
  <board_id>1001278679</board_id>
  <node>000000013</node>
  <site>1000110001</site>
  <pt>2023-07-12 12:59:48</pt>
  <poster>06005635</poster>
  <realname>&#x9EC3;&#x535A;&#x5143;  </realname>
  <email>maruko1mjw@yahoo.com.tw</email>
  <homepage>  </homepage>
  <subject>&#x6436;&#x7B54;118 </subject>
  <content>&lt;p&gt;&#x984C;&#x76EE; :&amp;nbsp;&#x4EE4;ptrX&#x6307;&#x5411;&#x93C8;&#x7D50;&#x4E32;&#x5217;&#x7684;&#x7BC0;&#x9EDE;&#xFF0C;&#x6BD4;&#x8F03;ptrX = ptrX-&amp;gt;next&#x548C;ptrX-&amp;gt;next = ptrX&#x7684;&#x5DEE;&#x7570;&#x3002;&lt;/p&gt;&#xD;
&#xD;
&lt;p&gt;&#x56DE;&#x7B54; :&amp;nbsp;&lt;/p&gt;&#xD;
&#xD;
&lt;ol&gt;&#xD;
	&lt;li&gt;&#xD;
	&lt;p&gt;ptrX = ptrX-&amp;gt;next&#xFF1A; &#x9019;&#x500B;&#x8868;&#x9054;&#x5F0F;&#x7684;&#x610F;&#x601D;&#x662F;&#x5C07;ptrX&#x6307;&#x5411;&#x93C8;&#x7D50;&#x4E32;&#x5217;&#x4E2D;&#x7684;&#x4E0B;&#x4E00;&#x500B;&#x7BC0;&#x9EDE;&#x3002;&#x4E5F;&#x5C31;&#x662F;&#x8AAA;&#xFF0C;&#x5C07;ptrX&#x6307;&#x6A19;&#x7684;&#x503C;&#x66F4;&#x65B0;&#x70BA;&#x6307;&#x5411;&#x5176;&#x4E0B;&#x4E00;&#x500B;&#x7BC0;&#x9EDE;&#x7684;&#x4F4D;&#x7F6E;&#x3002;&lt;/p&gt;&#xD;
	&lt;/li&gt;&#xD;
	&lt;li&gt;&#xD;
	&lt;p&gt;ptrX-&amp;gt;next = ptrX&#xFF1A; &#x9019;&#x500B;&#x8868;&#x9054;&#x5F0F;&#x7684;&#x610F;&#x601D;&#x662F;&#x5C07;ptrX&#x7BC0;&#x9EDE;&#x7684;&#x4E0B;&#x4E00;&#x500B;&#x6307;&#x6A19;&#x6307;&#x5411;ptrX&#x672C;&#x8EAB;&#x3002;&#x9019;&#x6703;&#x5C0E;&#x81F4;&#x93C8;&#x7D50;&#x4E32;&#x5217;&#x4E2D;&#x7684;&#x4E00;&#x500B;&#x7BC0;&#x9EDE;&#x6307;&#x5411;&#x5B83;&#x81EA;&#x5DF1;&#xFF0C;&#x5F62;&#x6210;&#x4E00;&#x500B;&#x5FAA;&#x74B0;&#xFF0C;&#x4E5F;&#x88AB;&#x7A31;&#x70BA;&amp;quot;&#x81EA;&#x74B0;&amp;quot;&#x3002;&lt;/p&gt;&#xD;
	&lt;/li&gt;&#xD;
&lt;/ol&gt; </content>
  <attach></attach>
  <rcount></rcount>
  <rank></rank>
  <hit>24</hit>
  <lang>1</lang>
</data>
