<?xml version="1.0"?>
<data version="3.0" time="2024-07-20 09:55:00" type="post" filename="b000000011000000001.xml">
  <open_time>0000-00-00</open_time>
  <close_time>0000-00-00</close_time>
  <lang_name>Big5</lang_name>
  <board_id>1001278679</board_id>
  <node>000000011000000001</node>
  <site>1000110001</site>
  <pt>2023-07-10 17:02:19</pt>
  <poster>11813</poster>
  <realname>&#x5433;&#x5B9C;&#x9D3B;  </realname>
  <email>yhwu@cycu.edu.tw</email>
  <homepage>https://www.researchgate.net/profile/Yi-Hung-Wu-2  </homepage>
  <subject>Re: &#x6436;&#x7B54;116  </subject>
  <content>&lt;p&gt;OK.&lt;/p&gt;&#xD;
&#xD;
&lt;p&gt;&lt;span style="color:#b22222"&gt;&#x5EFA;&#x8B70;&#x6436;&#x7B54;&#x5C1A;&#x672A;&#x88AB;&#x56DE;&#x7B54;&#x7684;&#x554F;&#x984C;&#xFF0C;&#x4EE5;&#x514D;&#x5167;&#x5BB9;&#x904E;&#x65BC;&#x91CD;&#x8907;&#x800C;&#x672A;&#x5F97;&#x5206;&#x3002;&lt;/span&gt;&lt;/p&gt; </content>
  <attach></attach>
  <rcount></rcount>
  <rank></rank>
  <hit>2</hit>
  <lang>1</lang>
</data>
