<?xml version="1.0"?>
<data version="3.0" time="2024-07-19 09:06:03" type="post" filename="b000000002000000001.xml">
  <open_time>0000-00-00</open_time>
  <close_time>0000-00-00</close_time>
  <lang_name>Big5</lang_name>
  <board_id>1001162655</board_id>
  <node>000000002000000001</node>
  <site>1000110001</site>
  <pt>2022-12-19 19:50:46</pt>
  <poster>11813</poster>
  <realname>&#x5433;&#x5B9C;&#x9D3B;  </realname>
  <email>yhwu@cycu.edu.tw</email>
  <homepage>https://www.researchgate.net/profile/Yi-Hung-Wu-2 </homepage>
  <subject>Re: 217. &#x8209;&#x4F8B;&#x89E3;&#x8AAA;&#x5FEB;&#x901F;&#x6392;&#x5E8F;quick sort&#x662F;&#x5426;&#x7A69;&#x5B9A;stable&#x3002;  </subject>
  <content>&lt;p&gt;&lt;strong&gt;&lt;span style="color:#ff0000"&gt;&#x6F14;&#x7B97;&#x6CD5;&#x4E26;&#x975E;&#x6559;&#x6750;&#x7684;&#x539F;&#x59CB;&#x7248;&#x672C;&#x3002;&lt;/span&gt;&lt;/strong&gt;&lt;/p&gt;&#xD;
&#xD;
&lt;p&gt;&lt;span style="color:#ff0000"&gt;&#x539F;&#x59CB;&#x7248;&#x672C;&#x4E2D;pivot&#x4F4D;&#x7F6E;&#x662F;&#x56FA;&#x5B9A;&#x7684;&#xFF0C;&#x53E6;&#x5916;&#x6709;&#x4E00;&#x500B;&#x908A;&#x754C;&#x4F4D;&#x7F6E;&#x671D;&#x4E00;&#x500B;&#x65B9;&#x5411;&#x79FB;&#x52D5;&#xFF0C;&#x6578;&#x503C;&#x53EA;&#x548C;&#x79FB;&#x52D5;&#x908A;&#x754C;&#x7684;&#x4F4D;&#x7F6E;&#x4EA4;&#x63DB;&#x3002;&lt;/span&gt;&lt;/p&gt;&#xD;
&#xD;
&lt;p&gt;&lt;span style="color:#ff0000"&gt;&#x5047;&#x8A2D;&#x5F9E;&#x5C0F;&#x5230;&#x5927;&#x662F;&#x5F80;&#x53F3;&#x7684;&#x65B9;&#x5411;&#xFF0C;&#x53EA;&#x6709;&#x6BD4;pivot&#x5C0F;&#x7684;&#x6578;&#x503C;&#x624D;&#x9700;&#x8981;&#x548C;&#x908A;&#x754C;&#x4F4D;&#x7F6E;&#x4EA4;&#x63DB;&#xFF0C;&#x6BD4;&#x8F03;&#x5927;&#x7684;&#x6578;&#x503C;&#x90FD;&#x7559;&#x5728;&#x539F;&#x8655;&#x3002;&lt;/span&gt;&lt;/p&gt;&#xD;
&#xD;
&lt;p&gt;&lt;span style="color:#ff0000"&gt;&lt;strong&gt;&#x8003;&#x8A66;&#x5225;&#x7B54;&#x932F;&#x4E86;.&lt;/strong&gt;..&lt;/span&gt;&lt;/p&gt;</content>
  <attach></attach>
  <rcount></rcount>
  <rank></rank>
  <hit>2</hit>
  <lang>1</lang>
</data>
