<?xml version="1.0"?>
<data version="3.0" time="2024-07-19 08:59:51" type="post" filename="b000000008.xml">
  <open_time>0000-00-00</open_time>
  <close_time>0000-00-00</close_time>
  <lang_name>Big5</lang_name>
  <board_id>1001174276</board_id>
  <node>000000008</node>
  <site>1000110001</site>
  <pt>2022-10-27 03:49:29</pt>
  <poster>11027247</poster>
  <realname>&#x8A31;&#x5A01;&#x8317;  </realname>
  <email>as355068@asjh.ntpc.edu.tw</email>
  <homepage>  </homepage>
  <subject>128. &#x5F8C;&#x5E8F;&#x5F0F;2 4 6 * + 7 5 - *&#x8981;&#x5982;&#x4F55;&#x900F;&#x904E;&#x5806;&#x758A;&#x6C42;&#x89E3;&#xFF1F;&#x8981;&#x5217;&#x51FA;&#x904E;&#x7A0B;&#x3002; </subject>
  <content>&lt;p&gt;&lt;img alt="" src="/user/1/1/11027247/images/S__104194052.jpg" style="height:1480px; width:1107px" /&gt;&lt;img alt="" src="/user/1/1/11027247/images/2.jpg" style="height:1480px; width:1107px" /&gt;&lt;/p&gt; </content>
  <attach></attach>
  <rcount></rcount>
  <rank></rank>
  <hit>23</hit>
  <lang>1</lang>
</data>
