<?xml version="1.0"?>
<data version="3.0" time="2024-07-19 08:59:51" type="post" filename="b000000006.xml">
  <open_time>0000-00-00</open_time>
  <close_time>0000-00-00</close_time>
  <lang_name>Big5</lang_name>
  <board_id>1001174276</board_id>
  <node>000000006</node>
  <site>1000110001</site>
  <pt>2022-10-26 00:03:35</pt>
  <poster>11027209</poster>
  <realname>&#x5DEB;&#x5E74;&#x5DE8;  </realname>
  <email>yy911123@gmail.com</email>
  <homepage>  </homepage>
  <subject>128. &#x5F8C;&#x5E8F;&#x5F0F;2 4 6 * + 7 5 - *&#x8981;&#x5982;&#x4F55;&#x900F;&#x904E;&#x5806;&#x758A;&#x6C42;&#x89E3;&#xFF1F;&#x8981;&#x5217;&#x51FA;&#x904E;&#x7A0B;&#x3002; </subject>
  <content>&lt;p&gt;&lt;img alt="" src="/user/1/1/11027209/images/IMG_1772.jpg" style="height:300px; width:400px" /&gt;&lt;/p&gt;&#xD;
&#xD;
&lt;p&gt;&#x5806;&#x758A;&#x653E;&#x904B;&#x7B97;&#x5143;&#x7576;&#x8B80;&#x5230;&#x904B;&#x7B97;&#x5B50;&#x6642;pop&#x5169;&#x500B;&#x904B;&#x7B97;&#x5143;&#x8207;&#x904B;&#x7B97;&#x5B50;&#x505A;&#x8A08;&#x7B97;&#x7136;&#x5F8C;&#x7B97;&#x51FA;&#x4F86;&#x7684;result push&#x56DE;&#x53BB;&#x5806;&#x758A;&#xFF0C;&#x6700;&#x7D42;&#x7684;result&#x5373;&#x70BA;&#x7B54;&#x6848;&#x3002;&lt;/p&gt; </content>
  <attach></attach>
  <rcount></rcount>
  <rank></rank>
  <hit>19</hit>
  <lang>1</lang>
</data>
