<?xml version="1.0"?>
<data version="3.0" time="2024-07-19 08:59:51" type="post" filename="b000000003000000001.xml">
  <open_time>0000-00-00</open_time>
  <close_time>0000-00-00</close_time>
  <lang_name>Big5</lang_name>
  <board_id>1001174276</board_id>
  <node>000000003000000001</node>
  <site>1000110001</site>
  <pt>2022-10-24 11:17:58</pt>
  <poster>11813</poster>
  <realname>&#x5433;&#x5B9C;&#x9D3B;  </realname>
  <email>yhwu@cycu.edu.tw</email>
  <homepage>https://www.researchgate.net/profile/Yi-Hung-Wu-2  </homepage>
  <subject>Re: 129. &#x5BEB;C++&#x7A0B;&#x5F0F;&#x78BC;&#x8A2D;&#x8A08;&#x905E;&#x8FF4;&#x51FD;&#x6578;&#x7522;&#x751F;3&#x500B;&#x6578;&#x5B57;&#x4E0D;&#x540C;&#x4E14;&#x52A0;&#x7E3D;&#x7B49;&#x65BC;M&#x7684;&#x6240;&#x6709;3&#x4F4D;&#x6578;&#xFF0C;M&#x662F;&#x8F38;&#x5165;&#x7684;&#x6574;&#x6578;&#xFF0C;&#x767E;&#x4F4D;&#x6578;&#x5FC5;&#x9808;&#x975E;&#x96F6;&#x3002;  </subject>
  <content>&lt;p&gt;&lt;span style="color:#0000cd"&gt;&#x7A0B;&#x5F0F;&#x78BC;&#x53EF;&#x4EE5;&#x6B63;&#x5E38;&#x57F7;&#x884C;&#xFF0C;&#x6558;&#x8FF0;&#x908F;&#x8F2F;&#x7684;&#x8868;&#x9054;&#x6E05;&#x695A;&#x3002;&lt;/span&gt;&lt;/p&gt;&#xD;
&#xD;
&lt;p&gt;&lt;span style="color:#b22222"&gt;&#x5167;&#x90E8;&#x6709;&#x4E8C;&#x500B;while&#x8FF4;&#x5708;&#x53EF;&#x5426;&#x7C21;&#x5316;&#x6210;if&#x6558;&#x8FF0;&#x76F4;&#x63A5;&#x8A08;&#x7B97;&#xFF1F;&lt;/span&gt;&lt;/p&gt;&#xD;
&#xD;
&lt;p&gt;&lt;span style="color:#b22222"&gt;&#x4F8B;&#x5982;&#x9019;&#x500B;&#xFF1A;&lt;/span&gt;&lt;/p&gt;&#xD;
&#xD;
&lt;p&gt;&lt;span style="color:#b22222"&gt;while( target - recur[0] - limit &amp;lt; 0 ) {&lt;br /&gt;&#xD;
&amp;nbsp;&amp;nbsp; &amp;nbsp;&amp;nbsp;&amp;nbsp; &amp;nbsp;&amp;nbsp;&amp;nbsp; &amp;nbsp; &amp;nbsp; &amp;nbsp;limit = limit - 1 ;&amp;nbsp;&lt;br /&gt;&#xD;
&amp;nbsp;&amp;nbsp; &amp;nbsp; &amp;nbsp; &amp;nbsp;&amp;nbsp; &amp;nbsp; &amp;nbsp; &amp;nbsp;} // end of while&lt;/span&gt;&lt;/p&gt; </content>
  <attach></attach>
  <rcount></rcount>
  <rank></rank>
  <hit>1</hit>
  <lang>1</lang>
</data>
