<?xml version="1.0"?>
<data version="3.0" time="2024-07-19 08:59:51" type="post" filename="b000000010.xml">
  <open_time>0000-00-00</open_time>
  <close_time>0000-00-00</close_time>
  <lang_name>Big5</lang_name>
  <board_id>1001174276</board_id>
  <node>000000010</node>
  <site>1000110001</site>
  <pt>2022-10-31 23:13:56</pt>
  <poster>11027262</poster>
  <realname>&#x9418;&#x807F;&#x4EAD;  </realname>
  <email>shenyao0214@gmail.com</email>
  <homepage>  </homepage>
  <subject>127. &#x5BEB;C++&#x7A0B;&#x5F0F;&#x78BC;&#x4ECB;&#x7D39;&#x4E00;&#x7D44;&#x8B80;&#x6A94;&#x548C;&#x5BEB;&#x6A94;&#x7684;&#x6307;&#x4EE4;&#xFF0C;&#x9808;&#x80FD;&#x6210;&#x529F;&#x7DE8;&#x8B6F;&#x57F7;&#x884C;&#x3002; </subject>
  <content>&lt;p&gt;&lt;img alt="" src="/user/1/1/11027262/images/127-1.png" style="height:303px; width:1669px" /&gt;&lt;/p&gt;&#xD;
&#xD;
&lt;p&gt;9&#xFF1A;ios::out&#x662F;&#x6307;&#x5C07;&#x6A94;&#x6848;&#x4EE5;&#x5BEB;&#x5165;&#x6A21;&#x5F0F;&#x958B;&#x555F;&lt;/p&gt;&#xD;
&#xD;
&lt;p&gt;&lt;img alt="" src="/user/1/1/11027262/images/127-2.png" style="height:593px; width:1679px" /&gt;&lt;/p&gt;&#xD;
&#xD;
&lt;p&gt;20&#xFF1A;ios::in&#x662F;&#x6307;&#x5C07;&#x6A94;&#x6848;&#x4EE5;&#x8B80;&#x53D6;&#x6A21;&#x5F0F;&#x958B;&#x555F;&lt;/p&gt; </content>
  <attach></attach>
  <rcount></rcount>
  <rank></rank>
  <hit>22</hit>
  <lang>1</lang>
</data>
