<?xml version="1.0"?>
<data version="3.0" time="2024-07-19 08:59:51" type="post" filename="b000000005.xml">
  <open_time>0000-00-00</open_time>
  <close_time>0000-00-00</close_time>
  <lang_name>Big5</lang_name>
  <board_id>1001174276</board_id>
  <node>000000005</node>
  <site>1000110001</site>
  <pt>2022-10-24 18:34:59</pt>
  <poster>11020137</poster>
  <realname>&#x95DC;&#x7FD4;&#x8B19;  </realname>
  <email>t1175162tw@gmail.com</email>
  <homepage> </homepage>
  <subject>128. &#x5F8C;&#x5E8F;&#x5F0F;2 4 6 * + 7 5 - *&#x8981;&#x5982;&#x4F55;&#x900F;&#x904E;&#x5806;&#x758A;&#x6C42;&#x89E3;&#xFF1F;&#x8981;&#x5217;&#x51FA;&#x904E;&#x7A0B;&#x3002; </subject>
  <content>&lt;p&gt;&#x5F8C;&#x5E8F;&#x5F0F;2 4 6 * + 7 5 - *&#x5982;&#x4F55;&#x900F;&#x904E;&#x5806;&#x758A;&#x6C42;&#x89E3;?&lt;/p&gt;&#xD;
&#xD;
&lt;p&gt;&lt;strong&gt;1.&lt;/strong&gt;2, 4, 6&#x76F4;&#x63A5;&#x653E;&#x5165;&#x6578;&#x5B57;&#x5806;&#x758A;&lt;/p&gt;&#xD;
&#xD;
&lt;p&gt;&lt;strong&gt;2.&lt;/strong&gt;4, 6&#x7D93;&#x904E;*&#x8A08;&#x7B97;&#x5F97;&#x5230;24&#x653E;&#x56DE;&#x5806;&#x758A;(&#x76EE;&#x524D;&#x7684;&#x6578;&#x5B57;&#x5806;&#x758A;&#x70BA;2, 24)&lt;/p&gt;&#xD;
&#xD;
&lt;p&gt;&lt;strong&gt;3.&lt;/strong&gt;2,24&#x7D93;&#x904E;+&#x8A08;&#x7B97;&#x5F97;&#x5230;26&#x653E;&#x56DE;&#x5806;&#x758A;(&#x76EE;&#x524D;&#x7684;&#x6578;&#x5B57;&#x5806;&#x758A;&#x70BA;26)&lt;/p&gt;&#xD;
&#xD;
&lt;p&gt;&lt;strong&gt;4.&lt;/strong&gt;7, 5&#x653E;&#x5165;&#x6578;&#x5B57;&#x5806;&#x758A;(&#x76EE;&#x524D;&#x7684;&#x6578;&#x5B57;&#x5806;&#x758A;&#x70BA;26, 7, 5)&lt;/p&gt;&#xD;
&#xD;
&lt;p&gt;&lt;strong&gt;5.&lt;/strong&gt;7,5&#x7D93;&#x904E;-&#x8A08;&#x7B97;&#x5F97;&#x5230;2&#x653E;&#x56DE;&#x5806;&#x758A;(&#x76EE;&#x524D;&#x7684;&#x6578;&#x5B57;&#x5806;&#x758A;&#x70BA;26, 2)&lt;/p&gt;&#xD;
&#xD;
&lt;p&gt;&lt;strong&gt;6.&lt;/strong&gt;26, 2&#x7D93;&#x904E;*&#x8A08;&#x7B97;&#x5F97;&#x5230;52&#x653E;&#x56DE;&#x5806;&#x758A;(&#x76EE;&#x524D;&#x7684;&#x6578;&#x5B57;&#x5806;&#x758A;&#x70BA;52)&lt;/p&gt;&#xD;
&#xD;
&lt;p&gt;&lt;strong&gt;7.&lt;/strong&gt;&#x904B;&#x7B97;&#x5F0F;&#x7D50;&#x675F;&#xFF0C;&#x6578;&#x5B57;&#x5806;&#x758A;&#x5269;&#x4E0B;&#x4E00;&#x500B;&#x5143;&#x7D20;&#xFF0C;&#x4E5F;&#x6C92;&#x6709;&#x591A;&#x9918;&#x7684;&#x904B;&#x7B97;&#x5B50;&#xFF0C;&#x70BA;&#x5408;&#x6CD5;&#x7684;&#x5F8C;&#x5E8F;&#x5F0F;&#xFF0C;&#x7D50;&#x675F;&#x8A08;&#x7B97;&#xFF0C;&#x7B54;&#x6848;52&#x3002;&lt;/p&gt;</content>
  <attach></attach>
  <rcount></rcount>
  <rank></rank>
  <hit>36</hit>
  <lang>1</lang>
</data>
