<?xml version="1.0"?>
<data version="3.0" time="2024-07-19 08:59:51" type="post" filename="b000000007.xml">
  <open_time>0000-00-00</open_time>
  <close_time>0000-00-00</close_time>
  <lang_name>Big5</lang_name>
  <board_id>1001174276</board_id>
  <node>000000007</node>
  <site>1000110001</site>
  <pt>2022-10-26 16:16:00</pt>
  <poster>11020107</poster>
  <realname>&#x8607;&#x4F2F;&#x52F3;  </realname>
  <email>pohsun.su@gmail.com</email>
  <homepage> </homepage>
  <subject>127. &#x5BEB;C++&#x7A0B;&#x5F0F;&#x78BC;&#x4ECB;&#x7D39;&#x4E00;&#x7D44;&#x8B80;&#x6A94;&#x548C;&#x5BEB;&#x6A94;&#x7684;&#x6307;&#x4EE4;&#xFF0C;&#x9808;&#x80FD;&#x6210;&#x529F;&#x7DE8;&#x8B6F;&#x57F7;&#x884C;&#x3002; </subject>
  <content>&lt;p&gt;/*&lt;/p&gt;&#xD;
&#xD;
&lt;p&gt;&#x985E;&#x5225;&#x5716;&#xFF1A;&lt;/p&gt;&#xD;
&#xD;
&lt;p&gt;&lt;a href="https://cplusplus.com/img/iostream.gif"&gt;&lt;img alt="" src="https://cplusplus.com/img/iostream.gif" style="height:273px; width:705px" /&gt;&lt;/a&gt;&lt;/p&gt;&#xD;
&#xD;
&lt;p&gt;&#x5728;C++&#x4E2D;&#xFF0C;&#x662F;&#x900F;&#x904E;stream&#x7684;&#x5B50;&#x985E;fstream(file stream)&#x5C0D;&#x6A94;&#x6848;&#x64CD;&#x4F5C;&#xFF0C;&#x6240;&#x4EE5;&#x8981;&#x52A0;&#x5165;&#x6A19;&#x982D;&#x6A94;&amp;lt;fstream.h&amp;gt;&#x3002;&lt;/p&gt;&#xD;
&#xD;
&lt;p&gt;stream&#x985E;&#x5225;&#x4E2D;&#x6709;&#x5169;&#x500B;&#x91CD;&#x8981;&#x7684;&#x904B;&#x7B97;&#x5B50;&#xFF1A;&lt;/p&gt;&#xD;
&#xD;
&lt;p&gt;1. &#x63D2;&#x5165;&#x5668;&amp;lt;&amp;lt;&#xFF1A;&#x5411;&#x6D41;&#x8F38;&#x51FA;&#x8CC7;&#x6599;&#x3002;&#x4F8B;&#x5982;&#x6A19;&#x6E96;&#x8F38;&#x51FA;&#x6D41;cout&#xFF1A;cout &amp;lt;&amp;lt; &amp;quot;COUT&amp;quot;;&#x5C31;&#x8868;&#x793A;&#x628A;&#x5B57;&#x4E32;&amp;quot;COUT&amp;quot;&#x8F38;&#x51FA;&#x5230;cout&#x3002;&lt;br /&gt;&#xD;
2. &#x6790;&#x53D6;&#x5668;&amp;gt;&amp;gt;&#xFF1A;&#x5F9E;&#x6D41;&#x4E2D;&#x8F38;&#x5165;&#x8CC7;&#x6599;&#x3002;&#x4F8B;&#x5982;&#x6A19;&#x6E96;&#x8F38;&#x5165;&#x6D41;cin&#xFF1A;cin &amp;gt;&amp;gt; x;&#x5C31;&#x8868;&#x793A;&#x5F9E;cin&#x4E2D;&#x8B80;&#x53D6;&#x4E00;&#x500B;&#x6307;&#x5B9A;&#x578B;&#x5225;&#x7684;&#x8CC7;&#x6599;&#x8F38;&#x5165;&#x5230;x&#x3002;&lt;/p&gt;&#xD;
&#xD;
&lt;p&gt;&#x56E0;&#x6B64;&#xFF0C;&#x5BEB;&#x6A94;&#x6642;&#xFF0C;&#x53EF;&#x7528;&#x63D2;&#x5165;&#x5668;&#x5C07;&#x8CC7;&#x6599;&#x8F38;&#x5165;&#x5230;&#x6A94;&#x6848;&#x3002;&lt;/p&gt;&#xD;
&#xD;
&lt;p&gt;fstream&#x6709;&#x5169;&#x500B;&#x5B50;&#x985E;&#xFF1A;ifstream(input file stream)&#x548C;ofstream(outpu file stream)&#x3002;&lt;/p&gt;&#xD;
&#xD;
&lt;p&gt;ifstream&#x9810;&#x8A2D;&#x4EE5;&#x8F38;&#x5165;&#x6A21;&#x5F0F;&#x958B;&#x555F;&#x6A94;&#x6848;&#xFF08;&#x5F9E;&#x786C;&#x789F;&#x5230;&#x8A18;&#x61B6;&#x9AD4;&#xFF09;&#xFF0C;ofstream&#x9810;&#x8A2D;&#x4EE5;&#x8F38;&#x51FA;&#x6A21;&#x5F0F;&#x958B;&#x555F;&#x6A94;&#x6848;&#xFF08;&#x5F9E;&#x8A18;&#x61B6;&#x9AD4;&#x5230;&#x786C;&#x789F;&#xFF09;&#x3002;&lt;/p&gt;&#xD;
&#xD;
&lt;p&gt;&#x5982;&#x679C;&#x60F3;&#x4EE5;&#x8F38;&#x5165;&#x6A21;&#x5F0F;&#x958B;&#x555F;&#x5C31;&#x7528;ifstream&#xFF0C;&#x60F3;&#x4EE5;&#x8F38;&#x51FA;&#x65B9;&#x5F0F;&#x958B;&#x555F;&#x5C31;&#x7528;ofstream&#xFF0C;&#x60F3;&#x4EE5;&#x8F38;&#x5165;/&#x8F38;&#x51FA;&#x65B9;&#x5F0F;&#x4F86;&#x958B;&#x555F;fstream&#xFF08;&#x500B;&#x4EBA;&#x504F;&#x597D;ifstream&#x548C;ofstream&#xFF0C;&#x8F03;&#x6613;&#x5340;&#x5206;&#xFF09;&#x3002;&lt;/p&gt;&#xD;
&#xD;
&lt;p&gt;ifstream&#x548C;ofstream&#x4E2D;&#xFF0C;&#x958B;&#x555F;&#x6A94;&#x6848;&#x70BA;open()&#xFF0C;&#x95DC;&#x9589;&#x6A94;&#x6848;&#x70BA;close()&#x3002;&lt;/p&gt;&#xD;
&#xD;
&lt;p&gt;1. open()&#xFF1A;&lt;/p&gt;&#xD;
&#xD;
&lt;p&gt;&#x539F;&#x578B;&#xFF1A;&lt;/p&gt;&#xD;
&#xD;
&lt;p&gt;void open (const char* filename, ios_base::openmode mode = ios_base::in); // ifstream&lt;/p&gt;&#xD;
&#xD;
&lt;p&gt;void open (const char* filename, ios_base::openmode mode = ios_base::out); // ofstream&lt;/p&gt;&#xD;
&#xD;
&lt;p&gt;filename&#x70BA;&#x6A94;&#x540D;&#xFF0C;mode&#x70BA;&#x958B;&#x555F;&#x65B9;&#x5F0F;&#x3002;&lt;/p&gt;&#xD;
&#xD;
&lt;p&gt;&#x6D41;&#x7684;&#x6587;&#x4EF6;&#x95DC;&#x806F;&#x7531;&#x5176;&#x5167;&#x90E8;&#x6D41;&#x7DE9;&#x885D;&#x5340;&#x4FDD;&#x5B58;&#xFF1A;&lt;br /&gt;&#xD;
&#x5728;&#x5167;&#x90E8;&#xFF0C;&#x51FD;&#x6578;&#x8ABF;&#x7528;rdbuf()-&amp;gt;open(filename,mode)&lt;/p&gt;&#xD;
&#xD;
&lt;p&gt;&#xFF08;&#x5167;&#x90E8;&#x6D41;&#x7DE9;&#x885D;&#x5340;&#x8ACB;&#x53C3;&#x7167;&#x6A19;&#x6E96;&#x51FD;&#x5F0F;&#x5EAB;&#xFF1A;&lt;a href="https://cplusplus.com/reference/fstream/filebuf/open/"&gt;https://cplusplus.com/reference/fstream/filebuf/open/&lt;/a&gt;&#xFF09;&lt;/p&gt;&#xD;
&#xD;
&lt;p&gt;2. close()&#xFF1A;&lt;/p&gt;&#xD;
&#xD;
&lt;p&gt;&#x539F;&#x578B;&#xFF1A;void close();&lt;/p&gt;&#xD;
&#xD;
&lt;p&gt;&#x95DC;&#x9589;&#x7576;&#x524D;&#x8207;&#x5C0D;&#x8C61;&#x95DC;&#x806F;&#x7684;&#x6587;&#x4EF6;&#xFF0C;&#x5C07;&#x5176;&#x8207;&#x6D41;&#x89E3;&#x9664;&#x95DC;&#x806F;&#x3002;&lt;/p&gt;&#xD;
&#xD;
&lt;p&gt;&#x6D41;&#x7684;&#x6587;&#x4EF6;&#x95DC;&#x806F;&#x7531;&#x5176;&#x5167;&#x90E8;&#x6D41;&#x7DE9;&#x885D;&#x5340;&#x4FDD;&#x5B58;&#xFF1A;&lt;br /&gt;&#xD;
&#x5728;&#x5167;&#x90E8;&#xFF0C;&#x51FD;&#x6578;&#x8ABF;&#x7528;&#x548C;&#x8A2D;&#x7F6E;rdbuf-&amp;gt;close()&#xFF0C;&#x4E26;&#x8A2D;&#x7F6E;failbit&#x9810;&#x9632;&#x5931;&#x6557;&#x3002;&lt;/p&gt;&#xD;
&#xD;
&lt;p&gt;&#xFF08;&#x5167;&#x90E8;&#x6D41;&#x7DE9;&#x885D;&#x5340;&#x8ACB;&#x53C3;&#x7167;&#x6A19;&#x6E96;&#x51FD;&#x5F0F;&#x5EAB;&#xFF1A;&lt;a href="https://cplusplus.com/reference/fstream/filebuf/close/"&gt;https://cplusplus.com/reference/fstream/filebuf/close/&lt;/a&gt;&#xFF09;&lt;/p&gt;&#xD;
&#xD;
&lt;p&gt;3. &#x6709;&#x53E6;&#x4E00;&#x7A2E;&#x65B9;&#x5F0F;&#x5728;&#x5EFA;&#x69CB;&#x6642;&#x5C31;&#x53EF;&#x958B;&#x555F;&#x6A94;&#x6848;&#xFF08;&#x7A0B;&#x5F0F;&#x78BC;&#x4F7F;&#x7528;&#x6B64;&#x7A2E;&#x65B9;&#x5F0F;&#xFF09;&#xFF1A;&lt;/p&gt;&#xD;
&#xD;
&lt;p&gt;&#x5EFA;&#x69CB;ifstream&#x6642;&#x958B;&#x555F;&#xFF1A;&lt;a href="https://cplusplus.com/reference/fstream/ifstream/ifstream/"&gt;https://cplusplus.com/reference/fstream/ifstream/ifstream/&lt;/a&gt;&lt;/p&gt;&#xD;
&#xD;
&lt;table&gt;&#xD;
	&lt;tbody&gt;&#xD;
		&lt;tr&gt;&#xD;
			&lt;th&gt;default (1)&lt;/th&gt;&#xD;
			&lt;td&gt;&#xD;
			&lt;p&gt;ifstream();&lt;/p&gt;&#xD;
			&lt;/td&gt;&#xD;
		&lt;/tr&gt;&#xD;
		&lt;tr&gt;&#xD;
			&lt;th&gt;initialization (2)&lt;/th&gt;&#xD;
			&lt;td&gt;&#xD;
			&lt;p&gt;explicit ifstream (const char* filename, ios_base::openmode mode = ios_base::in);explicit ifstream (const string&amp;amp; filename, ios_base::openmode mode = ios_base::in);&lt;/p&gt;&#xD;
			&lt;/td&gt;&#xD;
		&lt;/tr&gt;&#xD;
		&lt;tr&gt;&#xD;
			&lt;th&gt;copy (3)&lt;/th&gt;&#xD;
			&lt;td&gt;&#xD;
			&lt;p&gt;ifstream (const ifstream&amp;amp;) = delete;&lt;/p&gt;&#xD;
			&lt;/td&gt;&#xD;
		&lt;/tr&gt;&#xD;
		&lt;tr&gt;&#xD;
			&lt;th&gt;move (4)&lt;/th&gt;&#xD;
			&lt;td&gt;&#xD;
			&lt;p&gt;ifstream (ifstream&amp;amp;&amp;amp; x);&lt;/p&gt;&#xD;
			&lt;/td&gt;&#xD;
		&lt;/tr&gt;&#xD;
	&lt;/tbody&gt;&#xD;
&lt;/table&gt;&#xD;
&#xD;
&lt;p&gt;&#x5EFA;&#x69CB;ofstream&#x6642;&#x958B;&#x555F;&#xFF1A;&lt;a href="https://cplusplus.com/reference/fstream/ofstream/ofstream/"&gt;https://cplusplus.com/reference/fstream/ofstream/ofstream/&lt;/a&gt;&lt;/p&gt;&#xD;
&#xD;
&lt;table&gt;&#xD;
	&lt;tbody&gt;&#xD;
		&lt;tr&gt;&#xD;
			&lt;th&gt;default (1)&lt;/th&gt;&#xD;
			&lt;td&gt;&#xD;
			&lt;p&gt;ofstream();&lt;/p&gt;&#xD;
			&lt;/td&gt;&#xD;
		&lt;/tr&gt;&#xD;
		&lt;tr&gt;&#xD;
			&lt;th&gt;initialization (2)&lt;/th&gt;&#xD;
			&lt;td&gt;&#xD;
			&lt;p&gt;explicit ofstream (const char* filename, ios_base::openmode mode = ios_base::out);explicit ofstream (const string&amp;amp; filename, ios_base::openmode mode = ios_base::out);&lt;/p&gt;&#xD;
			&lt;/td&gt;&#xD;
		&lt;/tr&gt;&#xD;
		&lt;tr&gt;&#xD;
			&lt;th&gt;copy (3)&lt;/th&gt;&#xD;
			&lt;td&gt;&#xD;
			&lt;p&gt;ofstream (const ofstream&amp;amp;) = delete;&lt;/p&gt;&#xD;
			&lt;/td&gt;&#xD;
		&lt;/tr&gt;&#xD;
		&lt;tr&gt;&#xD;
			&lt;th&gt;move (4)&lt;/th&gt;&#xD;
			&lt;td&gt;&#xD;
			&lt;p&gt;ofstream (ofstream&amp;amp;&amp;amp; x);&lt;/p&gt;&#xD;
			&lt;/td&gt;&#xD;
		&lt;/tr&gt;&#xD;
	&lt;/tbody&gt;&#xD;
&lt;/table&gt;&#xD;
&#xD;
&lt;p&gt;&#x88DC;&#x5145;&#x500B;&#x5728;stackoverflow&#x770B;&#x5230;&#x7684;&#xFF0C;&#x5225;&#x4EBA;&#x7684;&#x554F;&#x984C;&#xFF1A;&lt;a href="https://stackoverflow.com/questions/3847611/c-stdifstream-in-constructor-problem"&gt;https://stackoverflow.com/questions/3847611/c-stdifstream-in-constructor-problem&lt;/a&gt;&lt;/p&gt;&#xD;
&#xD;
&lt;p&gt;4. &#x7531;&#x65BC;open&#x5167;&#x4F7F;&#x7528;&#x5B57;&#x4E32;&#x5E38;&#x6578;&#xFF0C;&#x56E0;&#x6B64;&#x6211;&#x4F7F;&#x7528;c_str()&#x5C07;string&#x8F49;&#x63DB;&#x6210;AnsiString&#x3002;&lt;/p&gt;&#xD;
&#xD;
&lt;p&gt;&#x539F;&#x578B;&#xFF1A;const char* c_str() const;&lt;br /&gt;&#xD;
c_str() &#x6703;&#x628A;&#x5B57;&#x4E32;&#x7269;&#x4EF6;&#x8F49;&#x63DB;&#x6210;&#x5B57;&#x4E32;&#x5E38;&#x6578;&#xFF0C;&#x7531;&#x65BC;&#x8F49;&#x63DB;&#x5F8C;&#x8B8A;&#x6210;&#x5E38;&#x6578;&#xFF0C;&#x56E0;&#x6B64;&#x4E0D;&#x80FD;&#x4EFB;&#x610F;&#x66F4;&#x6539;&#x3002;&#x82E5;&#x5FC5;&#x9808;&#x66F4;&#x6539;&#x5B57;&#x4E32;&#x5E38;&#x6578;&#xFF0C;&#x61C9;&#x5148;&#x5C07;&#x5176;&#x5132;&#x5B58;&#x5230;buffer&#x518D;&#x66F4;&#x6539;&#x3002;&lt;/p&gt;&#xD;
&#xD;
&lt;p&gt;*/&lt;/p&gt;&#xD;
&#xD;
&lt;p&gt;#include &amp;lt;iostream&amp;gt;&lt;/p&gt;&#xD;
&#xD;
&lt;p&gt;#include &amp;lt;fstream&amp;gt;&lt;/p&gt;&#xD;
&#xD;
&lt;p&gt;#include &amp;lt;vector&amp;gt;&lt;/p&gt;&#xD;
&#xD;
&lt;p&gt;using namespace std;&lt;/p&gt;&#xD;
&#xD;
&lt;p&gt;int main() {&lt;/p&gt;&#xD;
&#xD;
&lt;p&gt;&amp;nbsp; &amp;nbsp; /*&lt;/p&gt;&#xD;
&#xD;
&lt;p&gt;&amp;nbsp; &amp;nbsp; &#x539F;&#x672C;&#x6709;&#x500B;&#x53EB;ABC.txt&#x7684;&#x6A94;&#x6848;&#x6709;&#x4E09;&#x884C;&#x5167;&#x5BB9;&lt;/p&gt;&#xD;
&#xD;
&lt;p&gt;&amp;nbsp; &amp;nbsp; &#x6211;&#x5148;&#x8B80;&#x9032;&#x4F86;&#x5B58;&#x5230;vector&lt;/p&gt;&#xD;
&#xD;
&lt;p&gt;&amp;nbsp; &amp;nbsp; &#x518D;&#x65B0;&#x5EFA;&#x4E00;&#x500B;&#x8907;&#x88FD;&#x6A94;&#xFF0C;&#x5BEB;&#x5165;&#x820A;&#x8CC7;&#x6599;&#xFF0C;&#x4E26;&#x65B0;&#x589E;&#x4E09;&#x884C;&#x5167;&#x5BB9;&lt;/p&gt;&#xD;
&#xD;
&lt;p&gt;&amp;nbsp; &amp;nbsp; &#x8A3B;&#xFF1A;&#x6B64;&#x7A0B;&#x5F0F;&#x78BC;&#x6A94;&#x6848;&#x5FC5;&#x9808;&#x8207;ABC.txt&#x653E;&#x5728;&#x540C;&#x4E00;&#x8CC7;&#x6599;&#x593E;&lt;/p&gt;&#xD;
&#xD;
&lt;p&gt;&amp;nbsp; &amp;nbsp; &#x7522;&#x751F;&#x7684;&#x8907;&#x88FD;&#x6A94;&#x4E5F;&#x6703;&#x5728;&#x6B64;&#x8CC7;&#x6599;&#x593E;&#x5167;&lt;/p&gt;&#xD;
&#xD;
&lt;p&gt;&amp;nbsp; &amp;nbsp; */&lt;/p&gt;&#xD;
&#xD;
&lt;p&gt;&amp;nbsp; &amp;nbsp; // &#x8B8A;&#x6578;&#x5BA3;&#x544A;&lt;/p&gt;&#xD;
&#xD;
&lt;p&gt;&amp;nbsp; &amp;nbsp; vector&amp;lt;string&amp;gt; vec ; // &#x5B58;&#x6A94;&#x6848;&#x7684;&#x6BCF;&#x4E00;&#x884C;&lt;/p&gt;&#xD;
&#xD;
&lt;p&gt;&amp;nbsp; &amp;nbsp; string nameStr = &amp;quot;ABC.txt&amp;quot;; // &#x6A94;&#x6848;&#x540D;&#x7A31;&#xFF0C;&#x898B;&#x9644;&#x4EF6;&lt;/p&gt;&#xD;
&#xD;
&lt;p&gt;&amp;nbsp; &amp;nbsp; string toStoreStr = &amp;quot;&amp;quot;; // &#x66AB;&#x5B58;&#x6A94;&#x6848;&#x7684;&#x6BCF;&#x4E00;&#x884C;&lt;/p&gt;&#xD;
&#xD;
&lt;p&gt;&amp;nbsp; &amp;nbsp; // ifstream&#xFF1A;&#x8B80;&#x6A94;&lt;/p&gt;&#xD;
&#xD;
&lt;p&gt;&amp;nbsp; &amp;nbsp; ifstream toOpen(nameStr.c_str()); // &#x4EE5;&#x8B80;&#x53D6;&#x6A21;&#x5F0F;&#x958B;&#x555F;&#x6A94;&#x6848; // &#x3010;&#x8B80;&#x6A94;&#x3011;&lt;/p&gt;&#xD;
&#xD;
&lt;p&gt;&amp;nbsp; &amp;nbsp; while (getline(toOpen, toStoreStr)) vec.push_back(toStoreStr); // &#x9010;&#x884C;&#x5BEB;&#x5165;vector&lt;/p&gt;&#xD;
&#xD;
&lt;p&gt;&amp;nbsp; &amp;nbsp; toOpen.close(); // &#x4EE5;&#x8B80;&#x53D6;&#x6A21;&#x5F0F;&#x95DC;&#x9589;&#x6A94;&#x6848;&lt;/p&gt;&#xD;
&#xD;
&lt;p&gt;&amp;nbsp; &amp;nbsp; cout &amp;lt;&amp;lt; &amp;quot;Original file&amp;#39;s data :&amp;quot; &amp;lt;&amp;lt; endl;&lt;/p&gt;&#xD;
&#xD;
&lt;p&gt;&amp;nbsp; &amp;nbsp; for (int i = 0; i &amp;lt; vec.size(); i++) cout &amp;lt;&amp;lt; vec[i] &amp;lt;&amp;lt; endl; // &#x5370;&#x51FA;&#x6A94;&#x6848;&#x7684;&#x6BCF;&#x4E00;&#x884C;&lt;/p&gt;&#xD;
&#xD;
&lt;p&gt;&amp;nbsp; &amp;nbsp; // ofstream&#xFF1A;&#x5BEB;&#x6A94;&lt;/p&gt;&#xD;
&#xD;
&lt;p&gt;&amp;nbsp; &amp;nbsp; nameStr = &amp;quot;copy&amp;quot; + nameStr;&lt;/p&gt;&#xD;
&#xD;
&lt;p&gt;&amp;nbsp; &amp;nbsp; ofstream copyFile(nameStr.c_str()); // &#x5EFA;&#x7ACB;&#x4E00;&#x500B;&#x65B0;&#x7684;&#x8907;&#x88FD;&#x6A94;&#x4E26;&#x4EE5;&#x5BEB;&#x5165;&#x6A21;&#x5F0F;&#x958B;&#x555F;&#x8907;&#x88FD;&#x6A94;&lt;/p&gt;&#xD;
&#xD;
&lt;p&gt;&amp;nbsp; &amp;nbsp; for (int i = 0; i &amp;lt; vec.size(); i++) copyFile &amp;lt;&amp;lt; vec[i] &amp;lt;&amp;lt; endl; // &#x8907;&#x88FD;&#x820A;&#x6A94;&#x8CC7;&#x6599;&#x5230;&#x8907;&#x88FD;&#x6A94;&lt;/p&gt;&#xD;
&#xD;
&lt;p&gt;&amp;nbsp; &amp;nbsp; vec.erase(vec.begin(), vec.end()); // &#x6E05;&#x7A7A;&#x91CD;&#x7F6E;vector&lt;/p&gt;&#xD;
&#xD;
&lt;p&gt;&amp;nbsp; &amp;nbsp; for (int i = 0; i &amp;lt; 3; i++) vec.push_back(&amp;quot;write : line &amp;quot; + to_string(i+4)); // &#x5B58;&#x5728;vector&#x5167;&#x7684;&#x65B0;&#x8CC7;&#x6599;&lt;/p&gt;&#xD;
&#xD;
&lt;p&gt;&amp;nbsp; &amp;nbsp; for (int i = 0; i &amp;lt; vec.size(); i++) copyFile &amp;lt;&amp;lt; vec[i] &amp;lt;&amp;lt; endl; // &#x4F7F;&#x7528;&#x63D2;&#x5165;&#x5668;&#x5BEB;&#x5165;&#x65B0;&#x8CC7;&#x6599; // &#x3010;&#x5BEB;&#x6A94;&#x3011;&lt;/p&gt;&#xD;
&#xD;
&lt;p&gt;&amp;nbsp; &amp;nbsp; copyFile.close(); // &#x4EE5;&#x5BEB;&#x5165;&#x6A21;&#x5F0F;&#x95DC;&#x9589;&#x8907;&#x88FD;&#x6A94;&lt;/p&gt;&#xD;
&#xD;
&lt;p&gt;&amp;nbsp; &amp;nbsp; // &#x5370;&#x51FA;&#x4FEE;&#x6539;&#x5F8C;&#x7684;&#x5167;&#x5BB9;&lt;/p&gt;&#xD;
&#xD;
&lt;p&gt;&amp;nbsp; &amp;nbsp; vec.erase(vec.begin(), vec.end()); // &#x6E05;&#x7A7A;&#x91CD;&#x7F6E;vector&lt;/p&gt;&#xD;
&#xD;
&lt;p&gt;&amp;nbsp; &amp;nbsp; toStoreStr = &amp;quot;&amp;quot;; // &#x6E05;&#x7A7A;&#x91CD;&#x7F6E;&#x66AB;&#x5B58;&#x5B57;&#x4E32;&lt;/p&gt;&#xD;
&#xD;
&lt;p&gt;&amp;nbsp; &amp;nbsp; ifstream openCopyFile(nameStr.c_str()); // &#x4EE5;&#x8B80;&#x53D6;&#x6A21;&#x5F0F;&#x958B;&#x555F;&#x8907;&#x88FD;&#x6A94;&lt;/p&gt;&#xD;
&#xD;
&lt;p&gt;&amp;nbsp; &amp;nbsp; while (getline(openCopyFile, toStoreStr)) vec.push_back(toStoreStr); // &#x9010;&#x884C;&#x5BEB;&#x5165;vector&lt;/p&gt;&#xD;
&#xD;
&lt;p&gt;&amp;nbsp; &amp;nbsp; cout &amp;lt;&amp;lt; &amp;quot;Copyed and altered file&amp;#39;s data :&amp;quot; &amp;lt;&amp;lt; endl;&lt;/p&gt;&#xD;
&#xD;
&lt;p&gt;&amp;nbsp; &amp;nbsp; for (int i = 0; i &amp;lt; vec.size(); i++) cout &amp;lt;&amp;lt; vec[i] &amp;lt;&amp;lt; endl; // &#x5370;&#x51FA;&#x6A94;&#x6848;&#x7684;&#x6BCF;&#x4E00;&#x884C;&lt;/p&gt;&#xD;
&#xD;
&lt;p&gt;&amp;nbsp; &amp;nbsp; openCopyFile.close(); // &#x4EE5;&#x8B80;&#x53D6;&#x6A21;&#x5F0F;&#x95DC;&#x9589;&#x8907;&#x88FD;&#x6A94;&lt;/p&gt;&#xD;
&#xD;
&lt;p&gt;&amp;nbsp; &amp;nbsp; /*&lt;/p&gt;&#xD;
&#xD;
&lt;p&gt;&amp;nbsp; &amp;nbsp; &#x57F7;&#x884C;&#x7D50;&#x679C;&#xFF1A;&lt;/p&gt;&#xD;
&#xD;
&lt;p&gt;&amp;nbsp; &amp;nbsp; (1)&#x5370;&#x51FA;&#x4EE5;&#x4E0B;&#x5167;&#x5BB9;&lt;/p&gt;&#xD;
&#xD;
&lt;p&gt;&amp;nbsp; &amp;nbsp; Original file&amp;#39;s data :&lt;/p&gt;&#xD;
&#xD;
&lt;p&gt;&amp;nbsp; &amp;nbsp; read : line 1&lt;/p&gt;&#xD;
&#xD;
&lt;p&gt;&amp;nbsp; &amp;nbsp; read : line 2&lt;/p&gt;&#xD;
&#xD;
&lt;p&gt;&amp;nbsp; &amp;nbsp; read : line 3&lt;/p&gt;&#xD;
&#xD;
&lt;p&gt;&amp;nbsp; &amp;nbsp; Copyed and altered file&amp;#39;s data :&lt;/p&gt;&#xD;
&#xD;
&lt;p&gt;&amp;nbsp; &amp;nbsp; read : line 1&lt;/p&gt;&#xD;
&#xD;
&lt;p&gt;&amp;nbsp; &amp;nbsp; read : line 2&lt;/p&gt;&#xD;
&#xD;
&lt;p&gt;&amp;nbsp; &amp;nbsp; read : line 3&lt;/p&gt;&#xD;
&#xD;
&lt;p&gt;&amp;nbsp; &amp;nbsp; write : line 4&lt;/p&gt;&#xD;
&#xD;
&lt;p&gt;&amp;nbsp; &amp;nbsp; write : line 5&lt;/p&gt;&#xD;
&#xD;
&lt;p&gt;&amp;nbsp; &amp;nbsp; write : line 6&lt;/p&gt;&#xD;
&#xD;
&lt;p&gt;&amp;nbsp; &amp;nbsp; (2)&#x7522;&#x751F;&#x7E3D;&#x8A08;&#x516D;&#x884C;&#x8CC7;&#x6599;&#x7684;&#x8907;&#x88FD;&#x6A94;copyABC.txt&lt;/p&gt;&#xD;
&#xD;
&lt;p&gt;&amp;nbsp; &amp;nbsp; */&lt;/p&gt;&#xD;
&#xD;
&lt;p&gt;} // main()&lt;/p&gt;&#xD;
&#xD;
&lt;p&gt;&lt;img alt="" src="/base/10001/course/10131386/board/1001174276/000000007/D.png" style="height:225px; width:301px" /&gt;&lt;/p&gt;</content>
  <attach>read_and_write_file.cpp	WM6358ec4645ff5.cpp	ABC.txt	WM6358ec4d48cf1.txt</attach>
  <rcount></rcount>
  <rank></rank>
  <hit>30</hit>
  <lang>1</lang>
</data>
