<?xml version="1.0"?>
<data version="3.0" time="2024-07-19 08:59:51" type="post" filename="b000000011.xml">
  <open_time>0000-00-00</open_time>
  <close_time>0000-00-00</close_time>
  <lang_name>Big5</lang_name>
  <board_id>1001174276</board_id>
  <node>000000011</node>
  <site>1000110001</site>
  <pt>2022-11-01 17:42:35</pt>
  <poster>11027215</poster>
  <realname>&#x6C5F;&#x627F;&#x6CF0;  </realname>
  <email>aa920731@gmail.com</email>
  <homepage>  </homepage>
  <subject>128. &#x5F8C;&#x5E8F;&#x5F0F;2 4 6 * + 7 5 - *&#x8981;&#x5982;&#x4F55;&#x900F;&#x904E;&#x5806;&#x758A;&#x6C42;&#x89E3;&#xFF1F;&#x8981;&#x5217;&#x51FA;&#x904E;&#x7A0B;&#x3002; </subject>
  <content>&lt;p&gt;&#x5F8C;&#x5E8F;&#x5F0F;2 4 6 * + 7 5 - *&lt;/p&gt;&#xD;
&#xD;
&lt;p&gt;1.&#x9047;&#x5230;&#x6578;&#x5B57;&#x628A;&#x6578;&#x5B57;&#x4E1F;&#x9032;stack&#x88E1;&#x9762;&#xFF0C;&#x6B64;&#x6642;&#x7684;stack&#x70BA;[2, 4, 6] (&#x4E0B;-&amp;gt;&#x4E0A;)&lt;/p&gt;&#xD;
&#xD;
&lt;p&gt;2.&#x9047;&#x5230;&#x904B;&#x7B97;&#x5B50;&#x628A;&#x5806;&#x758A;&#x6700;&#x4E0A;&#x9762;&#x5169;&#x500B;&#x6578;&#x5B57;&#x505A;&#x904B;&#x7B97;&#xFF0C;&#x4E26;&#x5C07;&#x904B;&#x7B97;&#x7D50;&#x679C;&#x4E1F;&#x56DE;stack&#x88E1;&#x9762;&#xFF0C;4*6=24&#xFF0C;&#x6B64;&#x6642;&#x7684;stack&#x70BA;[2, 24]&lt;/p&gt;&#xD;
&#xD;
&lt;p&gt;3.&#x9047;&#x5230;&#x904B;&#x7B97;&#x5B50;&#x628A;&#x5806;&#x758A;&#x6700;&#x4E0A;&#x9762;&#x5169;&#x500B;&#x6578;&#x5B57;&#x505A;&#x904B;&#x7B97;&#xFF0C;2+24=26&#xFF0C;&#x6B64;&#x6642;&#x7684;stack&#x70BA;[26]&lt;/p&gt;&#xD;
&#xD;
&lt;p&gt;4.&#x628A;&#x6578;&#x5B57;&#x4E1F;&#x9032;stack&#x88E1;&#x9762;&#xFF0C;&#x6B64;&#x6642;&#x7684;stack&#x70BA;[26, 7, 5]&lt;/p&gt;&#xD;
&#xD;
&lt;p&gt;5.&#x9047;&#x5230;&#x904B;&#x7B97;&#x5B50;&#x628A;&#x5806;&#x758A;&#x6700;&#x4E0A;&#x9762;&#x5169;&#x500B;&#x6578;&#x5B57;&#x505A;&#x904B;&#x7B97;&#xFF0C;7-5=2&#xFF0C;&#x6B64;&#x6642;&#x7684;stack&#x70BA;[26,2]&lt;/p&gt;&#xD;
&#xD;
&lt;p&gt;6.&#x9047;&#x5230;&#x904B;&#x7B97;&#x5B50;&#x628A;&#x5806;&#x758A;&#x6700;&#x4E0A;&#x9762;&#x5169;&#x500B;&#x6578;&#x5B57;&#x505A;&#x904B;&#x7B97;&#xFF0C;26*2=52&#xFF0C;&#x6B64;&#x6642;&#x7684;stack&#x70BA;[52]&lt;/p&gt;&#xD;
&#xD;
&lt;p&gt;7.&#x904B;&#x7B97;&#x7D50;&#x675F;&#xFF0C;&#x7D50;&#x679C;&#x70BA;stack&#x5269;&#x4E0B;&#x7684;&#x6578;&#x5B57;&#xFF1A;52&lt;/p&gt; </content>
  <attach></attach>
  <rcount></rcount>
  <rank></rank>
  <hit>9</hit>
  <lang>1</lang>
</data>
