<?xml version="1.0"?>
<data version="3.0" time="2024-07-19 08:59:51" type="post" filename="b000000009.xml">
  <open_time>0000-00-00</open_time>
  <close_time>0000-00-00</close_time>
  <lang_name>Big5</lang_name>
  <board_id>1001174276</board_id>
  <node>000000009</node>
  <site>1000110001</site>
  <pt>2022-10-30 23:12:47</pt>
  <poster>11027243</poster>
  <realname>&#x9673;&#x51A0;&#x59A4;  </realname>
  <email>hiroto104360@gmail.com</email>
  <homepage> </homepage>
  <subject>128. &#x5F8C;&#x5E8F;&#x5F0F;2 4 6 * + 7 5 - *&#x8981;&#x5982;&#x4F55;&#x900F;&#x904E;&#x5806;&#x758A;&#x6C42;&#x89E3;&#xFF1F;&#x8981;&#x5217;&#x51FA;&#x904E;&#x7A0B;&#x3002; </subject>
  <content>&lt;p&gt;&lt;span style="font-size:14px"&gt;&#x5F8C;&#x5E8F;&#x5F0F;&#x6C42;&#x503C;&#xFF1A;&lt;/span&gt;&lt;/p&gt;&#xD;
&#xD;
&lt;ul&gt;&#xD;
	&lt;li&gt;&lt;strong&gt;&#x9047;&#x5230;&#x6578;&#x5B57;push&#x9032;&#x5806;&#x758A;&#xFF0C;&#x9047;&#x5230;&#x904B;&#x7B97;&#x7B26;&#x865F;&#x5C31;pop&#x51FA;&#x5806;&#x758A;&#x6700;&#x4E0A;&#x5C64;&#x5169;&#x500B;&#x6578;&#x5B57;&#x9032;&#x884C;&#x904B;&#x7B97;&#x518D;&#x5C07;&#x7B54;&#x6848;push&#x9032;&#x5806;&#x758A;&lt;/strong&gt;&lt;br /&gt;&#xD;
	&amp;nbsp;&lt;/li&gt;&#xD;
&lt;/ul&gt;&#xD;
&#xD;
&lt;ol&gt;&#xD;
	&lt;li&gt;&#x5C07; 2&#x3001;4&#x3001;6 &#x4E09;&#x500B;&#x6578;&#x5B57;&#x4F9D;&#x5E8F;push&#x9032;stack&#x4E2D;&lt;/li&gt;&#xD;
	&lt;li&gt;&#x8B80;&#x5230; * &#x53D6;&#x51FA;stack&#x6700;&#x4E0A;&#x5C64;&#x5169;&#x6578; 4 6 &#x9032;&#x884C;&#x904B;&#x7B97;&#x5F97;&#x5230;&#x7B54;&#x6848;&#x70BA; 4*6 = 24 &#x4E26;&#x5C07; 4 6 &#x5F9E;stack&#x4E2D;&#x79FB;&#x9664;&#xFF0C;&#x518D;&#x5C07; 24 push&#x56DE;stack&lt;/li&gt;&#xD;
	&lt;li&gt;&#x8B80;&#x5230; + &#x53D6;&#x51FA;&#x53D6;&#x51FA;stack&#x6700;&#x4E0A;&#x5C64;&#x5169;&#x6578; 24 2 &#x9032;&#x884C;&#x904B;&#x7B97;&#x5F97;&#x5230; 24 + 2 = 26 &#x4E26;&#x5C07; 24 2 &#x5F9E;stack&#x4E2D;&#x79FB;&#x9664;&#xFF0C;&#x518D;&#x5C07; 26 push&#x56DE;stack&lt;/li&gt;&#xD;
	&lt;li&gt;&#x5C07; 7&#x3001;5 &#x5169;&#x500B;&#x6578;&#x5B57;&#x4F9D;&#x5E8F;push&#x9032;stack&#x4E2D;&lt;/li&gt;&#xD;
	&lt;li&gt;&#x8B80;&#x5230; - &#x53D6;&#x51FA;&#x53D6;&#x51FA;stack&#x6700;&#x4E0A;&#x5C64;&#x5169;&#x6578; 5 7 &#x9032;&#x884C;&#x904B;&#x7B97;&#x5F97;&#x5230; 7 - 5 = 2 &#x4E26;&#x5C07; 7 5 &#x5F9E;stack&#x4E2D;&#x79FB;&#x9664;&#xFF0C;&#x518D;&#x5C07; 2 push&#x56DE;stack&lt;/li&gt;&#xD;
	&lt;li&gt;&#x8B80;&#x5230; * &#x53D6;&#x51FA;&#x53D6;&#x51FA;stack&#x6700;&#x4E0A;&#x5C64;&#x5169;&#x6578; 2 26 &#x9032;&#x884C;&#x904B;&#x7B97;&#x5F97;&#x5230; 2 * 26 = 52 &#x4E26;&#x5C07; 2 26 &#x5F9E;stack&#x4E2D;&#x79FB;&#x9664;&#xFF0C;&#x518D;&#x5C07;52push&#x56DE;stack&lt;/li&gt;&#xD;
	&lt;li&gt;&#x5B57;&#x4E32;&#x5168;&#x90E8;&#x8B80;&#x5B8C;&#xFF0C;stack&#x4E2D;&#x5269;&#x4E0B;&#x4E00;&#x6578; 52 &#x5373;&#x70BA;&#x6700;&#x5F8C;&#x7684;&#x7B54;&#x6848;&lt;/li&gt;&#xD;
&lt;/ol&gt;</content>
  <attach></attach>
  <rcount></rcount>
  <rank></rank>
  <hit>31</hit>
  <lang>1</lang>
</data>
