<?xml version="1.0"?>
<data version="3.0" time="2024-07-19 08:59:51" type="post" filename="b000000002.xml">
  <open_time>0000-00-00</open_time>
  <close_time>0000-00-00</close_time>
  <lang_name>Big5</lang_name>
  <board_id>1001174276</board_id>
  <node>000000002</node>
  <site>1000110001</site>
  <pt>2022-10-22 16:46:22</pt>
  <poster>11027204</poster>
  <realname>&#x912D;&#x5B87;&#x5091;  </realname>
  <email>11027204@O365st.cycu.edu.tw</email>
  <homepage> </homepage>
  <subject>126. + * 2 4 6 * - 7 5&#x662F;&#x524D;&#x5E8F;&#x5F0F;&#x55CE;&#xFF1F;&#x70BA;&#x4EC0;&#x9EBC;&#xFF1F; </subject>
  <content>&lt;p&gt;&#x4E0D;&#x662F;&#xFF0C;&#x56E0;&#x7232;&#x505A;&#x5230;&#x4E2D;&#x9593;&#x6642;&#xFF0C;&#x524D;&#x9762;&#x5DF2;&#x7D93;&#x5F62;&#x6210;&#x4E00;&#x500B;&#x524D;&#x5E8F;&#xFF0C;&#x800C;&#x5F8C;&#x9762;&#x63A5;&#x4E0A;&#x4E86;&#x4E00;&#x500B;&#x975E;&#x7A7A;&#x5B57;&#x4E32;&lt;/p&gt;&#xD;
&#xD;
&lt;p&gt;&lt;img alt="" src="/user/1/1/11027204/images/%E8%B3%87%E6%96%99%E7%B5%90%E6%A7%8B-40%202.jpg" style="height:800px; width:619px" /&gt;&lt;/p&gt;</content>
  <attach></attach>
  <rcount></rcount>
  <rank></rank>
  <hit>39</hit>
  <lang>1</lang>
</data>
