<?xml version="1.0"?>
<data version="3.0" time="2024-07-19 08:59:51" type="post" filename="b000000004.xml">
  <open_time>0000-00-00</open_time>
  <close_time>0000-00-00</close_time>
  <lang_name>Big5</lang_name>
  <board_id>1001174276</board_id>
  <node>000000004</node>
  <site>1000110001</site>
  <pt>2022-10-23 23:58:44</pt>
  <poster>11027202</poster>
  <realname>&#x9EC3;&#x6977;&#x5091;  </realname>
  <email>nikiwu90@hotmail.com</email>
  <homepage>  </homepage>
  <subject>128. &#x5F8C;&#x5E8F;&#x5F0F;2 4 6 * + 7 5 - *&#x8981;&#x5982;&#x4F55;&#x900F;&#x904E;&#x5806;&#x758A;&#x6C42;&#x89E3;&#xFF1F;&#x8981;&#x5217;&#x51FA;&#x904E;&#x7A0B;&#x3002; </subject>
  <content>&lt;p&gt;1. &#x5C07;2,4,6&#x4F9D;&#x5E8F;&#x653E;&#x5165;stack&lt;/p&gt;&#xD;
&#xD;
&lt;p&gt;2. &#x8B80;&#x9032;*&#xFF0C;&#x5F9E;stack&#x4E2D;&#x53D6;&#x51FA;6&#x548C;4&#xFF0C;&#x505A;&#x904B;&#x7B97;4*6=24&#xFF0C;&#x5C07;24&#x653E;&#x5165;stack&lt;/p&gt;&#xD;
&#xD;
&lt;p&gt;3. &#x8B80;&#x9032;+&#xFF0C;&#x5F9E;stack&#x4E2D;&#x53D6;&#x51FA;24&#x548C;2&#xFF0C;&#x505A;&#x904B;&#x7B97;2+24=26&#xFF0C;&#x5C07;26&#x653E;&#x5165;stack&lt;/p&gt;&#xD;
&#xD;
&lt;p&gt;4.&amp;nbsp;&#x5C07;7,5&#x4F9D;&#x5E8F;&#x653E;&#x5165;stack&lt;/p&gt;&#xD;
&#xD;
&lt;p&gt;5.&amp;nbsp;&#x8B80;&#x9032;-&#xFF0C;&#x5F9E;stack&#x4E2D;&#x53D6;&#x51FA;5&#x548C;7&#xFF0C;&#x505A;&#x904B;&#x7B97;7-5=2&#xFF0C;&#x5C07;2&#x653E;&#x5165;stack&lt;/p&gt;&#xD;
&#xD;
&lt;p&gt;6. &#x8B80;&#x9032;*&#xFF0C;&#x5F9E;stack&#x4E2D;&#x53D6;&#x51FA;26&#x548C;2&#xFF0C;&#x505A;&#x904B;&#x7B97;2*26=52&#xFF0C;&#x5C07;52&#x653E;&#x5165;stack&lt;/p&gt;&#xD;
&#xD;
&lt;p&gt;7. &#x6C92;&#x6709;&#x6771;&#x897F;&#x8B80;&#x9032;&#x4F86;&#xFF0C;stack&#x4E2D;&#x7684;52&#x5373;&#x70BA;&#x6700;&#x7D42;&#x7B54;&#x6848;&lt;/p&gt; </content>
  <attach></attach>
  <rcount></rcount>
  <rank></rank>
  <hit>34</hit>
  <lang>1</lang>
</data>
