<?xml version="1.0"?>
<data version="3.0" time="2024-07-19 08:49:45" type="post" filename="b000000010.xml">
  <open_time>0000-00-00</open_time>
  <close_time>0000-00-00</close_time>
  <lang_name>Big5</lang_name>
  <board_id>1001305433</board_id>
  <node>000000010</node>
  <site>1000110001</site>
  <pt>2023-10-12 11:35:25</pt>
  <poster>11127201</poster>
  <realname>&#x9673;&#x54C1;&#x59A4;  </realname>
  <email>penguin930707@gmail.com</email>
  <homepage>  </homepage>
  <subject>120&#x8209;&#x4F8B;&#x8AAA;&#x660E;&#x4F7F;&#x7528;&#x96D9;&#x5411;&#x93C8;&#x7D50;&#x4E32;&#x5217;doubly linked list&#x7684;&#x60C5;&#x5883; </subject>
  <content>&lt;p&gt;&#x96D9;&#x5411;&#x93C8;&#x7D50;&#x4E32;&#x5217;&#xFF08;Doubly Linked List&#xFF09;&#xFF0C;&#x662F;&#x4E00;&#x7A2E;&#x6578;&#x64DA;&#x7D50;&#x69CB;&#xFF0C;&#x5B83;&#x5141;&#x8A31;&#x4F60;&#x5F9E;&#x982D;&#x5230;&#x5C3E;&#x6216;&#x5F9E;&#x5C3E;&#x5230;&#x982D;&#x8F15;&#x677E;&#x904D;&#x6B77;&#xFF0C;&#x4E26;&#x5728;&#x9700;&#x8981;&#x6642;&#x9032;&#x884C;&#x5FEB;&#x901F;&#x63D2;&#x5165;&#x6216;&#x522A;&#x9664;&#x64CD;&#x4F5C;&#xFF0C;&#x800C;&#x7121;&#x9700;&#x50CF;&#x6578;&#x7D44;&#x90A3;&#x6A23;&#x6574;&#x9AD4;&#x79FB;&#x52D5;&#x5143;&#x7D20;&#x3002;&#x9019;&#x7A2E;&#x6578;&#x64DA;&#x7D50;&#x69CB;&#x901A;&#x5E38;&#x7531;&#x7BC0;&#x9EDE;&#x7D44;&#x6210;&#xFF0C;&#x6BCF;&#x500B;&#x7BC0;&#x9EDE;&#x5305;&#x542B;&#x6578;&#x64DA;&#x4EE5;&#x53CA;&#x6307;&#x5411;&#x524D;&#x4E00;&#x500B;&#x548C;&#x5F8C;&#x4E00;&#x500B;&#x7BC0;&#x9EDE;&#x7684;&#x5F15;&#x7528;&#x3002;&lt;/p&gt;&#xD;
&#xD;
&lt;p&gt;&#x60F3;&#x50CF;&#x4E00;&#x8F1B;&#x706B;&#x8ECA;&#xFF0C;&#x4F60;&#x53EF;&#x4EE5;&#x5F9E;&#x982D;&#x8ECA;&#x5EC2;&#x8D70;&#x5230;&#x5C3E;&#x8ECA;&#x5EC2;&#xFF0C;&#x4E5F;&#x53EF;&#x4EE5;&#x5F9E;&#x5C3E;&#x8ECA;&#x5EC2;&#x8D70;&#x56DE;&#x982D;&#x8ECA;&#x5EC2;&#xFF0C;&#x800C;&#x4E0D;&#x9700;&#x8981;&#x56DE;&#x5230;&#x7AD9;&#x53F0;&#x3002;&#x9019;&#x5728;&#x9700;&#x8981;&#x5FEB;&#x901F;&#x63D2;&#x5165;&#x6216;&#x522A;&#x9664;&#x982D;&#x5C3E;&#x5143;&#x7D20;&#x7684;&#x60C5;&#x6CC1;&#x4E0B;&#x5F88;&#x6709;&#x7528;&#xFF0C;&#x56E0;&#x70BA;&#x4F60;&#x4E0D;&#x9700;&#x8981;&#x50CF;&#x9663;&#x5217;&#x90A3;&#x6A23;&#x6574;&#x500B;&#x79FB;&#x52D5;&#x8ECA;&#x5EC2;&#xFF08;&#x5143;&#x7D20;&#xFF09;&#x3002;&lt;/p&gt; </content>
  <attach></attach>
  <rcount></rcount>
  <rank></rank>
  <hit>36</hit>
  <lang>1</lang>
</data>
