<?xml version="1.0"?>
<data version="3.0" time="2024-07-19 08:49:45" type="post" filename="b000000005000000001.xml">
  <open_time>0000-00-00</open_time>
  <close_time>0000-00-00</close_time>
  <lang_name>Big5</lang_name>
  <board_id>1001305433</board_id>
  <node>000000005000000001</node>
  <site>1000110001</site>
  <pt>2023-10-17 14:41:59</pt>
  <poster>11813</poster>
  <realname>&#x5433;&#x5B9C;&#x9D3B;  </realname>
  <email>yhwu@cycu.edu.tw</email>
  <homepage>https://www.researchgate.net/profile/Yi-Hung-Wu-2  </homepage>
  <subject>Re: 119. &#x5BEB;C++&#x7A0B;&#x5F0F;&#x78BC;&#x8AAA;&#x660E;&#x522A;&#x9664;&#x93C8;&#x7D50;&#x4E32;&#x5217;linked list&#x7B2C;3&#x500B;&#x7BC0;&#x9EDE;&#x3002;  </subject>
  <content>&lt;p&gt;&lt;span style="color:#ff0000"&gt;&#x6C92;&#x8A3B;&#x89E3;&#xFF1F;&lt;/span&gt;&lt;/p&gt;&#xD;
&#xD;
&lt;p&gt;&lt;span style="color:#ff0000"&gt;&#x6C92;&#x5206;&#x6578;&#xFF01;&lt;/span&gt;&lt;/p&gt; </content>
  <attach></attach>
  <rcount></rcount>
  <rank></rank>
  <hit>1</hit>
  <lang>1</lang>
</data>
