<?xml version="1.0"?>
<data version="3.0" time="2024-07-19 08:49:45" type="post" filename="b000000002.xml">
  <open_time>0000-00-00</open_time>
  <close_time>0000-00-00</close_time>
  <lang_name>Big5</lang_name>
  <board_id>1001305433</board_id>
  <node>000000002</node>
  <site>1000110001</site>
  <pt>2023-10-04 16:43:33</pt>
  <poster>11127230</poster>
  <realname>&#x937E;&#x5E1B;&#x52F3;  </realname>
  <email>jone921216@gmail.com</email>
  <homepage>  </homepage>
  <subject>120. &#x8209;&#x4F8B;&#x8AAA;&#x660E;&#x4F7F;&#x7528;&#x96D9;&#x5411;&#x93C8;&#x7D50;&#x4E32;&#x5217;doubly linked list&#x7684;&#x60C5;&#x5883;&#x3002; </subject>
  <content>&lt;p&gt;&#x55AE;&#x5411;&#x93C8;&#x7D50;&#x4E32;&#x5217;&#x53EA;&#x80FD;&#x5F80;&#x524D;&#x8D70;&#xFF0C;&#x800C;&#x96D9;&#x5411;&#x93C8;&#x7D50;&#x4E32;&#x5217;&#x5247;&#x53EF;&#x4EE5;&#x53D6;&#x5F80;&#x524D;&#x8D70;&#x4EE5;&#x53CA;&#x5F80;&#x5F8C;&#x8D70;&#x7684;&#x7BC0;&#x9EDE;&#x3002;&lt;/p&gt;&#xD;
&#xD;
&lt;p&gt;&#x4F8B;&#x5982;:&#x4ECA;&#x5929;&#x84CB;&#x4E86;&#x5341;&#x5C64;&#x6A13;&#xFF0C;&#x800C;&#x6211;&#x60F3;&#x8981;&#x5F9E;&#x4E94;&#x6A13;&#x5F80;&#x524D;&#x548C;&#x5F80;&#x5F8C;&#x627E;&#x5230;&#x7B2C;&#x4E00;&#x500B;&#x4EBA;&#x53E3;&#x6BD4;&#x7B2C;&#x4E94;&#x5C64;&#x6A13;&#x5C11;&#x7684;&#x6A13;&#x5C64;&#x5C31;&#x53EF;&#x4EE5;&#x4F7F;&#x7528;&#x3002;&lt;/p&gt; </content>
  <attach></attach>
  <rcount></rcount>
  <rank></rank>
  <hit>23</hit>
  <lang>1</lang>
</data>
