<?xml version="1.0"?>
<data version="3.0" time="2024-07-19 08:49:45" type="post" filename="b000000004.xml">
  <open_time>0000-00-00</open_time>
  <close_time>0000-00-00</close_time>
  <lang_name>Big5</lang_name>
  <board_id>1001305433</board_id>
  <node>000000004</node>
  <site>1000110001</site>
  <pt>2023-10-05 20:29:14</pt>
  <poster>11127207</poster>
  <realname>&#x694A;&#x7AE3;&#x5091;  </realname>
  <email>jacky115526@gmail.com</email>
  <homepage>  </homepage>
  <subject>120. &#x8209;&#x4F8B;&#x8AAA;&#x660E;&#x4F7F;&#x7528;&#x96D9;&#x5411;&#x93C8;&#x7D50;&#x4E32;&#x5217;doubly linked list&#x7684;&#x60C5;&#x5883;&#x3002; </subject>
  <content>&lt;p&gt;&#x56E0;&#x70BA;&#x96D9;&#x5411;&#x9023;&#x7D50;&#x4E32;&#x934A;&#x9019;&#x7A2E;&#x8CC7;&#x6599;&#x7D50;&#x69CB;&#x7684;&#x6BCF;&#x4E00;&#x500B;&#x7BC0;&#x9EDE;&#x90FD;&#x6703;&#x6307;&#x5411;&#x524D;&#x4E00;&#x500B;&#x7BC0;&#x9EDE;&#x548C;&#x5F8C;&#x4E00;&#x500B;&#x7BC0;&#x9EDE;&#x6240;&#x4EE5;&#x5047;&#x8A2D;&#x6B63;&#x5728;&#x958B;&#x767C;&#x4E00;&#x500B;&#x6587;&#x6A94;&#x7DE8;&#x8F2F;&#x5668;&#x61C9;&#x7528;&#x7A0B;&#x5F0F;&#xFF0C;&#x5176;&#x4E2D;&#x9700;&#x8981;&#x5BE6;&#x73FE;&#x7DE8;&#x8F2F;&#x6B77;&#x53F2;&#x529F;&#x80FD;&#xFF0C;&#x4EE5;&#x4FBF;&#x7528;&#x6236;&#x53EF;&#x4EE5;&#x56DE;&#x6EAF;&#x3001;&#x64A4;&#x92B7;&#x548C;&#x91CD;&#x505A;&#x4ED6;&#x5011;&#x5C0D;&#x6587;&#x6A94;&#x6240;&#x505A;&#x7684;&#x66F4;&#x6539;&#x3002;&#x5728;&#x9019;&#x7A2E;&#x60C5;&#x6CC1;&#x4E0B;&#xFF0C;&#x96D9;&#x5411;&#x93C8;&#x7D50;&#x4E32;&#x5217;&#x53EF;&#x4EE5;&#x6D3E;&#x4E0A;&#x7528;&#x5834;&#x3002;&lt;/p&gt;&#xD;
&#xD;
&lt;p&gt;&#x50CF;&#x662F;&#x53EF;&#x4EE5;&#x91CD;&#x505A;&#x64CD;&#x4F5C;&#xFF1A;&#x5982;&#x679C;&#x7528;&#x6236;&#x57F7;&#x884C;&#x4E86;&#x64A4;&#x92B7;&#x64CD;&#x4F5C;&#xFF0C;&#x7136;&#x5F8C;&#x6C7A;&#x5B9A;&#x8981;&#x91CD;&#x505A;&#xFF0C;&#x53EF;&#x4EE5;&#x4F7F;&#x7528;&#x5F8C;&#x4E00;&#x500B;&#x7248;&#x672C;&#x7684;&#x6307;&#x91DD;&#xFF0C;&#x5C07;&#x6587;&#x6A94;&#x6062;&#x5FA9;&#x5230;&#x64A4;&#x92B7;&#x4E4B;&#x524D;&#x7684;&#x72C0;&#x614B;&lt;/p&gt; </content>
  <attach></attach>
  <rcount></rcount>
  <rank></rank>
  <hit>20</hit>
  <lang>1</lang>
</data>
