<?xml version="1.0"?>
<data version="3.0" time="2024-07-19 08:49:45" type="post" filename="b000000008.xml">
  <open_time>0000-00-00</open_time>
  <close_time>0000-00-00</close_time>
  <lang_name>Big5</lang_name>
  <board_id>1001305433</board_id>
  <node>000000008</node>
  <site>1000110001</site>
  <pt>2023-10-11 14:11:29</pt>
  <poster>11127254</poster>
  <realname>&#x9673;&#x5CB3;&#x5D07;  </realname>
  <email>yoyo930311yoyo@gmail.com</email>
  <homepage>  </homepage>
  <subject>116. &#x5C07;&#x5F8C;&#x5E8F;&#x5F0F;postfix&#x8F49;&#x524D;&#x5E8F;&#x5F0F;prefix&#xFF0C;&#x4E26;&#x8A73;&#x8FF0;&#x6B65;&#x9A5F;&#x3002;* a b + c * d e + f * + w z + * </subject>
  <content>&lt;p&gt;&#x984C;&#x76EE; : &#x5C07;&#x5F8C;&#x5E8F;&#x5F0F; a b + c * d e + f * + w z + * &#xFF0C;&#x8F49;&#x63DB;&#x70BA;&#x524D;&#x5E8F;&#x5F0F;prefix&#x3002;&lt;/p&gt;&#xD;
&#xD;
&lt;p&gt;&#x5F8C;&#x5E8F;&#x5F0F; postfix ( &#x5DE6; -&amp;gt; &#x53F3; -&amp;gt;&amp;nbsp;&#x4E2D;&amp;nbsp;)&amp;nbsp;&lt;/p&gt;&#xD;
&#xD;
&lt;p&gt;&#x524D;&#x5E8F;&#x5F0F;prefix ( &#x4E2D; -&amp;gt; &#x5DE6; -&amp;gt; &#x53F3; )&lt;/p&gt;&#xD;
&#xD;
&lt;p&gt;&lt;br /&gt;&#xD;
&#x6211;&#x6703;&#x5148;&#x5C07;&#x5F8C;&#x5E8F;&#x5F0F;&#x5BEB;&#x6210;&#x6A39;&#x72C0;&#x5716;(&#x5982;&#x4E0B;&#x5716;)&#xFF0C;&#x518D;&#x5C0D;&#x7167;&#x6B64;&#x5716;&#x5BEB;&#x51FA;&#x524D;&#x5E8F;&#x5F0F;&lt;/p&gt;&#xD;
&#xD;
&lt;p&gt;=&amp;gt;&lt;strong&gt; * + * + a b c * + d e f + w z&lt;/strong&gt;&lt;br /&gt;&#xD;
&lt;img alt="" src="/user/1/1/11127254/images/%E5%BE%8C%E5%BA%8F%E8%BD%89%E5%89%8D%E5%BA%8F%20%281%29.jpg" style="height:623px; width:541px" /&gt;&lt;/p&gt; </content>
  <attach></attach>
  <rcount></rcount>
  <rank></rank>
  <hit>32</hit>
  <lang>1</lang>
</data>
