<?xml version="1.0"?>
<data version="3.0" time="2024-07-19 08:49:45" type="post" filename="b000000007.xml">
  <open_time>0000-00-00</open_time>
  <close_time>0000-00-00</close_time>
  <lang_name>Big5</lang_name>
  <board_id>1001305433</board_id>
  <node>000000007</node>
  <site>1000110001</site>
  <pt>2023-10-10 18:12:24</pt>
  <poster>11127213</poster>
  <realname>&#x51CC;&#x9F0E;&#x8ED2;  </realname>
  <email>benson920925@gmail.com</email>
  <homepage>  </homepage>
  <subject>118. &#x4EE4;ptrX&#x6307;&#x5411;&#x93C8;&#x7D50;&#x4E32;&#x5217;&#x7684;&#x7BC0;&#x9EDE;&#xFF0C;&#x6BD4;&#x8F03;ptrX = ptrX-&amp;gt;next&#x548C;ptrX-&amp;gt;next = ptrX&#x7684;&#x5DEE;&#x7570;&#x3002; </subject>
  <content>&lt;p&gt;&lt;img alt="" src="/user/1/1/11127213/images/DS116-120.drawio.png" style="height:625px; width:472px" /&gt;&lt;/p&gt;&#xD;
&#xD;
&lt;p&gt;PtrX = PtrX -&amp;gt; next &#x8868;&#x793A;&#x628A;PtrX&#x6307;&#x5411;&#x81EA;&#x5DF1;&#x7684;&#x4E0B;&#x4E00;&#x500B;&#x7BC0;&#x9EDE;&#x3002;&lt;/p&gt;&#xD;
&#xD;
&lt;p&gt;PtrX -&amp;gt; next = PtrX &#x8868;&#x793A;&#x628A;PtrX&#x7684;&#x4E0B;&#x4E00;&#x500B;&#x7BC0;&#x9EDE;&#x6307;&#x56DE;&#x81EA;&#x5DF1;&#x3002;&lt;/p&gt; </content>
  <attach></attach>
  <rcount></rcount>
  <rank></rank>
  <hit>29</hit>
  <lang>1</lang>
</data>
