<?xml version="1.0"?>
<data version="3.0" time="2024-07-19 08:49:45" type="post" filename="b000000013.xml">
  <open_time>0000-00-00</open_time>
  <close_time>0000-00-00</close_time>
  <lang_name>Big5</lang_name>
  <board_id>1001305433</board_id>
  <node>000000013</node>
  <site>1000110001</site>
  <pt>2023-10-15 07:07:30</pt>
  <poster>11127228</poster>
  <realname>&#x5468;&#x7FA9;&#x5EAD;  </realname>
  <email>qaz20031211@gmail.com</email>
  <homepage>  </homepage>
  <subject>120. &#x8209;&#x4F8B;&#x8AAA;&#x660E;&#x4F7F;&#x7528;&#x96D9;&#x5411;&#x93C8;&#x7D50;&#x4E32;&#x5217;doubly linked list&#x7684;&#x60C5;&#x5883;&#x3002; </subject>
  <content>&lt;p&gt;&#x96D9;&#x5411;&#x93C8;&#x7D50;&#x4E32;&#x5217;&#xFF08;Doubly Linked List&#xFF09;&#x662F;&#x4E00;&#x7A2E;&#x5E38;&#x898B;&#x7684;&#x6578;&#x64DA;&#x7D50;&#x69CB;&#xFF0C;&#x5B83;&#x8207;&#x55AE;&#x5411;&#x93C8;&#x7D50;&#x4E32;&#x5217;&#xFF08;Singly Linked List&#xFF09;&#x4E0D;&#x540C;&#xFF0C;&#x6BCF;&#x500B;&#x7BC0;&#x9EDE;&#x90FD;&#x5305;&#x542B;&#x6307;&#x5411;&#x524D;&#x4E00;&#x500B;&#x7BC0;&#x9EDE;&#x548C;&#x5F8C;&#x4E00;&#x500B;&#x7BC0;&#x9EDE;&#x7684;&#x93C8;&#x7D50;&#x3002;&lt;/p&gt;&#xD;
&#xD;
&lt;p&gt;&#x4F8B;&#x5982;&#xFF1A;&lt;/p&gt;&#xD;
&#xD;
&lt;p&gt;&#x700F;&#x89BD;&#x7DB2;&#x9801;&#x7684;&#x700F;&#x89BD;&#x5668;&#x6B77;&#x53F2;&#x8A18;&#x9304;&#xFF1A; &#x700F;&#x89BD;&#x5668;&#x53EF;&#x4EE5;&#x4F7F;&#x7528;&#x96D9;&#x5411;&#x93C8;&#x7D50;&#x4E32;&#x5217;&#x4F86;&#x5BE6;&#x73FE;&#x6B77;&#x53F2;&#x8A18;&#x9304;&#x3002;&#x6BCF;&#x500B;&#x7BC0;&#x9EDE;&#x4EE3;&#x8868;&#x4E00;&#x500B;&#x8A2A;&#x554F;&#x7684;&#x7DB2;&#x9801;&#xFF0C;&#x4E26;&#x4E14;&#x6709;&#x4E00;&#x500B;&#x6307;&#x5411;&#x524D;&#x4E00;&#x500B;&#x8A2A;&#x554F;&#x7DB2;&#x9801;&#x548C;&#x4E0B;&#x4E00;&#x500B;&#x8A2A;&#x554F;&#x7DB2;&#x9801;&#x7684;&#x93C8;&#x7D50;&#x3002;&#x9019;&#x6A23;&#xFF0C;&#x7528;&#x6236;&#x53EF;&#x4EE5;&#x8F15;&#x9B06;&#x5730;&#x5728;&#x7DB2;&#x9801;&#x4E4B;&#x9593;&#x524D;&#x9032;&#x548C;&#x5F8C;&#x9000;&#xFF0C;&#x800C;&#x7121;&#x9700;&#x91CD;&#x65B0;&#x52A0;&#x8F09;&#x3002;&lt;/p&gt;&#xD;
&#xD;
&lt;p&gt;&#x96D9;&#x5411;&#x93C8;&#x7D50;&#x4E32;&#x5217;&#x7684;&#x4E3B;&#x8981;&#x512A;&#x52E2;&#x662F;&#x5B83;&#x5141;&#x8A31;&#x5728;&#x4E0D;&#x9700;&#x8981;&#x91CD;&#x65B0;&#x904D;&#x6B77;&#x6574;&#x500B;&#x4E32;&#x5217;&#x7684;&#x60C5;&#x6CC1;&#x4E0B;&#xFF0C;&#x4EE5;&#x5E38;&#x6578;&#x6642;&#x9593;&#x8A2A;&#x554F;&#x524D;&#x4E00;&#x500B;&#x7BC0;&#x9EDE;&#xFF0C;&#x9019;&#x5C0D;&#x65BC;&#x67D0;&#x4E9B;&#x61C9;&#x7528;&#x975E;&#x5E38;&#x6709;&#x7528;&#x3002;&#x7136;&#x800C;&#xFF0C;&#x5B83;&#x4E5F;&#x9700;&#x8981;&#x66F4;&#x591A;&#x7684;&#x5167;&#x5B58;&#xFF0C;&#x56E0;&#x70BA;&#x6BCF;&#x500B;&#x7BC0;&#x9EDE;&#x9700;&#x8981;&#x5B58;&#x5132;&#x5169;&#x500B;&#x93C8;&#x7D50;&#x6307;&#x91DD;&#x3002;&lt;/p&gt; </content>
  <attach></attach>
  <rcount></rcount>
  <rank></rank>
  <hit>12</hit>
  <lang>1</lang>
</data>
