<?xml version="1.0"?>
<data version="3.0" time="2024-07-19 08:49:45" type="post" filename="b000000004000000001.xml">
  <open_time>0000-00-00</open_time>
  <close_time>0000-00-00</close_time>
  <lang_name>Big5</lang_name>
  <board_id>1001305433</board_id>
  <node>000000004000000001</node>
  <site>1000110001</site>
  <pt>2023-10-17 14:41:14</pt>
  <poster>11813</poster>
  <realname>&#x5433;&#x5B9C;&#x9D3B;  </realname>
  <email>yhwu@cycu.edu.tw</email>
  <homepage>https://www.researchgate.net/profile/Yi-Hung-Wu-2  </homepage>
  <subject>Re: 120. &#x8209;&#x4F8B;&#x8AAA;&#x660E;&#x4F7F;&#x7528;&#x96D9;&#x5411;&#x93C8;&#x7D50;&#x4E32;&#x5217;doubly linked list&#x7684;&#x60C5;&#x5883;&#x3002;  </subject>
  <content>&lt;p&gt;Nice example application!&lt;/p&gt; </content>
  <attach></attach>
  <rcount></rcount>
  <rank></rank>
  <hit>1</hit>
  <lang>1</lang>
</data>
