<?xml version="1.0"?>
<data version="3.0" time="2024-07-19 08:49:45" type="post" filename="b000000011.xml">
  <open_time>0000-00-00</open_time>
  <close_time>0000-00-00</close_time>
  <lang_name>Big5</lang_name>
  <board_id>1001305433</board_id>
  <node>000000011</node>
  <site>1000110001</site>
  <pt>2023-10-13 12:48:14</pt>
  <poster>11020116</poster>
  <realname>&#x6F58;&#x7693;&#x7FA4;  </realname>
  <email>chhiun@gmail.com</email>
  <homepage>  </homepage>
  <subject>117. &#x5BEB;C++&#x7A0B;&#x5F0F;&#x78BC;&#x8AAA;&#x660E;&#x50B3;&#x5740;&#x547C;&#x53EB;call by address&#x3002; </subject>
  <content>&lt;p&gt;#include &amp;lt;iostream&amp;gt;&lt;br /&gt;&#xD;
using namespace std ;&lt;br /&gt;&#xD;
&lt;br /&gt;&#xD;
void ChangeValue(int* ptr) {&lt;br /&gt;&#xD;
&amp;nbsp; &amp;nbsp; // &#x901A;&#x904E;&#x6307;&#x91DD;&#x4FEE;&#x6539;&#x539F;&#x59CB;&#x8B8A;&#x6578;&#x7684;&#x503C;&lt;br /&gt;&#xD;
&amp;nbsp; &amp;nbsp; *ptr = 16; //&#x96A8;&#x610F;&#x7D66;&#x4E00;&#x500B;&#x6578;&#x503C;&lt;br /&gt;&#xD;
&amp;nbsp; &amp;nbsp; cout &amp;lt;&amp;lt; &amp;quot;num&#x4F4D;&#x7F6E; : &amp;quot; &amp;lt;&amp;lt; ptr &amp;lt;&amp;lt; &amp;quot;\n&amp;quot; ; &amp;nbsp; // &#x5370;&#x51FA;&#x8A18;&#x61B6;&#x9AD4;&#x4F4D;&#x7F6E;&lt;/p&gt;&#xD;
&#xD;
&lt;p&gt;&lt;br /&gt;&#xD;
}&lt;/p&gt;&#xD;
&#xD;
&lt;p&gt;int main() {&lt;br /&gt;&#xD;
&amp;nbsp; &amp;nbsp; int num = 10;&lt;/p&gt;&#xD;
&#xD;
&lt;p&gt;&amp;nbsp; &amp;nbsp; std::cout &amp;lt;&amp;lt; &amp;quot;&#x539F;&#x59CB;&#x6578;&#x503C;&#xFF1A; &amp;quot; &amp;lt;&amp;lt; num &amp;lt;&amp;lt; &amp;quot;\n&amp;quot;;&lt;/p&gt;&#xD;
&#xD;
&lt;p&gt;&amp;nbsp; &amp;nbsp; // &#x547C;&#x53EB; ChangeValue &#x51FD;&#x6578;&#xFF0C;&#x5C07;&#x8B8A;&#x6578; num &#x7684;&#x5730;&#x5740;&#x50B3;&#x905E;&#x7D66;&#x5B83;&lt;br /&gt;&#xD;
&amp;nbsp; &amp;nbsp; ChangeValue(&amp;amp;num);&lt;/p&gt;&#xD;
&#xD;
&lt;p&gt;&amp;nbsp; &amp;nbsp; std::cout &amp;lt;&amp;lt; &amp;quot;&#x4FEE;&#x6539;&#x5F8C;&#x7684;&#x6578;&#x503C;&#xFF1A; &amp;quot; &amp;lt;&amp;lt; num &amp;lt;&amp;lt; &amp;quot;\n&amp;quot;;&amp;nbsp; // &#x4F4D;&#x5740;&#x6539;&#x8B8A;&#x5F8C; &#x6578;&#x503C;&#x4E5F;&#x8DDF;&#x8457;&#x6539;&#x8B8A;&lt;/p&gt;&#xD;
&#xD;
&lt;p&gt;&amp;nbsp; &amp;nbsp; return 0;&lt;br /&gt;&#xD;
}&lt;br /&gt;&#xD;
&amp;nbsp;&lt;/p&gt; </content>
  <attach></attach>
  <rcount></rcount>
  <rank></rank>
  <hit>18</hit>
  <lang>1</lang>
</data>
