<?xml version="1.0"?>
<data version="3.0" time="2024-07-19 08:49:45" type="post" filename="b000000008000000001.xml">
  <open_time>0000-00-00</open_time>
  <close_time>0000-00-00</close_time>
  <lang_name>Big5</lang_name>
  <board_id>1001305433</board_id>
  <node>000000008000000001</node>
  <site>1000110001</site>
  <pt>2023-10-17 14:46:46</pt>
  <poster>11813</poster>
  <realname>&#x5433;&#x5B9C;&#x9D3B;  </realname>
  <email>yhwu@cycu.edu.tw</email>
  <homepage>https://www.researchgate.net/profile/Yi-Hung-Wu-2  </homepage>
  <subject>Re: 116. &#x5C07;&#x5F8C;&#x5E8F;&#x5F0F;postfix&#x8F49;&#x524D;&#x5E8F;&#x5F0F;prefix&#xFF0C;&#x4E26;&#x8A73;&#x8FF0;&#x6B65;&#x9A5F;&#x3002;* a b + c * d e + f * + w z + *  </subject>
  <content>&lt;p&gt;Good!&lt;/p&gt;&#xD;
&#xD;
&lt;p&gt;&lt;span style="background-color:#ffa07a"&gt;&#x9019;&#x68F5;&#x6A39;&#x4E00;&#x822C;&#x7A31;&#x70BA;&lt;/span&gt;&lt;a href="https://en.wikipedia.org/wiki/Binary_expression_tree" target="_blank"&gt;&lt;span style="background-color:#ffa07a"&gt;(binary) expression tree&lt;/span&gt;&lt;/a&gt;&lt;span style="background-color:#ffa07a"&gt;&#x3002;&lt;/span&gt;&lt;/p&gt; </content>
  <attach></attach>
  <rcount></rcount>
  <rank></rank>
  <hit>1</hit>
  <lang>1</lang>
</data>
