<?xml version="1.0"?>
<data version="3.0" time="2024-07-19 08:51:18" type="post" filename="b000000006.xml">
  <open_time>0000-00-00</open_time>
  <close_time>0000-00-00</close_time>
  <lang_name>Big5</lang_name>
  <board_id>1001305439</board_id>
  <node>000000006</node>
  <site>1000110001</site>
  <pt>2023-12-20 18:56:38</pt>
  <poster>11120427</poster>
  <realname>&#x8521;&#x7D5C;&#x8335;  </realname>
  <email>anna0809123@gmail.com</email>
  <homepage>  </homepage>
  <subject>220. &#x8209;&#x4F8B;&#x5340;&#x5225;&#x524D;&#x5E8F;preorder&#x3001;&#x4E2D;&#x5E8F;inorder&#x53CA;&#x5F8C;&#x5E8F;postorder&#x4E8C;&#x5143;&#x6A39;&#x8D70;&#x8A2A;&#x7684;&#x5DEE;&#x7570;&#x3002; </subject>
  <content>&lt;p&gt;&amp;nbsp;&#x5047;&#x8A2D;&#x4E8C;&#x5143;&#x6A39;&#x70BA; A -&amp;gt; B -&amp;gt; C&lt;/p&gt;&#xD;
&#xD;
&lt;ol&gt;&#xD;
	&lt;li&gt;&#xD;
	&lt;p&gt;&lt;strong&gt;&#x524D;&#x5E8F;&#xFF08;Preorder&#xFF09;&#xFF1A;&lt;/strong&gt;&lt;/p&gt;&#xD;
&#xD;
	&lt;ul&gt;&#xD;
		&lt;li&gt;&#x8D70;&#x8A2A;&#x9806;&#x5E8F;&#xFF1A;&#x6839;&#x7BC0;&#x9EDE; -&amp;gt; &#x5DE6;&#x5B50;&#x6A39; -&amp;gt; &#x53F3;&#x5B50;&#x6A39;&#x3002;&lt;/li&gt;&#xD;
		&lt;li&gt;&#x524D;&#x5E8F;&#x8D70;&#x8A2A;&#x7D50;&#x679C;&#x70BA; A -&amp;gt; B -&amp;gt; C&#x3002;&lt;/li&gt;&#xD;
	&lt;/ul&gt;&#xD;
	&lt;/li&gt;&#xD;
	&lt;li&gt;&#xD;
	&lt;p&gt;&lt;strong&gt;&#x4E2D;&#x5E8F;&#xFF08;Inorder&#xFF09;&#xFF1A;&lt;/strong&gt;&lt;/p&gt;&#xD;
&#xD;
	&lt;ul&gt;&#xD;
		&lt;li&gt;&#x8D70;&#x8A2A;&#x9806;&#x5E8F;&#xFF1A;&#x5DE6;&#x5B50;&#x6A39; -&amp;gt; &#x6839;&#x7BC0;&#x9EDE; -&amp;gt; &#x53F3;&#x5B50;&#x6A39;&#x3002;&lt;/li&gt;&#xD;
		&lt;li&gt;&#x4E2D;&#x5E8F;&#x8D70;&#x8A2A;&#x7D50;&#x679C;&#x70BA; B -&amp;gt; A -&amp;gt; C&#x3002;&lt;/li&gt;&#xD;
	&lt;/ul&gt;&#xD;
	&lt;/li&gt;&#xD;
	&lt;li&gt;&#xD;
	&lt;p&gt;&lt;strong&gt;&#x5F8C;&#x5E8F;&#xFF08;Postorder&#xFF09;&#xFF1A;&lt;/strong&gt;&lt;/p&gt;&#xD;
&#xD;
	&lt;ul&gt;&#xD;
		&lt;li&gt;&#x8D70;&#x8A2A;&#x9806;&#x5E8F;&#xFF1A;&#x5DE6;&#x5B50;&#x6A39; -&amp;gt; &#x53F3;&#x5B50;&#x6A39; -&amp;gt; &#x6839;&#x7BC0;&#x9EDE;&#x3002;&lt;/li&gt;&#xD;
		&lt;li&gt;&#x5F8C;&#x5E8F;&#x8D70;&#x8A2A;&#x7D50;&#x679C;&#x70BA; B -&amp;gt; C -&amp;gt; A&#x3002;&lt;/li&gt;&#xD;
	&lt;/ul&gt;&#xD;
	&lt;/li&gt;&#xD;
&lt;/ol&gt; </content>
  <attach></attach>
  <rcount></rcount>
  <rank></rank>
  <hit>8</hit>
  <lang>1</lang>
</data>
