<?xml version="1.0"?>
<data version="3.0" time="2024-07-19 08:51:18" type="post" filename="b000000003.xml">
  <open_time>0000-00-00</open_time>
  <close_time>0000-00-00</close_time>
  <lang_name>Big5</lang_name>
  <board_id>1001305439</board_id>
  <node>000000003</node>
  <site>1000110001</site>
  <pt>2023-12-18 11:42:53</pt>
  <poster>11111239</poster>
  <realname>&#x9AD8;&#x4E8E;&#x55AC;  </realname>
  <email>rita920927@gmail.com</email>
  <homepage>  </homepage>
  <subject>219. &#x8209;&#x4F8B;&#x5340;&#x5225;&#x5B8C;&#x5168;full&#x3001;&#x5B8C;&#x6574;complete&#x53CA;&#x5E73;&#x8861;balanced&#x4E8C;&#x5143;&#x6A39;&#x7684;&#x5DEE;&#x7570;&#x3002; </subject>
  <content>&lt;p&gt;full&#xFF08;root&amp;#39;s subtrees are both full binary tree&#xFF09;&lt;/p&gt;&#xD;
&#xD;
&lt;p&gt;&#x9664;&#x4E86;&#x6A39;&#x8449;&#x4EE5;&#x5916;&#x5176;&#x4ED6;&#x7BC0;&#x9EDE;&#x90FD;&#x6709;&#x5169;&#x500B;&#x5C0F;&#x5B69;&lt;/p&gt;&#xD;
&#xD;
&lt;p&gt;&amp;nbsp; &amp;nbsp; 1&lt;br /&gt;&#xD;
&amp;nbsp; &amp;nbsp;/ \&lt;br /&gt;&#xD;
&amp;nbsp; 2 &amp;nbsp; 3&lt;br /&gt;&#xD;
&amp;nbsp;/ \ / \&lt;br /&gt;&#xD;
4 &amp;nbsp;5 6 &amp;nbsp;7&lt;/p&gt;&#xD;
&#xD;
&lt;p&gt;complete&#xFF08;full to level h - 1, level h is filled from left to right&#xFF09;&lt;/p&gt;&#xD;
&#xD;
&lt;p&gt;&#x9664;&#x4E86;&#x6700;&#x5F8C;&#x4E00;&#x5C64;&#x5404;&#x5C64;&#x7BC0;&#x9EDE;&#x5168;&#x6EFF;&#xFF0C;&#x6700;&#x5F8C;&#x4E00;&#x5C64;&#x7BC0;&#x9EDE;&#x5168;&#x90E8;&#x9760;&#x5DE6;&lt;/p&gt;&#xD;
&#xD;
&lt;p&gt;&amp;nbsp; &amp;nbsp; 1&lt;br /&gt;&#xD;
&amp;nbsp; &amp;nbsp;/ \&lt;br /&gt;&#xD;
&amp;nbsp; 2 &amp;nbsp; 3&lt;br /&gt;&#xD;
&amp;nbsp;/ \ &amp;nbsp;/&lt;br /&gt;&#xD;
4 &amp;nbsp; 5 6&lt;/p&gt;&#xD;
&#xD;
&lt;p&gt;balanced&lt;/p&gt;&#xD;
&#xD;
&lt;p&gt;&#x6BCF;&#x500B;&#x7BC0;&#x9EDE;&#x7684;&#x5DE6;&#x548C;&#x53F3;&#x5B50;&#x6A39;&#x7684;&#x9AD8;&#x5EA6;&#x76F8;&#x5DEE;&#x4E0D;&#x8D85;&#x904E;1&lt;/p&gt;&#xD;
&#xD;
&lt;p&gt;&amp;nbsp; &amp;nbsp; 1&lt;br /&gt;&#xD;
&amp;nbsp; &amp;nbsp;/ \&lt;br /&gt;&#xD;
&amp;nbsp; 2 &amp;nbsp; 3&lt;br /&gt;&#xD;
&amp;nbsp;/ \&lt;br /&gt;&#xD;
4 &amp;nbsp; 5&lt;/p&gt; </content>
  <attach></attach>
  <rcount></rcount>
  <rank></rank>
  <hit>7</hit>
  <lang>1</lang>
</data>
