<?xml version="1.0"?>
<data version="3.0" time="2024-07-19 08:51:18" type="post" filename="b000000002000000001.xml">
  <open_time>0000-00-00</open_time>
  <close_time>0000-00-00</close_time>
  <lang_name>Big5</lang_name>
  <board_id>1001305439</board_id>
  <node>000000002000000001</node>
  <site>1000110001</site>
  <pt>2023-12-26 15:49:43</pt>
  <poster>11813</poster>
  <realname>&#x5433;&#x5B9C;&#x9D3B;  </realname>
  <email>yhwu@cycu.edu.tw</email>
  <homepage>https://www.researchgate.net/profile/Yi-Hung-Wu-2  </homepage>
  <subject>Re: 217. &#x8209;&#x4F8B;&#x89E3;&#x8AAA;&#x5FEB;&#x901F;&#x6392;&#x5E8F;quick sort&#x662F;&#x5426;&#x7A69;&#x5B9A;stable&#x3002;  </subject>
  <content>&lt;p&gt;&#x9078;&#x53D6;&#x7B2C;&#x4E00;&#x500B;&#x5143;&#x7D20;5&#x4F5C;&#x70BA;&#x57FA;&#x6E96;&#x9EDE; ... &lt;span style="color:#b22222"&gt;&#x7B2C;&#x4E8C;&#x500B;3&#x4E5F;&#x4FDD;&#x6301;&#x4F4D;&#x7F6E;&#x4E0D;&#x52D5;&lt;/span&gt;&amp;nbsp; &amp;lt;== &lt;span style="color:#ff0000"&gt;&#x9019;&#x662F;&#x4E0D;&#x6B63;&#x78BA;&#x7684;&#xFF01;&lt;/span&gt;&lt;/p&gt;&#xD;
&#xD;
&lt;p&gt;&#x9078;&#x53D6;&#x7684;pivot&#x662F;7 ...&amp;nbsp;&#x6240;&#x6709;&#x5C0F;&#x65BC;7&#x7684;&#x5143;&#x7D20;&#x79FB;&#x52D5;&#x5230;&#x5DE6;&#x908A; &amp;lt;==&lt;span style="color:#ff0000"&gt; &#x770B;&#x4E0D;&#x51FA;&#x5169;&#x500B;3&#x7684;&#x76F8;&#x5C0D;&#x9806;&#x5E8F;&lt;/span&gt;&lt;/p&gt; </content>
  <attach></attach>
  <rcount></rcount>
  <rank></rank>
  <hit>1</hit>
  <lang>1</lang>
</data>
