<?xml version="1.0"?>
<data version="3.0" time="2024-07-19 08:51:18" type="post" filename="b000000004.xml">
  <open_time>0000-00-00</open_time>
  <close_time>0000-00-00</close_time>
  <lang_name>Big5</lang_name>
  <board_id>1001305439</board_id>
  <node>000000004</node>
  <site>1000110001</site>
  <pt>2023-12-18 11:57:24</pt>
  <poster>10823323</poster>
  <realname>&#x738B;&#x3000;&#x5A55;  </realname>
  <email>jessicawang900318@gmail.com</email>
  <homepage>  </homepage>
  <subject>220. &#x8209;&#x4F8B;&#x5340;&#x5225;&#x524D;&#x5E8F;preorder&#x3001;&#x4E2D;&#x5E8F;inorder&#x53CA;&#x5F8C;&#x5E8F;postorder&#x4E8C;&#x5143;&#x6A39;&#x8D70;&#x8A2A;&#x7684;&#x5DEE;&#x7570;&#x3002; </subject>
  <content>&lt;p&gt;&lt;strong&gt;&lt;span style="font-family:&#x65B0;&#x7D30;&#x660E;&#x9AD4;,serif"&gt;&#x524D;&#x5E8F;&#x904D;&#x6B77;&#xFF08;&lt;/span&gt;Preorder&lt;/strong&gt;&lt;strong&gt;&lt;span style="font-family:&#x65B0;&#x7D30;&#x660E;&#x9AD4;,serif"&gt;&#xFF09;&#xFF1A;&lt;/span&gt;&lt;/strong&gt;&lt;/p&gt;&#xD;
&#xD;
&lt;p&gt;&lt;span style="font-family:&#x65B0;&#x7D30;&#x660E;&#x9AD4;,serif"&gt;&#x5B9A;&#x7FA9;&#xFF1A;&#x9996;&#x5148;&#x8A2A;&#x554F;&#x6839;&#x7BC0;&#x9EDE;&#xFF0C;&#x7136;&#x5F8C;&#x905E;&#x6B78;&#x5730;&#x904D;&#x6B77;&#x5DE6;&#x5B50;&#x6A39;&#xFF0C;&#x6700;&#x5F8C;&#x905E;&#x6B78;&#x5730;&#x904D;&#x6B77;&#x53F3;&#x5B50;&#x6A39;&#x3002;&lt;/span&gt;&lt;/p&gt;&#xD;
&#xD;
&lt;p&gt;&lt;span style="font-family:&#x65B0;&#x7D30;&#x660E;&#x9AD4;,serif"&gt;&#x7BC4;&#x4F8B;&#xFF1A;&#x5047;&#x8A2D;&#x6709;&#x4E00;&#x500B;&#x4E8C;&#x5143;&#x6A39;&#xFF0C;&#x5176;&#x6839;&#x7BC0;&#x9EDE;&#x662F;&lt;/span&gt;A&lt;span style="font-family:&#x65B0;&#x7D30;&#x660E;&#x9AD4;,serif"&gt;&#xFF0C;&#x5DE6;&#x5B50;&#x6A39;&#x662F;&lt;/span&gt;B&lt;span style="font-family:&#x65B0;&#x7D30;&#x660E;&#x9AD4;,serif"&gt;&#xFF0C;&#x53F3;&#x5B50;&#x6A39;&#x662F;&lt;/span&gt;C&lt;span style="font-family:&#x65B0;&#x7D30;&#x660E;&#x9AD4;,serif"&gt;&#xFF0C;&lt;/span&gt;&lt;span style="font-family:&#x65B0;&#x7D30;&#x660E;&#x9AD4;,serif"&gt;&#x524D;&#x5E8F;&#x904D;&#x6B77;&#x9806;&#x5E8F;&#x662F;&lt;/span&gt;A&lt;span style="font-family:&#x65B0;&#x7D30;&#x660E;&#x9AD4;,serif"&gt;&#x3001;&lt;/span&gt;B&lt;span style="font-family:&#x65B0;&#x7D30;&#x660E;&#x9AD4;,serif"&gt;&#x3001;&lt;/span&gt;C&lt;span style="font-family:&#x65B0;&#x7D30;&#x660E;&#x9AD4;,serif"&gt;&#x3002;&lt;/span&gt;&lt;/p&gt;&#xD;
&#xD;
&lt;p&gt;&lt;strong&gt;&lt;span style="font-family:&#x65B0;&#x7D30;&#x660E;&#x9AD4;,serif"&gt;&#x4E2D;&#x5E8F;&#x904D;&#x6B77;&#xFF08;&lt;/span&gt;Inorder&lt;/strong&gt;&lt;strong&gt;&lt;span style="font-family:&#x65B0;&#x7D30;&#x660E;&#x9AD4;,serif"&gt;&#xFF09;&#xFF1A;&lt;/span&gt;&lt;/strong&gt;&lt;/p&gt;&#xD;
&#xD;
&lt;p&gt;&lt;span style="font-family:&#x65B0;&#x7D30;&#x660E;&#x9AD4;,serif"&gt;&#x5B9A;&#x7FA9;&#xFF1A;&#x5148;&#x905E;&#x6B78;&#x5730;&#x904D;&#x6B77;&#x5DE6;&#x5B50;&#x6A39;&#xFF0C;&#x7136;&#x5F8C;&#x8A2A;&#x554F;&#x6839;&#x7BC0;&#x9EDE;&#xFF0C;&#x6700;&#x5F8C;&#x905E;&#x6B78;&#x5730;&#x904D;&#x6B77;&#x53F3;&#x5B50;&#x6A39;&#x3002;&lt;/span&gt;&lt;/p&gt;&#xD;
&#xD;
&lt;p&gt;&lt;span style="font-family:&#x65B0;&#x7D30;&#x660E;&#x9AD4;,serif"&gt;&#x7BC4;&#x4F8B;&#xFF1A;&#x5047;&#x8A2D;&#x6709;&#x4E00;&#x500B;&#x4E8C;&#x5143;&#x6A39;&#xFF0C;&#x5176;&#x6839;&#x7BC0;&#x9EDE;&#x662F;&lt;/span&gt;A&lt;span style="font-family:&#x65B0;&#x7D30;&#x660E;&#x9AD4;,serif"&gt;&#xFF0C;&#x5DE6;&#x5B50;&#x6A39;&#x662F;&lt;/span&gt;B&lt;span style="font-family:&#x65B0;&#x7D30;&#x660E;&#x9AD4;,serif"&gt;&#xFF0C;&#x53F3;&#x5B50;&#x6A39;&#x662F;&lt;/span&gt;C&lt;span style="font-family:&#x65B0;&#x7D30;&#x660E;&#x9AD4;,serif"&gt;&#xFF0C;&#x4E2D;&#x5E8F;&#x904D;&#x6B77;&#x9806;&#x5E8F;&#x662F;&lt;/span&gt;B&lt;span style="font-family:&#x65B0;&#x7D30;&#x660E;&#x9AD4;,serif"&gt;&#x3001;&lt;/span&gt;A&lt;span style="font-family:&#x65B0;&#x7D30;&#x660E;&#x9AD4;,serif"&gt;&#x3001;&lt;/span&gt;C&lt;span style="font-family:&#x65B0;&#x7D30;&#x660E;&#x9AD4;,serif"&gt;&#x3002;&lt;/span&gt;&lt;/p&gt;&#xD;
&#xD;
&lt;p&gt;&lt;strong&gt;&lt;span style="font-family:&#x65B0;&#x7D30;&#x660E;&#x9AD4;,serif"&gt;&#x5F8C;&#x5E8F;&#x904D;&#x6B77;&#xFF08;&lt;/span&gt;Postorder&lt;/strong&gt;&lt;strong&gt;&lt;span style="font-family:&#x65B0;&#x7D30;&#x660E;&#x9AD4;,serif"&gt;&#xFF09;&#xFF1A;&lt;/span&gt;&lt;/strong&gt;&lt;/p&gt;&#xD;
&#xD;
&lt;p&gt;&lt;span style="font-family:&#x65B0;&#x7D30;&#x660E;&#x9AD4;,serif"&gt;&#x5B9A;&#x7FA9;&#xFF1A;&#x5148;&#x905E;&#x6B78;&#x5730;&#x904D;&#x6B77;&#x5DE6;&#x5B50;&#x6A39;&#xFF0C;&#x7136;&#x5F8C;&#x905E;&#x6B78;&#x5730;&#x904D;&#x6B77;&#x53F3;&#x5B50;&#x6A39;&#xFF0C;&#x6700;&#x5F8C;&#x8A2A;&#x554F;&#x6839;&#x7BC0;&#x9EDE;&#x3002;&lt;/span&gt;&lt;/p&gt;&#xD;
&#xD;
&lt;p&gt;&lt;span style="font-family:&#x65B0;&#x7D30;&#x660E;&#x9AD4;,serif"&gt;&#x7BC4;&#x4F8B;&#xFF1A;&#x5047;&#x8A2D;&#x6709;&#x4E00;&#x500B;&#x4E8C;&#x5143;&#x6A39;&#xFF0C;&#x5176;&#x6839;&#x7BC0;&#x9EDE;&#x662F;&lt;/span&gt;A&lt;span style="font-family:&#x65B0;&#x7D30;&#x660E;&#x9AD4;,serif"&gt;&#xFF0C;&#x5DE6;&#x5B50;&#x6A39;&#x662F;&lt;/span&gt;B&lt;span style="font-family:&#x65B0;&#x7D30;&#x660E;&#x9AD4;,serif"&gt;&#xFF0C;&#x53F3;&#x5B50;&#x6A39;&#x662F;&lt;/span&gt;C&lt;span style="font-family:&#x65B0;&#x7D30;&#x660E;&#x9AD4;,serif"&gt;&#xFF0C;&#x5F8C;&#x5E8F;&#x904D;&#x6B77;&#x9806;&#x5E8F;&#x662F;&lt;/span&gt;B&lt;span style="font-family:&#x65B0;&#x7D30;&#x660E;&#x9AD4;,serif"&gt;&#x3001;&lt;/span&gt;C&lt;span style="font-family:&#x65B0;&#x7D30;&#x660E;&#x9AD4;,serif"&gt;&#x3001;&lt;/span&gt;A&lt;span style="font-family:&#x65B0;&#x7D30;&#x660E;&#x9AD4;,serif"&gt;&#x3002;&lt;/span&gt;&lt;/p&gt; </content>
  <attach></attach>
  <rcount></rcount>
  <rank></rank>
  <hit>9</hit>
  <lang>1</lang>
</data>
