<?xml version="1.0"?>
<data version="3.0" time="2024-07-19 08:51:18" type="post" filename="b000000002.xml">
  <open_time>0000-00-00</open_time>
  <close_time>0000-00-00</close_time>
  <lang_name>Big5</lang_name>
  <board_id>1001305439</board_id>
  <node>000000002</node>
  <site>1000110001</site>
  <pt>2023-12-13 16:08:37</pt>
  <poster>11020126</poster>
  <realname>&#x912D;&#x7950;&#x6600;  </realname>
  <email>carry0987@gmail.com</email>
  <homepage>  </homepage>
  <subject>217. &#x8209;&#x4F8B;&#x89E3;&#x8AAA;&#x5FEB;&#x901F;&#x6392;&#x5E8F;quick sort&#x662F;&#x5426;&#x7A69;&#x5B9A;stable&#x3002; </subject>
  <content>&lt;p&gt;&#x5FEB;&#x901F;&#x6392;&#x5E8F;&#x4E0D;&#x662F;&#x4E00;&#x500B;&#x7A69;&#x5B9A;&#x7684;&#x6392;&#x5E8F;&#x6CD5;&#x3002;&lt;/p&gt;&#xD;
&#xD;
&lt;p&gt;&#x5FEB;&#x901F;&#x6392;&#x5E8F;&#x5728;&#x9078;&#x64C7;&#x4E00;&#x500B;pivot&#xFF0C;&#x4E26;&#x5C07;&#x6240;&#x6709;&#x5176;&#x4ED6;&#x5143;&#x7D20;&#x8207;&#x9019;&#x500B;&#x57FA;&#x6E96;&#x9EDE;&#x6BD4;&#x8F03;&#xFF0C;&#x9032;&#x884C;&#x5206;&#x5272;&#x7684;&#x904E;&#x7A0B;&#x4E2D;&#xFF0C;&#x53EF;&#x80FD;&#x6703;&#x6539;&#x8B8A;&#x76F8;&#x7B49;&#x5143;&#x7D20;&#x7684;&#x76F8;&#x5C0D;&#x9806;&#x5E8F;&#x3002;&lt;/p&gt;&#xD;
&#xD;
&lt;p&gt;&#x4EE5;&#x4E00;&#x500B;&#x7C21;&#x55AE;&#x7684;&#x4F8B;&#x5B50;&#x4F86;&#x8AAA;&#x660E;&#xFF1A;&lt;/p&gt;&#xD;
&#xD;
&lt;p&gt;&#x5047;&#x8A2D;&#x6211;&#x5011;&#x6709;&#x4E00;&#x500B;&#x5305;&#x542B;&#x76F8;&#x7B49;&#x5143;&#x7D20;&#x7684;&#x9663;&#x5217;&#xFF1A;[5, 3, 7, 3, 8]&#xFF0C;&#x5176;&#x4E2D;&#x6709;&#x5169;&#x500B;&#x76F8;&#x7B49;&#x7684;&#x5143;&#x7D20;3&#x3002;&lt;/p&gt;&#xD;
&#xD;
&lt;p&gt;&#x5982;&#x679C;&#x5728;&#x5FEB;&#x901F;&#x6392;&#x5E8F;&#x904E;&#x7A0B;&#x4E2D;&#xFF0C;&#x6211;&#x5011;&#x9078;&#x53D6;&#x7B2C;&#x4E00;&#x500B;&#x5143;&#x7D20;5&#x4F5C;&#x70BA;&#x57FA;&#x6E96;&#x9EDE;&#xFF08;pivot&#xFF09;&#x9032;&#x884C;&#x6392;&#x5E8F;&#xFF0C;&#x90A3;&#x9EBC;&#x6392;&#x5E8F;&#x7684;&#x4E00;&#x6B21;&#x64CD;&#x4F5C;&#x53EF;&#x80FD;&#x6703;&#x5C0E;&#x81F4;&#x5143;&#x7D20;&#x9806;&#x5E8F;&#x5982;&#x4E0B;&#xFF1A;&lt;/p&gt;&#xD;
&#xD;
&lt;p&gt;- &#x7B2C;&#x4E00;&#x500B;3&#x4FDD;&#x6301;&#x4F4D;&#x7F6E;&#x4E0D;&#x52D5;&#xFF0C;&#x56E0;&#x70BA;&#x5B83;&#x5DF2;&#x7D93;&#x5728;&#x57FA;&#x6E96;&#x9EDE;5&#x7684;&#x5DE6;&#x908A;&#x3002;&lt;br /&gt;&#xD;
- &#x7B2C;&#x4E8C;&#x500B;3&#x4E5F;&#x4FDD;&#x6301;&#x4F4D;&#x7F6E;&#x4E0D;&#x52D5;&#xFF0C;&#x56E0;&#x70BA;&#x5B83;&#x5728;&#x9663;&#x5217;&#x4E2D;&#x7684;&#x4F4D;&#x7F6E;&#x76F8;&#x5C0D;&#x65BC;&#x7B2C;&#x4E00;&#x500B;3&#x662F;&#x9760;&#x5F8C;&#x7684;&#x3002;&lt;/p&gt;&#xD;
&#xD;
&lt;p&gt;&#x6B64;&#x6642;&#xFF0C;&#x5169;&#x500B;3&#x7684;&#x76F8;&#x5C0D;&#x9806;&#x5E8F;&#x4FDD;&#x6301;&#x4E0D;&#x8B8A;&#xFF0C;&#x770B;&#x8D77;&#x4F86;&#x50CF;&#x662F;&#x7A69;&#x5B9A;&#x7684;&#x3002;&lt;/p&gt;&#xD;
&#xD;
&lt;p&gt;&#x4F46;&#x662F;&#xFF0C;&#x5982;&#x679C;&#x5206;&#x5272;&#x904E;&#x7A0B;&#x4E2D;&#xFF0C;&#x9078;&#x53D6;&#x7684;pivot&#x662F;7&#xFF0C;&#x4E0B;&#x9762;&#x662F;&#x4E00;&#x500B;&#x53EF;&#x80FD;&#x7684;&#x64CD;&#x4F5C;&#x904E;&#x7A0B;&#xFF1A;&lt;/p&gt;&#xD;
&#xD;
&lt;p&gt;- &#x6240;&#x6709;&#x5C0F;&#x65BC;7&#x7684;&#x5143;&#x7D20;&#x79FB;&#x52D5;&#x5230;&#x5DE6;&#x908A;&#xFF0C;&#x6240;&#x6709;&#x5927;&#x65BC;7&#x7684;&#x5143;&#x7D20;&#x79FB;&#x52D5;&#x5230;&#x53F3;&#x908A;&#xFF0C;&#x6700;&#x7D42;&#x9663;&#x5217;&#x53EF;&#x80FD;&#x8B8A;&#x6210;[3, 5, 3, 7, 8]&lt;/p&gt;&#xD;
&#xD;
&lt;p&gt;&#x5728;&#x4E0A;&#x8FF0;&#x64CD;&#x4F5C;&#x4E2D;&#xFF0C;&#x7B2C;&#x4E00;&#x500B;3&#x548C;&#x7B2C;&#x4E8C;&#x500B;3&#x7684;&#x76F8;&#x5C0D;&#x4F4D;&#x7F6E;&#x767C;&#x751F;&#x4E86;&#x6539;&#x8B8A;&#xFF1A;&#x7B2C;&#x4E8C;&#x500B;3&#x79FB;&#x52D5;&#x5230;&#x4E86;&#x7B2C;&#x4E00;&#x500B;3&#x7684;&#x524D;&#x9762;&#x3002;&lt;/p&gt;&#xD;
&#xD;
&lt;p&gt;&#x9019;&#x500B;&#x4F8B;&#x5B50;&#x8AAA;&#x660E;&#xFF0C;&#x5728;&#x5FEB;&#x901F;&#x6392;&#x5E8F;&#x904E;&#x7A0B;&#x4E2D;&#xFF0C;&#x7531;&#x65BC;&#x5206;&#x5272;&#x64CD;&#x4F5C;&#xFF0C;&#x76F8;&#x7B49;&#x5143;&#x7D20;&#x7684;&#x76F8;&#x5C0D;&#x9806;&#x5E8F;&#x53EF;&#x80FD;&#x6703;&#x6539;&#x8B8A;&#xFF0C;&#x56E0;&#x6B64;&#x5FEB;&#x901F;&#x6392;&#x5E8F;&#x662F;&#x4E0D;&#x7A69;&#x5B9A;&#x7684;&#x3002;&lt;/p&gt; </content>
  <attach></attach>
  <rcount></rcount>
  <rank></rank>
  <hit>10</hit>
  <lang>1</lang>
</data>
