<?xml version="1.0"?>
<data version="3.0" time="2024-07-19 08:51:18" type="post" filename="b000000005.xml">
  <open_time>0000-00-00</open_time>
  <close_time>0000-00-00</close_time>
  <lang_name>Big5</lang_name>
  <board_id>1001305439</board_id>
  <node>000000005</node>
  <site>1000110001</site>
  <pt>2023-12-18 16:09:47</pt>
  <poster>11120411</poster>
  <realname>&#x9673;&#x701A;&#x5091;  </realname>
  <email>jackc0410@gmail.com</email>
  <homepage>  </homepage>
  <subject>218. &#x70BA;&#x5FEB;&#x901F;&#x6392;&#x5E8F;&#x63D0;&#x51FA;&#x9078;&#x64C7;&#x57FA;&#x6E96;pivot&#x7684;&#x65B9;&#x6CD5;&#xFF0C;&#x4E26;&#x8209;&#x4F8B;&#x8AAA;&#x660E;&#x512A;&#x9EDE; </subject>
  <content>&lt;p&gt;&#x5728;&#x5FEB;&#x901F;&#x6392;&#x5E8F;&#x4E2D;&#xFF0C;&#x57FA;&#x6E96;&#x503C;&#x6700;&#x597D;&#x662F;&#x9078;&#x64C7;&#x8D8A;&#x9760;&#x8FD1;&#x5E73;&#x5747;&#x503C;&#x6216;&#x4E2D;&#x4F4D;&#x6578;&#x7684;&#x503C;&#x8D8A;&#x597D;&lt;/p&gt;&#xD;
&#xD;
&lt;p&gt;&#x6700;&#x4F73; : &#x7B2C;&#x4E00;&#x500B;&#x57FA;&#x6E96;&#x503C;&#x7684;&#x4F4D;&#x7F6E;&#x525B;&#x597D;&#x662F;&#x4E2D;&#x4F4D;&#x6578;&#xFF0C;&#x5C07;&#x8CC7;&#x6599;&#x5747;&#x5206;&#x6210;&#x4E8C;&#x7B49;&#x4EFD;&#x3002;&lt;/p&gt;&#xD;
&#xD;
&lt;p&gt;&#x6700;&#x5DEE;&#xFF1A;&#x7576;&#x8CC7;&#x6599;&#x7684;&#x9806;&#x5E8F;&#x6070;&#x597D;&#x70BA;&#x7531;&#x5927;&#x5230;&#x5C0F;&#x6216;&#x7531;&#x5C0F;&#x5230;&#x5927;&#x6642;&#xFF0C;&#x6B64;&#x6642;&#x6709;&#x5206;&#x5272;&#x8DDF;&#x6C92;&#x6709;&#x5206;&#x5272;&#x4E26;&#x6C92;&#x6709;&#x5340;&#x5225;&#xFF0C;&#x53CD;&#x800C;&#x505A;&#x4E86;&#x591A;&#x9918;&#x7684;&#x64CD;&#x4F5C;&#x3002;&lt;/p&gt;&#xD;
&#xD;
&lt;p&gt;&#x56E0;&#x6B64;&#x9078;&#x4E2D;&#x4F4D;&#x6578;&#x7576;&#x57FA;&#x6E96;&#x53EF;&#x4EE5;&#x6709;&#x52A9;&#x65BC;&#x907F;&#x514D;&#x6700;&#x58DE;&#x60C5;&#x6CC1;&#x7684;&#x51FA;&#x73FE;&#xFF0C;&#x63D0;&#x9AD8;&#x5FEB;&#x901F;&#x6392;&#x5E8F;&#x7684;&#x6548;&#x7387;&lt;/p&gt; </content>
  <attach></attach>
  <rcount></rcount>
  <rank></rank>
  <hit>7</hit>
  <lang>1</lang>
</data>
