<?xml version="1.0"?>
<data version="3.0" time="2024-07-19 08:51:18" type="post" filename="b000000003000000001.xml">
  <open_time>0000-00-00</open_time>
  <close_time>0000-00-00</close_time>
  <lang_name>Big5</lang_name>
  <board_id>1001305439</board_id>
  <node>000000003000000001</node>
  <site>1000110001</site>
  <pt>2023-12-26 15:50:14</pt>
  <poster>11813</poster>
  <realname>&#x5433;&#x5B9C;&#x9D3B;  </realname>
  <email>yhwu@cycu.edu.tw</email>
  <homepage>https://www.researchgate.net/profile/Yi-Hung-Wu-2  </homepage>
  <subject>Re: 219. &#x8209;&#x4F8B;&#x5340;&#x5225;&#x5B8C;&#x5168;full&#x3001;&#x5B8C;&#x6574;complete&#x53CA;&#x5E73;&#x8861;balanced&#x4E8C;&#x5143;&#x6A39;&#x7684;&#x5DEE;&#x7570;&#x3002;  </subject>
  <content>&lt;p&gt;Good!&lt;/p&gt; </content>
  <attach></attach>
  <rcount></rcount>
  <rank></rank>
  <hit>1</hit>
  <lang>1</lang>
</data>
