<?xml version="1.0"?>
<data version="3.0" time="2024-07-19 08:51:18" type="post" filename="b000000005000000001.xml">
  <open_time>0000-00-00</open_time>
  <close_time>0000-00-00</close_time>
  <lang_name>Big5</lang_name>
  <board_id>1001305439</board_id>
  <node>000000005000000001</node>
  <site>1000110001</site>
  <pt>2023-12-26 15:51:41</pt>
  <poster>11813</poster>
  <realname>&#x5433;&#x5B9C;&#x9D3B;  </realname>
  <email>yhwu@cycu.edu.tw</email>
  <homepage>https://www.researchgate.net/profile/Yi-Hung-Wu-2  </homepage>
  <subject>Re: 218. &#x70BA;&#x5FEB;&#x901F;&#x6392;&#x5E8F;&#x63D0;&#x51FA;&#x9078;&#x64C7;&#x57FA;&#x6E96;pivot&#x7684;&#x65B9;&#x6CD5;&#xFF0C;&#x4E26;&#x8209;&#x4F8B;&#x8AAA;&#x660E;&#x512A;&#x9EDE;  </subject>
  <content>&lt;p&gt;&lt;span style="color:#ff0000"&gt;&#x5982;&#x4F55;&#x9078;&#x4E2D;&#x4F4D;&#x6578;&#xFF1F;&#x6BD4;O(n)&#x6709;&#x6548;&#x7387;&#x7684;&#x65B9;&#x6CD5;&#xFF1F;&lt;/span&gt;&lt;/p&gt; </content>
  <attach></attach>
  <rcount></rcount>
  <rank></rank>
  <hit>1</hit>
  <lang>1</lang>
</data>
