<?xml version="1.0"?>
<data version="3.0" time="2024-07-19 09:05:45" type="post" filename="b000000002000000001.xml">
  <open_time>0000-00-00</open_time>
  <close_time>0000-00-00</close_time>
  <lang_name>Big5</lang_name>
  <board_id>1001162653</board_id>
  <node>000000002000000001</node>
  <site>1000110001</site>
  <pt>2022-12-13 15:08:58</pt>
  <poster>11813</poster>
  <realname>&#x5433;&#x5B9C;&#x9D3B;  </realname>
  <email>yhwu@cycu.edu.tw</email>
  <homepage>https://www.researchgate.net/profile/Yi-Hung-Wu-2  </homepage>
  <subject>Re: 207. &#x8209;&#x4F8B;&#x89E3;&#x8AAA;&#x9078;&#x64C7;&#x6392;&#x5E8F;selection sort&#x4E26;&#x975E;&#x7A69;&#x5B9A;stable&#x7684;&#x6392;&#x5E8F;&#x65B9;&#x6CD5;  </subject>
  <content>&lt;p&gt;OK&lt;/p&gt; </content>
  <attach></attach>
  <rcount></rcount>
  <rank></rank>
  <hit>1</hit>
  <lang>1</lang>
</data>
