<?xml version="1.0"?>
<data version="3.0" time="2024-07-19 09:05:09" type="post" filename="b000000015.xml">
  <open_time>0000-00-00</open_time>
  <close_time>0000-00-00</close_time>
  <lang_name>Big5</lang_name>
  <board_id>1001162649</board_id>
  <node>000000015</node>
  <site>1000110001</site>
  <pt>2022-10-17 19:06:08</pt>
  <poster>11027113</poster>
  <realname>&#x5442;&#x5B63;&#x8ED2;  </realname>
  <email>samlu0509@gmail.com</email>
  <homepage>  </homepage>
  <subject>118. &#x4EE4;ptrX&#x6307;&#x5411;&#x93C8;&#x7D50;&#x4E32;&#x5217;&#x7684;&#x7BC0;&#x9EDE;&#xFF0C;&#x6BD4;&#x8F03;ptrX = ptrX-&amp;gt;next&#x548C;ptrX-&amp;gt;next = ptrX&#x7684;&#x5DEE;&#x7570;&#x3002; </subject>
  <content>&lt;p&gt;ptrX = ptrX-&amp;gt;next&#xFF0C;&#x662F;&#x6307;ptrX&#x9019;&#x500B;&#x6307;&#x6A19;&#x6307;&#x5411;&#x539F;&#x672C;ptrX&#x7684;&#x4E0B;&#x4E00;&#x500B;&#x7BC0;&#x9EDE;&#x3002;&#x9019;&#x500B;&#x904B;&#x7528;&#x5728;&#x5275;&#x7ACB;&#x4E00;&#x500B;&#x65B0;&#x7BC0;&#x9EDE;&#x6642;&#xFF0C;&#x8B93;&#x6307;&#x6A19;&#x6307;&#x5728;&#x525B;&#x5275;&#x7ACB;&#x7684;&#x7BC0;&#x9EDE;&#x4E0A;&#x3002;&lt;/p&gt;&#xD;
&#xD;
&lt;p&gt;ptrX-&amp;gt;next = ptrX&#xFF0C;&#x662F;&#x6307;PtrX&#x9019;&#x500B;&#x6307;&#x6A19;&#x6307;&#x5411;&#x81EA;&#x5DF1;&#xFF0C;&#x5F62;&#x6210;&#x55AE;&#x500B;&#x7BC0;&#x9EDE;&#x7684;&#x74B0;&#x72C0;&#x93C8;&#x7D50;&#x4E32;&#x5217;&#x3002;&lt;/p&gt; </content>
  <attach></attach>
  <rcount></rcount>
  <rank></rank>
  <hit>31</hit>
  <lang>1</lang>
</data>
