<?xml version="1.0"?>
<data version="3.0" time="2024-07-19 09:05:09" type="post" filename="b000000005.xml">
  <open_time>0000-00-00</open_time>
  <close_time>0000-00-00</close_time>
  <lang_name>Big5</lang_name>
  <board_id>1001162649</board_id>
  <node>000000005</node>
  <site>1000110001</site>
  <pt>2022-10-09 14:53:12</pt>
  <poster>11027139</poster>
  <realname>&#x8A31;&#x66F8;&#x7DAD;  </realname>
  <email>xushuwei1122@gmail.com</email>
  <homepage>  </homepage>
  <subject>117. &#x5BEB;C++&#x7A0B;&#x5F0F;&#x78BC;&#x8AAA;&#x660E;&#x50B3;&#x5740;&#x547C;&#x53EB;call by address&#x3002; </subject>
  <content>&lt;p&gt;&#x4E0B;&#x5716;&#x662F;&#x6211;&#x5BEB;&#x7684;&#x7BC4;&#x4F8B;&#x7A0B;&#x5F0F;&#x78BC;&#xFF0C;&#x4EE5;&#x53CA;call_by_address&#x7684;&#x89E3;&#x91CB;&#x5728;&#x5716;&#x7247;&#x4E0B;&#x65B9;&lt;/p&gt;&#xD;
&#xD;
&lt;p&gt;&lt;img alt="" src="/user/1/1/11027139/images/call_by_address.png" style="height:683px; width:850px" /&gt;&#x5F9E;&#x7D50;&#x679C;&#x53EF;&#x4EE5;&#x770B;&#x5230;:&lt;/p&gt;&#xD;
&#xD;
&lt;p&gt;Call by address:&#x53C3;&#x6578;&#x5728;&#x88AB;&#x526F;&#x7A0B;&#x5F0F;&#x547C;&#x53EB;&#x4E4B;&#x5F8C;&#xFF0C;&#x4E3B;&#x7A0B;&#x5F0F;&#x7684;&#x503C;&#x6703;&#x53D7;&#x5230;&#x51FD;&#x5F0F;&#x7684;&#x5F71;&#x97FF;&#xFF0C;&#x4F46;&#x51FD;&#x5F0F;&#x548C;&#x4E3B;&#x7A0B;&#x5F0F;&#x6240;&#x4F7F;&#x7528;&#x7684;&#x53C3;&#x6578;&#x7684;&#x8A18;&#x61B6;&#x9AD4;&#x4F4D;&#x7F6E;&#x662F;&#x4E0D;&#x540C;&#x7684;&#x3002;&lt;/p&gt; </content>
  <attach></attach>
  <rcount></rcount>
  <rank></rank>
  <hit>37</hit>
  <lang>1</lang>
</data>
