<?xml version="1.0"?>
<data version="3.0" time="2024-07-19 09:05:09" type="post" filename="b000000006000000003.xml">
  <open_time>0000-00-00</open_time>
  <close_time>0000-00-00</close_time>
  <lang_name>Big5</lang_name>
  <board_id>1001162649</board_id>
  <node>000000006000000003</node>
  <site>1000110001</site>
  <pt>2022-10-18 10:16:51</pt>
  <poster>11027144</poster>
  <realname>&#x9673;&#x4F73;&#x97F3;  </realname>
  <email>crechessiissii@gmail.com</email>
  <homepage>  </homepage>
  <subject>Re: 116. &#x5C07;&#x5F8C;&#x5E8F;&#x5F0F;postfix&#x8F49;&#x524D;&#x5E8F;&#x5F0F;prefix&#xFF0C;&#x4E26;&#x8A73;&#x8FF0;&#x6B65;&#x9A5F;&#x3002;* a b + c * d e + f * + w z + *  </subject>
  <content>&lt;p&gt;&#x7D42;&#x65BC;&#x5F04;&#x61C2;&#x4E86;! &#x8B1B;&#x5F97;&#x6DFA;&#x986F;&#x6613;&#x61C2;&lt;/p&gt; </content>
  <attach></attach>
  <rcount></rcount>
  <rank></rank>
  <hit>1</hit>
  <lang>1</lang>
</data>
