<?xml version="1.0"?>
<data version="3.0" time="2024-07-19 09:05:09" type="post" filename="b000000007000000004.xml">
  <open_time>0000-00-00</open_time>
  <close_time>0000-00-00</close_time>
  <lang_name>Big5</lang_name>
  <board_id>1001162649</board_id>
  <node>000000007000000004</node>
  <site>1000110001</site>
  <pt>2022-10-11 23:47:02</pt>
  <poster>11027108</poster>
  <realname>&#x5442;&#x5EAD;&#x744B;  </realname>
  <email>vivian.lu1011@gmail.com</email>
  <homepage>  </homepage>
  <subject>Re: 117. &#x5BEB;C++&#x7A0B;&#x5F0F;&#x78BC;&#x8AAA;&#x660E;&#x50B3;&#x5740;&#x547C;&#x53EB;call by address&#x3002;  </subject>
  <content>&lt;p&gt;&#x4E09;&#x500B;&#x90FD;&#x8B1B;&#x89E3;&#x7684;&#x5F88;&#x6E05;&#x695A;&#xFF0C;&#x9577;&#x77E5;&#x8B58;&#x4E86;&#x1F603;&lt;/p&gt; </content>
  <attach></attach>
  <rcount></rcount>
  <rank></rank>
  <hit>1</hit>
  <lang>1</lang>
</data>
