<?xml version="1.0"?>
<data version="3.0" time="2024-07-19 09:05:09" type="post" filename="b000000001.xml">
  <open_time>0000-00-00</open_time>
  <close_time>0000-00-00</close_time>
  <lang_name>Big5</lang_name>
  <board_id>1001162649</board_id>
  <node>000000001</node>
  <site>1000110001</site>
  <pt>2022-10-06 17:44:57</pt>
  <poster>11027126</poster>
  <realname>&#x937E;&#x6631;&#x8CE2;  </realname>
  <email>lucas920421@gmail.com</email>
  <homepage>  </homepage>
  <subject>118. &#x4EE4;ptrX&#x6307;&#x5411;&#x93C8;&#x7D50;&#x4E32;&#x5217;&#x7684;&#x7BC0;&#x9EDE;&#xFF0C;&#x6BD4;&#x8F03;ptrX = ptrX-&amp;gt;next&#x548C;ptrX-&amp;gt;next = ptrX&#x7684;&#x5DEE;&#x7570;&#x3002; </subject>
  <content>&lt;p&gt;&#x524D;&#x8005;&#x8F03;&#x5E38;&#x7528;&#x65BC;linked list&#x7684;&#x4F9D;&#x5E8F;&#x5C0B;&#x8A2A;&#xFF0C;&#x800C;&#x5F8C;&#x8005;&#x56E0;&#x5C07;next&#x6307;&#x6A19;&#x6307;&#x5411;&#x81EA;&#x5DF1;&#xFF0C;&#x6703;&#x5F62;&#x6210;&#x932F;&#x8AA4;&#x7684;linked list&#x9023;&#x63A5;&#xFF0C;&#x82E5;&#x7121;&#x7279;&#x6B8A;&#x7528;&#x9014;(&#x5982;cycled linked list)&#xFF0C;&#x901A;&#x5E38;&#x70BA;&#x907F;&#x514D;&#x4F9D;&#x5E8F;&#x5C0B;&#x8A2A;&#x6642;&#x6703;&#x9020;&#x6210;&#x7121;&#x7AAE;&#x8FF4;&#x5708;&#x4E0D;&#x5E38;&#x4F7F;&#x7528;&#x3002;&lt;/p&gt;&#xD;
&#xD;
&lt;p&gt;&lt;br /&gt;&#xD;
&#x4E8C;&#x6307;&#x4EE4;&#x7684;&#x8A73;&#x7D30;&#x904B;&#x4F5C;&#x5982;&#x4E0B;&#x5716;&#x6240;&#x793A;&#x3002;&lt;/p&gt;&#xD;
&#xD;
&lt;p&gt;&lt;img alt="" src="/user/1/1/11027126/images/310159817_1256482635145296_5123191967004655887_n.jpg" style="height:980px; width:1659px" /&gt;&lt;/p&gt; </content>
  <attach></attach>
  <rcount></rcount>
  <rank></rank>
  <hit>53</hit>
  <lang>1</lang>
</data>
