<?xml version="1.0"?>
<data version="3.0" time="2024-07-19 09:05:09" type="post" filename="b000000004.xml">
  <open_time>0000-00-00</open_time>
  <close_time>0000-00-00</close_time>
  <lang_name>Big5</lang_name>
  <board_id>1001162649</board_id>
  <node>000000004</node>
  <site>1000110001</site>
  <pt>2022-10-08 00:24:26</pt>
  <poster>11027154</poster>
  <realname>&#x5ED6;&#x6893;&#x9038;  </realname>
  <email>joe3727@gmail.com</email>
  <homepage>  </homepage>
  <subject>120. &#x8209;&#x4F8B;&#x8AAA;&#x660E;&#x4F7F;&#x7528;&#x96D9;&#x5411;&#x93C8;&#x7D50;&#x4E32;&#x5217;doubly linked list&#x7684;&#x60C5;&#x5883;&#x3002; </subject>
  <content>&lt;p&gt;&#x93C8;&#x7D50;&#x4E32;&#x5217;&#x50CF;&#x662F;&#x4E00;&#x7BC0;&#x4E00;&#x7BC0;&#x7684;&#x706B;&#x8ECA;&#xFF0C;&#x5982;&#x679C;&#x4E58;&#x5BA2;&#x53EA;&#x6709;&#x4E00;&#x500B;&#x65B9;&#x5411;&#x53EF;&#x4EE5;&#x8D70;&#xFF0C;&#x5C31;&#x4EE3;&#x8868;&#x932F;&#x904E;&#x4E86;&#x53EA;&#x80FD;&#x5F9E;&#x982D;&#x518D;&#x958B;&#x59CB;&#x627E;&#xFF0C;&#x5018;&#x82E5;&#x6211;&#x5011;&#x4F7F;&#x7528;&#x4E86;&#x96D9;&#x5411;&#x93C8;&#x7D50;&#x4E32;&#x5217;&#xFF0C;&#x5C31;&#x4EE3;&#x8868;&#x6211;&#x5011;&#x53EF;&#x4EE5;&#x4F86;&#x53BB;&#x81EA;&#x5982;&#xFF0C;&#x60F3;&#x5F9E;&#x7B2C;&#x516B;&#x7BC0;&#x8ECA;&#x5EC2;&#x627E;&#x5230;&#x7B2C;&#x56DB;&#x7BC0;&#x8ECA;&#x5EC2;&#x5EC1;&#x6240;&#x90FD;&#x4E0D;&#x662F;&#x554F;&#x984C;&#xFF0C;&#x4F46;&#x7F3A;&#x9EDE;&#x662F;&#x9700;&#x8981;&#x7684;&#x8A18;&#x61B6;&#x9AD4;&#x8B8A;&#x591A;&#x3002;&lt;/p&gt; </content>
  <attach></attach>
  <rcount></rcount>
  <rank></rank>
  <hit>33</hit>
  <lang>1</lang>
</data>
