<?xml version="1.0"?>
<data version="3.0" time="2024-07-19 09:05:09" type="post" filename="b000000003000000002.xml">
  <open_time>0000-00-00</open_time>
  <close_time>0000-00-00</close_time>
  <lang_name>Big5</lang_name>
  <board_id>1001162649</board_id>
  <node>000000003000000002</node>
  <site>1000110001</site>
  <pt>2022-10-12 17:54:42</pt>
  <poster>11027122</poster>
  <realname>&#x9673;&#x67CF;&#x5B87;  </realname>
  <email>99588albert@gmail.com</email>
  <homepage>  </homepage>
  <subject>Re: 116. &#x5C07;&#x5F8C;&#x5E8F;&#x5F0F;postfix&#x8F49;&#x524D;&#x5E8F;&#x5F0F;prefix&#xFF0C;&#x4E26;&#x8A73;&#x8FF0;&#x6B65;&#x9A5F;&#x3002;* a b + c * d e + f * + w z + *  </subject>
  <content>&lt;p&gt;&#x4E00;&#x5B9A;&#x662F;&#x5927;&#x62C7;&#x6307;&#x7684;&#x62C9;&#xFF01;&#x1F44D;&lt;/p&gt; </content>
  <attach></attach>
  <rcount></rcount>
  <rank></rank>
  <hit>1</hit>
  <lang>1</lang>
</data>
