<?xml version="1.0"?>
<data version="3.0" time="2024-07-19 09:05:09" type="post" filename="b000000013.xml">
  <open_time>0000-00-00</open_time>
  <close_time>0000-00-00</close_time>
  <lang_name>Big5</lang_name>
  <board_id>1001162649</board_id>
  <node>000000013</node>
  <site>1000110001</site>
  <pt>2022-10-16 00:50:06</pt>
  <poster>11027135</poster>
  <realname>&#x674E;&#x5B97;&#x8AFA;  </realname>
  <email>mouth0203lk@gmail.com</email>
  <homepage>  </homepage>
  <subject>116. &#x5C07;&#x5F8C;&#x5E8F;&#x5F0F;postfix&#x8F49;&#x524D;&#x5E8F;&#x5F0F;prefix&#xFF0C;&#x4E26;&#x8A73;&#x8FF0;&#x6B65;&#x9A5F;&#x3002; </subject>
  <content>&lt;p&gt;&#x984C;&#x76EE;:a b + c * d e + f * + w z + *&lt;/p&gt;&#xD;
&#xD;
&lt;p&gt;Postfix to Infix :&lt;/p&gt;&#xD;
&#xD;
&lt;p&gt;1.&amp;nbsp;a + b&lt;/p&gt;&#xD;
&#xD;
&lt;p&gt;2. ( a + b ) * c&lt;/p&gt;&#xD;
&#xD;
&lt;p&gt;3. d + e&lt;/p&gt;&#xD;
&#xD;
&lt;p&gt;4. ( d + e ) * f&lt;/p&gt;&#xD;
&#xD;
&lt;p&gt;5.&amp;nbsp;&amp;nbsp;( a + b ) * c +&amp;nbsp;( d + e ) * f&lt;/p&gt;&#xD;
&#xD;
&lt;p&gt;6. w + z&lt;/p&gt;&#xD;
&#xD;
&lt;p&gt;7. { [ ( a + b ) * c ] + [ ( d + e ) * f&amp;nbsp;&amp;nbsp;] } * ( w + z )&lt;/p&gt;&#xD;
&#xD;
&lt;p&gt;tips : &#x5C07;&#x904B;&#x7B97;&#x5B50;&#x7684;&#x524D;&#x9762;&#x5169;&#x500B;&#x904B;&#x7B97;&#x5143;&#x53BB;&#x505A;&#x904B;&#x7B97;&lt;/p&gt;&#xD;
&#xD;
&lt;p&gt;Infix to Prefix:&lt;/p&gt;&#xD;
&#xD;
&lt;p&gt;1. * { [ ( a + b ) * c ] + [ ( d + e ) * f&amp;nbsp;&amp;nbsp;] }( w + z )&lt;/p&gt;&#xD;
&#xD;
&lt;p&gt;2. * + [ ( a + b ) * c ] [ ( d + e ) * f&amp;nbsp;&amp;nbsp;] ( w + z )&lt;/p&gt;&#xD;
&#xD;
&lt;p&gt;3. * + * ( a + b ) c * ( d + e ) f ( w + z )&lt;/p&gt;&#xD;
&#xD;
&lt;p&gt;4. * + * + a b c * + d e f + w z&lt;/p&gt;&#xD;
&#xD;
&lt;p&gt;tips : &#x4E00;&#x500B;&#x62EC;&#x865F;&#x4E00;&#x500B;&#x62EC;&#x865F;&#x62C6;&#x6389;&lt;/p&gt; </content>
  <attach></attach>
  <rcount></rcount>
  <rank></rank>
  <hit>40</hit>
  <lang>1</lang>
</data>
