<?xml version="1.0"?>
<data version="3.0" time="2024-07-19 08:49:13" type="post" filename="b000000008.xml">
  <open_time>0000-00-00</open_time>
  <close_time>0000-00-00</close_time>
  <lang_name>Big5</lang_name>
  <board_id>1001305431</board_id>
  <node>000000008</node>
  <site>1000110001</site>
  <pt>2023-09-27 22:56:44</pt>
  <poster>11127225</poster>
  <realname>&#x8CF4;&#x678B;&#x4F51;  </realname>
  <email>leolai325@gmail.com</email>
  <homepage>  </homepage>
  <subject>109. &#x5982;&#x4F55;&#x5E6B;&#x9663;&#x5217;&#x5143;&#x7D20;&#x8A2D;&#x5B9A;&#x975E;&#x96F6;&#x7684;&#x521D;&#x59CB;&#x503C;&#xFF1F;&#x9808;&#x5BEB;&#x51FA;C++&#x7A0B;&#x5F0F;&#x78BC;&#x3002; </subject>
  <content>&lt;p&gt;&#x5728;&#x5BA3;&#x544A;&#x9663;&#x5217;&#x6642;&#x4F7F;&#x7528;&#x5927;&#x62EC;&#x865F;&#x9032;&#x884C;&#x8CE6;&#x503C;&#xFF0C;c++&#x7A0B;&#x5F0F;&#x78BC;&#x5982;&#x4E0B;:&lt;/p&gt;&#xD;
&#xD;
&lt;p&gt;&lt;br /&gt;&#xD;
#include &amp;lt;iostream&amp;gt;&lt;br /&gt;&#xD;
using namespace std;&lt;br /&gt;&#xD;
int main () {&lt;br /&gt;&#xD;
&amp;nbsp;&amp;nbsp; &amp;nbsp;&lt;br /&gt;&#xD;
&amp;nbsp;&amp;nbsp; &amp;nbsp;const int arr_size = 5;&lt;br /&gt;&#xD;
&amp;nbsp;&amp;nbsp; &amp;nbsp;int a[arr_size] = {1,2,3,4,5};&lt;br /&gt;&#xD;
&amp;nbsp;&amp;nbsp; &amp;nbsp;&lt;br /&gt;&#xD;
&amp;nbsp;&amp;nbsp; &amp;nbsp;for ( int i = 0 ; i &amp;lt; arr_size &amp;nbsp;; i++){&lt;br /&gt;&#xD;
&amp;nbsp;&amp;nbsp; &amp;nbsp;&amp;nbsp;&amp;nbsp; &amp;nbsp;cout &amp;lt;&amp;lt; a[i]&amp;lt;&amp;lt; &amp;quot; &amp;quot;;&lt;br /&gt;&#xD;
&amp;nbsp;&amp;nbsp; &amp;nbsp;}&lt;br /&gt;&#xD;
&amp;nbsp;&amp;nbsp; &amp;nbsp;&lt;br /&gt;&#xD;
}&lt;/p&gt; </content>
  <attach></attach>
  <rcount></rcount>
  <rank></rank>
  <hit>25</hit>
  <lang>1</lang>
</data>
