<?xml version="1.0"?>
<data version="3.0" time="2024-07-19 08:49:13" type="post" filename="b000000020.xml">
  <open_time>0000-00-00</open_time>
  <close_time>0000-00-00</close_time>
  <lang_name>Big5</lang_name>
  <board_id>1001305431</board_id>
  <node>000000020</node>
  <site>1000110001</site>
  <pt>2023-10-04 15:46:00</pt>
  <poster>11127238</poster>
  <realname>&#x738B;&#x8A69;&#x9708;  </realname>
  <email>rita11127238@gmail.com</email>
  <homepage>  </homepage>
  <subject>106. &#x905E;&#x8FF4;&#x547C;&#x53EB;&#x70BA;&#x4F55;&#x6703;&#x9020;&#x6210;&#x8A18;&#x61B6;&#x9AD4;&#x5340;&#x6BB5;&#x932F;&#x8AA4;&#xFF1F; </subject>
  <content>&lt;p&gt;&lt;span style="font-family:&#x65B0;&#x7D30;&#x660E;&#x9AD4;,serif"&gt;&#x905E;&#x8FF4;&#x547C;&#x53EB;&#x53EF;&#x80FD;&#x5C0E;&#x81F4;&#x8A18;&#x61B6;&#x9AD4;&#x51FA;&#x73FE;&#x554F;&#x984C;&#xFF0C;&#x6DFA;&#x5728;&#x539F;&#x56E0;&#x5305;&#x62EC;&lt;/span&gt;&lt;span style="font-family:&#x65B0;&#x7D30;&#x660E;&#x9AD4;,serif"&gt;&#xFF1A;&lt;/span&gt;&lt;/p&gt;&#xD;
&#xD;
&lt;p&gt;1.&lt;span style="font-family:&#x65B0;&#x7D30;&#x660E;&#x9AD4;,serif"&gt;&#x7576;&#x905E;&#x8FF4;&#x547C;&#x53EB;&#x904E;&#x6DF1;&#xFF0C;&lt;/span&gt; &lt;span style="font-family:&#x65B0;&#x7D30;&#x660E;&#x9AD4;,serif"&gt;&#x4E0D;&#x65B7;&#x547C;&#x53EB;&#x5806;&#x758A;&#xFF0C;&#x53EF;&#x80FD;&#x9020;&#x6210;&#x5806;&#x758A;&#x6EA2;&#x4F4D;&lt;/span&gt;(Stack Overflow)&lt;span style="font-family:&#x65B0;&#x7D30;&#x660E;&#x9AD4;,serif"&gt;&#x3002;&#x4F8B;&#x5982;&lt;/span&gt;&lt;span style="font-family:&#x65B0;&#x7D30;&#x660E;&#x9AD4;,serif"&gt;&#xFF1A;&lt;/span&gt;segmentation fault&lt;span style="font-family:&#x65B0;&#x7D30;&#x660E;&#x9AD4;,serif"&gt;&#x3002;&lt;/span&gt;&lt;/p&gt;&#xD;
&#xD;
&lt;p&gt;2.&lt;span style="font-family:&#x65B0;&#x7D30;&#x660E;&#x9AD4;,serif"&gt;&#x5982;&#x679C;&#x5728;&#x905E;&#x8FF4;&#x4E2D;&#x932F;&#x8AA4;&#x5206;&#x914D;&#x8A18;&#x61B6;&#x9AD4;&#x6216;&#x6C92;&#x6709;&#x91CB;&#x653E;&#x8A18;&#x61B6;&#x9AD4;&lt;/span&gt;(Memory Leak)&lt;span style="font-family:&#x65B0;&#x7D30;&#x660E;&#x9AD4;,serif"&gt;&#xFF0C;&#x53EF;&#x80FD;&#x5C0E;&#x81F4;&#x8A18;&#x61B6;&#x9AD4;&#x6D29;&#x6F0F;&#x3002;&#x4F8B;&#x5982;&lt;/span&gt;&lt;span style="font-family:&#x65B0;&#x7D30;&#x660E;&#x9AD4;,serif"&gt;&#xFF1A;&lt;/span&gt;bad_alloc&lt;span style="font-family:&#x65B0;&#x7D30;&#x660E;&#x9AD4;,serif"&gt;&#x3002;&lt;/span&gt;&lt;/p&gt;&#xD;
&#xD;
&lt;p&gt;3.&lt;span style="font-family:&#x65B0;&#x7D30;&#x660E;&#x9AD4;,serif"&gt;&#x932F;&#x8AA4;&#x7684;&#x905E;&#x8FF4;&#x505C;&#x6B62;&#x689D;&#x4EF6;&#x4E5F;&#x53EF;&#x80FD;&#x6703;&#x5C0E;&#x81F4;&#x7121;&#x9650;&#x8FF4;&#x5708;&lt;/span&gt;&lt;/p&gt; </content>
  <attach></attach>
  <rcount></rcount>
  <rank></rank>
  <hit>32</hit>
  <lang>1</lang>
</data>
