<?xml version="1.0"?>
<data version="3.0" time="2024-07-19 08:49:13" type="post" filename="b000000010.xml">
  <open_time>0000-00-00</open_time>
  <close_time>0000-00-00</close_time>
  <lang_name>Big5</lang_name>
  <board_id>1001305431</board_id>
  <node>000000010</node>
  <site>1000110001</site>
  <pt>2023-09-28 20:12:45</pt>
  <poster>11127207</poster>
  <realname>&#x694A;&#x7AE3;&#x5091;  </realname>
  <email>jacky115526@gmail.com</email>
  <homepage>  </homepage>
  <subject>108.&#x82E5;&#x905E;&#x8FF4;&#x5230;&#x67D0;&#x5C64;&#x5C31;&#x7570;&#x5E38;&#x7D42;&#x6B62;&#xFF0C;&#x8981;&#x5982;&#x4F55;&#x5F37;&#x5236;&#x5B83;&#x7E7C;&#x7E8C;&#x57F7;&#x884C;&#x5230;&#x4E0B;&#x4E00;&#x5C64;&#xFF1F; </subject>
  <content>&lt;p&gt;&#x53EF;&#x4EE5;&#x4F7F;&#x7528; try-catch &#x584A;&#x4F86;&#x6355;&#x7372;&#x7570;&#x5E38;&#xFF0C;&#x7136;&#x5F8C;&#x8B93;&#x905E;&#x8FF4;&#x7E7C;&#x7E8C;&#x3002;&lt;/p&gt;&#xD;
&#xD;
&lt;p&gt;&#x50CF;&#x662F;&#x5728;&#x905E;&#x8FF4;&#x904E;&#x7A0B;&#x4E2D;&#x57F7;&#x884C;&#x932F;&#x8AA4;&#x6642; &#x7528;throw std::runtime_error(&amp;quot;&#x7570;&#x5E38;&#x8A0A;&#x606F;&amp;quot;); &#x9019;&#x6BB5;&#x7A0B;&#x5F0F;&#x4F86;&#x907F;&#x514D;&#x7570;&#x5E38; , &#x9019;&#x6A23;&#x5373;&#x4F7F;&#x51FA;&#x73FE;&#x7570;&#x5E38;&#x7A0B;&#x5F0F;&#x4F9D;&#x7136;&#x53EF;&#x4EE5;&#x8DD1;&#x5230;&#x4E0B;&#x4E00;&#x5C64;&#x7A0B;&#x5F0F;&#x78BC;&lt;/p&gt; </content>
  <attach></attach>
  <rcount></rcount>
  <rank></rank>
  <hit>25</hit>
  <lang>1</lang>
</data>
