<?xml version="1.0"?>
<data version="3.0" time="2024-07-19 08:49:13" type="post" filename="b000000026.xml">
  <open_time>0000-00-00</open_time>
  <close_time>0000-00-00</close_time>
  <lang_name>Big5</lang_name>
  <board_id>1001305431</board_id>
  <node>000000026</node>
  <site>1000110001</site>
  <pt>2023-10-04 20:21:53</pt>
  <poster>11120406</poster>
  <realname>&#x8B1D;&#x5BB8;&#x6069;  </realname>
  <email>allen24004828@gmail.com</email>
  <homepage>  </homepage>
  <subject>108. &#x82E5;&#x905E;&#x8FF4;&#x5230;&#x67D0;&#x5C64;&#x5C31;&#x7570;&#x5E38;&#x7D42;&#x6B62;&#xFF0C;&#x8981;&#x5982;&#x4F55;&#x5F37;&#x5236;&#x5B83;&#x7E7C;&#x7E8C;&#x57F7;&#x884C;&#x5230;&#x4E0B;&#x4E00;&#x5C64;&#xFF1F; </subject>
  <content>&lt;p&gt;&#x53EF;&#x4EE5;&#x4F7F;&#x7528;setjmp&#x548C;longjmp&#x51FD;&#x5F0F;&#x6765;&#x5BE6;&#x73FE;&#x5728;&#x905E;&#x8FF4;&#x4E2D;&#x67D0;&#x5C64;&#x7570;&#x5E38;&#x4E2D;&#x6B62;&#x7684;&#x554F;&#x984C;&#xFF0C;&#x9019;&#x5169;&#x500B;&#x51FD;&#x5F0F;&#x53EF;&#x4EE5;&#x8B93;&#x7A0B;&#x5F0F;&#x5F80;&#x56DE;&#x8DF3;&#x5230;&#x51FD;&#x5F0F;&#x547C;&#x53EB;&#x5806;&#x758A;&#x4E2D;&#x7684;&#x67D0;&#x500B;&#x51FD;&#x6578;&#x4E2D;&#x3002;&#x901A;&#x5E38;&#x6703;&#x9700;&#x8981;&#x4E00;&#x500B;&#x7279;&#x6B8A;&#x7684;&#x8B8A;&#x6578;&#xFF0C;&#x7528;&#x4F86;&#x5132;&#x5B58;&#x7A0B;&#x5F0F;&#x8DF3;&#x8E8D;&#x6642;&#x6240;&#x9700;&#x4E4B;&#x8CC7;&#x8A0A;&#x3002;&lt;/p&gt; </content>
  <attach></attach>
  <rcount></rcount>
  <rank></rank>
  <hit>12</hit>
  <lang>1</lang>
</data>
