<?xml version="1.0"?>
<data version="3.0" time="2024-07-19 08:49:13" type="post" filename="b000000007.xml">
  <open_time>0000-00-00</open_time>
  <close_time>0000-00-00</close_time>
  <lang_name>Big5</lang_name>
  <board_id>1001305431</board_id>
  <node>000000007</node>
  <site>1000110001</site>
  <pt>2023-09-27 15:46:49</pt>
  <poster>11127230</poster>
  <realname>&#x937E;&#x5E1B;&#x52F3;  </realname>
  <email>jone921216@gmail.com</email>
  <homepage>  </homepage>
  <subject>110. &#x4F5C;&#x696D;&#x4E00;&#x975C;&#x614B;&#x9663;&#x5217;&#x548C;&#x52D5;&#x614B;&#x9663;&#x5217;&#x6709;&#x4F55;&#x5DEE;&#x7570;&#xFF1F;&#x6307;&#x51FA;&#x5176;&#x512A;&#x7F3A;&#x9EDE;&#x3002; </subject>
  <content>&lt;p&gt;&#x975C;&#x614B;&#x9663;&#x5217;&#x5BEB;&#x6CD5;&#x8F03;&#x70BA;&#x7C21;&#x55AE;&#xFF0C;&#x901A;&#x5E38;&#x984C;&#x76EE;&#x6703;&#x7D66;&#x5B9A;&#x6E2C;&#x8CC7;&#x5927;&#x5C0F;&#xFF0C;&#x76F4;&#x63A5;&#x628A;&#x9663;&#x5217;&#x8A2D;&#x70BA;&#x6700;&#x5927;&#x503C;&#x5373;&#x53EF;&#xFF0C;&#x4F46;&#x4E5F;&#x8B93;&#x57F7;&#x884C;&#x5C0F;&#x6E2C;&#x8CC7;&#x6642;&#x6D6A;&#x8CBB;&#x4E86;&#x8A31;&#x591A;&#x7A7A;&#x9593;&#x3002;&#x96D6;&#x7136;&#x52D5;&#x614B;&#x9663;&#x5217;&#x6BD4;&#x8F03;&#x96E3;&#x5BEB;&#xFF0C;&#x4F46;&#x5B83;&#x7684;&#x597D;&#x8655;&#x5C31;&#x662F;&#x53EF;&#x4EE5;&#x7528;&#x591A;&#x5C11;&#x62FF;&#x591A;&#x5C11;&#xFF0C;&#x7BC0;&#x7701;&#x7A7A;&#x9593;&#x3002;&#x4F46;&#x4EE5;&#x89E3;&#x984C;&#x65B9;&#x9762;&#x4F86;&#x8AAA;&#xFF0C;&#x9019;&#x5169;&#x7A2E;&#x5BEB;&#x6CD5;&#x90FD;&#x53EF;&#x4EE5;&#x9054;&#x5230;&#x984C;&#x76EE;&#x8981;&#x6C42;&#x3002;&lt;/p&gt; </content>
  <attach></attach>
  <rcount></rcount>
  <rank></rank>
  <hit>27</hit>
  <lang>1</lang>
</data>
