<?xml version="1.0"?>
<data version="3.0" time="2024-07-19 08:49:13" type="post" filename="b000000021.xml">
  <open_time>0000-00-00</open_time>
  <close_time>0000-00-00</close_time>
  <lang_name>Big5</lang_name>
  <board_id>1001305431</board_id>
  <node>000000021</node>
  <site>1000110001</site>
  <pt>2023-10-04 15:46:48</pt>
  <poster>11120427</poster>
  <realname>&#x8521;&#x7D5C;&#x8335;  </realname>
  <email>anna0809123@gmail.com</email>
  <homepage>  </homepage>
  <subject>110. &#x4F5C;&#x696D;&#x4E00;&#x975C;&#x614B;&#x9663;&#x5217;&#x548C;&#x52D5;&#x614B;&#x9663;&#x5217;&#x6709;&#x4F55;&#x5DEE;&#x7570;&#xFF1F;&#x6307;&#x51FA;&#x5176;&#x512A;&#x7F3A;&#x9EDE;&#x3002; </subject>
  <content>&lt;p&gt;&#x975C;&#x614B;&#x9663;&#x5217;(array) : &#x5728;&#x5275;&#x5EFA;&#x6642;&#x9700;&#x8981;&#x6307;&#x5B9A;&#x9663;&#x5217;&#x7684;&#x5927;&#x5C0F;&#xFF0C;&#x4E14;&#x5927;&#x5C0F;&#x56FA;&#x5B9A;&#x4E0D;&#x8B8A;&#xFF0C;&#x6240;&#x4EE5;&#x7121;&#x6CD5;&#x8ABF;&#x6574;&#x9663;&#x5217;&#x5927;&#x5C0F;&#x3002;&lt;/p&gt;&#xD;
&#xD;
&lt;p&gt;&#x52D5;&#x614B;&#x9663;&#x5217;(vector) :&amp;nbsp;&#x52D5;&#x614B;&#x9663;&#x5217;&#x7684;&#x5927;&#x5C0F;&#x662F;&#x53EF;&#x8B8A;&#x7684;&#xFF0C;&#x53EF;&#x4EE5;&#x6839;&#x64DA;&#x9700;&#x8981;&#x52D5;&#x614B;&#x8ABF;&#x6574;&#x5927;&#x5C0F;&#x3002;&lt;/p&gt;&#xD;
&#xD;
&lt;p&gt;&#x4F5C;&#x696D;&#x4E00;:&lt;br /&gt;&#xD;
&#x56E0;&#x70BA;&#x4E0D;&#x78BA;&#x5B9A;&#x9663;&#x5217;&#x5927;&#x5C0F;&#xFF0C;&#x6240;&#x4EE5;&#x4F7F;&#x7528;&#x52D5;&#x614B;&#x9663;&#x5217;&#x8F03;&#x9069;&#x5408;&#xFF0C;&#x9084;&#x4E0D;&#x6703;&#x5360;&#x7528;&#x5230;&#x8A18;&#x61B6;&#x9AD4;&#x3002;&lt;/p&gt; </content>
  <attach></attach>
  <rcount></rcount>
  <rank></rank>
  <hit>20</hit>
  <lang>1</lang>
</data>
