<?xml version="1.0"?>
<data version="3.0" time="2024-07-19 08:49:13" type="post" filename="b000000024.xml">
  <open_time>0000-00-00</open_time>
  <close_time>0000-00-00</close_time>
  <lang_name>Big5</lang_name>
  <board_id>1001305431</board_id>
  <node>000000024</node>
  <site>1000110001</site>
  <pt>2023-10-04 20:00:52</pt>
  <poster>11127254</poster>
  <realname>&#x9673;&#x5CB3;&#x5D07;  </realname>
  <email>yoyo930311yoyo@gmail.com</email>
  <homepage>  </homepage>
  <subject>110. &#x4F5C;&#x696D;&#x4E00;&#x975C;&#x614B;&#x9663;&#x5217;&#x548C;&#x52D5;&#x614B;&#x9663;&#x5217;&#x6709;&#x4F55;&#x5DEE;&#x7570;&#xFF1F;&#x6307;&#x51FA;&#x5176;&#x512A;&#x7F3A;&#x9EDE;&#x3002;* </subject>
  <content>&lt;p&gt;&lt;strong&gt;&#x975C;&#x614B;&#x9663;&#x5217; :&lt;/strong&gt; &#x662F;&#x5728;&amp;quot;&#x7DE8;&#x8B6F;&amp;quot;&#x6642;&#x5C31;&#x914D;&#x7F6E;&#x8A18;&#x61B6;&#x9AD4;&#x7A7A;&#x9593;&#x3002;&lt;/p&gt;&#xD;
&#xD;
&lt;p&gt;&lt;strong&gt;&#x512A;&#x9EDE; :&amp;nbsp;&lt;/strong&gt;&#x5728;&#x57F7;&#x884C;&#x7684;&#x6642;&#x5019;&#x6548;&#x7387;&#x6BD4;&#x8F03;&#x5FEB;&#x3002;&lt;/p&gt;&#xD;
&#xD;
&lt;p&gt;&lt;strong&gt;&#x52D5;&#x614B;&#x9663;&#x5217; :&amp;nbsp;&lt;/strong&gt;&#x52D5;&#x614B;&#x9663;&#x5217;&#x662F;&#x7B49;&#x5230;&amp;quot;&#x57F7;&#x884C;&amp;quot;&#xFF0C;&#x624D;&#x5411;&#x4F5C;&#x696D;&#x7CFB;&#x7D71;&#x8981;&#x6C42;&#x914D;&#x7F6E;&#x6240;&#x9700;&#x7684;&#x8A18;&#x61B6;&#x9AD4;&#x7A7A;&#x9593;&#x3002;&lt;/p&gt;&#xD;
&#xD;
&lt;p&gt;&lt;strong&gt;&#x512A;&#x9EDE; :&amp;nbsp;&lt;/strong&gt;&#x5728;&#x9084;&#x4E0D;&#x77E5;&#x9053;&#x8CC7;&#x6599;&#x6240;&#x9700;&#x9663;&#x5217;&#x5927;&#x5C0F;&#x6642;&#x53EF;&#x4F7F;&#x7528;&#xFF0C;&#x6BD4;&#x8F03;&#x5F48;&#x6027;&#x3002;&lt;/p&gt; </content>
  <attach></attach>
  <rcount></rcount>
  <rank></rank>
  <hit>12</hit>
  <lang>1</lang>
</data>
