<?xml version="1.0"?>
<data version="3.0" time="2024-07-19 08:49:13" type="post" filename="b000000022.xml">
  <open_time>0000-00-00</open_time>
  <close_time>0000-00-00</close_time>
  <lang_name>Big5</lang_name>
  <board_id>1001305431</board_id>
  <node>000000022</node>
  <site>1000110001</site>
  <pt>2023-10-04 16:21:26</pt>
  <poster>11127205</poster>
  <realname>&#x5C48;&#x6021;&#x5B89;  </realname>
  <email>chieu2025@gmail.com</email>
  <homepage>  </homepage>
  <subject>110. &#x4F5C;&#x696D;&#x4E00;&#x975C;&#x614B;&#x9663;&#x5217;&#x548C;&#x52D5;&#x614B;&#x9663;&#x5217;&#x6709;&#x4F55;&#x5DEE;&#x7570;&#xFF1F;&#x6307;&#x51FA;&#x5176;&#x512A;&#x7F3A;&#x9EDE;&#x3002;* </subject>
  <content>&lt;p&gt;&#x975C;&#x614B;&#x9663;&#x5217;&#x5728;&#x5275;&#x5EFA;&#x6642;&#x5C31;&#x9808;&#x6307;&#x5B9A;&#x5927;&#x5C0F;&#xFF1B;&#x52D5;&#x614B;&#x9663;&#x5217;&#x53EF;&#x96A8;&#x6642;&#x8ABF;&#x6574;&#x5927;&#x5C0F;&#x3001;&#x5206;&#x914D;&#x8207;&#x91CB;&#x653E;&#x8A18;&#x61B6;&#x9AD4;&#x3002;&lt;/p&gt;&#xD;
&#xD;
&lt;p&gt;&#x96D6;&#x7136;&#x52D5;&#x614B;&#x9663;&#x5217;&#x5728;&#x4F7F;&#x7528;&#x4E0A;&#x6BD4;&#x8F03;&#x6709;&#x5F48;&#x6027;&#xFF0C;&#x4F46;&#x5B58;&#x53D6;&#x901F;&#x5EA6;&#x8F03;&#x975C;&#x614B;&#x9663;&#x5217;&#x6162;&#x3002;&lt;/p&gt; </content>
  <attach></attach>
  <rcount></rcount>
  <rank></rank>
  <hit>16</hit>
  <lang>1</lang>
</data>
