<?xml version="1.0"?>
<data version="3.0" time="2024-07-19 08:49:13" type="post" filename="b000000011000000001.xml">
  <open_time>0000-00-00</open_time>
  <close_time>0000-00-00</close_time>
  <lang_name>Big5</lang_name>
  <board_id>1001305431</board_id>
  <node>000000011000000001</node>
  <site>1000110001</site>
  <pt>2023-10-01 23:27:53</pt>
  <poster>11277029</poster>
  <realname>&#x4F55;&#x4EAE;&#x9821;  </realname>
  <email>g11277029@cycu.edu.tw</email>
  <homepage>  </homepage>
  <subject>Re: 106. &#x905E;&#x8FF4;&#x547C;&#x53EB;&#x70BA;&#x4F55;&#x6703;&#x9020;&#x6210;&#x8A18;&#x61B6;&#x9AD4;&#x5340;&#x6BB5;&#x932F;&#x8AA4;&#xFF1F;  </subject>
  <content>&lt;p&gt;ok&#xFF0C;&#x7B2C;&#x4E8C;&#x9EDE;&#x6B63;&#x78BA;&#x4F86;&#x8AAA;&#x662F;Heap overflow&lt;/p&gt; </content>
  <attach></attach>
  <rcount></rcount>
  <rank></rank>
  <hit>1</hit>
  <lang>1</lang>
</data>
