<?xml version="1.0"?>
<data version="3.0" time="2024-07-19 08:49:13" type="post" filename="b000000014.xml">
  <open_time>0000-00-00</open_time>
  <close_time>0000-00-00</close_time>
  <lang_name>Big5</lang_name>
  <board_id>1001305431</board_id>
  <node>000000014</node>
  <site>1000110001</site>
  <pt>2023-10-01 14:52:20</pt>
  <poster>11127201</poster>
  <realname>&#x9673;&#x54C1;&#x59A4;  </realname>
  <email>penguin930707@gmail.com</email>
  <homepage>  </homepage>
  <subject>106. &#x905E;&#x8FF4;&#x547C;&#x53EB;&#x70BA;&#x4F55;&#x6703;&#x9020;&#x6210;&#x8A18;&#x61B6;&#x9AD4;&#x5340;&#x6BB5;&#x932F;&#x8AA4;&#xFF1F; </subject>
  <content>&lt;p&gt;&#x7576;&#x905E;&#x8FF4;&#x4E2D;&#x7684;&#x8CC7;&#x6E90;&#x4E0D;&#x88AB;&#x91CB;&#x653E;&#x6642;&#xFF0C;&#x5C31;&#x50CF;&#x4F60;&#x4E00;&#x76F4;&#x5728;&#x623F;&#x9593;&#x88E1;&#x5806;&#x7A4D;&#x6771;&#x897F;&#xFF0C;&#x4F46;&#x537B;&#x4E0D;&#x6E05;&#x7406;&#x3002;&#x6700;&#x7D42;&#xFF0C;&#x623F;&#x9593;&#x8B8A;&#x5F97;&#x64C1;&#x64E0;&#xFF0C;&#x4E26;&#x4E14;&#x7121;&#x6CD5;&#x5BB9;&#x7D0D;&#x66F4;&#x591A;&#x7684;&#x7269;&#x54C1;&#xFF0C;&#x5C31;&#x50CF;&#x8A18;&#x61B6;&#x9AD4;&#x6703;&#x88AB;&#x905E;&#x8FF4;&#x51FD;&#x5F0F;&#x5360;&#x7528;&#xFF0C;&#x4F46;&#x7121;&#x6CD5;&#x91CD;&#x65B0;&#x4F7F;&#x7528;&#x3002;&#x9019;&#x7A2E;&#x60C5;&#x6CC1;&#x53EF;&#x80FD;&#x5C0E;&#x81F4;&#x8A18;&#x61B6;&#x9AD4;&#x5340;&#x6BB5;&#x932F;&#x8AA4;&#x3002;&lt;/p&gt;&#xD;
&#xD;
&lt;p&gt;&#x4F8B;&#x5982;&#xFF0C;&#x5982;&#x679C;&#x60A8;&#x5728;&#x6BCF;&#x6B21;&#x905E;&#x8FF4;&#x547C;&#x53EB;&#x4E2D;&#x5206;&#x914D;&#x4E86;&#x8A18;&#x61B6;&#x9AD4;&#xFF0C;&#x4F46;&#x6C92;&#x6709;&#x91CB;&#x653E;&#x5B83;&#xFF0C;&#x9019;&#x5C07;&#x5728;&#x5806;&#x758A;&#x4E0A;&#x5EFA;&#x7ACB;&#x4E86;&#x4E00;&#x500B;&#x4E0D;&#x65B7;&#x589E;&#x52A0;&#x7684;&#x8CC7;&#x6599;&#x7D50;&#x69CB;&#xFF0C;&#x6700;&#x7D42;&#x5C07;&#x8017;&#x76E1;&#x53EF;&#x7528;&#x7684;&#x8A18;&#x61B6;&#x9AD4;&#x3002;&#x7576;&#x7CFB;&#x7D71;&#x7121;&#x6CD5;&#x63D0;&#x4F9B;&#x66F4;&#x591A;&#x5806;&#x758A;&#x7A7A;&#x9593;&#x6642;&#xFF0C;&#x5C07;&#x767C;&#x751F;&#x8A18;&#x61B6;&#x9AD4;&#x5340;&#x6BB5;&#x932F;&#x8AA4;&#x3002;&#x9019;&#x662F;&#x56E0;&#x70BA;&#x905E;&#x8FF4;&#x51FD;&#x5F0F;&#x7684;&#x6BCF;&#x6B21;&#x547C;&#x53EB;&#x90FD;&#x5728;&#x5806;&#x758A;&#x4E0A;&#x4FDD;&#x7559;&#x4E86;&#x672A;&#x91CB;&#x653E;&#x7684;&#x8CC7;&#x6E90;&#xFF0C;&#x800C;&#x7121;&#x6CD5;&#x91CB;&#x653E;&#x9019;&#x4E9B;&#x8CC7;&#x6E90;&#x6703;&#x5C0E;&#x81F4;&#x8A18;&#x61B6;&#x9AD4;&#x7684;&#x4E0D;&#x6B63;&#x78BA;&#x4F7F;&#x7528;&#x3002;&lt;/p&gt; </content>
  <attach></attach>
  <rcount></rcount>
  <rank></rank>
  <hit>44</hit>
  <lang>1</lang>
</data>
