<?xml version="1.0"?>
<data version="3.0" time="2024-07-19 08:49:13" type="post" filename="b000000016.xml">
  <open_time>0000-00-00</open_time>
  <close_time>0000-00-00</close_time>
  <lang_name>Big5</lang_name>
  <board_id>1001305431</board_id>
  <node>000000016</node>
  <site>1000110001</site>
  <pt>2023-10-02 12:38:37</pt>
  <poster>10823323</poster>
  <realname>&#x738B;&#x3000;&#x5A55;  </realname>
  <email>jessicawang900318@gmail.com</email>
  <homepage>  </homepage>
  <subject>106. &#x905E;&#x8FF4;&#x547C;&#x53EB;&#x70BA;&#x4F55;&#x6703;&#x9020;&#x6210;&#x8A18;&#x61B6;&#x9AD4;&#x5340;&#x6BB5;&#x932F;&#x8AA4;&#xFF1F; </subject>
  <content>&lt;p&gt;&lt;span style="font-family:&#x65B0;&#x7D30;&#x660E;&#x9AD4;,serif"&gt;&#x905E;&#x8FF4;&#x51FD;&#x6578;&#x7684;&#x6BCF;&#x6B21;&#x547C;&#x53EB;&#x90FD;&#x6703;&#x5C07;&#x4E00;&#x500B;&#x65B0;&#x7684;&#x51FD;&#x6578;&#x547C;&#x53EB;&#x653E;&#x5165;&#x547C;&#x53EB;&#x5806;&#x758A;&#xFF08;&lt;/span&gt;Call Stack&lt;span style="font-family:&#x65B0;&#x7D30;&#x660E;&#x9AD4;,serif"&gt;&#xFF09;&#x4E2D;&#xFF0C;&#x4E26;&#x5728;&#x51FD;&#x6578;&#x7D50;&#x675F;&#x6642;&#x5C07;&#x5176;&#x79FB;&#x9664;&#xFF0C;&#x5982;&#x679C;&#x905E;&#x8FF4;&#x547C;&#x53EB;&#x7684;&#x6DF1;&#x5EA6;&#x592A;&#x6DF1;&#xFF0C;&#x905E;&#x8FF4;&#x6DF1;&#x5EA6;&#x53EF;&#x80FD;&#x6703;&#x904E;&#x5927;&#xFF0C;&#x5C0E;&#x81F4;&#x5806;&#x758A;&#x8D85;&#x51FA;&#x5176;&#x5206;&#x914D;&#x7684;&#x908A;&#x754C;&#xFF0C;&#x9032;&#x800C;&#x8986;&#x84CB;&#x5176;&#x4ED6;&#x8A18;&#x61B6;&#x9AD4;&#x5340;&#x57DF;&#xFF0C;&#x5806;&#x758A;&#x53EF;&#x80FD;&#x6703;&#x8017;&#x76E1;&#xFF0C;&#x5C0E;&#x81F4;&#x5806;&#x758A;&#x6EA2;&#x4F4D;&#xFF08;&lt;/span&gt;Stack Overflow&lt;span style="font-family:&#x65B0;&#x7D30;&#x660E;&#x9AD4;,serif"&gt;&#xFF09;&#xFF0C;&#x9019;&#x7A2E;&#x60C5;&#x6CC1;&#x901A;&#x5E38;&#x767C;&#x751F;&#x5728;&#x6C92;&#x6709;&#x7D42;&#x6B62;&#x689D;&#x4EF6;&#x6216;&#x7D42;&#x6B62;&#x689D;&#x4EF6;&#x8A2D;&#x5B9A;&#x4E0D;&#x7576;&#x7684;&#x60C5;&#x6CC1;&#x4E0B;&#xFF0C;&#x7576;&#x7A0B;&#x5E8F;&#x5617;&#x8A66;&#x4F7F;&#x7528;&#x9019;&#x4E9B;&#x53D7;&#x640D;&#x6216;&#x4E0D;&#x6B63;&#x78BA;&#x7684;&#x8A18;&#x61B6;&#x9AD4;&#x4F4D;&#x5740;&#x6642;&#xFF0C;&#x5C31;&#x6703;&#x89F8;&#x767C;&#x8A18;&#x61B6;&#x9AD4;&#x5340;&#x6BB5;&#x932F;&#x8AA4;&#x3002;&lt;/span&gt;&lt;/p&gt; </content>
  <attach></attach>
  <rcount></rcount>
  <rank></rank>
  <hit>18</hit>
  <lang>1</lang>
</data>
