<?xml version="1.0"?>
<data version="3.0" time="2024-07-19 08:49:13" type="post" filename="b000000019.xml">
  <open_time>0000-00-00</open_time>
  <close_time>0000-00-00</close_time>
  <lang_name>Big5</lang_name>
  <board_id>1001305431</board_id>
  <node>000000019</node>
  <site>1000110001</site>
  <pt>2023-10-03 18:25:18</pt>
  <poster>11127232</poster>
  <realname>&#x6797;&#x923A;&#x5BB8;  </realname>
  <email>sam179851@gmail.com</email>
  <homepage> </homepage>
  <subject>110. &#x4F5C;&#x696D;&#x4E00;&#x975C;&#x614B;&#x9663;&#x5217;&#x548C;&#x52D5;&#x614B;&#x9663;&#x5217;&#x6709;&#x4F55;&#x5DEE;&#x7570;&#xFF1F;&#x6307;&#x51FA;&#x5176;&#x512A;&#x7F3A;&#x9EDE;&#x3002;* </subject>
  <content>&lt;p&gt;&#x975C;&#x614B;&#x9663;&#x5217;&#x5B58;&#x53D6;&#x901F;&#x5EA6;&#x5FEB;&#xFF0C;&#x4F46;&#x662F;&#x5927;&#x5C0F;&#x5728;&#x7DE8;&#x8B6F;&#x6642;&#x5C31;&#x56FA;&#x5B9A;&#xFF0C;&#x4E14;&#x7121;&#x6CD5;&#x81EA;&#x884C;&#x91CB;&#x653E;&#x8A18;&#x61B6;&#x9AD4;&#x3002;(&#x8CC7;&#x6599;&#x4E0D;&#x5927;&#x4E14;&#x6709;&#x7BC4;&#x570D;&#x9650;&#x5236;&#x6642;&#x53EF;&#x7528;)&lt;/p&gt;&#xD;
&#xD;
&lt;p&gt;EX:&amp;nbsp;Array&lt;/p&gt;&#xD;
&#xD;
&lt;p&gt;&#x52D5;&#x614B;&#x9663;&#x5217;&#x53EF;&#x5F48;&#x6027;&#x63A7;&#x5236;&#x8CC7;&#x6599;&#x5132;&#x5B58;&#x7A7A;&#x9593;&#xFF0C;&#x4E14;&#x53EF;&#x81EA;&#x884C;&#x91CB;&#x653E;&#x8A18;&#x61B6;&#x9AD4;&#xFF0C;&#x4E0D;&#x904E;&#x8B80;&#x53D6;&#x8F03;&#x6162;&#x3002;( &#x8CC7;&#x6599;&#x5927;&#x5C0F;&#x4E0D;&#x78BA;&#x5B9A;&#x6642;&#x53EF;&#x7528; )&lt;/p&gt;&#xD;
&#xD;
&lt;p&gt;EX: Vector&lt;/p&gt;&#xD;
&#xD;
&lt;p&gt;&#x4F5C;&#x696D;&#x4E00;&#x6BD4;&#x8F03;&#x9069;&#x5408;&#x7528;&#x52D5;&#x614B;&#xFF0C;&#x56E0;&#x70BA;&#x6C92;&#x6709;&#x7D66;&#x7BC4;&#x570D;&#x3002;&lt;/p&gt;</content>
  <attach></attach>
  <rcount></rcount>
  <rank></rank>
  <hit>28</hit>
  <lang>1</lang>
</data>
