<?xml version="1.0"?>
<data version="3.0" time="2024-07-19 08:49:13" type="post" filename="b000000026000000001.xml">
  <open_time>0000-00-00</open_time>
  <close_time>0000-00-00</close_time>
  <lang_name>Big5</lang_name>
  <board_id>1001305431</board_id>
  <node>000000026000000001</node>
  <site>1000110001</site>
  <pt>2023-10-17 14:36:47</pt>
  <poster>11813</poster>
  <realname>&#x5433;&#x5B9C;&#x9D3B;  </realname>
  <email>yhwu@cycu.edu.tw</email>
  <homepage>https://www.researchgate.net/profile/Yi-Hung-Wu-2  </homepage>
  <subject>Re: 108. &#x82E5;&#x905E;&#x8FF4;&#x5230;&#x67D0;&#x5C64;&#x5C31;&#x7570;&#x5E38;&#x7D42;&#x6B62;&#xFF0C;&#x8981;&#x5982;&#x4F55;&#x5F37;&#x5236;&#x5B83;&#x7E7C;&#x7E8C;&#x57F7;&#x884C;&#x5230;&#x4E0B;&#x4E00;&#x5C64;&#xFF1F;  </subject>
  <content>&lt;p&gt;&lt;span style="color:#ff0000"&gt;setjmp&#x548C;longjmp&#x51FD;&#x5F0F;&#x5206;&#x5225;&#x662F;&#x4EC0;&#x9EBC;&#xFF1F;&lt;/span&gt;&lt;/p&gt;&#xD;
&#xD;
&lt;p&gt;&lt;span style="color:#ff0000"&gt;&#x5F80;&#x56DE;&#x8DF3;&#x5230;&#x51FD;&#x5F0F;&#x547C;&#x53EB;&#x5806;&#x758A;&#x4E2D;&#x7684;&#x67D0;&#x500B;&#x51FD;&#x6578;&#x4E2D;&#xFF0C;&#x67D0;&#x500B;&#x51FD;&#x6578;&#x53EF;&#x80FD;&#x662F;&#x4EC0;&#x9EBC;&#xFF1F;&lt;/span&gt;&lt;/p&gt;&#xD;
&#xD;
&lt;p&gt;&lt;span style="color:#ff0000"&gt;&#x901A;&#x5E38;&#x6703;&#x9700;&#x8981;&#x4E00;&#x500B;&#x7279;&#x6B8A;&#x7684;&#x8B8A;&#x6578;&#xFF0C;&#x9019;&#x500B;&#x8B8A;&#x6578;&#x53EF;&#x80FD;&#x662F;&#x4EC0;&#x9EBC;&#xFF1F;&lt;/span&gt;&lt;/p&gt;&#xD;
&#xD;
&lt;p&gt;&lt;span style="color:#ff0000"&gt;&#x4F60;&#x7A76;&#x7ADF;&#x8AAA;&#x4E86;&#x4EC0;&#x9EBC;&#xFF1F;&lt;/span&gt;&lt;/p&gt;&#xD;
&#xD;
&lt;p&gt;&lt;span style="color:#ffff00"&gt;&lt;span style="background-color:#0000cd"&gt;&#x6C92;&#x6709;&#x984D;&#x5916;&#x52A0;&#x5206;&#xFF0C;&#x8A9E;&#x7109;&#x4E0D;&#x8A73;&#x53EF;&#x80FD;&#x6703;&#x6709;&#x6263;&#x5206;&#xFF01;&lt;/span&gt;&lt;/span&gt;&lt;/p&gt; </content>
  <attach></attach>
  <rcount></rcount>
  <rank></rank>
  <hit>1</hit>
  <lang>1</lang>
</data>
