<?xml version="1.0"?>
<data version="3.0" time="2024-07-19 08:49:13" type="post" filename="b000000017.xml">
  <open_time>0000-00-00</open_time>
  <close_time>0000-00-00</close_time>
  <lang_name>Big5</lang_name>
  <board_id>1001305431</board_id>
  <node>000000017</node>
  <site>1000110001</site>
  <pt>2023-10-03 00:13:41</pt>
  <poster>11120411</poster>
  <realname>&#x9673;&#x701A;&#x5091;  </realname>
  <email>jackc0410@gmail.com</email>
  <homepage>  </homepage>
  <subject>108. &#x82E5;&#x905E;&#x8FF4;&#x5230;&#x67D0;&#x5C64;&#x5C31;&#x7570;&#x5E38;&#x7D42;&#x6B62;&#xFF0C;&#x8981;&#x5982;&#x4F55;&#x5F37;&#x5236;&#x5B83;&#x7E7C;&#x7E8C;&#x57F7;&#x884C;&#x5230;&#x4E0B;&#x4E00;&#x5C64;&#xFF1F; </subject>
  <content>&lt;p&gt;&#x5728;&#x905E;&#x8FF4;&#x51FD;&#x6578;&#x4E2D;&#x4F7F;&#x7528; try-catch&#x3002;&#x7576;&#x7570;&#x5E38;&#x767C;&#x751F;&#x6642;&#xFF0C;&#x5728; catch &#x584A;&#x4E2D;&#x6C7A;&#x5B9A;&#x5982;&#x4F55;&#x8655;&#x7406;&#x7570;&#x5E38;&#x60C5;&#x6CC1;&#x5F8C;&#x7E7C;&#x7E8C;&#x905E;&#x8FF4;&#x3002;&lt;/p&gt;&#xD;
&#xD;
&lt;p&gt;&#x4F8B;&#x5982;&#x5728;funtion(int x)&#x4E2D;&#x8A2D;&#x7F6E;&#x4E00;&#x500B;try&#xFF0C;&#x88E1;&#x9762;&#x653E;&#x689D;&#x4EF6;&#x5224;&#x65B7;&#x5F0F;&#xFF0C;&#x5982;&#x679C;&#x5224;&#x65B7;&#x5F0F;&#x6210;&#x7ACB;&#x5C31;throw error &#x7D66; catch &#x7136;&#x5F8C;&#x7E7C;&#x7E8C;&#x905E;&#x8FF4;&#x3002;&#x50CF;&#x662F;funtion(x+1)&lt;/p&gt; </content>
  <attach></attach>
  <rcount></rcount>
  <rank></rank>
  <hit>25</hit>
  <lang>1</lang>
</data>
