<?xml version="1.0"?>
<data version="3.0" time="2024-07-19 08:49:13" type="post" filename="b000000023.xml">
  <open_time>0000-00-00</open_time>
  <close_time>0000-00-00</close_time>
  <lang_name>Big5</lang_name>
  <board_id>1001305431</board_id>
  <node>000000023</node>
  <site>1000110001</site>
  <pt>2023-10-04 18:08:54</pt>
  <poster>11020117</poster>
  <realname>&#x6797;&#x5B50;&#x7693;  </realname>
  <email>ke951736@gmail.com</email>
  <homepage>  </homepage>
  <subject>106. &#x905E;&#x8FF4;&#x547C;&#x53EB;&#x70BA;&#x4F55;&#x6703;&#x9020;&#x6210;&#x8A18;&#x61B6;&#x9AD4;&#x5340;&#x6BB5;&#x932F;&#x8AA4;&#xFF1F; </subject>
  <content>&lt;p&gt;106. &#x905E;&#x8FF4;&#x547C;&#x53EB;&#x70BA;&#x4F55;&#x6703;&#x9020;&#x6210;&#x8A18;&#x61B6;&#x9AD4;&#x5340;&#x6BB5;&#x932F;&#x8AA4;&#xFF1F;&lt;br /&gt;&#xD;
&lt;br /&gt;&#xD;
&#x5982;&#x679C;&#x905E;&#x8FF4;&#x547C;&#x53EB;&#x7684;&#x6DF1;&#x5EA6;&#x592A;&#x6DF1;&#x53EF;&#x80FD;&#x5C31;&#x6703;&#xFF0C;&#x5806;&#x758A;&#x53EF;&#x80FD;&#x6703;&#x8017;&#x76E1;&#x53EF;&#x7528;&#x7684;&#x7A7A;&#x9593;&#xFF0C;&#x8A18;&#x61B6;&#x9AD4;&#x5340;&#x6BB5;&#x5C31;&#x6703;&#x767C;&#x751F;&#x932F;&#x8AA4;&#x3002;&#x50CF;&#x662F;&#x5728;&#x7121;&#x7AAE;&#x8FF4;&#x5708;&#x6642;&#x5C31;&#x6703;&#x767C;&#x751F;&lt;/p&gt; </content>
  <attach></attach>
  <rcount></rcount>
  <rank></rank>
  <hit>11</hit>
  <lang>1</lang>
</data>
