<?xml version="1.0"?>
<data version="3.0" time="2024-07-19 08:49:13" type="post" filename="b000000017000000001.xml">
  <open_time>0000-00-00</open_time>
  <close_time>0000-00-00</close_time>
  <lang_name>Big5</lang_name>
  <board_id>1001305431</board_id>
  <node>000000017000000001</node>
  <site>1000110001</site>
  <pt>2023-10-03 01:50:12</pt>
  <poster>11277029</poster>
  <realname>&#x4F55;&#x4EAE;&#x9821;  </realname>
  <email>g11277029@cycu.edu.tw</email>
  <homepage>  </homepage>
  <subject>Re: 108. &#x82E5;&#x905E;&#x8FF4;&#x5230;&#x67D0;&#x5C64;&#x5C31;&#x7570;&#x5E38;&#x7D42;&#x6B62;&#xFF0C;&#x8981;&#x5982;&#x4F55;&#x5F37;&#x5236;&#x5B83;&#x7E7C;&#x7E8C;&#x57F7;&#x884C;&#x5230;&#x4E0B;&#x4E00;&#x5C64;&#xFF1F;  </subject>
  <content>&lt;p&gt;ok.&lt;/p&gt; </content>
  <attach></attach>
  <rcount></rcount>
  <rank></rank>
  <hit>1</hit>
  <lang>1</lang>
</data>
