<?xml version="1.0"?>
<data version="3.0" time="2024-07-19 08:49:13" type="post" filename="b000000004.xml">
  <open_time>0000-00-00</open_time>
  <close_time>0000-00-00</close_time>
  <lang_name>Big5</lang_name>
  <board_id>1001305431</board_id>
  <node>000000004</node>
  <site>1000110001</site>
  <pt>2023-09-27 00:10:21</pt>
  <poster>11127235</poster>
  <realname>&#x8A31;&#x501A;&#x83C1;  </realname>
  <email>a0966082988@gmail.com</email>
  <homepage>  </homepage>
  <subject>106. &#x905E;&#x8FF4;&#x547C;&#x53EB;&#x70BA;&#x4F55;&#x6703;&#x9020;&#x6210;&#x8A18;&#x61B6;&#x9AD4;&#x5340;&#x6BB5;&#x932F;&#x8AA4;&#xFF1F; </subject>
  <content>&lt;p&gt;&#x6709;&#x4E0D;&#x540C;&#x7684;&#x554F;&#x984C;&#x6703;&#x9020;&#x6210;&#x8A18;&#x61B6;&#x9AD4;&#x5340;&#x6BB5;&#x932F;&#x8AA4;&#xFF0C;&#x4F8B;&#x5982;:&#x905E;&#x8FF4;&#x51FD;&#x793A;&#x6DF1;&#x5EA6;&#x592A;&#x5927;&#xFF0C;&#x7121;&#x9650;&#x905E;&#x8FF4;&#xFF0C;&#x7B49;....&lt;/p&gt;&#xD;
&#xD;
&lt;p&gt;&#x905E;&#x8FF4;&#x6DF1;&#x5EA6;&#x592A;&#x5927;&#xFF0C;&#x51FD;&#x6578;&#x6240;&#x7522;&#x751F;&#x7684;stack&#x6703;&#x8D85;&#x51FA;&#x7CFB;&#x7D71;&#x53EF;&#x5BB9;&#x7D0D;&#x7684;&#x7BC4;&#x570D;&#xFF0C;&#x9020;&#x6210;stack overflow&lt;/p&gt;&#xD;
&#xD;
&lt;p&gt;&#x7121;&#x9650;&#x905E;&#x8FF4;&#xFF0C;&#x905E;&#x8FF4;&#x51FD;&#x6578;&#x6C92;&#x6709;&#x6B63;&#x78BA;&#x7684;&#x4E2D;&#x6B62;&#x689D;&#x4EF6;&#xFF0C;&#x53EF;&#x80FD;&#x7121;&#x6CD5;&#x505C;&#x6B62;&#x905E;&#x8FF4;&#xFF0C;&#x53D6;&#x7528;&#x592A;&#x591A;stack&#xFF0C;&#x4E5F;&#x6703;&#x9020;&#x6210;stack overflow&#xFF0C;&#x6700;&#x7D42;&#x9020;&#x6210;&#x8A18;&#x61B6;&#x9AD4;&#x5340;&#x6BB5;&#x932F;&#x8AA4;&lt;/p&gt; </content>
  <attach></attach>
  <rcount></rcount>
  <rank></rank>
  <hit>35</hit>
  <lang>1</lang>
</data>
