<?xml version="1.0"?>
<data version="3.0" time="2024-07-19 08:49:13" type="post" filename="b000000002.xml">
  <open_time>0000-00-00</open_time>
  <close_time>0000-00-00</close_time>
  <lang_name>Big5</lang_name>
  <board_id>1001305431</board_id>
  <node>000000002</node>
  <site>1000110001</site>
  <pt>2023-09-26 18:09:18</pt>
  <poster>11127252</poster>
  <realname>&#x96F7;&#x570B;&#x88D5;  </realname>
  <email>kuoyu73815@gmail.com</email>
  <homepage> </homepage>
  <subject>106. &#x905E;&#x8FF4;&#x547C;&#x53EB;&#x70BA;&#x4F55;&#x6703;&#x9020;&#x6210;&#x8A18;&#x61B6;&#x9AD4;&#x5340;&#x6BB5;&#x932F;&#x8AA4;&#xFF1F; </subject>
  <content>&lt;p&gt;&#x8A18;&#x61B6;&#x9AD4;&#x5340;&#x6BB5;&#x932F;&#x8AA4; (Segmentation fault)&lt;/p&gt;&#xD;
&#xD;
&lt;p&gt;Stack overflow&#x5C6C;&#x65BC;&#x8A18;&#x61B6;&#x9AD4;&#x5340;&#x6BB5;&#x932F;&#x8AA4;&#x7684;&#x4E00;&#x7A2E;&lt;/p&gt;&#xD;
&#xD;
&lt;p&gt;&#x8A18;&#x61B6;&#x9AD4;&#x4E2D;&#x6709;&#x4E00;&#x500B;&#x5340;&#x6BB5;&#x53EB;&#x505A;stack&#xFF0C;&#x7576;&#x4F60;&#x6BCF;&#x547C;&#x53EB;&#x4E00;&#x500B;&#x51FD;&#x6578;&#x51FA;&#x4F86;&#xFF0C;stack&#x4F7F;&#x7528;&#x91CF;&#x5C31;&#x6703;&#x589E;&#x52A0;&#xFF1B;&#x6BCF;&#x56DE;&#x50B3;&#x5B8C;&#x4E00;&#x500B;&#x51FD;&#x6578;&#xFF0C;stack&#x4F7F;&#x7528;&#x91CF;&#x5C31;&#x6703;&#x6E1B;&#x5C11;&#xFF0C;&#x5982;&#x679C;&#x628A;stack&#x4F7F;&#x7528;&#x5230;&#x8D85;&#x904E;&#x8A18;&#x61B6;&#x9AD4;&#x6975;&#x9650;&#xFF0C;&#x5C31;&#x6703;&#x8DF3;&#x51FA;&#x9019;&#x500B;&#x932F;&#x8AA4;&lt;/p&gt;&#xD;
&#xD;
&lt;p&gt;&#x905E;&#x8FF4;&#x547C;&#x53EB;&#x51FA;&#x73FE;&#x9019;&#x500B;&#x932F;&#x8AA4;&#x901A;&#x5E38;&#x662F;&#x56E0;&#x70BA;&#x51FD;&#x6578;&#x88E1;&#x9762;&#x6C92;&#x6709;&#x4E00;&#x500B;&#x7D42;&#x6B62;&#x689D;&#x4EF6;&#xFF0C;&#x7136;&#x5F8C;&#x5C31;&#x6703;&#x4E00;&#x76F4;&#x547C;&#x53EB;&#xFF0C;&#x6C92;&#x6709;&#x56DE;&#x50B3;&#xFF0C;stack&#x4F7F;&#x7528;&#x91CF;&#x4E0D;&#x65B7;&#x589E;&#x52A0;&#xFF0C;&#x5230;&#x4E00;&#x5B9A;&#x7A0B;&#x5EA6;&#x7A0B;&#x5F0F;&#x5C31;&#x6703;&#x639B;&#x6389;&#x4E26;&#x4E14;&#x8DF3;&#x51FA;&#x9019;&#x500B;&#x932F;&#x8AA4;&#x8A0A;&#x606F;&#x3002;&#x4F46;&#x4E5F;&#x6709;&#x53EF;&#x80FD;&#x662F;&#x56E0;&#x70BA;&#x905E;&#x8FF4;&#x8981;&#x89E3;&#x6C7A;&#x7684;&#x554F;&#x984C;&#x904E;&#x5927;&#xFF0C;&#x660E;&#x660E;&#x6709;&#x8A2D;&#x5B9A;&#x7D42;&#x6B62;&#x689D;&#x4EF6;&#x4F46;&#x662F;&#x56E0;&#x70BA;&#x8A18;&#x61B6;&#x9AD4;&#x4E0D;&#x5920;&#xFF0C;&#x5C0E;&#x81F4;&#x9084;&#x6C92;&#x9054;&#x6210;&#x7D42;&#x6B62;&#x689D;&#x4EF6;&#x4E4B;&#x524D;&#x5C31;&#x5DF2;&#x7D93;&#x628A;stack&#x7528;&#x6EFF;&#x4E86;&#xFF0C;&#x4E5F;&#x6703;&#x51FA;&#x73FE;&#x9019;&#x500B;&#x932F;&#x8AA4;&#x8A0A;&#x606F;&#x3002;&lt;/p&gt;</content>
  <attach></attach>
  <rcount></rcount>
  <rank></rank>
  <hit>36</hit>
  <lang>1</lang>
</data>
