<?xml version="1.0"?>
<data version="3.0" time="2024-07-19 08:49:13" type="post" filename="b000000003.xml">
  <open_time>0000-00-00</open_time>
  <close_time>0000-00-00</close_time>
  <lang_name>Big5</lang_name>
  <board_id>1001305431</board_id>
  <node>000000003</node>
  <site>1000110001</site>
  <pt>2023-09-26 23:11:43</pt>
  <poster>11127227</poster>
  <realname>&#x738B;&#x7B60;&#x7FD4;  </realname>
  <email>yunhsiang9338@gmail.com</email>
  <homepage>  </homepage>
  <subject>108. &#x82E5;&#x905E;&#x8FF4;&#x5230;&#x67D0;&#x5C64;&#x5C31;&#x7570;&#x5E38;&#x7D42;&#x6B62;&#xFF0C;&#x8981;&#x5982;&#x4F55;&#x5F37;&#x5236;&#x5B83;&#x7E7C;&#x7E8C;&#x57F7;&#x884C;&#x5230;&#x4E0B;&#x4E00;&#x5C64;&#xFF1F; </subject>
  <content>&lt;p&gt;&#x8981;&#x5728;&#x905E;&#x8FF4;&#x51FD;&#x6578;&#x4E2D;&#x8655;&#x7406;&#x7570;&#x5E38;&#x7D42;&#x6B62;&#x4E26;&#x5F37;&#x5236;&#x5B83;&#x7E7C;&#x7E8C;&#x57F7;&#x884C;&#x5230;&#x4E0B;&#x4E00;&#x5C64;&#xFF0C;&#x53EF;&#x4EE5;&#x4F7F;&#x7528;&#x4EE5;&#x4E0B;&#x65B9;&#x6CD5;&#x4F86;&#x5BE6;&#x73FE; :&amp;nbsp;&lt;/p&gt;&#xD;
&#xD;
&lt;p&gt;1. &#x8A2D;&#x7F6E;&#x689D;&#x4EF6;&#x8A9E;&#x53E5; : &#x5728;&#x905E;&#x8FF4;&#x51FD;&#x6578;&#x7684;&#x5167;&#x90E8;&#x4F7F;&#x7528;&#x4E00;&#x500B;&#x689D;&#x4EF6;&#x8A9E;&#x53E5;&#xFF0C;&#x4EE5;&#x78BA;&#x4FDD;&#x5728;&#x67D0;&#x7279;&#x5B9A;&#x5C64;&#x6642;&#x4E0D;&#x6703;&#x518D;&#x9032;&#x884C;&#x905E;&#x8FF4;&#xFF0C;&#x800C;&#x662F;&#x76F4;&#x63A5;&#x8FD4;&#x56DE;&#x7D50;&#x679C;&#x3002;&#x9019;&#x6A23;&#x53EF;&#x4EE5;&#x4EE5;&#x78BA;&#x4FDD;&#x905E;&#x8FF4;&#x80FD;&#x7E7C;&#x7E8C;&#x57F7;&#x884C;&#x5230;&#x4E0B;&#x4E00;&#x5C64;&#x3002;&lt;/p&gt;&#xD;
&#xD;
&lt;p&gt;2. &#x4F7F;&#x7528;try-catch&#x6216;try-except&#x8A9E;&#x53E5;&amp;nbsp;:&amp;nbsp;&#x5728; catch &#x5340;&#x584A;&#x4E2D;&#xFF0C;&#x53EF;&#x4EE5;&#x8A2D;&#x5B9A;&#x4E00;&#x500B;&#x6A19;&#x8A8C;&#x6216;&#x63A1;&#x53D6;&#x9069;&#x7576;&#x7684;&#x63AA;&#x65BD;(&#x50CF;&#x662F;&#x66F4;&#x65B0;&#x53C3;&#x6578;)&#xFF0C;&#x4F86;&#x78BA;&#x4FDD;&#x7576;&#x7570;&#x5E38;&#x88AB;&#x6355;&#x7372;&#x6642;&#x7A0B;&#x5E8F;&#x4E0D;&#x6703;&#x5D29;&#x6F70;&#xFF0C;&#x53EF;&#x4EE5;&#x9032;&#x5165;&#x4E0B;&#x4E00;&#x5C64;&#x905E;&#x8FF4;&#x3002;&lt;/p&gt; </content>
  <attach></attach>
  <rcount></rcount>
  <rank></rank>
  <hit>42</hit>
  <lang>1</lang>
</data>
