<?xml version="1.0"?>
<data version="3.0" time="2024-07-19 08:49:13" type="post" filename="b000000025000000001.xml">
  <open_time>0000-00-00</open_time>
  <close_time>0000-00-00</close_time>
  <lang_name>Big5</lang_name>
  <board_id>1001305431</board_id>
  <node>000000025000000001</node>
  <site>1000110001</site>
  <pt>2023-10-17 14:33:47</pt>
  <poster>11813</poster>
  <realname>&#x5433;&#x5B9C;&#x9D3B;  </realname>
  <email>yhwu@cycu.edu.tw</email>
  <homepage>https://www.researchgate.net/profile/Yi-Hung-Wu-2  </homepage>
  <subject>Re: 106. &#x905E;&#x8FF4;&#x547C;&#x53EB;&#x70BA;&#x4F55;&#x6703;&#x9020;&#x6210;&#x8A18;&#x61B6;&#x9AD4;&#x5340;&#x6BB5;&#x932F;&#x8AA4;&#xFF1F;  </subject>
  <content>&lt;p&gt;&lt;span style="color:#ff0000"&gt;&#x82E5;&#x6E05;&#x695A;&#x4E0A;&#x8FF0;&#x7B54;&#x8986;&#xFF0C;&#x61C9;&#x8A72;&#x4E5F;&#x80FD;&#x89E3;&#x91CB;&#x4E0B;&#x5217;&#x57FA;&#x672C;&#x7684;&#x7591;&#x554F;&#x3002;&lt;/span&gt;&lt;/p&gt;&#xD;
&#xD;
&lt;p&gt;&lt;span style="color:#ff0000"&gt;&#x70BA;&#x4EC0;&#x9EBC;&#x53EB;&#x505A;&#x8A18;&#x61B6;&#x9AD4;&#x5340;&#x6BB5;&#x932F;&#x8AA4;&#xFF1F;&#x4EC0;&#x9EBC;&#x662F;&#x8A18;&#x61B6;&#x9AD4;&#x5340;&#x6BB5;&#xFF1F;&lt;/span&gt;&lt;/p&gt; </content>
  <attach></attach>
  <rcount></rcount>
  <rank></rank>
  <hit>1</hit>
  <lang>1</lang>
</data>
