<?xml version="1.0"?>
<data version="3.0" time="2024-07-19 08:49:13" type="post" filename="b000000016000000001.xml">
  <open_time>0000-00-00</open_time>
  <close_time>0000-00-00</close_time>
  <lang_name>Big5</lang_name>
  <board_id>1001305431</board_id>
  <node>000000016000000001</node>
  <site>1000110001</site>
  <pt>2023-10-03 01:49:55</pt>
  <poster>11277029</poster>
  <realname>&#x4F55;&#x4EAE;&#x9821;  </realname>
  <email>g11277029@cycu.edu.tw</email>
  <homepage>  </homepage>
  <subject>Re: 106. &#x905E;&#x8FF4;&#x547C;&#x53EB;&#x70BA;&#x4F55;&#x6703;&#x9020;&#x6210;&#x8A18;&#x61B6;&#x9AD4;&#x5340;&#x6BB5;&#x932F;&#x8AA4;&#xFF1F;  </subject>
  <content>&lt;p&gt;good&#xFF0C;&#x53EF;&#x4EE5;&#x518D;&#x984D;&#x5916;&#x4E86;&#x89E3;&#x4E00;&#x4E0B;os&#x7684;&#x8A18;&#x61B6;&#x9AD4;&#x7BA1;&#x7406;&#x76F8;&#x95DC;&#x5167;&#x5BB9;&#xFF0C;segmentation fault&#x5176;&#x5BE6;&#x662F;&#x4E00;&#x7A2E;&#x4FDD;&#x8B77;&#x3002;&lt;/p&gt; </content>
  <attach></attach>
  <rcount></rcount>
  <rank></rank>
  <hit>1</hit>
  <lang>1</lang>
</data>
