<?xml version="1.0"?>
<data version="3.0" time="2024-07-19 08:49:13" type="post" filename="b000000025.xml">
  <open_time>0000-00-00</open_time>
  <close_time>0000-00-00</close_time>
  <lang_name>Big5</lang_name>
  <board_id>1001305431</board_id>
  <node>000000025</node>
  <site>1000110001</site>
  <pt>2023-10-04 20:17:38</pt>
  <poster>11127236</poster>
  <realname>&#x838A;&#x6977;&#x5D34;  </realname>
  <email>kzhuang63@gmail.com</email>
  <homepage>  </homepage>
  <subject>106. &#x905E;&#x8FF4;&#x547C;&#x53EB;&#x70BA;&#x4F55;&#x6703;&#x9020;&#x6210;&#x8A18;&#x61B6;&#x9AD4;&#x5340;&#x6BB5;&#x932F;&#x8AA4;&#xFF1F; </subject>
  <content>&lt;p style="font-size: 16px; white-space: pre-wrap; border: 0px solid rgb(217, 217, 227); box-sizing: border-box; margin: 0px 0px 1.25em; caret-color: rgb(55, 65, 81); color: rgb(55, 65, 81); font-family: S&#xF6;hne, ui-sans-serif, system-ui, -apple-system, &amp;quot;Segoe UI&amp;quot;, Roboto, Ubuntu, Cantarell, &amp;quot;Noto Sans&amp;quot;, sans-serif, &amp;quot;Helvetica Neue&amp;quot;, Arial, &amp;quot;Apple Color Emoji&amp;quot;, &amp;quot;Segoe UI Emoji&amp;quot;, &amp;quot;Segoe UI Symbol&amp;quot;, &amp;quot;Noto Color Emoji&amp;quot;; -webkit-text-size-adjust: 100%;"&gt;&#x905E;&#x8FF4;&#x547C;&#x53EB;&#x53EF;&#x80FD;&#x5C0E;&#x81F4;&#x8A18;&#x61B6;&#x9AD4;&#x5340;&#x6BB5;&#x932F;&#x8AA4;&#x7684;&#x539F;&#x56E0;&#x901A;&#x5E38;&#x662F;&#x5806;&#x758A;&#x7684;&#x904E;&#x5EA6;&#x4F7F;&#x7528;&#x3002;&#x6BCF;&#x6B21;&#x51FD;&#x6578;&#x547C;&#x53EB;&#x6642;&#xFF0C;&#x4E00;&#x500B;&#x65B0;&#x7684;&#x51FD;&#x6578;&#x547C;&#x53EB;&#x6846;&#x67B6;&#x88AB;&#x58D3;&#x5165;&#x5806;&#x758A;&#xFF0C;&#x5305;&#x542B;&#x4E86;&#x8A72;&#x51FD;&#x6578;&#x7684;&#x5340;&#x57DF;&#x8B8A;&#x6578;&#x548C;&#x8FD4;&#x56DE;&#x4F4D;&#x5740;&#x3002;&#x7576;&#x905E;&#x8FF4;&#x6DF1;&#x5EA6;&#x592A;&#x6DF1;&#x6216;&#x6BCF;&#x500B;&#x905E;&#x8FF4;&#x547C;&#x53EB;&#x4F54;&#x7528;&#x7684;&#x5806;&#x758A;&#x7A7A;&#x9593;&#x592A;&#x5927;&#x6642;&#xFF0C;&#x5806;&#x758A;&#x53EF;&#x80FD;&#x6703;&#x8017;&#x76E1;&#x3002;&#x7576;&#x5806;&#x758A;&#x8017;&#x76E1;&#x6642;&#xFF0C;&#x7CFB;&#x7D71;&#x7121;&#x6CD5;&#x70BA;&#x65B0;&#x7684;&#x51FD;&#x6578;&#x547C;&#x53EB;&#x5206;&#x914D;&#x8DB3;&#x5920;&#x7684;&#x5806;&#x758A;&#x7A7A;&#x9593;&#xFF0C;&#x9019;&#x5C07;&#x5C0E;&#x81F4;&#x8A18;&#x61B6;&#x9AD4;&#x5340;&#x6BB5;&#x932F;&#x8AA4;&#x3002;&lt;/p&gt; </content>
  <attach></attach>
  <rcount></rcount>
  <rank></rank>
  <hit>10</hit>
  <lang>1</lang>
</data>
