<?xml version="1.0"?>
<data version="3.0" time="2024-07-19 08:49:13" type="post" filename="b000000001.xml">
  <open_time>0000-00-00</open_time>
  <close_time>0000-00-00</close_time>
  <lang_name>Big5</lang_name>
  <board_id>1001305431</board_id>
  <node>000000001</node>
  <site>1000110001</site>
  <pt>2023-09-26 15:12:03</pt>
  <poster>11127224</poster>
  <realname>&#x8A31;&#x5BA5;&#x9A0F;  </realname>
  <email>daniel9311410@gmail.com</email>
  <homepage> </homepage>
  <subject>106. &#x905E;&#x8FF4;&#x547C;&#x53EB;&#x70BA;&#x4F55;&#x6703;&#x9020;&#x6210;&#x8A18;&#x61B6;&#x9AD4;&#x5340;&#x6BB5;&#x932F;&#x8AA4;&#xFF1F; </subject>
  <content>&lt;p&gt;&#x905E;&#x8FF4;&#x4E2D;&#x6C92;&#x6709;&#x7D42;&#x6B62;&#x689D;&#x4EF6;&#xFF0C;&#x6216;&#x662F;&#x5728;&#x6709;&#x7D42;&#x6B62;&#x689D;&#x4EF6;&#x7684;&#x60C5;&#x6CC1;&#x4E0B;&#xFF0C;&#x905E;&#x8FF4;&#x592A;&#x591A;&#x6B21;&#xFF0C;&#x5C0E;&#x81F4;stack&#x6C92;&#x6709;&#x7A7A;&#x9593;&#x5132;&#x5B58;&#x8CC7;&#x6599;&lt;/p&gt;</content>
  <attach></attach>
  <rcount></rcount>
  <rank></rank>
  <hit>33</hit>
  <lang>1</lang>
</data>
