<?xml version="1.0"?>
<data version="3.0" time="2024-07-19 08:49:13" type="post" filename="b000000006.xml">
  <open_time>0000-00-00</open_time>
  <close_time>0000-00-00</close_time>
  <lang_name>Big5</lang_name>
  <board_id>1001305431</board_id>
  <node>000000006</node>
  <site>1000110001</site>
  <pt>2023-09-27 15:24:34</pt>
  <poster>11127203</poster>
  <realname>&#x90ED;&#x529B;&#x5ADA;  </realname>
  <email>mandy20030907@gmail.com</email>
  <homepage>  </homepage>
  <subject>108. &#x82E5;&#x905E;&#x8FF4;&#x5230;&#x67D0;&#x5C64;&#x5C31;&#x7570;&#x5E38;&#x7D42;&#x6B62;&#xFF0C;&#x8981;&#x5982;&#x4F55;&#x5F37;&#x5236;&#x5B83;&#x7E7C;&#x7E8C;&#x57F7;&#x884C;&#x5230;&#x4E0B;&#x4E00;&#x5C64;&#xFF1F; </subject>
  <content>&lt;p&gt;&#x5982;&#x679C;&#x8981;&#x89E3;&#x6C7A;&#x5728;&#x905E;&#x8FF4;&#x5230;&#x67D0;&#x5C64;&#x5C31;&#x7570;&#x5E38;&#x7D42;&#x6B62;&#xFF0C;&#x4E26;&#x7E7C;&#x7E8C;&#x57F7;&#x884C;&#x4E0B;&#x53BB;&#x7684;&#x8A71;&#xFF0C;&#x53EF;&#x4EE5;&#x4F7F;&#x7528;&#x4EE5;&#x4E0B;&#x65B9;&#x6CD5;&#xFF1A;&lt;/p&gt;&#xD;
&#xD;
&lt;p&gt;&#x4F7F;&#x7528;try&#x548C;catch&#x5340;&#x584A;&#x4F86;&#x6355;&#x6349;&#x7570;&#x5E38;&#xFF0C;&#x7136;&#x5F8C;&#x5728;catch&#x7684;&#x5340;&#x584A;&#x5167;&#x9032;&#x884C;&#x8655;&#x7406;&#x3002;&lt;/p&gt;&#xD;
&#xD;
&lt;p&gt;&#x4F8B;&#x5982;&#xFF1A;&#x5728;catch&#x7684;&#x5340;&#x584A;&#x5167;&#x51FD;&#x6578;&#xFF08;&#x689D;&#x4EF6;-1&#xFF09;&#x91CD;&#x65B0;&#x547C;&#x53EB;&#x905E;&#x8FF4;&#x51FD;&#x5F0F;&#xFF0C;&#x5F37;&#x5236;&#x9032;&#x5165;&#x4E0B;&#x4E00;&#x5C64;&#x3002;&lt;/p&gt; </content>
  <attach></attach>
  <rcount></rcount>
  <rank></rank>
  <hit>29</hit>
  <lang>1</lang>
</data>
