<?xml version="1.0"?>
<data version="3.0" time="2024-07-19 08:49:13" type="post" filename="b000000011.xml">
  <open_time>0000-00-00</open_time>
  <close_time>0000-00-00</close_time>
  <lang_name>Big5</lang_name>
  <board_id>1001305431</board_id>
  <node>000000011</node>
  <site>1000110001</site>
  <pt>2023-09-29 16:34:08</pt>
  <poster>11127228</poster>
  <realname>&#x5468;&#x7FA9;&#x5EAD;  </realname>
  <email>qaz20031211@gmail.com</email>
  <homepage>  </homepage>
  <subject>106. &#x905E;&#x8FF4;&#x547C;&#x53EB;&#x70BA;&#x4F55;&#x6703;&#x9020;&#x6210;&#x8A18;&#x61B6;&#x9AD4;&#x5340;&#x6BB5;&#x932F;&#x8AA4;&#xFF1F; </subject>
  <content>&lt;p&gt;&#x905E;&#x8FF4;&#x547C;&#x53EB;&#x53EF;&#x80FD;&#x5C0E;&#x81F4;&#x8A18;&#x61B6;&#x9AD4;&#x5340;&#x6BB5;&#x932F;&#x8AA4;&#x7684;&#x539F;&#x56E0;&#x4E3B;&#x8981;&#x6709;&#x4EE5;&#x4E0B;&#x5E7E;&#x9EDE;&#xFF1A;&lt;/p&gt;&#xD;
&#xD;
&lt;ol&gt;&#xD;
	&lt;li&gt;&#xD;
	&lt;p&gt;&#x5806;&#x758A;&#x6EA2;&#x4F4D;&#xFF1A;&#x7576;&#x4E00;&#x500B;&#x51FD;&#x6578;&#x88AB;&#x547C;&#x53EB;&#x6642;&#xFF0C;&#x51FD;&#x6578;&#x7684;&#x5C40;&#x90E8;&#x8B8A;&#x6578;&#x548C;&#x8FD4;&#x56DE;&#x5730;&#x5740;&#x6703;&#x88AB;&#x5B58;&#x653E;&#x5728;&#x5806;&#x758A;&#x4E2D;&#xFF0C;&#x4EE5;&#x4FBF;&#x5728;&#x51FD;&#x6578;&#x57F7;&#x884C;&#x5B8C;&#x7562;&#x5F8C;&#x80FD;&#x5920;&#x8FD4;&#x56DE;&#x5230;&#x8ABF;&#x7528;&#x51FD;&#x6578;&#x7684;&#x6B63;&#x78BA;&#x4F4D;&#x7F6E;&#xFF0C;&#x800C;&#x6BCF;&#x6B21;&#x547C;&#x53EB;&#x90FD;&#x6703;&#x5C07;&#x65B0;&#x7684;&#x57F7;&#x884C;&#x4E0A;&#x4E0B;&#x6587;&#x58D3;&#x5165;&#x5806;&#x758A;&#x3002;&#x5982;&#x679C;&#x905E;&#x8FF4;&#x7684;&#x6DF1;&#x5EA6;&#x904E;&#x6DF1;&#xFF0C;&#x5806;&#x758A;&#x4E2D;&#x7684;&#x51FD;&#x6578;&#x547C;&#x53EB;&#x6578;&#x64DA;&#x6703;&#x5806;&#x7A4D;&#x8D77;&#x4F86;&#xFF0C;&#x6700;&#x7D42;&#x53EF;&#x80FD;&#x8D85;&#x51FA;&#x5806;&#x758A;&#x7684;&#x5BB9;&#x91CF;&#x9650;&#x5236;&#xFF0C;&#x5C0E;&#x81F4;&#x5806;&#x758A;&#x6EA2;&#x4F4D;&#x3002;&lt;/p&gt;&#xD;
	&lt;/li&gt;&#xD;
	&lt;li&gt;&#xD;
	&lt;p&gt;&#x8A18;&#x61B6;&#x9AD4;&#x8017;&#x76E1;&#xFF1A;&#x9664;&#x4E86;&#x5806;&#x758A;&#xFF0C;&#x905E;&#x8FF4;&#x9084;&#x53EF;&#x80FD;&#x5C0E;&#x81F4;&#x8A18;&#x61B6;&#x9AD4;&#x7684;&#x5176;&#x4ED6;&#x90E8;&#x5206;&#x8017;&#x76E1;&#x3002;&#x7576;&#x6BCF;&#x500B;&#x905E;&#x8FF4;&#x547C;&#x53EB;&#x90FD;&#x5206;&#x914D;&#x4E86;&#x5927;&#x91CF;&#x7684;&#x8A18;&#x61B6;&#x9AD4;&#xFF0C;&#x4E14;&#x905E;&#x8FF4;&#x6DF1;&#x5EA6;&#x5F88;&#x5927;&#x6642;&#xFF0C;&#x7CFB;&#x7D71;&#x7684;&#x53EF;&#x7528;&#x8A18;&#x61B6;&#x9AD4;&#x53EF;&#x80FD;&#x6703;&#x8017;&#x76E1;&#xFF0C;&#x9019;&#x5C07;&#x5C0E;&#x81F4;&#x8A18;&#x61B6;&#x9AD4;&#x4E0D;&#x8DB3;&#x7684;&#x60C5;&#x6CC1;&#xFF0C;&#x6700;&#x7D42;&#x5C0E;&#x81F4;&#x8A18;&#x61B6;&#x9AD4;&#x5340;&#x6BB5;&#x932F;&#x8AA4;&#x3002;&lt;/p&gt;&#xD;
	&lt;/li&gt;&#xD;
	&lt;li&gt;&#xD;
	&lt;p&gt;&#x7121;&#x9650;&#x905E;&#x8FF4;&#xFF1A;&#x5982;&#x679C;&#x905E;&#x8FF4;&#x7684;&#x7D42;&#x6B62;&#x689D;&#x4EF6;&#x6C92;&#x6709;&#x8A2D;&#x8A08;&#x597D;&#xFF0C;&#x5B83;&#x53EF;&#x80FD;&#x6C38;&#x9060;&#x4E0D;&#x6703;&#x505C;&#x6B62;&#x547C;&#x53EB;&#x81EA;&#x8EAB;&#x3002;&#x9019;&#x5C07;&#x8017;&#x76E1;&#x7CFB;&#x7D71;&#x8CC7;&#x6E90;&#xFF0C;&#x5305;&#x62EC;&#x5806;&#x758A;&#x548C;&#x8A18;&#x61B6;&#x9AD4;&#xFF0C;&#x6700;&#x7D42;&#x5C0E;&#x81F4;&#x8A18;&#x61B6;&#x9AD4;&#x5340;&#x6BB5;&#x932F;&#x8AA4;&#x3002;&lt;/p&gt;&#xD;
	&lt;/li&gt;&#xD;
&lt;/ol&gt; </content>
  <attach></attach>
  <rcount></rcount>
  <rank></rank>
  <hit>14</hit>
  <lang>1</lang>
</data>
