<?xml version="1.0"?>
<data version="3.0" time="2024-07-19 08:49:13" type="post" filename="b000000005.xml">
  <open_time>0000-00-00</open_time>
  <close_time>0000-00-00</close_time>
  <lang_name>Big5</lang_name>
  <board_id>1001305431</board_id>
  <node>000000005</node>
  <site>1000110001</site>
  <pt>2023-09-27 13:57:04</pt>
  <poster>11127206</poster>
  <realname>&#x9673;&#x5955;&#x5E06;  </realname>
  <email>Fannychen0963766865@gmail.com</email>
  <homepage> </homepage>
  <subject>110.&#x4F5C;&#x696D;&#x4E00;&#x975C;&#x614B;&#x9663;&#x5217;&#x548C;&#x52D5;&#x614B;&#x9663;&#x5217;&#x6709;&#x4F55;&#x5DEE;&#x7570;&#xFF1F;&#x6307;&#x51FA;&#x5176;&#x512A;&#x7F3A;&#x9EDE;&#x3002;* </subject>
  <content>&lt;p&gt;&#xFF08;1&#xFF09;&#x5927;&#x5C0F;&#x80FD;&#x5426;&#x6539;&#x8B8A;&#xFF1A;&amp;nbsp;&#x975C;&#x614B;&#x9663;&#x5217;&#x5728;&#x5275;&#x5EFA;&#x6642;&#x5927;&#x5C0F;&#x56FA;&#x5B9A;&#xFF0C;&#x4E0D;&#x80FD;&#x6539;&#x8B8A;&#xFF1B;&#x52D5;&#x614B;&#x9663;&#x5217;&#x53EF;&#x4EE5;&#x6839;&#x64DA;&#x9700;&#x8981;&#x6539;&#x8B8A;&#x5927;&#x5C0F;&#x3002;&lt;/p&gt;&#xD;
&#xD;
&lt;p&gt;&#xFF08;2&#xFF09;&#x8A18;&#x61B6;&#x9AD4;&#x5206;&#x914D;&#xFF1A;&amp;nbsp;&#x975C;&#x614B;&#x9663;&#x5217;&#x5728;stack&#x4E0A;&#x5206;&#x914D;&#xFF0C;&#x9023;&#x7E8C;&#x5206;&#x914D;&#xFF1B;&#x52D5;&#x614B;&#x9663;&#x5217;&#x5728;Heap&#x4E0A;&#x5206;&#x914D;&#xFF0C;&#x9748;&#x6D3B;&#x5206;&#x914D;&#x548C;&#x91CB;&#x653E;&#xFF0C;&#x4E0D;&#x4E00;&#x5B9A;&#x662F;&#x9023;&#x7E8C;&#x7684;&lt;/p&gt;&#xD;
&#xD;
&lt;p&gt;&#xFF08;3&#xFF09;&#x6548;&#x80FD;&#xFF1A;&amp;nbsp;&#x975C;&#x614B;&#x9663;&#x5217;&#x5B58;&#x53D6;&#x6548;&#x7387;&#x9AD8;&#xFF1B;&#x52D5;&#x614B;&#x9663;&#x5217;&#x53EF;&#x80FD;&#x8F03;&#x4F4E;&#xFF0C;&#x56E0;&#x70BA;&#x4E0D;&#x4E00;&#x5B9A;&#x9023;&#x7E8C;&#x5B58;&#x5132;&#x3002;&lt;/p&gt;&#xD;
&#xD;
&lt;p&gt;&#x7D71;&#x6574;&#xFF1A;&lt;/p&gt;&#xD;
&#xD;
&lt;p&gt;&#xFF3B;&#x975C;&#x614B;&#x9663;&#x5217;&#xFF3D;&lt;br /&gt;&#xD;
- &#x512A;&#x9EDE;&#xFF1A;&#x7C21;&#x55AE;&#x3001;&#x5FEB;&#x901F;&#x5B58;&#x53D6;&#x3001;&#x7121;&#x5167;&#x5B58;&#x6D29;&#x6F0F;&#x98A8;&#x96AA;&#x3002;&lt;br /&gt;&#xD;
- &#x7F3A;&#x9EDE;&#xFF1A;&#x56FA;&#x5B9A;&#x5927;&#x5C0F;&#x3001;&#x53EF;&#x80FD;&#x6D6A;&#x8CBB;&#x8A18;&#x61B6;&#x9AD4;&#xFF0C;&#x9808;&#x5148;&#x9810;&#x6E2C;&#x597D;&#x6700;&#x5927;&#x9700;&#x8981;&#x3002;&lt;/p&gt;&#xD;
&#xD;
&lt;p&gt;&#xFF3B;&#x52D5;&#x614B;&#x9663;&#x5217;&#xFF3D;&lt;br /&gt;&#xD;
- &#x512A;&#x9EDE;&#xFF1A;&#x5F48;&#x6027;&#x3001;&#x7121;&#x5927;&#x5C0F;&#x9650;&#x5236;&#x3002;&lt;br /&gt;&#xD;
- &#x7F3A;&#x9EDE;&#xFF1A;&#x8907;&#x96DC;&#x3001;&#x5B58;&#x53D6;&#x7A0D;&#x6162;&#x3002;&lt;/p&gt;</content>
  <attach></attach>
  <rcount></rcount>
  <rank></rank>
  <hit>32</hit>
  <lang>1</lang>
</data>
