<?xml version="1.0"?>
<data version="3.0" time="2024-07-19 08:49:13" type="post" filename="b000000003000000001.xml">
  <open_time>0000-00-00</open_time>
  <close_time>0000-00-00</close_time>
  <lang_name>Big5</lang_name>
  <board_id>1001305431</board_id>
  <node>000000003000000001</node>
  <site>1000110001</site>
  <pt>2023-10-01 22:41:10</pt>
  <poster>11277029</poster>
  <realname>&#x4F55;&#x4EAE;&#x9821;  </realname>
  <email>g11277029@cycu.edu.tw</email>
  <homepage>  </homepage>
  <subject>Re: 108. &#x82E5;&#x905E;&#x8FF4;&#x5230;&#x67D0;&#x5C64;&#x5C31;&#x7570;&#x5E38;&#x7D42;&#x6B62;&#xFF0C;&#x8981;&#x5982;&#x4F55;&#x5F37;&#x5236;&#x5B83;&#x7E7C;&#x7E8C;&#x57F7;&#x884C;&#x5230;&#x4E0B;&#x4E00;&#x5C64;&#xFF1F;  </subject>
  <content>&lt;p&gt;&#x6211;&#x61F7;&#x7591;&#x9019;&#x662F;chatGPT&#x7684;&#x56DE;&#x7B54;&#xFF0C;&#x65B9;&#x6CD5;&#x4E00;&#x4E0D;&#x6B63;&#x78BA;&#xFF0C;&#x76F4;&#x63A5;&#x8FD4;&#x56DE;&#x7D50;&#x679C;&#x4E26;&#x4E0D;&#x80FD;&#x78BA;&#x4FDD;&#x57F7;&#x884C;&#x4E0B;&#x4E00;&#x5C64;&#xFF0C;&#x53EA;&#x80FD;&#x78BA;&#x4FDD;&#x7A0B;&#x5F0F;&#x4E0D;&#x5D29;&#x6F70;&lt;/p&gt; </content>
  <attach></attach>
  <rcount></rcount>
  <rank></rank>
  <hit>1</hit>
  <lang>1</lang>
</data>
