<?xml version="1.0"?>
<data version="3.0" time="2024-07-19 08:49:13" type="post" filename="b000000009.xml">
  <open_time>0000-00-00</open_time>
  <close_time>0000-00-00</close_time>
  <lang_name>Big5</lang_name>
  <board_id>1001305431</board_id>
  <node>000000009</node>
  <site>1000110001</site>
  <pt>2023-09-28 01:41:50</pt>
  <poster>10827128</poster>
  <realname>&#x6797;&#x946B;&#x5B8F;  </realname>
  <email>shawn140802@gmail.com</email>
  <homepage>  </homepage>
  <subject>107. &#x4F5C;&#x696D;&#x4E00;&#x63A1;&#x7528;&#x4EC0;&#x9EBC;&#x8CC7;&#x6599;&#x7D50;&#x69CB;&#x5132;&#x5B58;&#x8B80;&#x5165;&#x8CC7;&#x6599;&#xFF0C;&#x9808;&#x8AAA;&#x660E;&#x539F;&#x56E0;&#x3002;* </subject>
  <content>&lt;p&gt;&#x5132;&#x5B58;&#x8FF7;&#x5BAE;&#x5730;&#x5716;&#x8CC7;&#x6599;&#x7684;&#x8CC7;&#x6599;&#x7D50;&#x69CB;&#x6211;&#x63A1;&#x7528;&#x4E8C;&#x7DAD;&#x7684;&#x5B57;&#x5143;&#x5411;&#x91CF;&#xFF0C;&#x4E5F;&#x5C31;&#x662F;vector&amp;lt;vector&amp;lt;char&amp;gt;&amp;gt;&#x7684;&#x5F62;&#x5F0F;&#x53BB;&#x5B8C;&#x6210;&#x7684;&#x3002;&lt;/p&gt;&#xD;
&#xD;
&lt;p&gt;&#x5176;&#x9918;&#x7684;&#x884C;&#x5217;&#x5927;&#x5C0F;&#x8DDF;&#x8D77;&#x59CB;&#x4F4D;&#x7F6E;&#x4E5F;&#x6709;&#x53E6;&#x5916;&#x8A2D;&#x5167;&#x90E8;&#x53C3;&#x6578;&#xFF0C;&#x4EE5;&#x65B9;&#x4FBF;&#x65E5;&#x5F8C;&#x4F5C;&#x4FEE;&#x6539;&#x3002;&lt;/p&gt;&#xD;
&#xD;
&lt;p&gt;&#x6703;&#x63A1;&#x7528;vector&#x662F;&#x56E0;&#x70BA;&#x8DDF;array&#x6BD4;&#x8D77;&#x4F86;&#x9748;&#x6D3B;&#x8A31;&#x591A;&#xFF0C;&#x672C;&#x8EAB;&#x5C31;&#x662F;&#x52D5;&#x614B;&#x7684;&#x8CC7;&#x6599;&#x7D50;&#x69CB;&#xFF0C;&#x5206;&#x597D;&#x5167;&#x5B58;&#x5F8C;&#x5C31;&#x7B97;&#x505A;&#x5143;&#x7D20;&#x7684;&#x52A0;&#x6E1B;&#x4E5F;&#x4E0D;&#x592A;&#x9700;&#x8981;&#x53E6;&#x5916;&#x505A;&#x7A7A;&#x9593;&#x7684;&#x914D;&#x7F6E;&#xFF0C;&#x6240;&#x4EE5;&#x64CD;&#x4F5C;&#x8DDF;&#x7DAD;&#x8B77;&#x4E0A;&#x6211;&#x500B;&#x4EBA;&#x90FD;&#x8A8D;&#x70BA;&#x6BD4;array&#x65B9;&#x4FBF;&#x4E14;&#x76F4;&#x89C0;&#x8A31;&#x591A;&#x3002;&#x800C;&#x4E0D;&#x7528;pointer&#x66F4;&#x597D;&#x89E3;&#x91CB;&#xFF0C;&#x56E0;&#x70BA;&#x8981;&#x7528;&#x6307;&#x6A19;&#x6BD4;&#x8F03;&#x505A;&#x5230;&amp;quot;&#x4F4D;&#x7F6E;&amp;quot;&#x7684;&#x7D00;&#x9304;&#x9019;&#x4EF6;&#x4E8B;&#xFF0C;&#x9663;&#x5217;&#x8DDF;&#x5411;&#x91CF;&#x90FD;&#x53EF;&#x4EE5;&#x7528;index&#x7576;&#x4F5C;&#x5EA7;&#x6A19;&#x4F7F;&#x7528;&#xFF0C;&#x5728;&#x905E;&#x8FF4;&#x7684;&#x53C3;&#x6578;&#x4E0A;&#x4E5F;&#x6BD4;&#x8F03;&#x96E3;&#x505A;&#x8655;&#x88E1;&#xFF0C;&#x5411;&#x91CF;&#x5728;&#x7269;&#x4EF6;&#x7684;&#x79FB;&#x52D5;&#x65B9;&#x4FBF;&#x5F88;&#x591A;&#x3002;&lt;/p&gt; </content>
  <attach></attach>
  <rcount></rcount>
  <rank></rank>
  <hit>39</hit>
  <lang>1</lang>
</data>
