<?xml version="1.0"?>
<data version="3.0" time="2024-07-19 08:49:13" type="post" filename="b000000004000000001.xml">
  <open_time>0000-00-00</open_time>
  <close_time>0000-00-00</close_time>
  <lang_name>Big5</lang_name>
  <board_id>1001305431</board_id>
  <node>000000004000000001</node>
  <site>1000110001</site>
  <pt>2023-10-01 23:20:02</pt>
  <poster>11277029</poster>
  <realname>&#x4F55;&#x4EAE;&#x9821;  </realname>
  <email>g11277029@cycu.edu.tw</email>
  <homepage>  </homepage>
  <subject>Re: 106. &#x905E;&#x8FF4;&#x547C;&#x53EB;&#x70BA;&#x4F55;&#x6703;&#x9020;&#x6210;&#x8A18;&#x61B6;&#x9AD4;&#x5340;&#x6BB5;&#x932F;&#x8AA4;&#xFF1F;  </subject>
  <content>&lt;p&gt;ok&#xFF0C;&#x7528;&#x8A5E;&#x53EF;&#x4EE5;&#x66F4;&#x7CBE;&#x78BA;&#xFF0C;&#x51FD;&#x6578;&#x6240;&lt;span style="color:#ff0000"&gt;&#x7522;&#x751F;&lt;/span&gt;&#x7684;stack&#x6703;&#x8D85;&#x51FA;&#x7CFB;&#x7D71;&lt;span style="color:#ff0000"&gt;&#x53EF;&#x5BB9;&#x7D0D;&#x7684;&#x7BC4;&#x570D;&lt;/span&gt;&#xFF0C;&#x61C9;&#x66F4;&#x6B63;&#x70BA;&#x51FD;&#x6578;&#x6240;&lt;span style="color:#ff0000"&gt;&#x4F54;&#x7528;&lt;/span&gt;&#x7684;stack&#x6703;&#x8D85;&#x51FA;&#x7CFB;&#x7D71;&lt;span style="color:#ff0000"&gt;&#x9810;&#x8A2D;stack&#x5BB9;&#x91CF;&lt;/span&gt;&#x3002;&lt;/p&gt; </content>
  <attach></attach>
  <rcount></rcount>
  <rank></rank>
  <hit>1</hit>
  <lang>1</lang>
</data>
