<?xml version="1.0"?>
<data version="3.0" time="2024-07-19 08:49:13" type="post" filename="b000000013.xml">
  <open_time>0000-00-00</open_time>
  <close_time>0000-00-00</close_time>
  <lang_name>Big5</lang_name>
  <board_id>1001305431</board_id>
  <node>000000013</node>
  <site>1000110001</site>
  <pt>2023-09-30 22:20:32</pt>
  <poster>11127239</poster>
  <realname>&#x9673;&#x6620;&#x9293;  </realname>
  <email>edan0727@gmail.com</email>
  <homepage>  </homepage>
  <subject>106. &#x905E;&#x8FF4;&#x547C;&#x53EB;&#x70BA;&#x4F55;&#x6703;&#x9020;&#x6210;&#x8A18;&#x61B6;&#x9AD4;&#x5340;&#x6BB5;&#x932F;&#x8AA4;&#xFF1F; </subject>
  <content>&lt;p&gt;&#x6703;&#x9020;&#x6210;&#x6B64;&#x72C0;&#x6CC1;&#x7684;&#x539F;&#x56E0;&#xFF0C;&#x6700;&#x6839;&#x672C;&#x7684;&#x554F;&#x984C;&#x662F;&#x8A18;&#x61B6;&#x9AD4;&#x4E0D;&#x5920;&#x7684;&#x554F;&#x984C;&#x3002;&lt;br /&gt;&#xD;
&#x56E0;&#x905E;&#x8FF4;&#x800C;&#x9020;&#x6210;&#x8A18;&#x61B6;&#x9AD4;&#x4E0D;&#x5920;&#x7684;&#x554F;&#x984C;&#x6709;&#x4EE5;&#x4E0B;&#x5169;&#x9EDE;&#x3002;&lt;/p&gt;&#xD;
&#xD;
&lt;p&gt;1&#x3001;&lt;span style="color:#0000ff"&gt;&#x905E;&#x8FF4;&#x6B21;&#x6578;&#x904E;&#x591A;&lt;/span&gt;&#xFF0C;&#x6240;&#x4F54;&#x7684;&#x8A18;&#x61B6;&#x9AD4;&#x7A7A;&#x9593;&#x8D85;&#x51FA;&#x8CA0;&#x8377;&#x3002;&lt;/p&gt;&#xD;
&#xD;
&lt;p&gt;2&#x3001;&#x905E;&#x8FF4;&#x7684;&#x689D;&#x4EF6;&#x6C92;&#x5BEB;&#x597D;&#xFF0C;&#x5C0E;&#x81F4;&#x7A0B;&#x5F0F;&lt;span style="color:#0000ff"&gt;&#x7121;&#x7AAE;&#x7684;&#x905E;&#x8FF4;&lt;/span&gt;&#xFF0C;&#x76F4;&#x5230;&#x8D85;&#x51FA;&#x8A18;&#x61B6;&#x9AD4;&#x7A7A;&#x9593;&#x4E0A;&#x9650;&#x3002;&lt;/p&gt; </content>
  <attach></attach>
  <rcount></rcount>
  <rank></rank>
  <hit>40</hit>
  <lang>1</lang>
</data>
