<?xml version="1.0"?>
<data version="3.0" time="2024-07-20 09:55:20" type="post" filename="b000000020000000001.xml">
  <open_time>0000-00-00</open_time>
  <close_time>0000-00-00</close_time>
  <lang_name>Big5</lang_name>
  <board_id>1001278682</board_id>
  <node>000000020000000001</node>
  <site>1000110001</site>
  <pt>2023-07-23 12:03:54</pt>
  <poster>11813</poster>
  <realname>&#x5433;&#x5B9C;&#x9D3B;  </realname>
  <email>yhwu@cycu.edu.tw</email>
  <homepage>https://www.researchgate.net/profile/Yi-Hung-Wu-2  </homepage>
  <subject>Re: &#x6436;&#x7B54;202  </subject>
  <content>&lt;p&gt;&lt;span style="color:#ff0000"&gt;&#x9019;&#x53EF;&#x4EE5;&#x662F;&#x53E6;&#x5916;&#x4E00;&#x7A2E;&#x5B9A;&#x7FA9;&#xFF1A;&#x4EFB;&#x4F55;&#x4E00;&#x5206;&#x9418;&#x7684;&#x5E73;&#x5747;&#x4F47;&#x5217;&#x9577;&#x5EA6;&#xFF0C;&#x4F46;&#x662F;&#x4E26;&#x975E;&#x6559;&#x6750;&#x8CE6;&#x4E88;&#x7684;&#x5B9A;&#x7FA9;&#xFF1A;&#x4EFB;&#x4F55;&#x4E00;&#x4F4D;&#x9867;&#x5BA2;&#x611F;&#x53D7;&#x5230;&#x7684;&#x5E73;&#x5747;&#x4F47;&#x5217;&#x9577;&#x5EA6;&#x3002;&lt;/span&gt;&lt;/p&gt;&#xD;
&#xD;
&lt;p&gt;&lt;span style="color:#ff0000"&gt;&#x9867;&#x5BA2;&#x62B5;&#x9054;&#x6642;&#x6BB5;&#x901A;&#x5E38;&#x5206;&#x6563;&#x5728;&#x6574;&#x500B;&#x6642;&#x9593;&#x7BC4;&#x570D;&#x5167;&#xFF0C;&#x53EF;&#x80FD;&#x5B58;&#x5728;&#x8A31;&#x591A;&#x6642;&#x6BB5;&#x662F;&#x5B8C;&#x5168;&#x6C92;&#x6709;&#x9867;&#x5BA2;&#x7684;&#xFF0C;&#x90A3;&#x5C07;&#x56B4;&#x91CD;&#x5F71;&#x97FF;&#x524D;&#x8005;&#x7684;&#x6578;&#x503C;&#x3002;&lt;/span&gt;&lt;/p&gt;&#xD;
&#xD;
&lt;p&gt;&lt;span style="color:#ff0000"&gt;&#x76F8;&#x5C0D;&#x4F86;&#x8AAA;&#xFF0C;&#x5F8C;&#x8005;&#x53EA;&#x770B;&#x81F3;&#x5C11;&#x5B58;&#x5728;&#x4E00;&#x4F4D;&#x9867;&#x5BA2;&#x6642;&#x7684;&#x4F47;&#x5217;&#x9577;&#x5EA6;&#xFF0C;&#x5FFD;&#x7565;&#x5B8C;&#x5168;&#x6C92;&#x6709;&#x9867;&#x5BA2;&#x7684;&#x6642;&#x6BB5;&#xFF0C;&#x6BD4;&#x8F03;&#x7B26;&#x5408;&#x5E38;&#x898B;&#x61C9;&#x7528;&#x7684;&#x9700;&#x6C42;&#x3002;&lt;/span&gt;&lt;/p&gt;&#xD;
&#xD;
&lt;p&gt;&#x4EE5;&#x9280;&#x884C;&#x6AC3;&#x6AAF;&#x70BA;&#x4F8B;&#xFF0C;&#x6BCF;&#x4F4D;&#x9867;&#x5BA2;&#x6392;&#x7684;&#x968A;&#x4F0D;&#x9577;&#x5EA6;&#x624D;&#x662F;&#x95DC;&#x9375;&#xFF0C;&#x5B8C;&#x5168;&#x6C92;&#x9867;&#x5BA2;&#x4E0A;&#x9580;&#x7684;&#x6642;&#x6BB5;&#x6C92;&#x5FC5;&#x8981;&#x5217;&#x5165;&#x8003;&#x91CF;&#x3002;&lt;/p&gt; </content>
  <attach></attach>
  <rcount></rcount>
  <rank></rank>
  <hit>1</hit>
  <lang>1</lang>
</data>
