<?xml version="1.0"?>
<data version="3.0" time="2024-07-20 09:55:20" type="post" filename="b000000020.xml">
  <open_time>0000-00-00</open_time>
  <close_time>0000-00-00</close_time>
  <lang_name>Big5</lang_name>
  <board_id>1001278682</board_id>
  <node>000000020</node>
  <site>1000110001</site>
  <pt>2023-07-21 23:01:55</pt>
  <poster>10827128</poster>
  <realname>&#x6797;&#x946B;&#x5B8F;  </realname>
  <email>shawn140802@gmail.com</email>
  <homepage>  </homepage>
  <subject>&#x6436;&#x7B54;202 </subject>
  <content>&lt;p&gt;&#x89E3;&#x91CB;&#x5E73;&#x5747;&#x55AE;&#x4E00;&#x4F47;&#x5217;&#x9577;&#x5EA6; :&lt;/p&gt;&#xD;
&#xD;
&lt;p&gt;&#x5047;&#x8A2D;&#x5728;&#x4E00;&#x500B;&#x9280;&#x884C;&#x7684;&#x670D;&#x52D9;&#x53F0;&#xFF0C;&#x6709;5&#x500B;&#x9867;&#x5BA2;&#x4F9D;&#x6B21;&#x9032;&#x5165;&#x968A;&#x5217;&#xFF0C;&#x4E26;&#x7528;&#x9019;&#x500B;&#x968A;&#x4F0D;&#x5F62;&#x5BB9;&#x55AE;&#x4E00;&#x4F47;&#x5217;&#xFF0C;&#x4E26;&#x8A18;&#x9304;&#x6BCF;&#x500B;&#x6642;&#x9593;&#x55AE;&#x4F4D;&#x4E0B;&#x4F47;&#x5217;&#x4E2D;&#x7684;&#x9867;&#x5BA2;&#x6578;&#x91CF;&#x3002;&#x6211;&#x5011;&#x5C07;&#x6A21;&#x64EC;&#x6642;&#x9593;&#x8A2D;&#x70BA;&#x524D;10&#x5206;&#x9418;&#x3002;&lt;/p&gt;&#xD;
&#xD;
&lt;p&gt;&#x6642;&#x9593;&#x55AE;&#x4F4D;&#xFF1A; 1 2 3 4 5 6 7 8 9 10&lt;br /&gt;&#xD;
&#x968A;&#x5217;&#x9577;&#x5EA6;&#xFF1A; 1 2 3 3 4 4 4 3 3 2&lt;/p&gt;&#xD;
&#xD;
&lt;p&gt;&#x7B2C;&#x4E00;&#x6B65;&#xFF1A;&#x8A08;&#x7B97;&#x7D2F;&#x7A4D;&#x4F47;&#x5217;&#x9577;&#x5EA6;&lt;br /&gt;&#xD;
&#x7D2F;&#x7A4D;&#x4F47;&#x5217;&#x9577;&#x5EA6; = 1 + 2 + 3 + 3 + 4 + 4 + 4 + 3 + 3 + 2 = 29&lt;/p&gt;&#xD;
&#xD;
&lt;p&gt;&#x7B2C;&#x4E8C;&#x6B65;&#xFF1A;&#x8A08;&#x7B97;&#x5E73;&#x5747;&#x4F47;&#x5217;&#x9577;&#x5EA6;&lt;br /&gt;&#xD;
&#x5E73;&#x5747;&#x4F47;&#x5217;&#x9577;&#x5EA6; = &#x7D2F;&#x7A4D;&#x4F47;&#x5217;&#x9577;&#x5EA6; / &#x6A21;&#x64EC;&#x6642;&#x9593; = 29 / 10 &amp;asymp; 2.9&lt;/p&gt;&#xD;
&#xD;
&lt;p&gt;&#x56E0;&#x6B64;&#xFF0C;&#x5728;&#x9019;&#x500B;&#x6A21;&#x64EC;&#x7CFB;&#x7D71;&#x4E2D;&#xFF0C;&#x5E73;&#x5747;&#x968A;&#x5217;&#x9577;&#x5EA6;&#x7D04;&#x70BA;2.9&#x500B;&#x9867;&#x5BA2;&#xFF0C;&#x5716;&#x793A;&#x5982;&#x4E0B;&#x3002;&lt;img alt="" src="/user/1/0/10827128/images/202.jpg" style="height:394px; width:850px" /&gt;&lt;/p&gt; </content>
  <attach></attach>
  <rcount></rcount>
  <rank></rank>
  <hit>6</hit>
  <lang>1</lang>
</data>
