<?xml version="1.0"?>
<data version="3.0" time="2024-07-20 09:55:20" type="post" filename="b000000012000000001.xml">
  <open_time>0000-00-00</open_time>
  <close_time>0000-00-00</close_time>
  <lang_name>Big5</lang_name>
  <board_id>1001278682</board_id>
  <node>000000012000000001</node>
  <site>1000110001</site>
  <pt>2023-07-21 08:49:49</pt>
  <poster>11813</poster>
  <realname>&#x5433;&#x5B9C;&#x9D3B;  </realname>
  <email>yhwu@cycu.edu.tw</email>
  <homepage>https://www.researchgate.net/profile/Yi-Hung-Wu-2  </homepage>
  <subject>Re: &#x6436;&#x7B54;205  </subject>
  <content>&lt;p&gt;&lt;span style="color:#ff0000"&gt;&#x8AA4;&#x89E3;&#x984C;&#x610F;&#x4E86;&#xFF0C;&#x7B54;&#x975E;&#x6240;&#x554F;&#xFF01;&lt;/span&gt;&lt;/p&gt;&#xD;
&#xD;
&lt;p&gt;&lt;span style="color:#ff0000"&gt;&#x6240;&#x4F5C;&#x7B54;&#x7684;&#x662F;&#x9078;&#x64C7;&#x54EA;&#x500B;&#x4F5C;&#x696D;&#x5148;&#x670D;&#x52D9;&#x7684;&#x7B56;&#x7565;&#xFF0C;&#x4F46;&#x662F;&#x984C;&#x76EE;&#x662F;&#x554F;&#x9078;&#x64C7;&#x54EA;&#x500B;&#x4F47;&#x5217;&#x4F86;&#x653E;&#x5165;&#x4F5C;&#x696D;&#x6216;&#x8ACB;&#x6C42;&#x3002;&lt;/span&gt;&lt;/p&gt; </content>
  <attach></attach>
  <rcount></rcount>
  <rank></rank>
  <hit>1</hit>
  <lang>1</lang>
</data>
