<?xml version="1.0"?>
<data version="3.0" time="2024-07-20 09:55:20" type="post" filename="b000000005000000001.xml">
  <open_time>0000-00-00</open_time>
  <close_time>0000-00-00</close_time>
  <lang_name>Big5</lang_name>
  <board_id>1001278682</board_id>
  <node>000000005000000001</node>
  <site>1000110001</site>
  <pt>2023-07-18 15:16:37</pt>
  <poster>11813</poster>
  <realname>&#x5433;&#x5B9C;&#x9D3B;  </realname>
  <email>yhwu@cycu.edu.tw</email>
  <homepage>https://www.researchgate.net/profile/Yi-Hung-Wu-2  </homepage>
  <subject>Re: &#x6436;&#x7B54;204  </subject>
  <content>&lt;p&gt;&#x9019;&#x500B;&#x55AE;&#x5143;&#x7684;&#x4F47;&#x5217;&#x90FD;&#x662F;FCFS&#xFF0C;&#x4E26;&#x975E;&#x512A;&#x5148;&#x4F47;&#x5217;&#x3002;&lt;/p&gt;&#xD;
&#xD;
&lt;p&gt;&lt;span style="color:#ff0000"&gt;&#x8ACB;&#x4E8B;&#x5148;&#x770B;&#x904E;&#x6559;&#x6750;&#x518D;&#x4F5C;&#x7B54;&#xFF0C;&#x4EE5;&#x514D;&#x6C92;&#x52A0;&#x5206;&#xFF0C;&#x53CD;&#x800C;&#x88AB;&#x6263;&#x5206;&#x3002;&lt;/span&gt;&lt;/p&gt; </content>
  <attach></attach>
  <rcount></rcount>
  <rank></rank>
  <hit>1</hit>
  <lang>1</lang>
</data>
