<?xml version="1.0"?>
<data version="3.0" time="2024-07-20 09:55:20" type="post" filename="b000000009.xml">
  <open_time>0000-00-00</open_time>
  <close_time>0000-00-00</close_time>
  <lang_name>Big5</lang_name>
  <board_id>1001278682</board_id>
  <node>000000009</node>
  <site>1000110001</site>
  <pt>2023-07-19 13:59:21</pt>
  <poster>06005636</poster>
  <realname>&#x6731;&#x7D18;&#x6B63;  </realname>
  <email>henry3446@gmail.com</email>
  <homepage>  </homepage>
  <subject>&#x6436;&#x7B54;203 </subject>
  <content>&lt;p&gt;203. &#x8209;&#x4F8B;&#x8AAA;&#x660E;&#x96D9;&#x91CD;&#x4F47;&#x5217;&#x5982;&#x4F55;&#x6A21;&#x64EC;&#xFF0C;&#x9808;&#x6307;&#x51FA;&#x9078;&#x64C7;&#x4F47;&#x5217;&#x7684;&#x7B56;&#x7565;&#x3002;&lt;/p&gt;&#xD;
&#xD;
&lt;p&gt;&#x96D9;&#x91CD;&#x4F47;&#x5217;&#xFF08;Double-ended Queue&#xFF09;&#x662F;&#x4E00;&#x7A2E;&#x5177;&#x6709;&#x5169;&#x7AEF;&#x64CD;&#x4F5C;&#x7684;&#x4F47;&#x5217;&#x7D50;&#x69CB;&#xFF0C;&#x53EF;&#x4EE5;&#x5728;&#x982D;&#x5C3E;&#x5169;&#x7AEF;&#x9032;&#x884C;&#x5143;&#x7D20;&#x7684;&#x63D2;&#x5165;&#x548C;&#x522A;&#x9664;&#x64CD;&#x4F5C;&#x3002;&#x9019;&#x7A2E;&#x7D50;&#x69CB;&#x53EF;&#x4EE5;&#x7528;&#x4F86;&#x6A21;&#x64EC;&#x5404;&#x7A2E;&#x60C5;&#x5883;&#xFF0C;&#x4F8B;&#x5982;&#x8655;&#x7406;&#x4EFB;&#x52D9;&#x8ABF;&#x5EA6;&#x6216;&#x5132;&#x5B58;&#x512A;&#x5148;&#x7D1A;&#x5143;&#x7D20;&#x7B49;&#x3002;&#x4EE5;&#x4E0B;&#x662F;&#x4E00;&#x500B;&#x8209;&#x4F8B;&#x8AAA;&#x660E;&#x5982;&#x4F55;&#x4F7F;&#x7528;&#x96D9;&#x91CD;&#x4F47;&#x5217;&#x6A21;&#x64EC;&#x8CFC;&#x7269;&#x5834;&#x666F;&#xFF1A;&lt;/p&gt;&#xD;
&#xD;
&lt;p&gt;&#x5728;&#x9019;&#x500B;&#x8CFC;&#x7269;&#x5834;&#x666F;&#x4E2D;&#xFF0C;&#x6211;&#x5011;&#x6709;&#x5169;&#x500B;&#x4F47;&#x5217;&#xFF1A;&#x4E00;&#x500B;&#x7528;&#x65BC;&#x8655;&#x7406;&#x8CFC;&#x7269;&#x8ECA;&#x5167;&#x7684;&#x5546;&#x54C1;&#xFF0C;&#x53E6;&#x4E00;&#x500B;&#x7528;&#x65BC;&#x8655;&#x7406;&#x4ED8;&#x6B3E;&#x968A;&#x5217;&#x3002;&#x6BCF;&#x500B;&#x9867;&#x5BA2;&#x5728;&#x9078;&#x8CFC;&#x5546;&#x54C1;&#x6642;&#x6703;&#x5C07;&#x5546;&#x54C1;&#x52A0;&#x5165;&#x8CFC;&#x7269;&#x8ECA;&#xFF0C;&#x7576;&#x9867;&#x5BA2;&#x5B8C;&#x6210;&#x8CFC;&#x7269;&#x4E26;&#x6E96;&#x5099;&#x4ED8;&#x6B3E;&#x6642;&#xFF0C;&#x5C07;&#x9019;&#x4E9B;&#x5546;&#x54C1;&#x52A0;&#x5165;&#x4ED8;&#x6B3E;&#x968A;&#x5217;&#xFF0C;&#x4E26;&#x9032;&#x884C;&#x7D50;&#x5E33;&#x3002;&lt;/p&gt;&#xD;
&#xD;
&lt;p&gt;&#x4EE5;&#x4E0B;&#x662F;&#x9078;&#x64C7;&#x4F47;&#x5217;&#x7B56;&#x7565;&#x7684;&#x4F8B;&#x5B50;&#xFF1A;&#x7B2C;&#x4E00;&#x500B;&#x5546;&#x54C1;&#x8CFC;&#x7269;&#x8ECA;&#x4F47;&#x5217;&#xFF08;Product Queue&#xFF09;&#xFF0C;&#x9867;&#x5BA2;&#x5728;&#x9078;&#x8CFC;&#x5546;&#x54C1;&#x6642;&#xFF0C;&#x5C07;&#x5546;&#x54C1;&#x52A0;&#x5165;&#x5546;&#x54C1;&#x8CFC;&#x7269;&#x8ECA;&#x4F47;&#x5217;&#x7684;&#x5C3E;&#x7AEF;&#x3002;&#x9019;&#x88E1;&#x4F7F;&#x7528;&#x5148;&#x9032;&#x5148;&#x51FA;&#xFF08;FIFO&#xFF09;&#x7B56;&#x7565;&#xFF0C;&#x5373;&#x65B0;&#x52A0;&#x5165;&#x7684;&#x5546;&#x54C1;&#x6703;&#x88AB;&#x653E;&#x7F6E;&#x5728;&#x5DF2;&#x6709;&#x5546;&#x54C1;&#x4E4B;&#x5F8C;&#xFF0C;&#x800C;&#x7D50;&#x5E33;&#x6642;&#xFF0C;&#x5546;&#x54C1;&#x5C07;&#x6309;&#x7167;&#x52A0;&#x5165;&#x7684;&#x9806;&#x5E8F;&#x9032;&#x884C;&#x8655;&#x7406;&#x3002;&lt;/p&gt;&#xD;
&#xD;
&lt;p&gt;&#x7B2C;&#x4E8C;&#x500B;&#x662F;&#x4ED8;&#x6B3E;&#x4F47;&#x5217;&#xFF08;Payment Queue&#xFF09;&#xFF1A;&#x7576;&#x9867;&#x5BA2;&#x5B8C;&#x6210;&#x8CFC;&#x7269;&#x4E26;&#x6E96;&#x5099;&#x7D50;&#x5E33;&#x6642;&#xFF0C;&#x5546;&#x54C1;&#x5C07;&#x88AB;&#x5F9E;&#x5546;&#x54C1;&#x8CFC;&#x7269;&#x8ECA;&#x4F47;&#x5217;&#x4E2D;&#x79FB;&#x9664;&#x4E26;&#x52A0;&#x5165;&#x4ED8;&#x6B3E;&#x4F47;&#x5217;&#x7684;&#x5C3E;&#x7AEF;&#x3002;&#x9019;&#x88E1;&#x4E5F;&#x4F7F;&#x7528;&#x5148;&#x9032;&#x5148;&#x51FA;&#xFF08;FIFO&#xFF09;&#x7B56;&#x7565;&#xFF0C;&#x5373;&#x5148;&#x52A0;&#x5165;&#x7684;&#x5546;&#x54C1;&#x6703;&#x5148;&#x88AB;&#x8655;&#x7406;&#xFF0C;&#x5148;&#x5230;&#x4ED8;&#x6B3E;&#x6AC3;&#x53F0;&#x7684;&#x9867;&#x5BA2;&#x5148;&#x9032;&#x884C;&#x7D50;&#x5E33;&#x3002;&lt;/p&gt;&#xD;
&#xD;
&lt;p&gt;&#x9019;&#x7A2E;&#x96D9;&#x91CD;&#x4F47;&#x5217;&#x7684;&#x7D50;&#x69CB;&#x4F7F;&#x5F97;&#x5546;&#x54C1;&#x53EF;&#x4EE5;&#x6309;&#x7167;&#x5148;&#x9032;&#x5148;&#x51FA;&#x7684;&#x9806;&#x5E8F;&#x9032;&#x884C;&#x7D50;&#x5E33;&#xFF0C;&#x540C;&#x6642;&#x9867;&#x5BA2;&#x4E5F;&#x53EF;&#x4EE5;&#x81EA;&#x7531;&#x5730;&#x5728;&#x8CFC;&#x7269;&#x8ECA;&#x4E2D;&#x6DFB;&#x52A0;&#x6216;&#x79FB;&#x9664;&#x5546;&#x54C1;&#x3002;&#x9019;&#x7A2E;&#x7B56;&#x7565;&#x53EF;&#x78BA;&#x4FDD;&#x516C;&#x5E73;&#x6027;&#xFF0C;&#x4E26;&#x4F7F;&#x5F97;&#x8CFC;&#x7269;&#x5834;&#x666F;&#x4E2D;&#x7684;&#x5546;&#x54C1;&#x8655;&#x7406;&#x9075;&#x5FAA;&#x5408;&#x7406;&#x7684;&#x9806;&#x5E8F;&#x3002;&lt;/p&gt; </content>
  <attach></attach>
  <rcount></rcount>
  <rank></rank>
  <hit>21</hit>
  <lang>1</lang>
</data>
