<?xml version="1.0"?>
<data version="3.0" time="2024-07-20 09:55:20" type="post" filename="b000000009000000001.xml">
  <open_time>0000-00-00</open_time>
  <close_time>0000-00-00</close_time>
  <lang_name>Big5</lang_name>
  <board_id>1001278682</board_id>
  <node>000000009000000001</node>
  <site>1000110001</site>
  <pt>2023-07-19 16:48:28</pt>
  <poster>11813</poster>
  <realname>&#x5433;&#x5B9C;&#x9D3B;  </realname>
  <email>yhwu@cycu.edu.tw</email>
  <homepage>https://www.researchgate.net/profile/Yi-Hung-Wu-2  </homepage>
  <subject>Re: &#x6436;&#x7B54;203  </subject>
  <content>&lt;p&gt;&lt;span style="color:#ff0000"&gt;&#x7B54;&#x975E;&#x6240;&#x554F;&#xFF0C;&#x8AA4;&#x89E3;&#x984C;&#x610F;&#x55CE;&#xFF1F;&lt;/span&gt;&lt;/p&gt;&#xD;
&#xD;
&lt;p&gt;&lt;span style="color:#ff0000"&gt;&#x96D9;&#x91CD;&#x4F47;&#x5217;&#x662F;&#x6307;&#x4E8C;&#x500B;&#x4F47;&#x5217;&#xFF0C;&#x5982;&#x4F55;&#x8A2D;&#x8A08;&#x9078;&#x64C7;&#x4F47;&#x5217;&#x7684;&#x7B56;&#x7565;&#x4EE5;&#x4FBF;&#x57F7;&#x884C;&#xFF1F;&lt;/span&gt;&lt;/p&gt; </content>
  <attach></attach>
  <rcount></rcount>
  <rank></rank>
  <hit>1</hit>
  <lang>1</lang>
</data>
