<?xml version="1.0"?>
<data version="3.0" time="2024-07-20 09:55:20" type="post" filename="b000000008.xml">
  <open_time>0000-00-00</open_time>
  <close_time>0000-00-00</close_time>
  <lang_name>Big5</lang_name>
  <board_id>1001278682</board_id>
  <node>000000008</node>
  <site>1000110001</site>
  <pt>2023-07-18 19:58:09</pt>
  <poster>06005840</poster>
  <realname>&#x65BD;&#x4F2F;&#x8AED;  </realname>
  <email>u10806215@ms.ttu.edu.tw</email>
  <homepage>  </homepage>
  <subject>&#x6436;&#x7B54;205 </subject>
  <content>&lt;p&gt;first come first served, FCFS&lt;br /&gt;&#xD;
&#x5148;&#x5230;&#x5148;&#x670D;&#x52D9;&#xFF0C;&#x7528;FIFO&#xFF08;&#x5148;&#x9032;&#x5148;&#x51FA;&#xFF09;&#x4F47;&#x5217;&#x4F86;&#x8655;&#x7406;FCFS&#x7684;&#x5DE5;&#x4F5C;&#xFF0C;&#x5C31;&#x662F;&#x5148;&#x4F86;&#x6392;&#x968A;&#x7684;&#x5C31;&#x6703;&#x5148;&#x9032;&#x884C;&#x4EFB;&#x52D9;&#xFF0C;&#x9019;&#x500B;&#x65B9;&#x6CD5;&#x975E;&#x5E38;&#x7C21;&#x55AE;&#xFF0C;&#x4F46;&#x901A;&#x5E38;&#x7B49;&#x5F85;&#x6642;&#x9593;&#x6703;&#x5F88;&#x9577;&#xFF0C;&#x800C;&#x4E14;&#x5E38;&#x5E38;&#x7522;&#x751F;&#x8B77;&#x9001;&#x6548;&#x61C9;(Convoy Effect)&#xFF0C;&#x8B77;&#x9001;&#x6548;&#x61C9;&#x5C31;&#x50CF;&#x662F;&#x5728;&#x4E00;&#x5EA7;&#x7A84;&#x6A4B;&#x4E0A;&#x5982;&#x679C;&#x6709;&#x8F1B;&#x5927;&#x578B;&#x8ECA;&#x64CB;&#x8457;&#xFF0C;&#x5F8C;&#x9762;&#x7684;&#x5C0F;&#x8ECA;&#x5C31;&#x5FC5;&#x9808;&#x7B49;&#x5F85;&#x5927;&#x8ECA;&#x904E;&#x53BB;&#x624D;&#x80FD;&#x901A;&#x904E;&#x3002;&lt;br /&gt;&#xD;
FCFS&#x8209;&#x4F8B;&#xFF0C;&#x6392;&#x968A;&#x9032;&#x5165;&#x8001;&#x5E2B;&#x7684;&#x6703;&#x8B70;&#x5BA4;&#x88CF;&#x9762;&#x8DDF;&#x8001;&#x5E2B;&#x9032;&#x884C;&#x5C0D;&#x8AC7;&#xFF0C;&#x5148;&#x4F86;&#x6392;&#x968A;&#x7684;&#x80FD;&#x5148;&#x9032;&#x53BB;&#x8DDF;&#x8001;&#x5E2B;&#x9032;&#x884C;&#x5C0D;&#x8AC7;&#xFF0C;&#x5982;&#x679C;&#x6709;&#x500B;&#x4EBA;&#x7684;&#x5C0D;&#x8AC7;&#x5167;&#x5BB9;&#x5F88;&#x8C50;&#x5BCC;&#xFF0C;&#x5F8C;&#x9762;&#x7684;&#x4EBA;&#x5FC5;&#x9808;&#x7B49;&#x8F03;&#x4E45;&#x7684;&#x6642;&#x9593;&#x624D;&#x80FD;&#x9032;&#x53BB;&#x3002;&lt;/p&gt;&#xD;
&#xD;
&lt;p&gt;round-robin, RR&lt;br /&gt;&#xD;
&#x4F9D;&#x5E8F;&#x8F2A;&#x6D41;&#xFF0C;&#x5148;&#x8A2D;&#x5B9A;&#x4E00;&#x500B;&#x6642;&#x9593;&#x55AE;&#x4F4D;&#xFF0C;&#x6BCF;&#x500B;&#x4EFB;&#x52D9;&#x90FD;&#x80FD;&#x57F7;&#x884C;&#x4E00;&#x500B;&#x6642;&#x9593;&#x55AE;&#x4F4D;&#xFF0C;&#x5982;&#x679C;&#x4EFB;&#x52D9;&#x5F88;&#x9577;&#x7684;&#x8A71;&#x5C31;&#x6703;&#x88AB;&#x5206;&#x6B21;&#x57F7;&#x884C;&#x3002;&lt;br /&gt;&#xD;
RR&#x8209;&#x4F8B;&#xFF0C;&#x6392;&#x968A;&#x9032;&#x5165;&#x8001;&#x5E2B;&#x7684;&#x6703;&#x8B70;&#x5BA4;&#x88CF;&#x9762;&#x8DDF;&#x8001;&#x5E2B;&#x9032;&#x884C;&#x5C0D;&#x8AC7;&#xFF0C;&#x6BCF;&#x500B;&#x4EBA;&#x9650;&#x5B9A;&#x4E94;&#x5206;&#x9418;&#xFF0C;&#x4E94;&#x5206;&#x9418;&#x7D50;&#x675F;&#x5F8C;&#x63DB;&#x4E0B;&#x4E00;&#x500B;&#x4EBA;&#x9032;&#x5165;&#x6703;&#x8B70;&#x5BA4;&#x5C0D;&#x8AC7;&#x3002;&lt;/p&gt;&#xD;
&#xD;
&lt;p&gt;&#x5169;&#x8005;&#x5404;&#x5177;&#x512A;&#x9EDE;&#xFF0C;RR&#x6BD4;&#x8F03;&#x516C;&#x5E73;&#xFF0C;FCFS&#x80FD;&#x8B93;&#x6709;&#x60F3;&#x6CD5;&#x7684;&#x4EBA;&#x80FD;&#x76E1;&#x60C5;&#x767C;&#x63EE;&#x3002;&lt;/p&gt; </content>
  <attach></attach>
  <rcount></rcount>
  <rank></rank>
  <hit>40</hit>
  <lang>1</lang>
</data>
