<?xml version="1.0"?>
<data version="3.0" time="2024-07-20 09:55:20" type="post" filename="b000000012.xml">
  <open_time>0000-00-00</open_time>
  <close_time>0000-00-00</close_time>
  <lang_name>Big5</lang_name>
  <board_id>1001278682</board_id>
  <node>000000012</node>
  <site>1000110001</site>
  <pt>2023-07-21 02:27:43</pt>
  <poster>10927250</poster>
  <realname>&#x53E4;&#x5BB8;&#x5B87;  </realname>
  <email>ku0905264478@gmail.com</email>
  <homepage>  </homepage>
  <subject>&#x6436;&#x7B54;205 </subject>
  <content>&lt;p&gt;205. &#x63D0;&#x51FA;&#x4E8C;&#x7A2E;&#x9078;&#x64C7;&#x4F47;&#x5217;&#x7684;&#x7B56;&#x7565;&#xFF0C;&#x4E26;&#x8209;&#x4F8B;&#x6BD4;&#x8F03;&#x4E8C;&#x8005;&#x3002;&lt;/p&gt;&#xD;
&#xD;
&lt;ol&gt;&#xD;
	&lt;li&gt;&#x5148;&#x4F86;&#x5148;&#x670D;&#x52D9; (FCFS)&#xFF1A;&lt;/li&gt;&#xD;
&lt;/ol&gt;&#xD;
&#xD;
&lt;p&gt;&amp;nbsp; &amp;nbsp; &amp;nbsp; &amp;nbsp; &amp;nbsp; &amp;nbsp;&#x6839;&#x64DA;&#x4F5C;&#x696D;&#x6216;&#x8ACB;&#x6C42;&#x5230;&#x9054;&#x4F47;&#x5217;&#x7684;&#x5148;&#x5F8C;&#x9806;&#x5E8F;&#x4F86;&#x9032;&#x884C;&#x670D;&#x52D9;&#x3002;&#x7576;&#x4E00;&#x500B;&#x4F5C;&#x696D;&#x5B8C;&#x6210;&#x5F8C;&#xFF0C;&#x4E0B;&#x4E00;&#x500B;&#x5C1A;&#x672A;&#x8655;&#x7406;&#x7684;&#x4F5C;&#x696D;&#x5C07;&#x6703;&#x88AB;&#x9078;&#x64C7;&#x4E26;&#x9032;&#x5165;&#x670D;&#x52D9;&#x3002;&lt;/p&gt;&#xD;
&#xD;
&lt;p&gt;&amp;nbsp; &amp;nbsp; &amp;nbsp; &amp;nbsp; &amp;nbsp; &amp;nbsp;EX&#xFF1A;&#x8003;&#x616E;&#x4E00;&#x500B;&#x6392;&#x7A0B;&#x4F47;&#x5217;&#xFF0C;&#x6709;&#x4E09;&#x500B;&#x4F5C;&#x696D; A&#x3001;B &#x548C; C&#xFF0C;&#x5B83;&#x5011;&#x6309;&#x7167;&#x5148;&#x5F8C;&#x9806;&#x5E8F;&#x9032;&#x5165;&#x4F47;&#x5217;&#x3002;&#x9019;&#x4E9B;&#x4F5C;&#x696D;&#x5C07;&#x6309;&#x7167; A&#x3001;B&#x3001;C &#x7684;&#x9806;&#x5E8F;&#x9032;&#x884C;&#x8655;&#x7406;&#x3002;&lt;/p&gt;&#xD;
&#xD;
&lt;ol start="2"&gt;&#xD;
	&lt;li&gt;&#x6700;&#x77ED;&#x4F5C;&#x696D;&#x512A;&#x5148; (SJF)&#xFF1A;&lt;/li&gt;&#xD;
&lt;/ol&gt;&#xD;
&#xD;
&lt;p&gt;&amp;nbsp; &amp;nbsp; &amp;nbsp; &amp;nbsp; &amp;nbsp; &#x9019;&#x7A2E;&#x4F47;&#x5217;&#x6703;&#x9078;&#x64C7;&#x4F30;&#x8A08;&#x57F7;&#x884C;&#x6642;&#x9593;&#x6700;&#x77ED;&#x7684;&#x4F5C;&#x696D;&#x9032;&#x884C;&#x8655;&#x7406;&#x3002;&#x7576;&#x4E00;&#x500B;&#x4F5C;&#x696D;&#x5B8C;&#x6210;&#x5F8C;&#xFF0C;&#x9078;&#x64C7;&#x4F47;&#x5217;&#x4E2D;&#x4F30;&#x8A08;&#x57F7;&#x884C;&#x6642;&#x9593;&#x6700;&#x77ED;&#x7684;&#x4E0B;&#x4E00;&#x500B;&#x4F5C;&#x696D;&#x4F86;&#x8655;&#x7406;&#x3002;&lt;/p&gt;&#xD;
&#xD;
&lt;p&gt;&amp;nbsp; &amp;nbsp; &amp;nbsp; &amp;nbsp; &amp;nbsp; EX&#xFF1A;&#x8003;&#x616E;&#x4E00;&#x500B;&#x6392;&#x7A0B;&#x4F47;&#x5217;&#xFF0C;&#x6709;&#x4E09;&#x500B;&#x4F5C;&#x696D; A&#x3001;B &#x548C; C&#xFF0C;&#x5B83;&#x5011;&#x7684;&#x4F30;&#x8A08;&#x57F7;&#x884C;&#x6642;&#x9593;&#x5206;&#x5225;&#x70BA; 5&#x3001;2 &#x548C; 8 &#x55AE;&#x4F4D;&#x6642;&#x9593;&#x3002;SJF &#x7B56;&#x7565;&#x5C07;&#x6309;&#x7167; B&#x3001;A&#x3001;C &#x7684;&amp;nbsp; &amp;nbsp; &amp;nbsp; &amp;nbsp; &amp;nbsp; &amp;nbsp; &amp;nbsp; &amp;nbsp; &amp;nbsp; &amp;nbsp; &#x9806;&#x5E8F;&#x4F86;&#x8655;&#x7406;&#x9019;&#x4E9B;&#x4F5C;&#x696D;&#xFF0C;&#x56E0;&#x70BA; B &#x5177;&#x6709;&#x6700;&#x77ED;&#x7684;&#x4F30;&#x8A08;&#x57F7;&#x884C;&#x6642;&#x9593;&#x3002;&lt;/p&gt;&#xD;
&#xD;
&lt;p&gt;&amp;nbsp; &amp;nbsp; &amp;nbsp; &amp;nbsp; &amp;nbsp;&#x6BD4;&#x8F03;&#x5169;&#x8005;&#xFF1A;&lt;/p&gt;&#xD;
&#xD;
&lt;ol&gt;&#xD;
	&lt;li&gt;&#xD;
	&lt;p&gt;&amp;nbsp;&#x57F7;&#x884C;&#x6642;&#x9593;&#xFF1A;&lt;/p&gt;&#xD;
&#xD;
	&lt;ul&gt;&#xD;
		&lt;li&gt;FCFS&#xFF1A;&#x5982;&#x679C;&#x524D;&#x9762;&#x7684;&#x4F5C;&#x696D;&#x975E;&#x5E38;&#x8017;&#x6642;&#xFF0C;&#x5C07;&#x5C0E;&#x81F4;&#x5F8C;&#x7E8C;&#x4F5C;&#x696D;&#x7B49;&#x5F85;&#x6642;&#x9593;&#x8F03;&#x9577;&#x3002;&lt;/li&gt;&#xD;
		&lt;li&gt;SJF&#xFF1A;&#x80FD;&#x5920;&#x5FEB;&#x901F;&#x8655;&#x7406;&#x77ED;&#x4F5C;&#x696D;&#xFF0C;&#x6E1B;&#x5C11;&#x7B49;&#x5F85;&#x6642;&#x9593;&#xFF0C;&#x4F46;&#x9577;&#x4F5C;&#x696D;&#x53EF;&#x80FD;&#x9700;&#x8981;&#x7B49;&#x5F85;&#x8F03;&#x9577;&#x6642;&#x9593;&#x624D;&#x6703;&#x53BB;&#x505A;&#x5230;&#x4ED6;&#x3002;&lt;/li&gt;&#xD;
	&lt;/ul&gt;&#xD;
	&lt;/li&gt;&#xD;
	&lt;li&gt;&#xD;
	&lt;p&gt;&#x516C;&#x5E73;&#x6027;&#xFF1A;&lt;/p&gt;&#xD;
&#xD;
	&lt;ul&gt;&#xD;
		&lt;li&gt;FCFS&#xFF1A;&#x9075;&#x5FAA;&#x516C;&#x5E73;&#x539F;&#x5247;&#xFF0C;&#x6309;&#x7167;&#x5148;&#x5F8C;&#x9806;&#x5E8F;&#x9032;&#x884C;&#x8655;&#x7406;&#x3002;&lt;/li&gt;&#xD;
		&lt;li&gt;SJF&#xFF1A;&#x53EF;&#x80FD;&#x6703;&#x56E0;&#x70BA;&#x9577;&#x4F5C;&#x696D;&#x7684;&#x5B58;&#x5728;&#x800C;&#x8B93;&#x5176;&#x4ED6;&#x77ED;&#x4F5C;&#x696D;&#x7B49;&#x5F85;&#x6642;&#x9593;&#x589E;&#x52A0;&#xFF0C;&#x516C;&#x5E73;&#x6027;&#x8F03;&#x5DEE;&#x3002;&lt;/li&gt;&#xD;
	&lt;/ul&gt;&#xD;
	&lt;/li&gt;&#xD;
&lt;/ol&gt; </content>
  <attach></attach>
  <rcount></rcount>
  <rank></rank>
  <hit>12</hit>
  <lang>1</lang>
</data>
