<?xml version="1.0"?>
<data version="3.0" time="2024-07-20 09:55:20" type="post" filename="b000000008000000001.xml">
  <open_time>0000-00-00</open_time>
  <close_time>0000-00-00</close_time>
  <lang_name>Big5</lang_name>
  <board_id>1001278682</board_id>
  <node>000000008000000001</node>
  <site>1000110001</site>
  <pt>2023-07-19 10:06:17</pt>
  <poster>11813</poster>
  <realname>&#x5433;&#x5B9C;&#x9D3B;  </realname>
  <email>yhwu@cycu.edu.tw</email>
  <homepage>https://www.researchgate.net/profile/Yi-Hung-Wu-2  </homepage>
  <subject>Re: &#x6436;&#x7B54;205  </subject>
  <content>&lt;p&gt;Good examples.&lt;/p&gt;&#xD;
&#xD;
&lt;p&gt;&#x6392;&#x968A;&#x8DDF;&#x8001;&#x5E2B;&#x5C0D;&#x8AC7;&#x7684;&#x4F8B;&#x5B50;&#xFF0C;&#x7528;RR&#x6050;&#x6015;&#x6548;&#x679C;&#x4E0D;&#x5F70;&#xFF0C;&#x56E0;&#x70BA;&#x6BCF;&#x4E94;&#x5206;&#x9418;&#x8001;&#x5E2B;&#x5C31;&#x8981;&#x91CD;&#x8A2D;&#x4E00;&#x6B21;&#x5C0D;&#x8AC7;&#x5167;&#x5BB9;&#xFF0C;&#x9664;&#x975E;&#x8001;&#x5E2B;&#x63DB;&#x6210;&#x4E00;&#x500B;&#x804A;&#x5929;&#x6A5F;&#x5668;&#x4EBA;&#x3002;&lt;/p&gt; </content>
  <attach></attach>
  <rcount></rcount>
  <rank></rank>
  <hit>1</hit>
  <lang>1</lang>
</data>
