<?xml version="1.0"?>
<data version="3.0" time="2024-07-20 09:55:20" type="post" filename="b000000001.xml">
  <open_time>0000-00-00</open_time>
  <close_time>0000-00-00</close_time>
  <lang_name>Big5</lang_name>
  <board_id>1001278682</board_id>
  <node>000000001</node>
  <site>1000110001</site>
  <pt>2023-07-18 01:07:40</pt>
  <poster>06005634</poster>
  <realname>&#x90ED;&#x5BB8;&#x69A4;  </realname>
  <email>jyh2guo@gmail.com</email>
  <homepage>  </homepage>
  <subject>&#x6436;&#x7B54;205 </subject>
  <content>&lt;p&gt;1.FCFS&#x5148;&#x5230;&#x5148;&#x670D;&#x52D9;:&#x5148;&#x5230;&#x9054;&#x4F47;&#x5217;&#x7684;&#x9867;&#x5BA2;&#x6703;&#x512A;&#x5148;&#x670D;&#x52D9;&#xFF0C;&#x4E0B;&#x4E00;&#x500B;&#x7B49;&#x5F85;&#x7684;&#x9867;&#x5BA2;&#x6703;&#x6210;&#x70BA;&#x4E0B;&#x4E00;&#x4F4D;&#xFF0C;&#x4F46;&#x6709;&#x53EF;&#x80FD;&#x6703;starvation(&#x5BA2;&#x4EBA;&#x8981;&#x7B49;&#x5F85;&#x5F88;&#x9577;&#x7684;&#x6642;&#x9593;)&lt;br /&gt;&#xD;
2.SJF&#x6700;&#x77ED;&#x512A;&#x5148;:&#x512A;&#x5148;&#x8655;&#x7406;&#x670D;&#x52D9;&#x6642;&#x9593;&#x6700;&#x77ED;&#x7684;&#x9867;&#x5BA2;&#x3002;&#x7576;&#x9867;&#x5BA2;&#x5B8C;&#x6210;&#x5F8C;&#xFF0C;&#x4E0B;&#x4E00;&#x4F4D;waiting time&#x63DB;&#x6700;&#x77ED;&#x7684;&#x9867;&#x5BA2;&#x670D;&#x52D9;&#x3002;SJF&#x53EF;&#x4EE5;&#x6700;&#x5C0F;&#x5E73;&#x5747;waiting time&#xFF0C;&#x56E0;&#x70BA;&#x8F03;&#x77ED;&#x7684;&#x670D;&#x52D9;&#x6642;&#x9593;&#x9867;&#x5BA2;&#x512A;&#x5148;&#x8655;&#x7406;&#xFF0C;&#x8B93;&#x6574;&#x500B;&#x4F47;&#x5217;&#x7684;&#x6E1B;&#x5C11;waiting time&#x3002;&lt;/p&gt;&#xD;
&#xD;
&lt;p&gt;&#x8209;&#x4F8B;:&#x5982;&#x679C;&#x4F7F;&#x7528;SJF&#xFF0C;&#x670D;&#x52D9;&#x54E1;&#x53EF;&#x4EE5;&#x512A;&#x5148;&#x8655;&#x7406;&#x9700;&#x8981;&#x6642;&#x9593;&#x6700;&#x77ED;&#x7684;&#x5BA2;&#x4EBA;&#xFF0C;&#x5FEB;&#x901F;&#x5B8C;&#x6210;&#x670D;&#x52D9;&#xFF0C;&#x9910;&#x5EF3;&#x5C31;&#x53EF;&#x4EE5;&#x8655;&#x7406;&#x66F4;&#x591A;&#x5BA2;&#x4EBA;&#xFF0C;&#x4E0D;&#x904E;&#x6703;&#x8B93;&#x9EDE;&#x4E86;&#x6BD4;&#x8F03;&#x591A;&#x83DC;&#x7684;&#x5BA2;&#x4EBA;&#x7B49;&#x5F85;&#x66F4;&#x4E45;&#x7684;&#x6642;&#x9593;&#xFF0C;&#x56E0;&#x70BA;&#x5B83;&#x5011;&#x6240;&#x9700;&#x7684;&#x6642;&#x9593;&#x8F03;&#x9577;&#x6240;&#x4EE5;&#x6392;&#x5728;&#x5F8C;&#x9762;&lt;/p&gt; </content>
  <attach></attach>
  <rcount></rcount>
  <rank></rank>
  <hit>49</hit>
  <lang>1</lang>
</data>
