<?xml version="1.0"?>
<data version="3.0" time="2024-07-20 09:55:20" type="post" filename="b000000023000000001.xml">
  <open_time>0000-00-00</open_time>
  <close_time>0000-00-00</close_time>
  <lang_name>Big5</lang_name>
  <board_id>1001278682</board_id>
  <node>000000023000000001</node>
  <site>1000110001</site>
  <pt>2023-07-26 09:40:48</pt>
  <poster>11813</poster>
  <realname>&#x5433;&#x5B9C;&#x9D3B;  </realname>
  <email>yhwu@cycu.edu.tw</email>
  <homepage>https://www.researchgate.net/profile/Yi-Hung-Wu-2  </homepage>
  <subject>Re: &#x6436;&#x7B54;201  </subject>
  <content>&lt;p&gt;&lt;span style="color:#ff0000"&gt;&#x6C92;&#x6709;&lt;strong&gt;&#x8209;&#x4F8B;&lt;/strong&gt;&#x8AAA;&#x660E;&#x5982;&#x4F55;&#x8A08;&#x7B97;&lt;/span&gt;&lt;/p&gt; </content>
  <attach></attach>
  <rcount></rcount>
  <rank></rank>
  <hit>1</hit>
  <lang>1</lang>
</data>
