<?xml version="1.0"?>
<data version="3.0" time="2024-07-20 09:55:20" type="post" filename="b000000004.xml">
  <open_time>0000-00-00</open_time>
  <close_time>0000-00-00</close_time>
  <lang_name>Big5</lang_name>
  <board_id>1001278682</board_id>
  <node>000000004</node>
  <site>1000110001</site>
  <pt>2023-07-18 13:57:59</pt>
  <poster>11020143</poster>
  <realname>&#x5433;&#x67CF;&#x8CE2;  </realname>
  <email>s25880260@gmail.com</email>
  <homepage> </homepage>
  <subject>&#x6436;&#x7B54;203 </subject>
  <content>&lt;p&gt;&#x6709;&#x4E00;&#x500B;&#x7CFB;&#x7D71;&#xFF0C;&#x9700;&#x8981;&#x8655;&#x7406;&#x5169;&#x7A2E;&#x4E0D;&#x540C;&#x512A;&#x5148;&#x7D1A;&#x7684;&#x4EFB;&#x52D9;&#xFF1A;&#x4EFB;&#x52D9;1~5&#xFF0C;&#x4E14;&#x4EFB;&#x52D9;1.3&#x512A;&#x5148;&#x65BC;&#x4EFB;&#x52D9;2.4.5&#xFF0C;&#x6211;&#x5011;&#x53EF;&#x4EE5;&#x4F7F;&#x7528;&#x96D9;&#x91CD;&#x4F47;&#x5217;&#x6A21;&#x64EC;&#x9019;&#x500B;&#x7CFB;&#x7D71;&#xFF0C;&#x5176;&#x4E2D;&#x4EFB;&#x52D9;1.3&#x5132;&#x5B58;&#x5728;&#x524D;&#x7AEF;&#x5340;&#x57DF;&#xFF0C;&#x4EFB;&#x52D9;2.4.5&#x5132;&#x5B58;&#x5728;&#x5F8C;&#x7AEF;&#x5340;&#x57DF;&#xFF0C;&#x4F7F;&#x7528;&#x4EE5;&#x4E0B;&#x9078;&#x64C7;&#x7B56;&#x7565;&#xFF1A;&lt;/p&gt;&#xD;
&#xD;
&lt;p&gt;1.&#x512A;&#x5148;&#x8655;&#x7406;&#x9AD8;&#x512A;&#x5148;&#x7D1A;&#x4EFB;&#x52D9;&#x3002;&lt;/p&gt;&#xD;
&#xD;
&lt;p&gt;2.&#x5982;&#x679C;&#x524D;&#x7AEF;&#x5340;&#x57DF;&#x662F;&#x7A7A;&#x7684;&#xFF0C;&#x5247;&#x8655;&#x7406;&#x5F8C;&#x7AEF;&#x5340;&#x57DF;&#x7684;&#x4F4E;&#x512A;&#x5148;&#x7D1A;&#x4EFB;&#x52D9;&lt;br /&gt;&#xD;
&amp;nbsp;&lt;/p&gt;&#xD;
&#xD;
&lt;p&gt;&#x5C07;&#x4EFB;&#x52D9;&#x52A0;&#x5165;&#x4F47;&#x5217;&#xFF0C;&#x524D;&#x7AEF;&#x9806;&#x5E8F;&#x70BA;:3.1&amp;nbsp; &#x5F8C;&#x7AEF;&#x9806;&#x5E8F;&#x70BA;:4.2.5&lt;br /&gt;&#xD;
&#x5176;&#x57F7;&#x884C;&#x7D50;&#x679C;&#x70BA;3.1.4.2.5&lt;/p&gt;</content>
  <attach></attach>
  <rcount></rcount>
  <rank></rank>
  <hit>35</hit>
  <lang>1</lang>
</data>
