<?xml version="1.0"?>
<data version="3.0" time="2024-07-20 09:55:20" type="post" filename="b000000007.xml">
  <open_time>0000-00-00</open_time>
  <close_time>0000-00-00</close_time>
  <lang_name>Big5</lang_name>
  <board_id>1001278682</board_id>
  <node>000000007</node>
  <site>1000110001</site>
  <pt>2023-07-18 18:31:19</pt>
  <poster>06005931</poster>
  <realname>&#x4F58;&#x4EF2;&#x5091;  </realname>
  <email>szj891226@gmail.com</email>
  <homepage>  </homepage>
  <subject>&#x6436;&#x7B54;201 </subject>
  <content>&lt;p&gt;201.&#x8209;&#x4F8B;&#x8AAA;&#x660E;&#x55AE;&#x4E00;&#x4F47;&#x5217;&#x6A21;&#x64EC;&#x5982;&#x4F55;&#x8A08;&#x7B97;&#x5E73;&#x5747;&#x7B49;&#x5019;&#x6642;&#x9593;waiting time&#x3002;&lt;/p&gt;&#xD;
&#xD;
&lt;p&gt;Ans:&lt;/p&gt;&#xD;
&#xD;
&lt;p&gt;&#x55AE;&#x4E00;&#x4F47;&#x5217;&#x8981;&#x8A08;&#x7B97;&#x5E73;&#x5747;&#x7B49;&#x5019;&#x6642;&#x9593;&#x9700;&#x8003;&#x616E;:1.&#x62B5;&#x9054;&#x6642;&#x9593;&#x3001;2.&#x670D;&#x52D9;&#x6642;&#x9593;&#x3001;3.&#x958B;&#x59CB;&#x670D;&#x52D9;&#x6642;&#x9593;&#x3001;4.&#x7B49;&#x5019;&#x6642;&#x9593;&lt;/p&gt;&#xD;
&#xD;
&lt;p&gt;&#x50CF;&#x9AD8;&#x7D1A;&#x9910;&#x5EF3;&#x5B89;&#x6392;&#x5957;&#x9910;&#x7D66;&#x5BA2;&#x4EBA;&#x4E00;&#x6A23;&#xFF0C;&lt;/p&gt;&#xD;
&#xD;
&lt;p&gt;&#x9996;&#x5148;&#x8981;&#x70BA;&#x5BA2;&#x4EBA;&#x6E96;&#x5099;&#x5957;&#x9910;(&#x9805;&#x76EE;):&#x958B;&#x80C3;&#x83DC;&#x3001;&#x524D;&#x83DC;&#x3001;&#x6C99;&#x62C9;&#x3001;&#x6E6F;&#x3001;&#x4E3B;&#x9910; &#x3001;&#x751C;&#x9EDE;&#x98F2;&#x6599;&#xFF0C;&lt;/p&gt;&#xD;
&#xD;
&lt;p&gt;&#x7576;&#x6BCF;&#x9053;&#x83DC;&#x4E0A;&#x684C;(&#x62B5;&#x9054;&#x6642;&#x9593;)&#xFF0C;&#x5E6B;&#x5BA2;&#x4EBA;&#x670D;&#x52D9;(&#x958B;&#x59CB;&#x670D;&#x52D9;&#x6642;&#x9593;)&#xFF0C;&#x5099;&#x9910;&#x6642;&#x9593;(&#x7B49;&#x5019;&#x6642;&#x9593;)&lt;/p&gt;&#xD;
&#xD;
&lt;p&gt;&#x800C;&#x8981;&#x8A08;&#x7B97;&#x5E73;&#x5747;&#x7B49;&#x5019;&#x6642;&#x9593;&#x5247;&#x8981;&#x7528;&#x7B49;&#x5019;&#x6642;&#x9593;(&#x958B;&#x59CB;&#x670D;&#x52D9;&#x6642;&#x9593;-&#x62B5;&#x9054;&#x6642;&#x9593;)&#x53BB;&#x9664;&#x4EE5;&#x5DF2;&#x7D93;&#x5B8C;&#x6210;&#x7684;&#x9805;&#x76EE;(&#x4E0A;&#x9F4A;&#x7684;&#x9910;&#x9EDE;)&#x3002;&lt;/p&gt; </content>
  <attach></attach>
  <rcount></rcount>
  <rank></rank>
  <hit>42</hit>
  <lang>1</lang>
</data>
