<?xml version="1.0"?>
<data version="3.0" time="2024-07-20 09:55:20" type="post" filename="b000000002.xml">
  <open_time>0000-00-00</open_time>
  <close_time>0000-00-00</close_time>
  <lang_name>Big5</lang_name>
  <board_id>1001278682</board_id>
  <node>000000002</node>
  <site>1000110001</site>
  <pt>2023-07-18 13:30:13</pt>
  <poster>06005636</poster>
  <realname>&#x6731;&#x7D18;&#x6B63;  </realname>
  <email>henry3446@gmail.com</email>
  <homepage> </homepage>
  <subject>&#x6436;&#x7B54;201</subject>
  <content>&lt;p&gt;201.&#x8209;&#x4F8B;&#x8AAA;&#x660E;&#x55AE;&#x4E00;&#x4F47;&#x5217;&#x6A21;&#x64EC;&#x5982;&#x4F55;&#x8A08;&#x7B97;&#x5E73;&#x5747;&#x7B49;&#x5019;&#x6642;&#x9593;waiting time&#x3002;&lt;/p&gt;&#xD;
&#xD;
&lt;p&gt;&#x5047;&#x8A2D;&#x6709;&#x4E00;&#x500B;&#x55AE;&#x4E00;&#x4F47;&#x5217;&#x6A21;&#x64EC;&#x7CFB;&#x7D71;&#xFF0C;&#x5176;&#x4E2D;&#x5305;&#x542B;&#x4E86;&#x591A;&#x500B;&#x9867;&#x5BA2;&#x9032;&#x5165;&#x7CFB;&#x7D71;&#x4E26;&#x7B49;&#x5F85;&#x670D;&#x52D9;&#x3002;&#x6211;&#x5011;&#x60F3;&#x8981;&#x8A08;&#x7B97;&#x5E73;&#x5747;&#x7B49;&#x5019;&#x6642;&#x9593;&#xFF08;waiting time&#xFF09;&#xFF0C;&#x5373;&#x9867;&#x5BA2;&#x5728;&#x4F47;&#x5217;&#x4E2D;&#x7B49;&#x5F85;&#x7684;&#x5E73;&#x5747;&#x6642;&#x9593;&#x9577;&#x5EA6;&#x3002;&#x4EE5;&#x4E0B;&#x662F;&#x4E00;&#x500B;&#x793A;&#x4F8B;&#xFF0C;&#x8AAA;&#x660E;&#x5982;&#x4F55;&#x8A08;&#x7B97;&#x5E73;&#x5747;&#x7B49;&#x5019;&#x6642;&#x9593;&#xFF0C;&lt;/p&gt;&#xD;
&#xD;
&lt;p&gt;&#x7B2C;&#x4E00;&#x6B65;&#x5EFA;&#x7ACB;&#x7CFB;&#x7D71;&#xFF1A;&#x9996;&#x5148;&#xFF0C;&#x9700;&#x8981;&#x5EFA;&#x7ACB;&#x4E00;&#x500B;&#x55AE;&#x4E00;&#x4F47;&#x5217;&#x6A21;&#x64EC;&#x7CFB;&#x7D71;&#xFF0C;&#x53EF;&#x4EE5;&#x4F7F;&#x7528;&#x7A0B;&#x5F0F;&#x6216;&#x6A21;&#x64EC;&#x5DE5;&#x5177;&#x4F86;&#x5BE6;&#x73FE;&#x3002;&#x7CFB;&#x7D71;&#x4E2D;&#x5305;&#x542B;&#x4E00;&#x500B;&#x4F47;&#x5217;&#xFF08;queue&#xFF09;&#x548C;&#x670D;&#x52D9;&#x5668;&#xFF08;server&#xFF09;&#x3002;&lt;/p&gt;&#xD;
&#xD;
&lt;p&gt;&#x7B2C;&#x4E8C;&#x6B65;&#x7522;&#x751F;&#x9867;&#x5BA2;&#xFF1A;&#x4F7F;&#x7528;&#x4E00;&#x500B;&#x96A8;&#x6A5F;&#x4E8B;&#x4EF6;&#x751F;&#x6210;&#x5668;&#x4F86;&#x6A21;&#x64EC;&#x9867;&#x5BA2;&#x5230;&#x9054;&#x7684;&#x6642;&#x9593;&#x9593;&#x9694;&#x3002;&lt;/p&gt;&#xD;
&#xD;
&lt;p&gt;&#x7B2C;&#x4E09;&#x6B65;&#x9867;&#x5BA2;&#x9032;&#x5165;&#x4F47;&#x5217;&#xFF1A;&#x7576;&#x4E00;&#x500B;&#x9867;&#x5BA2;&#x5230;&#x9054;&#x7CFB;&#x7D71;&#xFF0C;&#x5C07;&#x5176;&#x653E;&#x5165;&#x4F47;&#x5217;&#x4E2D;&#x7B49;&#x5F85;&#x670D;&#x52D9;&#x3002;&#x7D00;&#x9304;&#x9867;&#x5BA2;&#x9032;&#x5165;&#x4F47;&#x5217;&#x7684;&#x6642;&#x9593;&#x3002;&lt;/p&gt;&#xD;
&#xD;
&lt;p&gt;&#x7B2C;&#x56DB;&#x6B65;&#x9867;&#x5BA2;&#x670D;&#x52D9;&#xFF1A;&#x7576;&#x670D;&#x52D9;&#x5668;&#x7A7A;&#x9592;&#x6642;&#xFF0C;&#x5F9E;&#x4F47;&#x5217;&#x4E2D;&#x9078;&#x64C7;&#x4E00;&#x500B;&#x9867;&#x5BA2;&#x9032;&#x884C;&#x670D;&#x52D9;&#x3002;&#x9867;&#x5BA2;&#x7684;&#x670D;&#x52D9;&#x6642;&#x9593;&#x53EF;&#x4EE5;&#x4F7F;&#x7528;&#x96A8;&#x6A5F;&#x4E8B;&#x4EF6;&#x751F;&#x6210;&#x5668;&#x3002;&lt;/p&gt;&#xD;
&#xD;
&lt;p&gt;&#x7B2C;&#x4E94;&#x6B65;&#x8A08;&#x7B97;&#x7B49;&#x5019;&#x6642;&#x9593;&#xFF1A;&#x7576;&#x9867;&#x5BA2;&#x5B8C;&#x6210;&#x670D;&#x52D9;&#x5F8C;&#xFF0C;&#x8A08;&#x7B97;&#x5176;&#x5728;&#x4F47;&#x5217;&#x4E2D;&#x7B49;&#x5F85;&#x7684;&#x6642;&#x9593;&#xFF0C;&#x5373;&#x7B49;&#x5019;&#x6642;&#x9593;&#x3002;&#x7B49;&#x5019;&#x6642;&#x9593;&#x7B49;&#x65BC;&#x9867;&#x5BA2;&#x9032;&#x5165;&#x4F47;&#x5217;&#x7684;&#x6642;&#x9593;&#x6E1B;&#x53BB;&#x9867;&#x5BA2;&#x958B;&#x59CB;&#x670D;&#x52D9;&#x7684;&#x6642;&#x9593;&#x3002;&lt;/p&gt;&#xD;
&#xD;
&lt;p&gt;&#x7B2C;&#x516D;&#x6B65;&#x7D2F;&#x8A08;&#x7B49;&#x5019;&#x6642;&#x9593;&#xFF1A;&#x5C0D;&#x65BC;&#x6BCF;&#x500B;&#x9867;&#x5BA2;&#xFF0C;&#x5C07;&#x5176;&#x7B49;&#x5019;&#x6642;&#x9593;&#x52A0;&#x7E3D;&#x8D77;&#x4F86;&#xFF0C;&#x5F97;&#x5230;&#x6240;&#x6709;&#x9867;&#x5BA2;&#x7684;&#x7E3D;&#x7B49;&#x5019;&#x6642;&#x9593;&#x3002;&lt;/p&gt;&#xD;
&#xD;
&lt;p&gt;&#x6700;&#x5F8C;&#x662F;&#x8A08;&#x7B97;&#x5E73;&#x5747;&#x7B49;&#x5019;&#x6642;&#x9593;&#xFF1A;&#x5C07;&#x7E3D;&#x7B49;&#x5019;&#x6642;&#x9593;&#x9664;&#x4EE5;&#x7E3D;&#x9867;&#x5BA2;&#x6578;&#x91CF;&#xFF0C;&#x5373;&#x53EF;&#x5F97;&#x5230;&#x5E73;&#x5747;&#x7B49;&#x5019;&#x6642;&#x9593;&#x3002;&lt;/p&gt;&#xD;
&#xD;
&lt;p&gt;&#x7528;&#x65BC;&#x8A08;&#x7B97;&#x5E73;&#x5747;&#x7B49;&#x5019;&#x6642;&#x9593;&#xFF0C;&#x901A;&#x904E;&#x6A21;&#x64EC;&#x7CFB;&#x7D71;&#xFF0C;&#x6211;&#x5011;&#x53EF;&#x4EE5;&#x63A2;&#x7D22;&#x4E0D;&#x540C;&#x7684;&#x53C3;&#x6578;&#x8A2D;&#x7F6E;&#x548C;&#x7B56;&#x7565;&#xFF0C;&#x4EE5;&#x512A;&#x5316;&#x7CFB;&#x7D71;&#x6027;&#x80FD;&#x4E26;&#x6E1B;&#x5C11;&#x7B49;&#x5019;&#x6642;&#x9593;&#x3002;&lt;/p&gt;</content>
  <attach></attach>
  <rcount></rcount>
  <rank></rank>
  <hit>43</hit>
  <lang>1</lang>
</data>
