<?xml version="1.0"?>
<data version="3.0" time="2024-07-20 09:55:20" type="post" filename="b000000022.xml">
  <open_time>0000-00-00</open_time>
  <close_time>0000-00-00</close_time>
  <lang_name>Big5</lang_name>
  <board_id>1001278682</board_id>
  <node>000000022</node>
  <site>1000110001</site>
  <pt>2023-07-21 23:28:08</pt>
  <poster>10827128</poster>
  <realname>&#x6797;&#x946B;&#x5B8F;  </realname>
  <email>shawn140802@gmail.com</email>
  <homepage>  </homepage>
  <subject>&#x6436;&#x7B54; 203 </subject>
  <content>&lt;p&gt;&amp;nbsp;&#x8209;&#x4F8B;&#x8AAA;&#x660E;&#x96D9;&#x91CD;&#x4F47;&#x5217;&#x5982;&#x4F55;&#x6A21;&#x64EC;&#xFF0C;&#x9808;&#x6307;&#x51FA;&#x9078;&#x64C7;&#x4F47;&#x5217;&#x7684;&#x7B56;&#x7565;&#x3002;&lt;/p&gt;&#xD;
&#xD;
&lt;p&gt;&#x6211;&#x60F3;&#x5230;&#x7684;&#x662F;&#x4E00;&#x500B;&#x6AC3;&#x53F0;&#x672C;&#x4F86;2&#x500B;&#x5E97;&#x54E1;&#x540C;&#x6642;&#x7D50;&#x5E33;&#xFF0C;&#x4E26;&#x5404;&#x6709;&#x4E00;&#x6392;&#x968A;&#x4F0D;&#xFF0C;&#x4F46;&#x662F;&#x5E97;&#x54E1;2&#x5973;&#x670B;&#x53CB;&#x7A81;&#x7136;&#x6253;&#x4F86;&#xFF0C;&#x53EA;&#x80FD;&#x5E97;&#x54E1;1&#x7368;&#x6311;&#x5927;&#x6A11;&#xFF0C;&#x56E0;&#x70BA;&#x53EB;&#x7B2C;&#x4E8C;&#x6392;&#x91CD;&#x65B0;&#x6392;&#x4E00;&#x6B21;&#x4E0D;&#x592A;&#x597D;&#xFF0C;&#x53EA;&#x80FD;&#x540C;&#x6642;&#x7D50;&#x9019;&#x5169;&#x6392;&#xFF0C;&#x800C;&#x8981;&#x5E6B;&#x9019;&#x5169;&#x6392;&#x7D50;&#x5E33;&#x53C8;&#x4E0D;&#x6703;&#x88AB;&#x5BA2;&#x8A34;&#x5C31;&#x5FC5;&#x9808;&#x8981;&#x76E1;&#x91CF;&#x516C;&#x5E73;&#x4E14;&#x6709;&#x6548;&#x7387;&#xFF0C;&#x6211;&#x6709;&#x4E0B;&#x5217;&#x65B9;&#x6848;&#xFF0C;&#x66F4;&#x591A;&#x7B56;&#x7565;&#x53EF;&#x4EE5;&#x4F9D;&#x7576;&#x524D;&#x9700;&#x6C42;&#x518D;&#x5236;&#x8A02;:&lt;/p&gt;&#xD;
&#xD;
&lt;ul&gt;&#xD;
	&lt;li&gt;&#x53EF;&#x4EE5;&#x5169;&#x6392;&#x968A;&#x4F0D;&#x8F2A;&#x6D41;&#xFF0C;&#x5982;&#x679C;&#x8CB7;&#x7684;&#x6771;&#x897F;&#x8DDF;&#x6BCF;&#x6392;&#x4EBA;&#x6578;&#x5DEE;&#x4E0D;&#x591A;&#xFF0C;&#x6548;&#x7387;&#x662F;&#x53EF;&#x4EE5;&#x7684;&lt;/li&gt;&#xD;
	&lt;li&gt;&#x7D50;&#x5B8C;&#x4E00;&#x500B;&#x5BA2;&#x4EBA;&#x5E33;&#x7684;&#x7576;&#x4E0B;&#xFF0C;&#x968A;&#x4F0D;&#x4EBA;&#x6578;&#x591A;&#x7684;&#x90A3;&#x6392;&#x53EF;&#x4EE5;&#x7D50;&#xFF0C;&#x53EF;&#x4EE5;&#x5E73;&#x5747;&#x7684;&#x6E1B;&#x5C11;2&#x6392;&#x4EBA;&#x6578;(&#x53EF;&#x80FD;&#x4E00;&#x76F4;&#x6709;&#x65B0;&#x5BA2;&#x4EBA;&#x6392;&#x5230;&#x540C;&#x4E00;&#x6392;&#x6642;)&lt;/li&gt;&#xD;
	&lt;li&gt;&#x7D50;&#x5B8C;&#x4E00;&#x500B;&#x5BA2;&#x4EBA;&#x5E33;&#x7684;&#x7576;&#x4E0B;&#xFF0C;&#x968A;&#x4F0D;&#x6700;&#x524D;&#x7684;&#x8CB7;&#x5F97;&#x591A;(&#x6216;&#x5C11;)&#x7684;&#x90A3;&#x6392;&#x53EF;&#x4EE5;&#x7D50;&#xFF0C;&#x82E5;&#x6311;&#x6700;&#x591A;&#x5148;&#xFF0C;&#x4E0D;&#x7528;&#x4F54;&#x4ED6;&#x5011;&#x592A;&#x591A;&#x529B;&#x6C23;&#xFF0C;&#x53CD;&#x4E4B;&#x53EF;&#x4EE5;&#x6700;&#x5FEB;&#x6E1B;&#x5C11;&#x4EBA;&#x6578;(&#x770B;&#x91CD;&#x8CC7;&#x6E90;&#x6216;&#x6548;&#x7387;)&lt;/li&gt;&#xD;
	&lt;li&gt;&#x770B;&#x9019;2&#x6392;&#x8AB0;&#x5728;&#x7D50;&#x5B8C;&#x4E00;&#x500B;&#x5BA2;&#x4EBA;&#x5E33;&#x7684;&#x7576;&#x4E0B;&#x7684;&#x6574;&#x9AD4;&#x7E3D;&#x8017;&#x6642;&#x9AD8;&#x5C31;&#x5148;&lt;/li&gt;&#xD;
&lt;/ul&gt;&#xD;
&#xD;
&lt;p&gt;&#x5957;&#x7528;&#x5230;&#x7A0B;&#x5F0F;&#x4E0A;&#x5C31;&#x4E00;&#x6A23;&#x662F;&#x770B;head(&#x7B2C;&#x4E00;&#x4F4D;)&#x6216;&#x6574;&#x9AD4;&#x7684;&#x5167;&#x5BB9;&#x5224;&#x65B7;&#x53BB;&#x8D70;&#x7B56;&#x7565;&lt;/p&gt; </content>
  <attach></attach>
  <rcount></rcount>
  <rank></rank>
  <hit>9</hit>
  <lang>1</lang>
</data>
