<?xml version="1.0"?>
<data version="3.0" time="2024-07-20 09:55:20" type="post" filename="b000000010000000001.xml">
  <open_time>0000-00-00</open_time>
  <close_time>0000-00-00</close_time>
  <lang_name>Big5</lang_name>
  <board_id>1001278682</board_id>
  <node>000000010000000001</node>
  <site>1000110001</site>
  <pt>2023-07-19 16:52:08</pt>
  <poster>11813</poster>
  <realname>&#x5433;&#x5B9C;&#x9D3B;  </realname>
  <email>yhwu@cycu.edu.tw</email>
  <homepage>https://www.researchgate.net/profile/Yi-Hung-Wu-2  </homepage>
  <subject>Re: &#x6436;&#x7B54;204  </subject>
  <content>&lt;p&gt;&lt;span style="color:#b22222"&gt;&#x8209;&#x7684;&#x4F8B;&#x5B50;&#x592A;&#x7C21;&#x6613;&#xFF0C;&#x4E8C;&#x500B;&#x4F47;&#x5217;&#x5E7E;&#x4E4E;&#x90FD;&#x6C92;&#x7528;&#x5230;&#xFF0C;&#x8209;&#x4F8B;&#x61C9;&#x8A72;&#x4F7F;&#x4F47;&#x5217;&#x9577;&#x5EA6;&#x81F3;&#x5C11;&#x9054;&#x5230;3&#x3002;&lt;/span&gt;&lt;/p&gt;&#xD;
&#xD;
&lt;p&gt;&lt;span style="color:#b22222"&gt;&#x6B64;&#x5916;&#xFF0C;&#x591A;&#x91CD;&#x4F47;&#x5217;&#x662F;&#x6307;&#x591A;&#x500B;&#x4F47;&#x5217;&#xFF0C;&#x53EF;&#x80FD;&#x662F;3&#x500B;&#x6216;&#x66F4;&#x591A;&#xFF0C;&#x65B9;&#x6CD5;&#x6558;&#x8FF0;&#x5C31;&#x5FC5;&#x9808;&#x662F;&#x901A;&#x7528;&#x7684;&#x3002;&lt;/span&gt;&lt;/p&gt; </content>
  <attach></attach>
  <rcount></rcount>
  <rank></rank>
  <hit>2</hit>
  <lang>1</lang>
</data>
