<?xml version="1.0"?>
<data version="3.0" time="2024-07-20 09:55:20" type="post" filename="b000000021000000001.xml">
  <open_time>0000-00-00</open_time>
  <close_time>0000-00-00</close_time>
  <lang_name>Big5</lang_name>
  <board_id>1001278682</board_id>
  <node>000000021000000001</node>
  <site>1000110001</site>
  <pt>2023-07-23 12:06:17</pt>
  <poster>11813</poster>
  <realname>&#x5433;&#x5B9C;&#x9D3B;  </realname>
  <email>yhwu@cycu.edu.tw</email>
  <homepage>https://www.researchgate.net/profile/Yi-Hung-Wu-2  </homepage>
  <subject>Re: &#x6436;&#x7B54;201  </subject>
  <content>&lt;p&gt;&amp;quot;&#x5BA2;&#x6236;4&#xFF1A;&#x7B49;&#x5019;&#x6642;&#x9593; = &lt;span style="color:#ff0000"&gt;15 &lt;/span&gt;- 5 = 10 &#x5206;&#x9418;&amp;quot;&lt;/p&gt;&#xD;
&#xD;
&lt;p&gt;&lt;span style="color:#ff0000"&gt;&#x8A08;&#x7B97;&#x6578;&#x503C;&#x548C;&#x8209;&#x4F8B;&#x7684;&#x6578;&#x5B57;&#x4E0D;&#x4E00;&#x81F4;&#x3002;&lt;/span&gt;&lt;/p&gt; </content>
  <attach></attach>
  <rcount></rcount>
  <rank></rank>
  <hit>1</hit>
  <lang>1</lang>
</data>
