<?xml version="1.0"?>
<data version="3.0" time="2024-07-20 09:55:20" type="post" filename="b000000011.xml">
  <open_time>0000-00-00</open_time>
  <close_time>0000-00-00</close_time>
  <lang_name>Big5</lang_name>
  <board_id>1001278682</board_id>
  <node>000000011</node>
  <site>1000110001</site>
  <pt>2023-07-21 02:20:33</pt>
  <poster>10927250</poster>
  <realname>&#x53E4;&#x5BB8;&#x5B87;  </realname>
  <email>ku0905264478@gmail.com</email>
  <homepage>  </homepage>
  <subject>&#x6436;&#x7B54;201 </subject>
  <content>&lt;p&gt;201. &#x8209;&#x4F8B;&#x8AAA;&#x660E;&#x55AE;&#x4E00;&#x4F47;&#x5217;&#x6A21;&#x64EC;&#x5982;&#x4F55;&#x8A08;&#x7B97;&#x5E73;&#x5747;&#x7B49;&#x5019;&#x6642;&#x9593;waiting time&#x3002;&lt;/p&gt;&#xD;
&#xD;
&lt;p&gt;&#x5047;&#x8A2D;&#x6211;&#x5011;&#x6709;&#x4EE5;&#x4E0B;&#x8CC7;&#x8A0A;&#xFF1A;&lt;/p&gt;&#xD;
&#xD;
&lt;p&gt;1.&#x9032;&#x5165;&#x4F47;&#x5217;&#x7684;&#x6642;&#x9593;&#xFF1A;&#x8A18;&#x9304;&#x6BCF;&#x500B;&#x4EBA;&#x9032;&#x5165;&#x4F47;&#x5217;&#x7684;&#x6642;&#x9593;&#x9EDE;&#x3002;&lt;/p&gt;&#xD;
&#xD;
&lt;p&gt;2. &#x5B8C;&#x6210;&#x670D;&#x52D9;&#x7684;&#x6642;&#x9593;&#xFF1A;&#x8A18;&#x9304;&#x6BCF;&#x500B;&#x4EBA;&#x5B8C;&#x6210;&#x670D;&#x52D9;&#x7684;&#x6642;&#x9593;&#x9EDE;&#x3002;&lt;/p&gt;&#xD;
&#xD;
&lt;p&gt;&#x8A08;&#x7B97;&#x6BCF;&#x500B;&#x4EBA;&#x7684;Waiting Time&amp;nbsp;&#x7684;&#x65B9;&#x6CD5;&#x662F;&#xFF1A;&#x7B49;&#x5019;&#x6642;&#x9593; = &#x5B8C;&#x6210;&#x670D;&#x52D9;&#x7684;&#x6642;&#x9593; - &#x9032;&#x5165;&#x4F47;&#x5217;&#x7684;&#x6642;&#x9593;&lt;/p&gt;&#xD;
&#xD;
&lt;p&gt;&#x5E73;&#x5747;&#x7B49;&#x5019;&#x6642;&#x9593; (Average Waiting Time) &#x5247;&#x662F;&#x5C07;&#x6240;&#x6709;&#x4EBA;&#x7B49;&#x5019;&#x6642;&#x9593;&#x7684;&#x5168;&#x90E8;&#x76F8;&#x52A0;&#x7136;&#x5F8C;&#x9664;&#x4EE5;&#x4F47;&#x5217;&#x4E2D;&#x7684;&#x4EBA;&#x6578;&#xFF1A;&lt;/p&gt;&#xD;
&#xD;
&lt;p&gt;&#x5E73;&#x5747;&#x7B49;&#x5019;&#x6642;&#x9593; = &amp;Sigma;(&#x6BCF;&#x500B;&#x4EBA;&#x7684;&#x7B49;&#x5019;&#x6642;&#x9593;) / &#x4F47;&#x5217;&#x4E2D;&#x7684;&#x4EBA;&#x6578;&lt;/p&gt;&#xD;
&#xD;
&lt;p&gt;&#x4E00;&#x500B;&#x7C21;&#x55AE;&#x7684;&#x7BC4;&#x4F8B;&#x4F86;&#x8AAA;&#x660E;&#xFF1A;&lt;/p&gt;&#xD;
&#xD;
&lt;p&gt;&#x5047;&#x8A2D;&#x4F47;&#x5217;&#x4E2D;&#x6709;5&#x500B;&#x4EBA;&#x9032;&#x884C;&#x670D;&#x52D9;&#xFF0C;&#x4E26;&#x5DF2;&#x77E5;&#x4EE5;&#x4E0B;&#x8CC7;&#x8A0A;&#xFF1A;&lt;/p&gt;&#xD;
&#xD;
&lt;p&gt;Person 1&#xFF1A;&#x9032;&#x5165;&#x4F47;&#x5217;&#x6642;&#x9593; = 0, &#x5B8C;&#x6210;&#x670D;&#x52D9;&#x6642;&#x9593; = 5&lt;/p&gt;&#xD;
&#xD;
&lt;p&gt;Person 2&#xFF1A;&#x9032;&#x5165;&#x4F47;&#x5217;&#x6642;&#x9593; = 2, &#x5B8C;&#x6210;&#x670D;&#x52D9;&#x6642;&#x9593; = 10&lt;/p&gt;&#xD;
&#xD;
&lt;p&gt;Person 3&#xFF1A;&#x9032;&#x5165;&#x4F47;&#x5217;&#x6642;&#x9593; = 5, &#x5B8C;&#x6210;&#x670D;&#x52D9;&#x6642;&#x9593; = 15&lt;/p&gt;&#xD;
&#xD;
&lt;p&gt;Person 4&#xFF1A;&#x9032;&#x5165;&#x4F47;&#x5217;&#x6642;&#x9593; = 8, &#x5B8C;&#x6210;&#x670D;&#x52D9;&#x6642;&#x9593; = 20&lt;/p&gt;&#xD;
&#xD;
&lt;p&gt;Person 5&#xFF1A;&#x9032;&#x5165;&#x4F47;&#x5217;&#x6642;&#x9593; = 12, &#x5B8C;&#x6210;&#x670D;&#x52D9;&#x6642;&#x9593; = 25&lt;/p&gt;&#xD;
&#xD;
&lt;p&gt;&#x8A08;&#x7B97;&#x6BCF;&#x500B;&#x4EBA;&#x7684;&#x7B49;&#x5019;&#x6642;&#x9593;&#xFF1A;&lt;/p&gt;&#xD;
&#xD;
&lt;p&gt;Person 1&#xFF1A;&#x7B49;&#x5019;&#x6642;&#x9593; = 5 - 0 = 5&lt;/p&gt;&#xD;
&#xD;
&lt;p&gt;Person 2&#xFF1A;&#x7B49;&#x5019;&#x6642;&#x9593; = 10 - 2 = 8&lt;/p&gt;&#xD;
&#xD;
&lt;p&gt;Person 3&#xFF1A;&#x7B49;&#x5019;&#x6642;&#x9593; = 15 - 5 = 10&lt;/p&gt;&#xD;
&#xD;
&lt;p&gt;Person 4&#xFF1A;&#x7B49;&#x5019;&#x6642;&#x9593; = 20 - 8 = 12&lt;/p&gt;&#xD;
&#xD;
&lt;p&gt;Person 5&#xFF1A;&#x7B49;&#x5019;&#x6642;&#x9593; = 25 - 12 = 13&lt;/p&gt;&#xD;
&#xD;
&lt;p&gt;&#x518D;&#x4F86;&#x8A08;&#x7B97;&#x5E73;&#x5747;&#x7B49;&#x5019;&#x6642;&#x9593;&amp;nbsp;= (5 + 8 + 10 + 12 + 13) / 5 = 9.6&lt;/p&gt;&#xD;
&#xD;
&lt;p&gt;&#x56E0;&#x6B64;&#xFF0C;&#x9019;&#x500B;&#x55AE;&#x4E00;&#x4F47;&#x5217;&#x6A21;&#x64EC;&#x7684;&#x5E73;&#x5747;&#x7B49;&#x5019;&#x6642;&#x9593;&#x70BA;9.6&#x500B;&#x6642;&#x9593;&#x55AE;&#x4F4D;&#x3002;&lt;/p&gt; </content>
  <attach></attach>
  <rcount></rcount>
  <rank></rank>
  <hit>12</hit>
  <lang>1</lang>
</data>
