<?xml version="1.0"?>
<data version="3.0" time="2024-07-20 09:55:20" type="post" filename="b000000013.xml">
  <open_time>0000-00-00</open_time>
  <close_time>0000-00-00</close_time>
  <lang_name>Big5</lang_name>
  <board_id>1001278682</board_id>
  <node>000000013</node>
  <site>1000110001</site>
  <pt>2023-07-21 02:43:24</pt>
  <poster>10927250</poster>
  <realname>&#x53E4;&#x5BB8;&#x5B87;  </realname>
  <email>ku0905264478@gmail.com</email>
  <homepage>  </homepage>
  <subject>&#x6436;&#x7B54;202 </subject>
  <content>&lt;p&gt;202. &#x8209;&#x4F8B;&#x8AAA;&#x660E;&#x55AE;&#x4E00;&#x4F47;&#x5217;&#x6A21;&#x64EC;&#x5982;&#x4F55;&#x8A08;&#x7B97;&#x5E73;&#x5747;&#x4F47;&#x5217;&#x9577;&#x5EA6;queue length&#x3002;&lt;/p&gt;&#xD;
&#xD;
&lt;p&gt;&#x5047;&#x8A2D;&#x6211;&#x5011;&#x55AE;&#x4E00;&#x4F47;&#x5217;&#x6A21;&#x64EC;&#xFF0C;&#x6A21;&#x64EC;&#x4E00;&#x500B;&#x9280;&#x884C;&#x7684;&#x670D;&#x52D9;&#x7A97;&#x53E3;&#x3002;&#x5BA2;&#x6236;&#x4F9D;&#x5E8F;&#x9032;&#x5165;&#x4F47;&#x5217;&#xFF0C;&#x7B49;&#x5F85;&#x670D;&#x52D9;&#x3002;&#x670D;&#x52D9;&#x6642;&#x9593;&#x662F;&#x96A8;&#x6A5F;&#x7684;&#xFF0C;&#x6BCF;&#x500B;&#x5BA2;&#x6236;&#x7684;&#x670D;&#x52D9;&#x6642;&#x9593;&#x53EF;&#x80FD;&#x4E0D;&#x540C;&#x3002;&lt;/p&gt;&#xD;
&#xD;
&lt;p&gt;&#x904B;&#x884C;&#x4E86;&#x4E00;&#x6BB5;&#x6642;&#x9593;&#xFF0C;&#x6211;&#x5011;&#x8A18;&#x9304;&#x4E86;&#x6BCF;&#x4E00;&#x500B;&#x5C0F;&#x6642;&#x9593;&#x968E;&#x6BB5;&#x4F47;&#x5217;&#x4E2D;&#x7684;&#x5BA2;&#x6236;&#x6578;&#x91CF;&#x3002;&#x6211;&#x5011;&#x5C07;&#x4F7F;&#x7528;&#x9019;&#x4E9B;&#x6578;&#x64DA;&#x4F86;&#x8A08;&#x7B97;&#x5E73;&#x5747;&#x4F47;&#x5217;&#x9577;&#x5EA6;&#x3002;&lt;/p&gt;&#xD;
&#xD;
&lt;p&gt;&#x5047;&#x8A2D;&#x5728;&#x7B2C; t &#x5206;&#x9418;&#x6642;&#xFF0C;&#x4F47;&#x5217;&#x4E2D;&#x7684;&#x5BA2;&#x6236;&#x6578;&#x91CF;&#x70BA; Q(t)&#x3002;&#x6211;&#x5011;&#x8A18;&#x9304;&#x4E86; N &#x5206;&#x9418;&#x7684;&#x6578;&#x64DA;&#xFF0C;&#x5373; Q(1), Q(2), ..., Q(N)&#x3002;&lt;/p&gt;&#xD;
&#xD;
&lt;p&gt;&#x6240;&#x6709;&#x6642;&#x9593;&#x9EDE;&#x7684;&#x4F47;&#x5217;&#x9577;&#x5EA6;&#x52A0;&#x7E3D;&#x7136;&#x5F8C;&#x9664;&#x4EE5;&#x6642;&#x9593;&#x6BB5;&#x7684;&#x7E3D;&#x6578; : &#x5E73;&#x5747;&#x4F47;&#x5217;&#x9577;&#x5EA6; = (Q(1) + Q(2) + ... + Q(N)) / N&lt;/p&gt;&#xD;
&#xD;
&lt;p&gt;&#x4F8B;&#x5982;&#x4EE5;&#x4E0B;&#x4F47;&#x5217;&#x9577;&#x5EA6;&#x6578;&#x64DA;&#xFF1A;&lt;/p&gt;&#xD;
&#xD;
&lt;p&gt;Q(1) = 3&lt;/p&gt;&#xD;
&#xD;
&lt;p&gt;Q(2) = 5&lt;/p&gt;&#xD;
&#xD;
&lt;p&gt;Q(3) = 4&lt;/p&gt;&#xD;
&#xD;
&lt;p&gt;Q(4) = 6&lt;/p&gt;&#xD;
&#xD;
&lt;p&gt;Q(5) = 2&lt;/p&gt;&#xD;
&#xD;
&lt;p&gt;&#x6211;&#x5011;&#x8A08;&#x7B97;&#x6700;&#x8FD1; 5 &#x5206;&#x9418;&#x7684;&#x5E73;&#x5747;&#x4F47;&#x5217;&#x9577;&#x5EA6;&#xFF1A;&lt;/p&gt;&#xD;
&#xD;
&lt;p&gt;&#x5E73;&#x5747;&#x4F47;&#x5217;&#x9577;&#x5EA6; = (3 + 5 + 4 + 6 + 2) / 5&lt;/p&gt;&#xD;
&#xD;
&lt;p&gt;&amp;nbsp;20 / 5 = 4&lt;/p&gt;&#xD;
&#xD;
&lt;p&gt;&#x56E0;&#x6B64;&#xFF0C;&#x5728;&#x6700;&#x8FD1;&#x7684;&#x4E94;&#x5206;&#x9418;&#x5167;&#xFF0C;&#x5E73;&#x5747;&#x4F47;&#x5217;&#x9577;&#x5EA6;&#x70BA; 4&#x3002;&lt;/p&gt; </content>
  <attach></attach>
  <rcount></rcount>
  <rank></rank>
  <hit>12</hit>
  <lang>1</lang>
</data>
