<?xml version="1.0"?>
<data version="3.0" time="2024-07-20 09:55:20" type="post" filename="b000000021.xml">
  <open_time>0000-00-00</open_time>
  <close_time>0000-00-00</close_time>
  <lang_name>Big5</lang_name>
  <board_id>1001278682</board_id>
  <node>000000021</node>
  <site>1000110001</site>
  <pt>2023-07-21 23:16:30</pt>
  <poster>10920143</poster>
  <realname>&#x9EC3;&#x540D;&#x6E6F;  </realname>
  <email>s10920143@cycu.edu.tw</email>
  <homepage>  </homepage>
  <subject>&#x6436;&#x7B54;201 </subject>
  <content>&lt;p&gt;&#x8209;&#x4F8B;&#x8AAA;&#x660E;&#x55AE;&#x4E00;&#x4F47;&#x5217;&#x6A21;&#x64EC;&#x5982;&#x4F55;&#x8A08;&#x7B97;&#x5E73;&#x5747;&#x7B49;&#x5019;&#x6642;&#x9593;waiting time&#x3002;&lt;/p&gt;&#xD;
&#xD;
&lt;p&gt;&#x5BA2;&#x6236;1&#xFF1A;&#x5230;&#x9054;&#x6642;&#x9593; 0 &#x5206;&#x9418;&#xFF0C;&#x670D;&#x52D9;&#x6642;&#x9593; 5 &#x5206;&#x9418;&lt;/p&gt;&#xD;
&#xD;
&lt;p&gt;&#x5BA2;&#x6236;2&#xFF1A;&#x5230;&#x9054;&#x6642;&#x9593; 2 &#x5206;&#x9418;&#xFF0C;&#x670D;&#x52D9;&#x6642;&#x9593; 3 &#x5206;&#x9418;&lt;/p&gt;&#xD;
&#xD;
&lt;p&gt;&#x5BA2;&#x6236;3&#xFF1A;&#x5230;&#x9054;&#x6642;&#x9593; 4 &#x5206;&#x9418;&#xFF0C;&#x670D;&#x52D9;&#x6642;&#x9593; 2 &#x5206;&#x9418;&lt;/p&gt;&#xD;
&#xD;
&lt;p&gt;&#x5BA2;&#x6236;4&#xFF1A;&#x5230;&#x9054;&#x6642;&#x9593; 5 &#x5206;&#x9418;&#xFF0C;&#x670D;&#x52D9;&#x6642;&#x9593; 7 &#x5206;&#x9418;&lt;/p&gt;&#xD;
&#xD;
&lt;p&gt;&#x8A08;&#x7B97;&#x6BCF;&#x4F4D;&#x5BA2;&#x6236;&#x7684;&#x7B49;&#x5019;&#x6642;&#x9593; (Waiting Time)&#xFF1A;&lt;/p&gt;&#xD;
&#xD;
&lt;p&gt;&#x7B49;&#x5019;&#x6642;&#x9593; = &#x958B;&#x59CB;&#x670D;&#x52D9;&#x6642;&#x9593; - &#x5230;&#x9054;&#x6642;&#x9593;&lt;/p&gt;&#xD;
&#xD;
&lt;p&gt;&#x5BA2;&#x6236;1&#xFF1A;&#x7B49;&#x5019;&#x6642;&#x9593; = 0 - 0 = 0 &#x5206;&#x9418;&lt;/p&gt;&#xD;
&#xD;
&lt;p&gt;&#x5BA2;&#x6236;2&#xFF1A;&#x7B49;&#x5019;&#x6642;&#x9593; = 5 - 2 = 3 &#x5206;&#x9418;&lt;/p&gt;&#xD;
&#xD;
&lt;p&gt;&#x5BA2;&#x6236;3&#xFF1A;&#x7B49;&#x5019;&#x6642;&#x9593; = 8 - 4 = 4 &#x5206;&#x9418;&lt;/p&gt;&#xD;
&#xD;
&lt;p&gt;&#x5BA2;&#x6236;4&#xFF1A;&#x7B49;&#x5019;&#x6642;&#x9593; = 15 - 5 = 10 &#x5206;&#x9418;&lt;/p&gt;&#xD;
&#xD;
&lt;p&gt;&#x7E3D;&#x7B49;&#x5019;&#x6642;&#x9593; = 0 + 3 + 4 + 10 = 17 &#x5206;&#x9418;&lt;/p&gt;&#xD;
&#xD;
&lt;p&gt;&#x5E73;&#x5747;&#x7B49;&#x5019;&#x6642;&#x9593; = 17 &#x5206;&#x9418; / 4 = 4.25 &#x5206;&#x9418;&lt;/p&gt; </content>
  <attach></attach>
  <rcount></rcount>
  <rank></rank>
  <hit>5</hit>
  <lang>1</lang>
</data>
