<?xml version="1.0"?>
<data version="3.0" time="2024-07-20 09:55:20" type="post" filename="b000000018.xml">
  <open_time>0000-00-00</open_time>
  <close_time>0000-00-00</close_time>
  <lang_name>Big5</lang_name>
  <board_id>1001278682</board_id>
  <node>000000018</node>
  <site>1000110001</site>
  <pt>2023-07-21 17:43:21</pt>
  <poster>06005836</poster>
  <realname>&#x9673;&#x4E88;&#x7487;  </realname>
  <email>jason40125520@gmail.com</email>
  <homepage>  </homepage>
  <subject>&#x6436;&#x7B54;205 </subject>
  <content>&lt;p&gt;&lt;strong&gt;&#x63D0;&#x51FA;&#x4E8C;&#x7A2E;&#x9078;&#x64C7;&#x4F47;&#x5217;&#x7684;&#x7B56;&#x7565;&#xFF0C;&#x4E26;&#x8209;&#x4F8B;&#x6BD4;&#x8F03;&#x4E8C;&#x8005;&lt;/strong&gt;&lt;/p&gt;&#xD;
&#xD;
&lt;p&gt;&lt;strong&gt;&#x5728;&#x591A;&#x91CD;&#x4F47;&#x5217;&#x6A21;&#x64EC;&#x4E2D;&#xFF0C;&#x6709;&#x8A31;&#x591A;&#x9078;&#x64C7;&#x4F47;&#x5217;&#x7684;&#x7B56;&#x7565;&#xFF0C;&#x9019;&#x4E9B;&#x7B56;&#x7565;&#x6703;&#x5F71;&#x97FF;&#x9867;&#x5BA2;&#x52A0;&#x5165;&#x54EA;&#x500B;&#x4F47;&#x5217;&#x7684;&#x6C7A;&#x5B9A;&#x3002;&#x4EE5;&#x4E0B;&#x63D0;&#x4F9B;&#x5169;&#x7A2E;&#x5E38;&#x898B;&#x7684;&#x9078;&#x64C7;&#x4F47;&#x5217;&#x7B56;&#x7565;&#x4E26;&#x9032;&#x884C;&#x6BD4;&#x8F03;&#xFF1A;&lt;/strong&gt;&lt;/p&gt;&#xD;
&#xD;
&lt;p&gt;&lt;strong&gt;&#x6700;&#x77ED;&#x4F47;&#x5217;&#x512A;&#x5148;&#xFF08;Shortest Queue First&#xFF09;&#xFF1A;&lt;/strong&gt;&lt;/p&gt;&#xD;
&#xD;
&lt;p&gt;&lt;strong&gt;&#x7B56;&#x7565;&#xFF1A;&lt;/strong&gt;&lt;/p&gt;&#xD;
&#xD;
&lt;p&gt;&lt;strong&gt;&#x9867;&#x5BA2;&#x9078;&#x64C7;&#x52A0;&#x5165;&#x76EE;&#x524D;&#x9577;&#x5EA6;&#x6700;&#x77ED;&#x7684;&#x4F47;&#x5217;&#x3002;&lt;/strong&gt;&lt;/p&gt;&#xD;
&#xD;
&lt;p&gt;&lt;strong&gt;&#x6BD4;&#x8F03;&#xFF1A;&lt;/strong&gt;&lt;/p&gt;&#xD;
&#xD;
&lt;p&gt;&lt;strong&gt;&#x9019;&#x7A2E;&#x7B56;&#x7565;&#x901A;&#x5E38;&#x80FD;&#x5920;&#x7372;&#x5F97;&#x8F03;&#x597D;&#x7684;&#x6574;&#x9AD4;&#x5E73;&#x5747;&#x7B49;&#x5019;&#x6642;&#x9593;&#xFF0C;&#x56E0;&#x70BA;&#x9867;&#x5BA2;&#x6703;&#x50BE;&#x5411;&#x52A0;&#x5165;&#x6B63;&#x5728;&#x8655;&#x7406;&#x8F03;&#x5C11;&#x9867;&#x5BA2;&#x7684;&#x4F47;&#x5217;&#xFF0C;&#x5F9E;&#x800C;&#x964D;&#x4F4E;&#x7B49;&#x5F85;&#x6642;&#x9593;&#x3002;&#x7136;&#x800C;&#xFF0C;&#x9019;&#x53EF;&#x80FD;&#x5C0E;&#x81F4;&#x4E00;&#x4E9B;&#x4F47;&#x5217;&#x7E3D;&#x662F;&#x8655;&#x65BC;&#x5FD9;&#x788C;&#x72C0;&#x614B;&#xFF0C;&#x800C;&#x5176;&#x4ED6;&#x4F47;&#x5217;&#x5247;&#x76F8;&#x5C0D;&#x9592;&#x7F6E;&#x3002;&lt;/strong&gt;&lt;/p&gt;&#xD;
&#xD;
&lt;p&gt;&lt;strong&gt;&#x6700;&#x512A;&#x5148;&#xFF08;Priority&#xFF09;&#xFF1A;&lt;/strong&gt;&lt;/p&gt;&#xD;
&#xD;
&lt;p&gt;&lt;strong&gt;&#x7B56;&#x7565;&#xFF1A;&lt;/strong&gt;&lt;/p&gt;&#xD;
&#xD;
&lt;p&gt;&lt;strong&gt;&#x6BCF;&#x500B;&#x9867;&#x5BA2;&#x90FD;&#x6709;&#x4E00;&#x500B;&#x512A;&#x5148;&#x7D1A;&#xFF0C;&#x9867;&#x5BA2;&#x52A0;&#x5165;&#x5177;&#x6709;&#x6700;&#x9AD8;&#x512A;&#x5148;&#x7D1A;&#x7684;&#x4F47;&#x5217;&#x3002;&lt;/strong&gt;&lt;/p&gt;&#xD;
&#xD;
&lt;p&gt;&lt;strong&gt;&#x6BD4;&#x8F03;&#xFF1A;&lt;/strong&gt;&lt;/p&gt;&#xD;
&#xD;
&lt;p&gt;&lt;strong&gt;&#x9019;&#x7A2E;&#x7B56;&#x7565;&#x53EF;&#x7528;&#x65BC;&#x5340;&#x5206;&#x4E0D;&#x540C;&#x9867;&#x5BA2;&#x985E;&#x578B;&#x6216;&#x8655;&#x7406;&#x4E0D;&#x540C;&#x7DCA;&#x6025;&#x7A0B;&#x5EA6;&#x7684;&#x4E8B;&#x52D9;&#x3002;&#x4F8B;&#x5982;&#xFF0C;VIP&#x9867;&#x5BA2;&#x53EF;&#x80FD;&#x5177;&#x6709;&#x8F03;&#x9AD8;&#x7684;&#x512A;&#x5148;&#x7D1A;&#xFF0C;&#x800C;&#x5176;&#x4ED6;&#x666E;&#x901A;&#x9867;&#x5BA2;&#x5247;&#x5177;&#x6709;&#x8F03;&#x4F4E;&#x7684;&#x512A;&#x5148;&#x7D1A;&#x3002;&#x9019;&#x6A23;&#x53EF;&#x4EE5;&#x78BA;&#x4FDD;&#x9AD8;&#x512A;&#x5148;&#x7D1A;&#x9867;&#x5BA2;&#x80FD;&#x5920;&#x512A;&#x5148;&#x63A5;&#x53D7;&#x670D;&#x52D9;&#xFF0C;&#x4F46;&#x4E5F;&#x53EF;&#x80FD;&#x5C0E;&#x81F4;&#x4F4E;&#x512A;&#x5148;&#x7D1A;&#x9867;&#x5BA2;&#x7B49;&#x5F85;&#x6642;&#x9593;&#x589E;&#x52A0;&#x3002;&lt;/strong&gt;&lt;/p&gt;&#xD;
&#xD;
&lt;p&gt;&lt;strong&gt;&#x6BD4;&#x8F03;&#x793A;&#x4F8B;&#xFF1A;&lt;/strong&gt;&lt;/p&gt;&#xD;
&#xD;
&lt;p&gt;&lt;strong&gt;&#x5047;&#x8A2D;&#x6709;&#x4E00;&#x5BB6;&#x91AB;&#x9662;&#xFF0C;&#x6709;&#x5169;&#x500B;&#x8A3A;&#x7642;&#x5340;&#xFF1A;A&#x5340;&#x548C;B&#x5340;&#x3002;&#x4F7F;&#x7528;&#x6700;&#x77ED;&#x4F47;&#x5217;&#x512A;&#x5148;&#x7B56;&#x7565;&#xFF0C;&#x6BCF;&#x4F4D;&#x75C5;&#x4EBA;&#x6703;&#x9078;&#x64C7;&#x52A0;&#x5165;&#x76EE;&#x524D;&#x60A3;&#x8005;&#x8F03;&#x5C11;&#x7684;&#x8A3A;&#x7642;&#x5340;&#x3002;&#x800C;&#x4F7F;&#x7528;&#x6700;&#x512A;&#x5148;&#x7B56;&#x7565;&#xFF0C;&#x512A;&#x5148;&#x7D1A;&#x9AD8;&#x7684;&#x75C5;&#x4EBA;&#xFF08;&#x4F8B;&#x5982;&#x6025;&#x8A3A;&#x75C5;&#x4EBA;&#xFF09;&#x6703;&#x512A;&#x5148;&#x52A0;&#x5165;A&#x5340;&#x9032;&#x884C;&#x6CBB;&#x7642;&#xFF0C;&#x800C;&#x5176;&#x4ED6;&#x666E;&#x901A;&#x75C5;&#x4EBA;&#x5247;&#x52A0;&#x5165;B&#x5340;&#x3002;&lt;/strong&gt;&lt;/p&gt;&#xD;
&#xD;
&lt;p&gt;&lt;strong&gt;&#x6700;&#x77ED;&#x4F47;&#x5217;&#x512A;&#x5148;&#xFF1A;&#x5047;&#x8A2D;&#x6709;&#x5169;&#x500B;&#x8A3A;&#x7642;&#x5340;&#xFF0C;A&#x5340;&#x4F47;&#x5217;&#x9577;&#x5EA6;&#x70BA;5&#xFF0C;B&#x5340;&#x4F47;&#x5217;&#x9577;&#x5EA6;&#x70BA;3&#x3002;&#x4E00;&#x4F4D;&#x75C5;&#x4EBA;&#x5230;&#x4F86;&#xFF0C;&#x4ED6;&#x6703;&#x52A0;&#x5165;B&#x5340;&#xFF0C;&#x56E0;&#x70BA;B&#x5340;&#x7684;&#x4F47;&#x5217;&#x8F03;&#x77ED;&#x3002;&#x9019;&#x6A23;&#x53EF;&#x80FD;&#x4F7F;A&#x5340;&#x4F47;&#x5217;&#x6301;&#x7E8C;&#x589E;&#x9577;&#xFF0C;&#x800C;B&#x5340;&#x5247;&#x76F8;&#x5C0D;&#x8F03;&#x5FEB;&#x5730;&#x8655;&#x7406;&#x6389;&#x9867;&#x5BA2;&#x3002;&lt;/strong&gt;&lt;/p&gt;&#xD;
&#xD;
&lt;p&gt;&lt;strong&gt;&#x6700;&#x512A;&#x5148;&#xFF1A;&#x5047;&#x8A2D;&#x6709;&#x5169;&#x500B;&#x8A3A;&#x7642;&#x5340;&#xFF0C;&#x4E00;&#x4F4D;VIP&#x75C5;&#x4EBA;&#x5230;&#x4F86;&#xFF0C;&#x4ED6;&#x5177;&#x6709;&#x9AD8;&#x512A;&#x5148;&#x7D1A;&#x3002;&#x4E0D;&#x8AD6;A&#x5340;&#x548C;B&#x5340;&#x7684;&#x4F47;&#x5217;&#x9577;&#x5EA6;&#x5982;&#x4F55;&#xFF0C;&#x4ED6;&#x90FD;&#x6703;&#x88AB;&#x5206;&#x914D;&#x5230;A&#x5340;&#xFF0C;&#x512A;&#x5148;&#x63A5;&#x53D7;&#x6CBB;&#x7642;&#x3002;&#x9019;&#x6A23;&#x78BA;&#x4FDD;&#x4E86;VIP&#x75C5;&#x4EBA;&#x80FD;&#x5920;&#x512A;&#x5148;&#x7372;&#x5F97;&#x6CBB;&#x7642;&#xFF0C;&#x4F46;&#x4E5F;&#x53EF;&#x80FD;&#x5C0E;&#x81F4;A&#x5340;&#x51FA;&#x73FE;&#x8F03;&#x9577;&#x7684;&#x7B49;&#x5F85;&#x6642;&#x9593;&#x3002;&lt;/strong&gt;&lt;/p&gt; </content>
  <attach></attach>
  <rcount></rcount>
  <rank></rank>
  <hit>10</hit>
  <lang>1</lang>
</data>
