<?xml version="1.0"?>
<data version="3.0" time="2024-07-20 09:55:20" type="post" filename="b000000018000000001.xml">
  <open_time>0000-00-00</open_time>
  <close_time>0000-00-00</close_time>
  <lang_name>Big5</lang_name>
  <board_id>1001278682</board_id>
  <node>000000018000000001</node>
  <site>1000110001</site>
  <pt>2023-07-23 11:47:52</pt>
  <poster>11813</poster>
  <realname>&#x5433;&#x5B9C;&#x9D3B;  </realname>
  <email>yhwu@cycu.edu.tw</email>
  <homepage>https://www.researchgate.net/profile/Yi-Hung-Wu-2  </homepage>
  <subject>Re: &#x6436;&#x7B54;205  </subject>
  <content>&lt;p&gt;OK&lt;/p&gt;&#xD;
&#xD;
&lt;p&gt;&lt;strong&gt;&amp;quot;&#x78BA;&#x4FDD;&#x4E86;VIP&#x75C5;&#x4EBA;&#x80FD;&#x5920;&#x512A;&#x5148;&#x7372;&#x5F97;&#x6CBB;&#x7642;&#xFF0C;&#x4F46;&#x4E5F;&#x53EF;&#x80FD;&#x5C0E;&#x81F4;A&#x5340;&#x51FA;&#x73FE;&#x8F03;&#x9577;&#x7684;&#x7B49;&#x5F85;&#x6642;&#x9593;&#x3002;&amp;quot;&lt;/strong&gt;&lt;/p&gt;&#xD;
&#xD;
&lt;p&gt;&lt;span style="color:#ff0000"&gt;&lt;strong&gt;&#x524D;&#x5F8C;&#x4E8C;&#x53E5;&#x8A71;&#x81EA;&#x76F8;&#x77DB;&#x76FE;&#xFF0C;VIP&#x75C5;&#x4EBA;&#x77AC;&#x9593;&#x7206;&#x91CF;&#xFF0C;&#x600E;&#x80FD;&#x8AAA;&#x662F;&#x78BA;&#x4FDD;&#x512A;&#x5148;&#xFF1F;&lt;/strong&gt;&lt;/span&gt;&lt;/p&gt; </content>
  <attach></attach>
  <rcount></rcount>
  <rank></rank>
  <hit>1</hit>
  <lang>1</lang>
</data>
