<?xml version="1.0"?>
<data version="3.0" time="2024-07-20 09:55:20" type="post" filename="b000000003.xml">
  <open_time>0000-00-00</open_time>
  <close_time>0000-00-00</close_time>
  <lang_name>Big5</lang_name>
  <board_id>1001278682</board_id>
  <node>000000003</node>
  <site>1000110001</site>
  <pt>2023-07-18 13:32:28</pt>
  <poster>06005636</poster>
  <realname>&#x6731;&#x7D18;&#x6B63;  </realname>
  <email>henry3446@gmail.com</email>
  <homepage> </homepage>
  <subject>&#x6436;&#x7B54;202 </subject>
  <content>&lt;p&gt;202. &#x8209;&#x4F8B;&#x8AAA;&#x660E;&#x55AE;&#x4E00;&#x4F47;&#x5217;&#x6A21;&#x64EC;&#x5982;&#x4F55;&#x8A08;&#x7B97;&#x5E73;&#x5747;&#x4F47;&#x5217;&#x9577;&#x5EA6;queue length&#x3002;&lt;/p&gt;&#xD;
&#xD;
&lt;p&gt;&#x4EE5;201&#x984C;&#x76EE;&#x8209;&#x4F8B;&#xFF0C; &#x8A08;&#x7B97;&#x5E73;&#x5747;&#x4F47;&#x5217;&#x9577;&#x5EA6;&#xFF08;queue length&#xFF09;&#x662F;&#x8861;&#x91CF;&#x4F47;&#x5217;&#x4E2D;&#x7B49;&#x5F85;&#x9805;&#x76EE;&#x6578;&#x91CF;&#x7684;&#x4E00;&#x7A2E;&#x6307;&#x6A19;&#x3002;&lt;/p&gt;&#xD;
&#xD;
&lt;p&gt;&#x5047;&#x8A2D;&#x6709;&#x4E00;&#x500B;&#x55AE;&#x4E00;&#x4F47;&#x5217;&#x6A21;&#x64EC;&#x7CFB;&#x7D71;&#xFF0C;&#x5176;&#x4E2D;&#x5305;&#x542B;&#x4E86;&#x591A;&#x500B;&#x9867;&#x5BA2;&#x9032;&#x5165;&#x7CFB;&#x7D71;&#x4E26;&#x7B49;&#x5F85;&#x670D;&#x52D9;&#x3002;&lt;/p&gt;&#xD;
&#xD;
&lt;p&gt;&#x7B2C;&#x4E00;&#x6B65;&#x5EFA;&#x7ACB;&#x7CFB;&#x7D71;&#x3002;&#x7B2C;&#x4E8C;&#x6B65;&#x7522;&#x751F;&#x9867;&#x5BA2;&#x3002;&#x7B2C;&#x4E09;&#x6B65;&#x9867;&#x5BA2;&#x9032;&#x5165;&#x4F47;&#x5217;&#x3002;&#x7B2C;&#x56DB;&#x6B65;&#x9867;&#x5BA2;&#x670D;&#x52D9;&#x3002;&lt;/p&gt;&#xD;
&#xD;
&lt;p&gt;&#x7B2C;&#x4E94;&#x6B65;&#x8A18;&#x9304;&#x4F47;&#x5217;&#x9577;&#x5EA6;&#xFF1A;&#x5B9A;&#x671F;&#x8A18;&#x9304;&#x4F47;&#x5217;&#x7684;&#x9577;&#x5EA6;&#xFF0C;&#x5373;&#x4F47;&#x5217;&#x4E2D;&#x7B49;&#x5F85;&#x7684;&#x9867;&#x5BA2;&#x6578;&#x91CF;&#x3002;&#x53EF;&#x4EE5;&#x5728;&#x6BCF;&#x500B;&#x6642;&#x523B;&#x9EDE;&#xFF08;&#x4F8B;&#x5982;&#x6BCF;&#x500B;&#x6642;&#x9593;&#x55AE;&#x4F4D;&#xFF09;&#x8A18;&#x9304;&#x4F47;&#x5217;&#x9577;&#x5EA6;&#x3002;&lt;/p&gt;&#xD;
&#xD;
&lt;p&gt;&#x7D2F;&#x8A08;&#x4F47;&#x5217;&#x9577;&#x5EA6;&#xFF1A;&#x5C0D;&#x65BC;&#x6BCF;&#x500B;&#x6642;&#x9593;&#x9EDE;&#xFF0C;&#x5C07;&#x4F47;&#x5217;&#x7684;&#x9577;&#x5EA6;&#x9032;&#x884C;&#x7D2F;&#x52A0;&#xFF0C;&#x4EE5;&#x5F97;&#x5230;&#x4E00;&#x6BB5;&#x6642;&#x9593;&#x5167;&#x7684;&#x7E3D;&#x4F47;&#x5217;&#x9577;&#x5EA6;&#x3002;&lt;/p&gt;&#xD;
&#xD;
&lt;p&gt;&#x6700;&#x5F8C;&#x662F;&#x8A08;&#x7B97;&#x5E73;&#x5747;&#x4F47;&#x5217;&#x9577;&#x5EA6;&#xFF1A;&#x5C07;&#x7E3D;&#x4F47;&#x5217;&#x9577;&#x5EA6;&#x9664;&#x4EE5;&#x6A21;&#x64EC;&#x7684;&#x6642;&#x9593;&#x9577;&#x5EA6;&#xFF0C;&#x5373;&#x53EF;&#x5F97;&#x5230;&#x5E73;&#x5747;&#x4F47;&#x5217;&#x9577;&#x5EA6;&#x3002;&lt;/p&gt;&#xD;
&#xD;
&lt;p&gt;&#x9019;&#x500B;&#x793A;&#x4F8B;&#x6F14;&#x793A;&#x4E86;&#x5982;&#x4F55;&#x8A08;&#x7B97;&#x55AE;&#x4E00;&#x4F47;&#x5217;&#x6A21;&#x64EC;&#x4E2D;&#x7684;&#x5E73;&#x5747;&#x4F47;&#x5217;&#x9577;&#x5EA6;&#x3002;&#x8A18;&#x9304;&#x4F47;&#x5217;&#x9577;&#x5EA6;&#x4E26;&#x9032;&#x884C;&#x7D2F;&#x8A08;&#xFF0C;&#x7136;&#x5F8C;&#x9664;&#x4EE5;&#x6642;&#x9593;&#x9577;&#x5EA6;&#xFF0C;&#x53EF;&#x4EE5;&#x5F97;&#x5230;&#x5E73;&#x5747;&#x4F47;&#x5217;&#x9577;&#x5EA6;&#x7684;&#x4F30;&#x8A08;&#x3002;&lt;/p&gt;</content>
  <attach></attach>
  <rcount></rcount>
  <rank></rank>
  <hit>36</hit>
  <lang>1</lang>
</data>
