<?xml version="1.0"?>
<data version="3.0" time="2024-07-20 09:55:20" type="post" filename="b000000004000000001.xml">
  <open_time>0000-00-00</open_time>
  <close_time>0000-00-00</close_time>
  <lang_name>Big5</lang_name>
  <board_id>1001278682</board_id>
  <node>000000004000000001</node>
  <site>1000110001</site>
  <pt>2023-07-18 15:14:55</pt>
  <poster>11813</poster>
  <realname>&#x5433;&#x5B9C;&#x9D3B;  </realname>
  <email>yhwu@cycu.edu.tw</email>
  <homepage>https://www.researchgate.net/profile/Yi-Hung-Wu-2 </homepage>
  <subject>Re: &#x6436;&#x7B54;203  </subject>
  <content>&lt;p&gt;&lt;span style="color:#b22222"&gt;&#x96D9;&#x91CD;&#x4F47;&#x5217;&#x662F;&#x6307;&#x4E8C;&#x500B;FCFS&#x4F47;&#x5217;&#x5206;&#x5225;&#x53EF;&#x66AB;&#x5B58;&#x4E00;&#x4E9B;&#x4EFB;&#x52D9;&#xFF0C;&#x5404;&#x4F47;&#x5217;&#x5167;&#x7684;&#x4EFB;&#x52D9;&#x90FD;&#x662F;&#x5148;&#x5230;&#x5148;&#x8655;&#x7406;&#x3002;&lt;/span&gt;&lt;/p&gt;&#xD;
&#xD;
&lt;p&gt;&lt;span style="color:#b22222"&gt;&#x7B56;&#x7565;&#x662F;&#x6307;&#x65B0;&#x9032;&#x4EFB;&#x52D9;&#x8981;&#x5982;&#x4F55;&#x6C7A;&#x5B9A;&#x52A0;&#x5165;&#x54EA;&#x4E00;&#x500B;&#x4F47;&#x5217;&#x66AB;&#x5B58;&#x7684;&#x65B9;&#x6CD5;&#x3002;&lt;/span&gt;&lt;/p&gt;&#xD;
&#xD;
&lt;p&gt;&lt;span style="color:#ff0000"&gt;&#x8ACB;&#x4E8B;&#x5148;&#x770B;&#x904E;&#x6559;&#x6750;&#x518D;&#x4F5C;&#x7B54;&#xFF0C;&#x4EE5;&#x514D;&#x6C92;&#x52A0;&#x5206;&#xFF0C;&#x53CD;&#x800C;&#x88AB;&#x6263;&#x5206;&#x3002;&lt;/span&gt;&lt;/p&gt;</content>
  <attach></attach>
  <rcount></rcount>
  <rank></rank>
  <hit>2</hit>
  <lang>1</lang>
</data>
