<?xml version="1.0"?>
<data version="3.0" time="2024-07-20 09:55:20" type="post" filename="b000000002000000001.xml">
  <open_time>0000-00-00</open_time>
  <close_time>0000-00-00</close_time>
  <lang_name>Big5</lang_name>
  <board_id>1001278682</board_id>
  <node>000000002000000001</node>
  <site>1000110001</site>
  <pt>2023-07-18 15:08:00</pt>
  <poster>11813</poster>
  <realname>&#x5433;&#x5B9C;&#x9D3B;  </realname>
  <email>yhwu@cycu.edu.tw</email>
  <homepage>https://www.researchgate.net/profile/Yi-Hung-Wu-2 </homepage>
  <subject>Re: &#x6436;&#x7B54;201 </subject>
  <content>&lt;p&gt;Nice descriptions!&lt;/p&gt;&#xD;
&#xD;
&lt;p&gt;&#x9664;&#x4E86;&#x4EE5;&#x96A8;&#x6A5F;&#x4E8B;&#x4EF6;&#x751F;&#x6210;&#x5668;&#x5047;&#x9020;&#x8CC7;&#x6599;&#x4E4B;&#x5916;&#xFF0C;&#x4E5F;&#x53EF;&#x4EE5;&#x8490;&#x96C6;&#x771F;&#x5BE6;&#x8CC7;&#x6599;&#x7528;&#x65BC;&#x6A21;&#x64EC;&#xFF0C;&#x4F8B;&#x5982;&#x96FB;&#x5B50;&#x4EA4;&#x6613;&#x6578;&#x64DA;&#x3001;&#x7CFB;&#x7D71;&#x64CD;&#x4F5C;&#x65E5;&#x8A8C;&#x7B49;&#x3002;&lt;/p&gt;&#xD;
&#xD;
&lt;p&gt;&#x8209;&#x4F8B;&#x8A08;&#x7B97;&#x662F;&#x771F;&#x7684;&#x7D66;&#x4E00;&#x500B;&#x5BE6;&#x969B;&#x6578;&#x5B57;&#x7684;&#x4F8B;&#x5B50;&#x4E26;&#x9032;&#x884C;&#x8A08;&#x7B97;&#x3002;&lt;/p&gt;</content>
  <attach></attach>
  <rcount></rcount>
  <rank></rank>
  <hit>2</hit>
  <lang>1</lang>
</data>
