<?xml version="1.0"?>
<data version="3.0" time="2024-07-20 09:55:20" type="post" filename="b000000003000000001.xml">
  <open_time>0000-00-00</open_time>
  <close_time>0000-00-00</close_time>
  <lang_name>Big5</lang_name>
  <board_id>1001278682</board_id>
  <node>000000003000000001</node>
  <site>1000110001</site>
  <pt>2023-07-18 15:09:42</pt>
  <poster>11813</poster>
  <realname>&#x5433;&#x5B9C;&#x9D3B;  </realname>
  <email>yhwu@cycu.edu.tw</email>
  <homepage>https://www.researchgate.net/profile/Yi-Hung-Wu-2  </homepage>
  <subject>Re: &#x6436;&#x7B54;202  </subject>
  <content>&lt;p&gt;&lt;span style="color:#b22222"&gt;&#x8209;&#x4F8B;&#x8A08;&#x7B97;&#x662F;&#x6307;&#x8209;&#x500B;&#x6709;&#x5BE6;&#x969B;&#x6578;&#x5B57;&#x7684;&#x4F8B;&#x5B50;&#x7136;&#x5F8C;&#x5448;&#x73FE;&#x8A08;&#x7B97;&#x904E;&#x7A0B;&#x4EE5;&#x4F9B;&#x6AA2;&#x8996;&#x3002;&lt;/span&gt;&lt;/p&gt; </content>
  <attach></attach>
  <rcount></rcount>
  <rank></rank>
  <hit>1</hit>
  <lang>1</lang>
</data>
