<?xml version="1.0"?>
<data version="3.0" time="2024-07-20 09:55:20" type="post" filename="b000000023.xml">
  <open_time>0000-00-00</open_time>
  <close_time>0000-00-00</close_time>
  <lang_name>Big5</lang_name>
  <board_id>1001278682</board_id>
  <node>000000023</node>
  <site>1000110001</site>
  <pt>2023-07-21 23:51:35</pt>
  <poster>06005914</poster>
  <realname>&#x9673;&#x5F65;&#x4E2D;  </realname>
  <email>jackson89911@gmail.com</email>
  <homepage>  </homepage>
  <subject>&#x6436;&#x7B54;201 </subject>
  <content>&lt;p&gt;201. &#x8209;&#x4F8B;&#x8AAA;&#x660E;&#x55AE;&#x4E00;&#x4F47;&#x5217;&#x6A21;&#x64EC;&#x5982;&#x4F55;&#x8A08;&#x7B97;&#x5E73;&#x5747;&#x7B49;&#x5019;&#x6642;&#x9593;waiting time&lt;/p&gt;&#xD;
&#xD;
&lt;p&gt;A:&#x5047;&#x8A2D;&#x6709;&#x4E00;&#x5BB6;&#x5496;&#x5561;&#x5E97;&#xFF0C;&#x53EA;&#x6709;&#x4E00;&#x500B;&#x6AC3;&#x53F0;&#x53EF;&#x4EE5;&#x63A5;&#x5F85;&#x5BA2;&#x4EBA;&#x9EDE;&#x5496;&#x5561;&#x3002;&#x5BA2;&#x4EBA;&#x6703;&#x4F9D;&#x6B21;&#x6392;&#x968A;&#x7B49;&#x5F85;&#x670D;&#x52D9;&#x3002;&lt;/p&gt;&#xD;
&#xD;
&lt;p&gt;&#x5FC5;&#x9808;&#x6839;&#x64DA;&#x6BCF;&#x4F4D;&#x5BA2;&#x4EBA;&#x9032;&#x5165;&#x5496;&#x5561;&#x5E97;&#x7684;&#x6642;&#x9593;&#x3001;&#x6BCF;&#x4F4D;&#x5BA2;&#x4EBA;&#x9EDE;&#x5496;&#x5561;&#x6240;&#x82B1;&#x8CBB;&#x7684;&#x6642;&#x9593;&#x53BB;&#x8A08;&#x7B97;&#x5E73;&#x5747;&#x7B49;&#x5F85;&#x6642;&#x9593;&#x3002;&lt;/p&gt;&#xD;
&#xD;
&lt;p&gt;&#x7B49;&#x5F85;&#x6642;&#x9593;&#x70BA;&#x958B;&#x59CB;&#x9EDE;&#x9910;&#x6642;&#x9593;-&#x9032;&#x5165;&#x5496;&#x5561;&#x5E97;&#x6642;&#x9593;&#x3002;&lt;/p&gt;&#xD;
&#xD;
&lt;p&gt;&#x200B;&#x200B;&#x200B;&#x200B;&lt;/p&gt; </content>
  <attach></attach>
  <rcount></rcount>
  <rank></rank>
  <hit>5</hit>
  <lang>1</lang>
</data>
