<?xml version="1.0"?>
<data version="3.0" time="2024-07-20 09:55:20" type="post" filename="b000000016000000001.xml">
  <open_time>0000-00-00</open_time>
  <close_time>0000-00-00</close_time>
  <lang_name>Big5</lang_name>
  <board_id>1001278682</board_id>
  <node>000000016000000001</node>
  <site>1000110001</site>
  <pt>2023-07-23 11:41:45</pt>
  <poster>11813</poster>
  <realname>&#x5433;&#x5B9C;&#x9D3B;  </realname>
  <email>yhwu@cycu.edu.tw</email>
  <homepage>https://www.researchgate.net/profile/Yi-Hung-Wu-2 </homepage>
  <subject>Re: &#x6436;&#x7B54;203  </subject>
  <content>&lt;p&gt;&lt;span style="color:#ff0000"&gt;&#x9808;&#x63D0;&#x4F9B;C/C++&#x7A0B;&#x5F0F;&#x78BC;&#x624D;&#x5217;&#x5165;&#x8A08;&#x5206;&#x3002;&lt;/span&gt;&lt;/p&gt;&#xD;
&#xD;
&lt;p&gt;&lt;span style="color:#ff0000"&gt;&#x6CC1;&#x4E14;&#xFF0C;&#x984C;&#x76EE;&#x8981;&#x6C42;&#x8209;&#x4F8B;&#x4E5F;&#x4E26;&#x975E;&#x8981;&#x6C42;&#x7A0B;&#x5F0F;&#x78BC;&#x3002;&lt;/span&gt;&lt;/p&gt;</content>
  <attach></attach>
  <rcount></rcount>
  <rank></rank>
  <hit>2</hit>
  <lang>1</lang>
</data>
