<?xml version="1.0"?>
<data version="3.0" time="2024-07-20 09:55:20" type="post" filename="b000000022000000001.xml">
  <open_time>0000-00-00</open_time>
  <close_time>0000-00-00</close_time>
  <lang_name>Big5</lang_name>
  <board_id>1001278682</board_id>
  <node>000000022000000001</node>
  <site>1000110001</site>
  <pt>2023-07-23 12:18:13</pt>
  <poster>11813</poster>
  <realname>&#x5433;&#x5B9C;&#x9D3B;  </realname>
  <email>yhwu@cycu.edu.tw</email>
  <homepage>https://www.researchgate.net/profile/Yi-Hung-Wu-2  </homepage>
  <subject>Re: &#x6436;&#x7B54; 203  </subject>
  <content>&lt;p&gt;&lt;span style="color:#0000cd"&gt;Excellent scenario!&lt;/span&gt;&lt;/p&gt;&#xD;
&#xD;
&lt;p&gt;&#x57FA;&#x65BC;&#x4EBA;&#x6027;&#xFF0C;&amp;quot;&#x5169;&#x6392;&#x968A;&#x4F0D;&#x8F2A;&#x6D41;&amp;quot;&#x5927;&#x6982;&#x662F;&#x552F;&#x4E00;&#x4E0D;&#x6703;&#x88AB;&#x5BA2;&#x8A34;&#x7684;...&lt;/p&gt;&#xD;
&#xD;
&lt;p&gt;&#x5982;&#x679C;&#x662F;&#x9867;&#x5BA2;&#x770B;&#x4E0D;&#x5230;&#x7684;&#xFF0C;&#x4F8B;&#x5982;&#x8A02;&#x9910;&#x7CFB;&#x7D71;(&#x66FE;&#x6709;&#x540C;&#x5B78;&#x771F;&#x7684;&#x53BB;&#x5E6B;&#x5916;&#x9762;&#x9910;&#x5EF3;&#x5BEB;&#x9019;&#x6A23;&#x7684;APP&#x7576;&#x4F5C;&#x5C08;&#x984C;)&#x7684;&#x5F8C;&#x53F0;&#x5EDA;&#x5E2B;&#x8981;&#x4F75;&#x55AE;&#x91CD;&#x65B0;&#x6392;&#x5E8F;&#xFF0C;&#x90A3;&#x5C31;&#x5F88;&#x503C;&#x5F97;&#x8A0E;&#x8AD6;&#x3002;&lt;/p&gt; </content>
  <attach></attach>
  <rcount></rcount>
  <rank></rank>
  <hit>1</hit>
  <lang>1</lang>
</data>
