<?xml version="1.0"?>
<data version="3.0" time="2024-07-20 09:55:20" type="post" filename="b000000001000000001.xml">
  <open_time>0000-00-00</open_time>
  <close_time>0000-00-00</close_time>
  <lang_name>Big5</lang_name>
  <board_id>1001278682</board_id>
  <node>000000001000000001</node>
  <site>1000110001</site>
  <pt>2023-07-18 11:08:41</pt>
  <poster>11813</poster>
  <realname>&#x5433;&#x5B9C;&#x9D3B;  </realname>
  <email>yhwu@cycu.edu.tw</email>
  <homepage>https://www.researchgate.net/profile/Yi-Hung-Wu-2  </homepage>
  <subject>Re: &#x6436;&#x7B54;205  </subject>
  <content>&lt;p&gt;OK.&lt;/p&gt;&#xD;
&#xD;
&lt;p&gt;&lt;span style="color:#b22222"&gt;SJF&#x672A;&#x5FC5;&#x80FD;&#x8655;&#x7406;&#x66F4;&#x591A;&#x5BA2;&#x4EBA;&#xFF0C;&#x9664;&#x975E;&#x6709;&#x4E00;&#x65E6;&#x903E;&#x6642;&#x9867;&#x5BA2;&#x6703;&#x96E2;&#x958B;&#x4E4B;&#x985E;&#x7684;&#x5047;&#x8A2D;&#x3002;&lt;/span&gt;&lt;/p&gt; </content>
  <attach></attach>
  <rcount></rcount>
  <rank></rank>
  <hit>1</hit>
  <lang>1</lang>
</data>
