<?xml version="1.0"?>
<data version="3.0" time="2024-07-20 09:55:20" type="post" filename="b000000005.xml">
  <open_time>0000-00-00</open_time>
  <close_time>0000-00-00</close_time>
  <lang_name>Big5</lang_name>
  <board_id>1001278682</board_id>
  <node>000000005</node>
  <site>1000110001</site>
  <pt>2023-07-18 14:07:47</pt>
  <poster>06005771</poster>
  <realname>&#x838A;&#x660E;&#x9D3B;  </realname>
  <email>mattsonc204@gmail.com</email>
  <homepage>  </homepage>
  <subject>&#x6436;&#x7B54;204 </subject>
  <content>&lt;p&gt;&#x5047;&#x8A2D;&#x6709;&#x4E00;&#x500B;&#x7CFB;&#x7D71;&#x8655;&#x7406;&#x4E09;&#x500B;&#x512A;&#x5148;&#x7D1A;&#x7684;&#x5DE5;&#x4F5C;&#x9805;&#x76EE;&#xFF1A;&#x9AD8;&#x3001;&#x4E2D;&#x548C;&#x4F4E;&#x3002;&#x9AD8;&#x512A;&#x5148;&#x7D1A;&#x7684;&#x5DE5;&#x4F5C;&#x9805;&#x76EE;&#x61C9;&#x8A72;&#x512A;&#x5148;&#x8655;&#x7406;&#xFF0C;&#x5176;&#x6B21;&#x662F;&#x4E2D;&#x512A;&#x5148;&#x7D1A;&#xFF0C;&#x6700;&#x5F8C;&#x662F;&#x4F4E;&#x512A;&#x5148;&#x7D1A;&#x3002;&#x5247;&#x8A2D;&#x8A08;&#x9806;&#x5E8F;&#x5982;&#x4E0B;:&lt;/p&gt;&#xD;
&#xD;
&lt;ol&gt;&#xD;
	&lt;li&gt;&#xD;
	&lt;p&gt;&#x5275;&#x5EFA;&#x4E09;&#x500B;&#x4F47;&#x5217;&#xFF1A;&#x9AD8;&#x512A;&#x5148;&#x7D1A;&#x4F47;&#x5217;&#x3001;&#x4E2D;&#x512A;&#x5148;&#x7D1A;&#x4F47;&#x5217;&#x548C;&#x4F4E;&#x512A;&#x5148;&#x7D1A;&#x4F47;&#x5217;&#x3002;&lt;/p&gt;&#xD;
	&lt;/li&gt;&#xD;
	&lt;li&gt;&#xD;
	&lt;p&gt;&#x5DE5;&#x4F5C;&#x9805;&#x76EE;&#x6839;&#x64DA;&#x5176;&#x512A;&#x5148;&#x7D1A;&#x88AB;&#x653E;&#x5165;&#x76F8;&#x61C9;&#x7684;&#x4F47;&#x5217;&#x4E2D;&#x3002;&#x4F8B;&#x5982;&#xFF0C;&#x4E00;&#x500B;&#x9AD8;&#x512A;&#x5148;&#x7D1A;&#x7684;&#x5DE5;&#x4F5C;&#x9805;&#x76EE;&#x88AB;&#x653E;&#x5165;&#x9AD8;&#x512A;&#x5148;&#x7D1A;&#x4F47;&#x5217;&#xFF0C;&#x4E2D;&#x512A;&#x5148;&#x7D1A;&#x7684;&#x5DE5;&#x4F5C;&#x9805;&#x76EE;&#x88AB;&#x653E;&#x5165;&#x4E2D;&#x512A;&#x5148;&#x7D1A;&#x4F47;&#x5217;&#xFF0C;&#x4F4E;&#x512A;&#x5148;&#x7D1A;&#x7684;&#x5DE5;&#x4F5C;&#x9805;&#x76EE;&#x88AB;&#x653E;&#x5165;&#x4F4E;&#x512A;&#x5148;&#x7D1A;&#x4F47;&#x5217;&#x3002;&lt;/p&gt;&#xD;
	&lt;/li&gt;&#xD;
	&lt;li&gt;&#xD;
	&lt;p&gt;&#x7576;&#x7CFB;&#x7D71;&#x7A7A;&#x9592;&#x6642;&#xFF0C;&#x6839;&#x64DA;&#x9078;&#x64C7;&#x4F47;&#x5217;&#x7684;&#x7B56;&#x7565;&#x9078;&#x53D6;&#x5DE5;&#x4F5C;&#x9805;&#x76EE;&#x9032;&#x884C;&#x8655;&#x7406;&#x3002;&#x4E0D;&#x540C;&#x7684;&#x7B56;&#x7565;&#x53EF;&#x4EE5;&#x5305;&#x62EC;&#xFF1A;&lt;/p&gt;&#xD;
	&lt;/li&gt;&#xD;
&lt;/ol&gt;&#xD;
&#xD;
&lt;ul&gt;&#xD;
	&lt;li&gt;&#x512A;&#x5148;&#x8655;&#x7406;&#x9AD8;&#x512A;&#x5148;&#x7D1A;&#x4F47;&#x5217;&#xFF1A;&#x7CFB;&#x7D71;&#x512A;&#x5148;&#x5F9E;&#x9AD8;&#x512A;&#x5148;&#x7D1A;&#x4F47;&#x5217;&#x4E2D;&#x9078;&#x53D6;&#x5DE5;&#x4F5C;&#x9805;&#x76EE;&#x9032;&#x884C;&#x8655;&#x7406;&#xFF0C;&#x76F4;&#x5230;&#x8A72;&#x4F47;&#x5217;&#x70BA;&#x7A7A;&#xFF0C;&#x7136;&#x5F8C;&#x624D;&#x8655;&#x7406;&#x4E2D;&#x512A;&#x5148;&#x7D1A;&#x4F47;&#x5217;&#x548C;&#x4F4E;&#x512A;&#x5148;&#x7D1A;&#x4F47;&#x5217;&#x3002;&lt;/li&gt;&#xD;
	&lt;li&gt;&#x5FAA;&#x74B0;&#x8655;&#x7406;&#x4F47;&#x5217;&#xFF1A;&#x7CFB;&#x7D71;&#x6309;&#x7167;&#x9806;&#x5E8F;&#x8F2A;&#x6D41;&#x8655;&#x7406;&#x9AD8;&#x3001;&#x4E2D;&#x548C;&#x4F4E;&#x512A;&#x5148;&#x7D1A;&#x4F47;&#x5217;&#x4E2D;&#x7684;&#x5DE5;&#x4F5C;&#x9805;&#x76EE;&#x3002;&#x4F8B;&#x5982;&#xFF0C;&#x5148;&#x8655;&#x7406;&#x9AD8;&#x512A;&#x5148;&#x7D1A;&#x4F47;&#x5217;&#x4E2D;&#x7684;&#x4E00;&#x500B;&#x5DE5;&#x4F5C;&#x9805;&#x76EE;&#xFF0C;&#x7136;&#x5F8C;&#x8655;&#x7406;&#x4E2D;&#x512A;&#x5148;&#x7D1A;&#x4F47;&#x5217;&#x4E2D;&#x7684;&#x4E00;&#x500B;&#x5DE5;&#x4F5C;&#x9805;&#x76EE;&#xFF0C;&#x518D;&#x8655;&#x7406;&#x4F4E;&#x512A;&#x5148;&#x7D1A;&#x4F47;&#x5217;&#x4E2D;&#x7684;&#x4E00;&#x500B;&#x5DE5;&#x4F5C;&#x9805;&#x76EE;&#xFF0C;&#x7136;&#x5F8C;&#x518D;&#x56DE;&#x5230;&#x9AD8;&#x512A;&#x5148;&#x7D1A;&#x4F47;&#x5217;&#x3002;&lt;/li&gt;&#xD;
	&lt;li&gt;&#x6BCF;&#x500B;&#x4F47;&#x5217;&#x90FD;&#x6709;&#x4E00;&#x5B9A;&#x7684;&#x6642;&#x9593;&#x7247;&#xFF1A;&#x7CFB;&#x7D71;&#x5C07;&#x6642;&#x9593;&#x5283;&#x5206;&#x70BA;&#x591A;&#x500B;&#x6642;&#x9593;&#x7247;&#xFF0C;&#x4E26;&#x70BA;&#x6BCF;&#x500B;&#x4F47;&#x5217;&#x5206;&#x914D;&#x4E00;&#x5B9A;&#x7684;&#x6642;&#x9593;&#x7247;&#x6578;&#x91CF;&#x3002;&#x5728;&#x6BCF;&#x500B;&#x6642;&#x9593;&#x7247;&#x5167;&#xFF0C;&#x7CFB;&#x7D71;&#x8655;&#x7406;&#x8A72;&#x4F47;&#x5217;&#x4E2D;&#x7684;&#x4E00;&#x500B;&#x5DE5;&#x4F5C;&#x9805;&#x76EE;&#xFF0C;&#x7136;&#x5F8C;&#x5207;&#x63DB;&#x5230;&#x4E0B;&#x4E00;&#x500B;&#x4F47;&#x5217;&#x3002;&#x9019;&#x7A2E;&#x7B56;&#x7565;&#x78BA;&#x4FDD;&#x6BCF;&#x500B;&#x4F47;&#x5217;&#x90FD;&#x6709;&#x6A5F;&#x6703;&#x88AB;&#x8655;&#x7406;&#xFF0C;&#x4E26;&#x907F;&#x514D;&#x67D0;&#x500B;&#x4F47;&#x5217;&#x9577;&#x6642;&#x9593;&#x88AB;&#x963B;&#x585E;&#x3002;&lt;/li&gt;&#xD;
&lt;/ul&gt; </content>
  <attach></attach>
  <rcount></rcount>
  <rank></rank>
  <hit>30</hit>
  <lang>1</lang>
</data>
