<?xml version="1.0"?>
<data version="3.0" time="2024-07-20 09:55:20" type="post" filename="b000000019000000001.xml">
  <open_time>0000-00-00</open_time>
  <close_time>0000-00-00</close_time>
  <lang_name>Big5</lang_name>
  <board_id>1001278682</board_id>
  <node>000000019000000001</node>
  <site>1000110001</site>
  <pt>2023-07-23 11:49:55</pt>
  <poster>11813</poster>
  <realname>&#x5433;&#x5B9C;&#x9D3B;  </realname>
  <email>yhwu@cycu.edu.tw</email>
  <homepage>https://www.researchgate.net/profile/Yi-Hung-Wu-2  </homepage>
  <subject>Re: &#x6436;&#x7B54;205  </subject>
  <content>&lt;p&gt;&lt;span style="color:#ff0000"&gt;&#x8AA4;&#x89E3;&#x984C;&#x610F;&#xFF0C;&#x7B54;&#x975E;&#x6240;&#x554F;&#xFF01;&lt;/span&gt;&lt;/p&gt;&#xD;
&#xD;
&lt;p&gt;&#x984C;&#x76EE;&#x662F;&#x554F;&amp;quot;&#x9078;&#x64C7;&#x4F47;&#x5217;&#x7684;&#x7B56;&#x7565;&amp;quot;&#xFF0C;&#x7B54;&#x6848;&#x537B;&#x662F;&#x9078;&#x64C7;&lt;span style="color:#ff0000"&gt;&#x4EFB;&#x52D9;&lt;/span&gt;&#x7684;&#x7B56;&#x7565;&#xFF1F;&lt;/p&gt; </content>
  <attach></attach>
  <rcount></rcount>
  <rank></rank>
  <hit>1</hit>
  <lang>1</lang>
</data>
