<?xml version="1.0"?>
<data version="3.0" time="2024-07-20 09:55:20" type="post" filename="b000000019.xml">
  <open_time>0000-00-00</open_time>
  <close_time>0000-00-00</close_time>
  <lang_name>Big5</lang_name>
  <board_id>1001278682</board_id>
  <node>000000019</node>
  <site>1000110001</site>
  <pt>2023-07-21 20:51:24</pt>
  <poster>06005914</poster>
  <realname>&#x9673;&#x5F65;&#x4E2D;  </realname>
  <email>jackson89911@gmail.com</email>
  <homepage>  </homepage>
  <subject>&#x6436;&#x7B54;205 </subject>
  <content>&lt;p&gt;205.&#x63D0;&#x51FA;&#x4E8C;&#x7A2E;&#x9078;&#x64C7;&#x4F47;&#x5217;&#x7684;&#x7B56;&#x7565;&#xFF0C;&#x4E26;&#x8209;&#x4F8B;&#x6BD4;&#x8F03;&#x4E8C;&#x8005;&lt;/p&gt;&#xD;
&#xD;
&lt;p&gt;A:&lt;/p&gt;&#xD;
&#xD;
&lt;p&gt;FIFO(First-in-First-out)&#x5148;&#x9032;&#x5148;&#x51FA;&#x7B56;&#x7565;:&#x9019;&#x500B;&#x7B56;&#x7565;&#x6703;&#x5C07;&#x5148;&#x5230;&#x7684;&#x4EFB;&#x52D9;&#x6392;&#x5728;&#x6700;&#x524D;&#x9762;&#xFF0C;&#x4EFB;&#x52D9;&#x6703;&#x4F9D;&#x5230;&#x9054;&#x7684;&#x9806;&#x5E8F;&#x6392;&#x5217;&#xFF0C;&#x7576;&#x8981;&#x8655;&#x7406;&#x4EFB;&#x52D9;&#x6642;&#xFF0C;&#x6703;&#x5148;&#x5F9E;&#x7B2C;&#x4E00;&#x500B;&#x958B;&#x59CB;&#x57F7;&#x884C;&#x4EFB;&#x52D9;&#xFF0C;&#x78BA;&#x4FDD;&#x5148;&#x5230;&#x7684;&#x4EFB;&#x52D9;&#x5148;&#x88AB;&#x57F7;&#x884C;&#xFF0C;&#x4E26;&#x4E14;&#x4F9D;&#x9806;&#x5E8F;&#x57F7;&#x884C;&#x4EFB;&#x52D9;&#x3002;&lt;/p&gt;&#xD;
&#xD;
&lt;p&gt;Priority Queue&#x512A;&#x5148;&#x6B0A;&#x7B56;&#x7565;:&#x6BCF;&#x500B;&#x4EFB;&#x52D9;&#x6703;&#x6709;&#x5C0D;&#x61C9;&#x7684;&#x512A;&#x5148;&#x7D1A;&#xFF0C;&#x512A;&#x5148;&#x7D1A;&#x9AD8;&#x7684;&#x4EFB;&#x52D9;&#x6703;&#x88AB;&#x512A;&#x5148;&#x57F7;&#x884C;&#xFF0C;&#x4E26;&#x4E14;&#x6309;&#x7167;&#x512A;&#x5148;&#x7D1A;&#x9AD8;&#x4F4E;&#x4F9D;&#x5E8F;&#x57F7;&#x884C;&#x4EFB;&#x52D9;&#x3002;&lt;/p&gt;&#xD;
&#xD;
&lt;p&gt;&#x8209;&#x4F8B;&#x6BD4;&#x8F03;:&#x5047;&#x8A2D;&#x5834;&#x666F;&#x5728;&#x91AB;&#x9662;&#x7684;&#x6025;&#x8A3A;&#x5BA4;&#x4E2D;&#xFF0C;&#x4F7F;&#x7528;&#x512A;&#x5148;&#x6B0A;&#x7B56;&#x7565;&#x7684;&#x8A71;&#xFF0C;&#x6703;&#x5C07;&#x9001;&#x5230;&#x6025;&#x8A3A;&#x5BA4;&#x7684;&#x75C5;&#x60A3;&#x4F9D;&#x7167;&#x75C5;&#x60C5;&#x56B4;&#x91CD;&#x5206;&#x985E;&#xFF0C;&#x5C0D;&#x61C9;&#x5230;&#x4E0D;&#x540C;&#x7684;&#x512A;&#x5148;&#x7D1A;&#xFF0C;&#x56B4;&#x91CD;&#x7684;&#x75C5;&#x60A3;&#x6703;&#x6709;&#x8F03;&#x9AD8;&#x7684;&#x512A;&#x5148;&#x7D1A;&#x5FC5;&#x9808;&#x512A;&#x5148;&#x8655;&#x7406;&#xFF0C;&#x7136;&#x5F8C;&#x6309;&#x7167;&#x512A;&#x5148;&#x7D1A;&#x9AD8;&#x4F4E;&#x4F9D;&#x5E8F;&#x8655;&#x7406;&#x3002;&#x5982;&#x679C;&#x4F7F;&#x7528;&#x5148;&#x9032;&#x5148;&#x51FA;&#x7B56;&#x7565;&#x7684;&#x8A71;&#xFF0C;&#x6703;&#x7531;&#x5148;&#x5230;&#x6025;&#x8A3A;&#x5BA4;&#x7684;&#x75C5;&#x60A3;&#x512A;&#x5148;&#x8655;&#x7406;&#xFF0C;&#x7136;&#x5F8C;&#x6309;&#x7167;&#x9001;&#x5230;&#x6025;&#x8A3A;&#x5BA4;&#x7684;&#x9806;&#x5E8F;&#x8655;&#x7406;&#x3002;&lt;/p&gt;&#xD;
&#xD;
&lt;p&gt;&#x4EE5;&#x6B64;&#x72C0;&#x6CC1;&#x4F86;&#x770B;&#x6025;&#x8A3A;&#x5BA4;&#x8F03;&#x9069;&#x5408;&#x4F7F;&#x7528;&#x512A;&#x5148;&#x6B0A;&#x7B56;&#x7565;&#x4F86;&#x57F7;&#x884C;&#xFF0C;&#x800C;&#x5148;&#x9032;&#x5148;&#x51FA;&#x7B56;&#x7565;&#x8F03;&#x9069;&#x5408;&#x4E00;&#x822C;&#x7684;&#x9910;&#x5EF3;&#x6392;&#x968A;&#xFF0C;&#x5148;&#x5230;&#x5148;&#x6392;&#x3002;&lt;/p&gt; </content>
  <attach></attach>
  <rcount></rcount>
  <rank></rank>
  <hit>10</hit>
  <lang>1</lang>
</data>
