<?xml version="1.0"?>
<data version="3.0" time="2024-07-20 09:55:20" type="post" filename="b000000007000000001.xml">
  <open_time>0000-00-00</open_time>
  <close_time>0000-00-00</close_time>
  <lang_name>Big5</lang_name>
  <board_id>1001278682</board_id>
  <node>000000007000000001</node>
  <site>1000110001</site>
  <pt>2023-07-19 10:02:55</pt>
  <poster>11813</poster>
  <realname>&#x5433;&#x5B9C;&#x9D3B;  </realname>
  <email>yhwu@cycu.edu.tw</email>
  <homepage>https://www.researchgate.net/profile/Yi-Hung-Wu-2  </homepage>
  <subject>Re: &#x6436;&#x7B54;201  </subject>
  <content>&lt;p&gt;OK.&lt;/p&gt;&#xD;
&#xD;
&lt;p&gt;&lt;span style="color:#b22222"&gt;&#x7B49;&#x5019;&#x6642;&#x9593;=&#x958B;&#x59CB;&#x670D;&#x52D9;&#x6642;&#x9593;-&#x62B5;&#x9054;&#x6642;&#x9593;&#xFF1F;&#x5099;&#x9910;&#x6642;&#x9593;&#x53EF;&#x80FD;&#x611F;&#x53D7;&#x6BD4;&#x8F03;&#x5F37;&#x70C8;&#xFF0C;&#x9019;&#x500B;&#x7BC4;&#x4F8B;&#x53EF;&#x4EE5;&#x5340;&#x5206;&#x4E8C;&#x7A2E;&#x4E0D;&#x540C;&#x6982;&#x5FF5;&#x7684;&#x7B49;&#x5019;&#x6642;&#x9593;&#x3002;&lt;/span&gt;&lt;/p&gt; </content>
  <attach></attach>
  <rcount></rcount>
  <rank></rank>
  <hit>1</hit>
  <lang>1</lang>
</data>
