<?xml version="1.0"?>
<data version="3.0" time="2024-07-20 09:55:20" type="post" filename="b000000006.xml">
  <open_time>0000-00-00</open_time>
  <close_time>0000-00-00</close_time>
  <lang_name>Big5</lang_name>
  <board_id>1001278682</board_id>
  <node>000000006</node>
  <site>1000110001</site>
  <pt>2023-07-18 15:40:20</pt>
  <poster>06005645</poster>
  <realname>&#x6797;&#x54C1;&#x7444;  </realname>
  <email>hank61061007@gmail.com</email>
  <homepage>  </homepage>
  <subject>&#x6436;&#x7B54;202 </subject>
  <content>&lt;p&gt;&#x8209;&#x4F8B;&#x8AAA;&#x660E;&#x55AE;&#x4E00;&#x4F47;&#x5217;&#x6A21;&#x64EC;&#x5982;&#x4F55;&#x8A08;&#x7B97;&#x5E73;&#x5747;&#x4F47;&#x5217;&#x9577;&#x5EA6;queue length&#x3002;&lt;/p&gt;&#xD;
&#xD;
&lt;p&gt;&#x9996;&#x5148;&#xFF0C;&#x6211;&#x5011;&#x5047;&#x8A2D;&#x6709;&#x4E00;&#x500B;&#x55AE;&#x4E00;&#x4F47;&#x5217;&#x6A21;&#x64EC;&#xFF0C;&#x4F8B;&#x5982;&#x4E00;&#x5BB6;&#x901F;&#x98DF;&#x5E97;&#x7684;&#x9EDE;&#x9910;&#x7A97;&#x53E3;&#x3002;&#x9867;&#x5BA2;&#x6703;&#x5728;&#x4E00;&#x500B;&#x96A8;&#x6A5F;&#x7684;&#x901F;&#x7387;&#x5230;&#x9054;&#xFF0C;&#x4E26;&#x6392;&#x968A;&#x7B49;&#x5F85;&#x9EDE;&#x9910;&#x3002;&#x6211;&#x5011;&#x60F3;&#x8981;&#x8A08;&#x7B97;&#x5728;&#x6A21;&#x64EC;&#x671F;&#x9593;&#x7684;&#x5E73;&#x5747;&#x4F47;&#x5217;&#x9577;&#x5EA6;&#x3002;&lt;/p&gt;&#xD;
&#xD;
&lt;p&gt;&#x4EE5;&#x4E0B;&#x662F;&#x5982;&#x4F55;&#x8A08;&#x7B97;&#x5E73;&#x5747;&#x4F47;&#x5217;&#x9577;&#x5EA6;&#x7684;&#x6B65;&#x9A5F;&#xFF1A;&lt;/p&gt;&#xD;
&#xD;
&lt;ol&gt;&#xD;
	&lt;li&gt;&#xD;
	&lt;p&gt;&#x521D;&#x59CB;&#x5316;&#xFF1A;&#x8A2D;&#x5B9A;&#x6642;&#x9593;&#x70BA;0&#xFF0C;&#x968A;&#x5217;&#x7E3D;&#x9577;&#x5EA6;&#x70BA;0&#xFF0C;&#x7576;&#x524D;&#x968A;&#x5217;&#x9577;&#x5EA6;&#x70BA;0&#x3002;&lt;/p&gt;&#xD;
	&lt;/li&gt;&#xD;
	&lt;li&gt;&#xD;
	&lt;p&gt;&#x5728;&#x6BCF;&#x4E00;&#x500B;&#x6642;&#x9593;&#x55AE;&#x4F4D;&#xFF08;&#x4F8B;&#x5982;&#x4E00;&#x5206;&#x9418;&#xFF09;&#x7D50;&#x675F;&#x6642;&#xFF0C;&#x8A18;&#x9304;&#x4E0B;&#x65B0;&#x5230;&#x9054;&#x7684;&#x9867;&#x5BA2;&#x6578;&#x91CF;&#x548C;&#x9019;&#x500B;&#x6642;&#x9593;&#x55AE;&#x4F4D;&#x5167;&#x5B8C;&#x6210;&#x670D;&#x52D9;&#xFF08;&#x9EDE;&#x9910;&#xFF09;&#x7684;&#x9867;&#x5BA2;&#x6578;&#x91CF;&#x3002;&lt;/p&gt;&#xD;
	&lt;/li&gt;&#xD;
	&lt;li&gt;&#xD;
	&lt;p&gt;&#x6839;&#x64DA;&#x65B0;&#x5230;&#x9054;&#x7684;&#x9867;&#x5BA2;&#x6578;&#x91CF;&#x548C;&#x5B8C;&#x6210;&#x670D;&#x52D9;&#x7684;&#x9867;&#x5BA2;&#x6578;&#x91CF;&#x66F4;&#x65B0;&#x7576;&#x524D;&#x968A;&#x5217;&#x9577;&#x5EA6;&#x3002;&#x5982;&#x679C;&#x65B0;&#x5230;&#x9054;&#x7684;&#x9867;&#x5BA2;&#x6578;&#x91CF;&#x5927;&#x65BC;&#x5B8C;&#x6210;&#x670D;&#x52D9;&#x7684;&#x9867;&#x5BA2;&#x6578;&#x91CF;&#xFF0C;&#x968A;&#x5217;&#x6703;&#x8B8A;&#x9577;&#xFF1B;&#x5982;&#x679C;&#x5C0F;&#x65BC;&#xFF0C;&#x968A;&#x5217;&#x6703;&#x8B8A;&#x77ED;&#x3002;&lt;/p&gt;&#xD;
	&lt;/li&gt;&#xD;
	&lt;li&gt;&#xD;
	&lt;p&gt;&#x5728;&#x6BCF;&#x4E00;&#x500B;&#x6642;&#x9593;&#x55AE;&#x4F4D;&#x7D50;&#x675F;&#x6642;&#xFF0C;&#x5C07;&#x7576;&#x524D;&#x968A;&#x5217;&#x9577;&#x5EA6;&#x52A0;&#x5165;&#x968A;&#x5217;&#x7E3D;&#x9577;&#x5EA6;&#x3002;&lt;/p&gt;&#xD;
	&lt;/li&gt;&#xD;
	&lt;li&gt;&#xD;
	&lt;p&gt;&#x5728;&#x6A21;&#x64EC;&#x7D50;&#x675F;&#x6642;&#xFF0C;&#x8A08;&#x7B97;&#x5E73;&#x5747;&#x968A;&#x5217;&#x9577;&#x5EA6;&#x3002;&#x9019;&#x662F;&#x901A;&#x904E;&#x5C07;&#x968A;&#x5217;&#x7E3D;&#x9577;&#x5EA6;&#x9664;&#x4EE5;&#x7E3D;&#x6642;&#x9593;&#x4F86;&#x5F97;&#x5230;&#x7684;&#x3002;&lt;/p&gt;&#xD;
	&lt;/li&gt;&#xD;
&lt;/ol&gt;&#xD;
&#xD;
&lt;p&gt;&#x9019;&#x500B;&#x904E;&#x7A0B;&#x6A21;&#x64EC;&#x4E86;&#x771F;&#x5BE6;&#x4E16;&#x754C;&#x4E2D;&#x7684;&#x968A;&#x5217;&#x52D5;&#x614B;&#xFF0C;&#x4E26;&#x53EF;&#x4EE5;&#x7528;&#x4F86;&#x8A08;&#x7B97;&#x968A;&#x5217;&#x7CFB;&#x7D71;&#x7684;&#x6027;&#x80FD;&#x6307;&#x6A19;&#xFF0C;&#x4F8B;&#x5982;&#x5E73;&#x5747;&#x968A;&#x5217;&#x9577;&#x5EA6;&#x6216;&#x5E73;&#x5747;&#x7B49;&#x5F85;&#x6642;&#x9593;&#x3002;&#x5B83;&#x53EF;&#x4EE5;&#x7528;&#x65BC;&#x8A2D;&#x8A08;&#x548C;&#x6539;&#x9032;&#x968A;&#x5217;&#x7CFB;&#x7D71;&#xFF0C;&#x4F8B;&#x5982;&#x78BA;&#x5B9A;&#x9700;&#x8981;&#x591A;&#x5C11;&#x9EDE;&#x9910;&#x7A97;&#x53E3;&#xFF0C;&#x6216;&#x8005;&#x6700;&#x4F73;&#x7684;&#x9867;&#x5BA2;&#x5230;&#x9054;&#x901F;&#x7387;&#x3002;&lt;/p&gt; </content>
  <attach></attach>
  <rcount></rcount>
  <rank></rank>
  <hit>40</hit>
  <lang>1</lang>
</data>
