<?xml version="1.0"?>
<data version="3.0" time="2024-07-19 08:57:32" type="post" filename="b000000001.xml">
  <open_time>0000-00-00</open_time>
  <close_time>0000-00-00</close_time>
  <lang_name>Big5</lang_name>
  <board_id>1001296427</board_id>
  <node>000000001</node>
  <site>1000110001</site>
  <pt>2024-01-01 23:42:35</pt>
  <poster>11127110</poster>
  <realname>&#x8A31;&#x81F3;&#x6600;  </realname>
  <email>alberthsu919@gmail.com</email>
  <homepage>  </homepage>
  <subject>230 </subject>
  <content>&lt;p&gt;&lt;span style="font-family:&#x65B0;&#x7D30;&#x660E;&#x9AD4;,serif"&gt;&#x6BD4;&#x8F03;&#x4EE5;&#x9663;&#x5217;&#x6216;&#x6307;&#x6A19;&#x5BE6;&#x4F5C;&#x5806;&#x7A4D;&#x7D50;&#x69CB;&#x7684;&#x512A;&#x7F3A;&#x9EDE;&#x3002;&lt;/span&gt;&lt;/p&gt;&#xD;
&#xD;
&lt;p&gt;&lt;span style="font-family:&#x65B0;&#x7D30;&#x660E;&#x9AD4;,serif"&gt;&#xFF3B;&#x9663;&#x5217;&#xFF3D;&lt;/span&gt;&lt;/p&gt;&#xD;
&#xD;
&lt;p&gt;&lt;span style="font-family:&#x65B0;&#x7D30;&#x660E;&#x9AD4;,serif"&gt;&#x512A;&#x9EDE;&#xFF1A;&#x4E0D;&#x9700;&#x8981;&#x8655;&#x7406;&#x6307;&#x6A19;&#x93C8;&#x7D50;&#x95DC;&#x4FC2;&#xFF0C;&#x7528;&#x7D22;&#x5F15;&#x503C;&#x64CD;&#x4F5C;&#x8F03;&#x7C21;&#x4FBF;&#x3002;&lt;/span&gt;&lt;/p&gt;&#xD;
&#xD;
&lt;p&gt;&lt;span style="font-family:&#x65B0;&#x7D30;&#x660E;&#x9AD4;,serif"&gt;&#x7F3A;&#x9EDE;&#xFF1A;&#x975C;&#x614B;&#x9663;&#x5217;&#x7121;&#x6CD5;&#x78BA;&#x5B9A;&#x6240;&#x9700;&#x914D;&#x7F6E;&#x7684;&#x5927;&#x5C0F;&#xFF0C;&#x5BB9;&#x6613;&#x9020;&#x6210;&#x7A7A;&#x9593;&#x4E0D;&#x5920;&#x6216;&#x6D6A;&#x8CBB;&#xFF0C;&#x91CD;&#x65B0;&#x5206;&#x914D;&#x6703;&#x9020;&#x6210;&#x8017;&#x6642;&#x9593;&#x3002;&lt;/span&gt;&lt;/p&gt;&#xD;
&#xD;
&lt;p&gt;&lt;span style="font-family:&#x65B0;&#x7D30;&#x660E;&#x9AD4;,serif"&gt;&#xFF3B;&#x6307;&#x6A19;&#xFF3D;&lt;/span&gt;&lt;/p&gt;&#xD;
&#xD;
&lt;p&gt;&lt;span style="font-family:&#x65B0;&#x7D30;&#x660E;&#x9AD4;,serif"&gt;&#x512A;&#x9EDE;&#xFF1A;&#x52D5;&#x614B;&#x8ABF;&#x6574;&#x5806;&#x7A4D;&#x5927;&#x5C0F;&#x3002;&lt;/span&gt;&lt;/p&gt;&#xD;
&#xD;
&lt;p&gt;&lt;span style="font-family:&#x65B0;&#x7D30;&#x660E;&#x9AD4;,serif"&gt;&#x7F3A;&#x9EDE;&#xFF1A;&#x9700;&#x8981;&#x8655;&#x7406;&#x8907;&#x96DC;&#x6307;&#x6A19;&#x93C8;&#x7D50;&#xFF0C;&#x50CF;&#x662F;&#x96D9;&#x5411;&#x6307;&#x6A19;&#x7CFB;&#x7D71;&#x3002;&lt;/span&gt;&lt;/p&gt; </content>
  <attach></attach>
  <rcount></rcount>
  <rank></rank>
  <hit>15</hit>
  <lang>1</lang>
</data>
