<?xml version="1.0"?>
<data version="3.0" time="2024-07-19 09:05:29" type="post" filename="b000000005000000001.xml">
  <open_time>0000-00-00</open_time>
  <close_time>0000-00-00</close_time>
  <lang_name>Big5</lang_name>
  <board_id>1001162652</board_id>
  <node>000000005000000001</node>
  <site>1000110001</site>
  <pt>2022-12-01 10:48:42</pt>
  <poster>11813</poster>
  <realname>&#x5433;&#x5B9C;&#x9D3B;  </realname>
  <email>yhwu@cycu.edu.tw</email>
  <homepage>https://www.researchgate.net/profile/Yi-Hung-Wu-2  </homepage>
  <subject>Re: 205. &#x63D0;&#x51FA;&#x4E8C;&#x7A2E;&#x9078;&#x64C7;&#x4F47;&#x5217;&#x7684;&#x7B56;&#x7565;&#xFF0C;&#x4E26;&#x8209;&#x4F8B;&#x6BD4;&#x8F03;&#x4E8C;&#x8005;&#x3002;  </subject>
  <content>&lt;p&gt;&lt;span style="color:#ff0000"&gt;&#x9078;&#x64C7;&#x4F47;&#x5217;&#x7684;&#x7B56;&#x7565;&#xFF1F;&lt;/span&gt;&lt;/p&gt; </content>
  <attach></attach>
  <rcount></rcount>
  <rank></rank>
  <hit>1</hit>
  <lang>1</lang>
</data>
