<?xml version="1.0"?>
<data version="3.0" time="2024-07-19 09:05:29" type="post" filename="b000000001.xml">
  <open_time>0000-00-00</open_time>
  <close_time>0000-00-00</close_time>
  <lang_name>Big5</lang_name>
  <board_id>1001162652</board_id>
  <node>000000001</node>
  <site>1000110001</site>
  <pt>2022-11-17 00:47:43</pt>
  <poster>11027126</poster>
  <realname>&#x937E;&#x6631;&#x8CE2;  </realname>
  <email>lucas920421@gmail.com</email>
  <homepage>  </homepage>
  <subject>201. &#x8209;&#x4F8B;&#x8AAA;&#x660E;&#x55AE;&#x4E00;&#x4F47;&#x5217;&#x6A21;&#x64EC;&#x5982;&#x4F55;&#x8A08;&#x7B97;&#x5E73;&#x5747;&#x7B49;&#x5019;&#x6642;&#x9593;waiting time&#x3002; </subject>
  <content>&lt;p&gt;&#x8A18;&#x9304;&#x6BCF;&#x4E00;&#x7B46;&#x8CC7;&#x6599;&#x9032;&#x5165;&#x4F47;&#x5217;&#x7684;&#x6642;&#x9593;&#x4EE5;&#x53CA;&#x51FA;&#x53BB;&#x4F47;&#x5217;&#x7684;&#x6642;&#x9593;&#xFF0C;&#x5C07;&#x5F8C;&#x8005;&#x6E1B;&#x53BB;&#x524D;&#x8005;&#x5373;&#x53EF;&#x5F97;&#x5230;&#x8A72;&#x7B46;&#x8A02;&#x55AE;&#x7684; watiting time&#x3002;&lt;br /&gt;&#xD;
&#x800C;&#x5C07;&#x6240;&#x6709;&#x8CC7;&#x6599;&#x7684; waiting time &#x505A;&#x5E73;&#x5747;&#x5C31;&#x80FD;&#x5920;&#x5F97;&#x5230;&#x5E73;&#x5747;&#x7B49;&#x5019;&#x6642;&#x9593;&#x3002;&lt;/p&gt; </content>
  <attach></attach>
  <rcount></rcount>
  <rank></rank>
  <hit>44</hit>
  <lang>1</lang>
</data>
