<?xml version="1.0"?>
<data version="3.0" time="2024-07-19 09:05:29" type="post" filename="b000000004.xml">
  <open_time>0000-00-00</open_time>
  <close_time>0000-00-00</close_time>
  <lang_name>Big5</lang_name>
  <board_id>1001162652</board_id>
  <node>000000004</node>
  <site>1000110001</site>
  <pt>2022-11-28 22:19:21</pt>
  <poster>11020105</poster>
  <realname>&#x7C21;&#x5065;&#x6D32;  </realname>
  <email>jay0982854390@gmail.com</email>
  <homepage> </homepage>
  <subject>201. &#x8209;&#x4F8B;&#x8AAA;&#x660E;&#x55AE;&#x4E00;&#x4F47;&#x5217;&#x6A21;&#x64EC;&#x5982;&#x4F55;&#x8A08;&#x7B97;&#x5E73;&#x5747;&#x7B49;&#x5019;&#x6642;&#x9593;waiting time&#x3002; </subject>
  <content>&lt;p&gt;&lt;span style="font-size:16px"&gt;&#x8209;&#x4F8B;Event1(&lt;span style="color:#0000ff"&gt;arrival time&lt;/span&gt;=1,duration=5), Event2(&lt;span style="color:#0000ff"&gt;arrival time&lt;/span&gt; =4,duration=3), Event3(&lt;span style="color:#0000ff"&gt;arrival time&lt;/span&gt;=7,duration=5), Event4(&lt;span style="color:#0000ff"&gt;arrival time&lt;/span&gt;=20, duration=3)&lt;/span&gt;&lt;/p&gt;&#xD;
&#xD;
&lt;p&gt;&lt;span style="font-size:14px"&gt;&lt;strong&gt;Total wating time&lt;/strong&gt;&lt;/span&gt; = &#x5148;&#x505A;Event1=&amp;gt;&lt;span style="color:#ff0000"&gt;&#x73FE;&#x5728;&#x6642;&#x9593;&lt;/span&gt;&#x6703;&#x4F86;&#x5230;1+5=6, &lt;span style="color:#ff0000"&gt;&#x73FE;&#x5728;&#x6642;&#x9593;&lt;/span&gt;&#x53BB;&#x6E1B;&#x6389;&#x4E0B;&#x500B;Event&#x7684;&lt;span style="color:#0000ff"&gt;arrival time&lt;/span&gt;&#x5C31;&#x662F;&#x4E0B;&#x500B;Event&#x7684;wating time,&#x505A;&#x5B8C;Event2&#x5F8C;&lt;span style="color:#ff0000"&gt;&lt;strong&gt;&#x73FE;&#x5728;&#x6642;&#x9593;&lt;/strong&gt;&lt;/span&gt;&#x6703; =(&#x505A;&#x6B64;Event&#x6642;&#x7684;&#x73FE;&#x5728;&#x6642;&#x9593;+&#x6B64;Event duration&#x4E5F;&#x5C31;&#x662F;3)=&lt;span style="color:#ff0000"&gt;6+3=9&lt;/span&gt;,&#x4F9D;&#x6B64;&#x985E;&#x63A8;&#x5230;&#x6240;&#x6709;Event&#x90FD;&#x57F7;&#x884C;&#x904E;,&#x82E5;&#x9047;&#x5230;&#x4E0B;&#x500B;Event&#x7684;arrival time&#x6BD4;&#x73FE;&#x5728;&#x7684;&#x6642;&#x9593;&#x5927;,&#x90A3;&#x9EBC;&#x6B64;Event&#x7684;wating time&#x5C31;&#x662F;0,&#x800C;&#x73FE;&#x5728;&#x6642;&#x9593;&#x4E5F;&#x5C31;&#x7B49;&#x65BC;&#x6B64;Event&#x7684;arrival time&#x3002;&lt;/p&gt;&#xD;
&#xD;
&lt;p&gt;&#x4EE5;&#x9019;&#x500B;&#x4F8B;&#x5B50;&#x505A;&#x8A08;&#x7B97; Event2&amp;#39;s wating time =&lt;span style="color:#ffa500"&gt; &lt;/span&gt;&lt;span style="color:#ff0000"&gt;1+5&lt;/span&gt;-&lt;span style="color:#0000ff"&gt;4&lt;/span&gt;=&lt;u&gt;&lt;strong&gt;2&lt;/strong&gt;&lt;/u&gt;, Event3&amp;#39;s wating time = &lt;span style="color:#ff0000"&gt;1+5+3&lt;/span&gt;-&lt;span style="color:#0000ff"&gt;7&lt;/span&gt;=&lt;strong&gt;&lt;u&gt;2&lt;/u&gt;&lt;/strong&gt;, Event4&amp;#39;s wating time = &#x7531;&#x65BC;&#x73FE;&#x5728;&#x6642;&#x9593;&#x4F86;&#x5230;&lt;span style="color:#ff0000"&gt;1+5+3+5=14&lt;/span&gt;,&#x4F46;Event4&#x7684;arrival time(20) &amp;gt; &#x73FE;&#x5728;&#x6642;&#x9593;(14) &#x6240;&#x4EE5;Event4&amp;#39;s wating time =&lt;u&gt;&lt;strong&gt; 0&lt;/strong&gt;&lt;/u&gt;&#x3002;&lt;/p&gt;&#xD;
&#xD;
&lt;p&gt;total wating time = 2+2+0=&lt;strong&gt;&lt;u&gt;4&lt;/u&gt;&lt;/strong&gt;, average wating time = 4/&#x6240;&#x6709;Event&#x7684;&#x6578;&#x91CF;=4/4=1&#x3002;&lt;/p&gt;</content>
  <attach></attach>
  <rcount></rcount>
  <rank></rank>
  <hit>19</hit>
  <lang>1</lang>
</data>
