<?xml version="1.0"?>
<data version="3.0" time="2024-07-20 09:55:44" type="post" filename="b000000019.xml">
  <open_time>0000-00-00</open_time>
  <close_time>0000-00-00</close_time>
  <lang_name>Big5</lang_name>
  <board_id>1001278685</board_id>
  <node>000000019</node>
  <site>1000110001</site>
  <pt>2023-07-24 15:03:42</pt>
  <poster>06005836</poster>
  <realname>&#x9673;&#x4E88;&#x7487;  </realname>
  <email>jason40125520@gmail.com</email>
  <homepage> </homepage>
  <subject>&#x6436;&#x7B54;217 </subject>
  <content>&lt;p&gt;&lt;strong&gt;&#x8209;&#x4F8B;&#x89E3;&#x8AAA;&#x5FEB;&#x901F;&#x6392;&#x5E8F;quick sort&#x662F;&#x5426;&#x7A69;&#x5B9A;stable&#x3002;&lt;/strong&gt;&lt;/p&gt;&#xD;
&#xD;
&lt;p&gt;&lt;strong&gt;&#x5FEB;&#x901F;&#x6392;&#x5E8F;&#xFF08;Quick Sort&#xFF09;&#x662F;&#x4E00;&#x7A2E;&#x5E38;&#x898B;&#x4E14;&#x9AD8;&#x6548;&#x7684;&#x6392;&#x5E8F;&#x7B97;&#x6CD5;&#xFF0C;&#x5B83;&#x662F;&#x4E00;&#x7A2E;&#x4E0D;&#x7A69;&#x5B9A;&#x7684;&#x6392;&#x5E8F;&#x7B97;&#x6CD5;&#x3002;&#x5728;&#x5FEB;&#x901F;&#x6392;&#x5E8F;&#x7684;&#x904E;&#x7A0B;&#x4E2D;&#xFF0C;&#x6703;&#x9032;&#x884C;&#x5143;&#x7D20;&#x7684;&#x4EA4;&#x63DB;&#x64CD;&#x4F5C;&#xFF0C;&#x9019;&#x5C0E;&#x81F4;&#x76F8;&#x540C;&#x9375;&#x503C;&#x7684;&#x5143;&#x7D20;&#x53EF;&#x80FD;&#x5728;&#x6392;&#x5E8F;&#x5F8C;&#x6539;&#x8B8A;&#x4F4D;&#x7F6E;&#xFF0C;&#x56E0;&#x6B64;&#x5B83;&#x4E0D;&#x4FDD;&#x8B49;&#x7A69;&#x5B9A;&#x6027;&#x3002;&lt;/strong&gt;&lt;/p&gt;&#xD;
&#xD;
&lt;p&gt;&lt;strong&gt;&#x5047;&#x8A2D;&#x4EE5;&#x4E0B;tuple&#x9700;&#x8981;&#x6392;&#x5E8F;&#xFF1A;&lt;/strong&gt;&lt;/p&gt;&#xD;
&#xD;
&lt;table&gt;&#xD;
	&lt;tbody&gt;&#xD;
		&lt;tr&gt;&#xD;
			&lt;td&gt;&#xD;
			&lt;p&gt;&lt;strong&gt;&#x7D22;&#x5F15;&lt;/strong&gt;&lt;/p&gt;&#xD;
			&lt;/td&gt;&#xD;
			&lt;td&gt;&#xD;
			&lt;p&gt;&lt;strong&gt;&#x503C;&lt;/strong&gt;&lt;/p&gt;&#xD;
			&lt;/td&gt;&#xD;
		&lt;/tr&gt;&#xD;
		&lt;tr&gt;&#xD;
			&lt;td&gt;&#xD;
			&lt;p&gt;&lt;strong&gt;0&lt;/strong&gt;&lt;/p&gt;&#xD;
			&lt;/td&gt;&#xD;
			&lt;td&gt;&#xD;
			&lt;p&gt;&lt;strong&gt;5&lt;/strong&gt;&lt;/p&gt;&#xD;
			&lt;/td&gt;&#xD;
		&lt;/tr&gt;&#xD;
		&lt;tr&gt;&#xD;
			&lt;td&gt;&#xD;
			&lt;p&gt;&lt;strong&gt;1&lt;/strong&gt;&lt;/p&gt;&#xD;
			&lt;/td&gt;&#xD;
			&lt;td&gt;&#xD;
			&lt;p&gt;&lt;strong&gt;2&lt;/strong&gt;&lt;/p&gt;&#xD;
			&lt;/td&gt;&#xD;
		&lt;/tr&gt;&#xD;
		&lt;tr&gt;&#xD;
			&lt;td&gt;&#xD;
			&lt;p&gt;&lt;strong&gt;2&lt;/strong&gt;&lt;/p&gt;&#xD;
			&lt;/td&gt;&#xD;
			&lt;td&gt;&#xD;
			&lt;p&gt;&lt;strong&gt;8&lt;/strong&gt;&lt;/p&gt;&#xD;
			&lt;/td&gt;&#xD;
		&lt;/tr&gt;&#xD;
		&lt;tr&gt;&#xD;
			&lt;td&gt;&#xD;
			&lt;p&gt;&lt;strong&gt;3&lt;/strong&gt;&lt;/p&gt;&#xD;
			&lt;/td&gt;&#xD;
			&lt;td&gt;&#xD;
			&lt;p&gt;&lt;strong&gt;5&lt;/strong&gt;&lt;/p&gt;&#xD;
			&lt;/td&gt;&#xD;
		&lt;/tr&gt;&#xD;
		&lt;tr&gt;&#xD;
			&lt;td&gt;&#xD;
			&lt;p&gt;&lt;strong&gt;4&lt;/strong&gt;&lt;/p&gt;&#xD;
			&lt;/td&gt;&#xD;
			&lt;td&gt;&#xD;
			&lt;p&gt;&lt;strong&gt;9&lt;/strong&gt;&lt;/p&gt;&#xD;
			&lt;/td&gt;&#xD;
		&lt;/tr&gt;&#xD;
	&lt;/tbody&gt;&#xD;
&lt;/table&gt;&#xD;
&#xD;
&lt;p&gt;&lt;strong&gt;&#x4F7F;&#x7528;&#x5FEB;&#x901F;&#x6392;&#x5E8F;&#xFF1A;&lt;/strong&gt;&lt;/p&gt;&#xD;
&#xD;
&lt;p&gt;&lt;strong&gt;1.&#x9078;&#x64C7;&#x4E00;&#x500B;&#x8EF8;&#x9EDE;&#xFF08;pivot&#xFF09;&#xFF0C;&#x4F8B;&#x5982;&#x9078;&#x64C7;&#x7D22;&#x5F15;2&#x7684;&#x5143;&#x7D20;&amp;quot;8&amp;quot;&#x4F5C;&#x70BA;&#x8EF8;&#x9EDE;&#x3002;&lt;/strong&gt;&lt;/p&gt;&#xD;
&#xD;
&lt;p&gt;&lt;strong&gt;2.&#x9032;&#x884C;&#x5283;&#x5206;&#xFF0C;&#x628A;&#x6BD4;&#x8EF8;&#x9EDE;&#x5C0F;&#x7684;&#x5143;&#x7D20;&#x653E;&#x5728;&#x8EF8;&#x9EDE;&#x5DE6;&#x908A;&#xFF0C;&#x6BD4;&#x8EF8;&#x9EDE;&#x5927;&#x7684;&#x5143;&#x7D20;&#x653E;&#x5728;&#x8EF8;&#x9EDE;&#x53F3;&#x908A;&#x3002;&#x5728;&#x9019;&#x500B;&#x4F8B;&#x5B50;&#x4E2D;&#xFF0C;&#x5283;&#x5206;&#x4E4B;&#x5F8C;&#x7684;&#x7D50;&#x679C;&#x53EF;&#x80FD;&#x5982;&#x4E0B;&#xFF1A;&lt;/strong&gt;&lt;/p&gt;&#xD;
&#xD;
&lt;table&gt;&#xD;
	&lt;tbody&gt;&#xD;
		&lt;tr&gt;&#xD;
			&lt;td&gt;&#xD;
			&lt;p&gt;&lt;strong&gt;&#x7D22;&#x5F15;&lt;/strong&gt;&lt;/p&gt;&#xD;
			&lt;/td&gt;&#xD;
			&lt;td&gt;&#xD;
			&lt;p&gt;&lt;strong&gt;&#x503C;&lt;/strong&gt;&lt;/p&gt;&#xD;
			&lt;/td&gt;&#xD;
		&lt;/tr&gt;&#xD;
		&lt;tr&gt;&#xD;
			&lt;td&gt;&#xD;
			&lt;p&gt;&lt;strong&gt;0&lt;/strong&gt;&lt;/p&gt;&#xD;
			&lt;/td&gt;&#xD;
			&lt;td&gt;&#xD;
			&lt;p&gt;&lt;strong&gt;5&lt;/strong&gt;&lt;/p&gt;&#xD;
			&lt;/td&gt;&#xD;
		&lt;/tr&gt;&#xD;
		&lt;tr&gt;&#xD;
			&lt;td&gt;&#xD;
			&lt;p&gt;&lt;strong&gt;1&lt;/strong&gt;&lt;/p&gt;&#xD;
			&lt;/td&gt;&#xD;
			&lt;td&gt;&#xD;
			&lt;p&gt;&lt;strong&gt;2&lt;/strong&gt;&lt;/p&gt;&#xD;
			&lt;/td&gt;&#xD;
		&lt;/tr&gt;&#xD;
		&lt;tr&gt;&#xD;
			&lt;td&gt;&#xD;
			&lt;p&gt;&lt;strong&gt;2&lt;/strong&gt;&lt;/p&gt;&#xD;
			&lt;/td&gt;&#xD;
			&lt;td&gt;&#xD;
			&lt;p&gt;&lt;strong&gt;5&lt;/strong&gt;&lt;/p&gt;&#xD;
			&lt;/td&gt;&#xD;
		&lt;/tr&gt;&#xD;
		&lt;tr&gt;&#xD;
			&lt;td&gt;&#xD;
			&lt;p&gt;&lt;strong&gt;3&lt;/strong&gt;&lt;/p&gt;&#xD;
			&lt;/td&gt;&#xD;
			&lt;td&gt;&#xD;
			&lt;p&gt;&lt;strong&gt;8&lt;/strong&gt;&lt;/p&gt;&#xD;
			&lt;/td&gt;&#xD;
		&lt;/tr&gt;&#xD;
		&lt;tr&gt;&#xD;
			&lt;td&gt;&#xD;
			&lt;p&gt;&lt;strong&gt;4&lt;/strong&gt;&lt;/p&gt;&#xD;
			&lt;/td&gt;&#xD;
			&lt;td&gt;&#xD;
			&lt;p&gt;&lt;strong&gt;9&lt;/strong&gt;&lt;/p&gt;&#xD;
			&lt;/td&gt;&#xD;
		&lt;/tr&gt;&#xD;
	&lt;/tbody&gt;&#xD;
&lt;/table&gt;&#xD;
&#xD;
&lt;p&gt;&lt;strong&gt;&#x63A5;&#x8457;&#x905E;&#x8FF4;&#x5730;&#x5C0D;&#x5DE6;&#x53F3;&#x5169;&#x500B;&#x5340;&#x57DF;&#x9032;&#x884C;&#x6392;&#x5E8F;&#x3002;&lt;/strong&gt;&lt;/p&gt;&#xD;
&#xD;
&lt;p&gt;&lt;strong&gt;&#x539F;&#x672C;&#x4F4D;&#x65BC;&#x7D22;&#x5F15;0&#x548C;&#x7D22;&#x5F15;2&#x7684;&#x5169;&#x500B;&#x76F8;&#x540C;&#x503C;&amp;quot;5&amp;quot;&#xFF0C;&#x5728;&#x6392;&#x5E8F;&#x5F8C;&#x5B83;&#x5011;&#x7684;&#x76F8;&#x5C0D;&#x4F4D;&#x7F6E;&#x6539;&#x8B8A;&#x4E86;&#xFF0C;&#x9019;&#x5C31;&#x8868;&#x660E;&#x5FEB;&#x901F;&#x6392;&#x5E8F;&#x662F;&#x975E;&#x7A69;&#x5B9A;&#x7684;&#x3002;&lt;/strong&gt;&lt;/p&gt;&#xD;
&#xD;
&lt;p&gt;&lt;strong&gt;&#x5FEB;&#x901F;&#x6392;&#x5E8F;&#x662F;&#x4E00;&#x7A2E;&#x9AD8;&#x6548;&#x7684;&#x6392;&#x5E8F;&#x7B97;&#x6CD5;&#xFF0C;&#x4F46;&#x4E0D;&#x4FDD;&#x8B49;&#x76F8;&#x540C;&#x9375;&#x503C;&#x7684;&#x5143;&#x7D20;&#x7684;&#x76F8;&#x5C0D;&#x4F4D;&#x7F6E;&#x4E0D;&#x8B8A;&#xFF0C;&#x56E0;&#x6B64;&#x5B83;&#x662F;&#x975E;&#x7A69;&#x5B9A;&#x7684;&#x6392;&#x5E8F;&#x7B97;&#x6CD5;&#x3002;&lt;/strong&gt;&lt;/p&gt;</content>
  <attach></attach>
  <rcount></rcount>
  <rank></rank>
  <hit>10</hit>
  <lang>1</lang>
</data>
