<?xml version="1.0"?>
<data version="3.0" time="2024-07-20 09:55:44" type="post" filename="b000000021.xml">
  <open_time>0000-00-00</open_time>
  <close_time>0000-00-00</close_time>
  <lang_name>Big5</lang_name>
  <board_id>1001278685</board_id>
  <node>000000021</node>
  <site>1000110001</site>
  <pt>2023-07-24 15:05:50</pt>
  <poster>06005836</poster>
  <realname>&#x9673;&#x4E88;&#x7487;  </realname>
  <email>jason40125520@gmail.com</email>
  <homepage>  </homepage>
  <subject>&#x6436;&#x7B54;219 </subject>
  <content>&lt;p&gt;&lt;strong&gt;&#x8209;&#x4F8B;&#x5340;&#x5225;&#x5B8C;&#x5168;full&#x3001;&#x5B8C;&#x6574;complete&#x53CA;&#x5E73;&#x8861;balanced&#x4E8C;&#x5143;&#x6A39;&#x7684;&#x5DEE;&#x7570;&#x3002;&lt;/strong&gt;&lt;/p&gt;&#xD;
&#xD;
&lt;p&gt;&lt;strong&gt;&#x5728;&#x4E8C;&#x5143;&#x6A39;&#x7684;&#x6982;&#x5FF5;&#x4E2D;&#xFF0C;&#x5B8C;&#x5168;&#xFF08;Complete&#xFF09;&#x3001;&#x5B8C;&#x6574;&#xFF08;Full&#xFF09;&#x548C;&#x5E73;&#x8861;&#xFF08;Balanced&#xFF09;&#x662F;&#x4E09;&#x500B;&#x4E0D;&#x540C;&#x7684;&#x5C6C;&#x6027;&#xFF0C;&#x5B83;&#x5011;&#x63CF;&#x8FF0;&#x4E86;&#x4E0D;&#x540C;&#x985E;&#x578B;&#x7684;&#x4E8C;&#x5143;&#x6A39;&#x3002;&lt;/strong&gt;&lt;/p&gt;&#xD;
&#xD;
&lt;p&gt;&lt;strong&gt;&#x5B8C;&#x5168;&#xFF08;Complete&#xFF09;&#x4E8C;&#x5143;&#x6A39;&#xFF1A;&lt;/strong&gt;&lt;/p&gt;&#xD;
&#xD;
&lt;p&gt;&lt;strong&gt;&#x5728;&#x4E00;&#x68F5;&#x5B8C;&#x5168;&#x4E8C;&#x5143;&#x6A39;&#x4E2D;&#xFF0C;&#x6240;&#x6709;&#x7684;&#x7BC0;&#x9EDE;&#x90FD;&#x5F9E;&#x5DE6;&#x5230;&#x53F3;&#x4F9D;&#x6B21;&#x586B;&#x6EFF;&#xFF0C;&#x7F3A;&#x5C11;&#x7684;&#x7BC0;&#x9EDE;&#x53EA;&#x80FD;&#x51FA;&#x73FE;&#x5728;&#x6700;&#x5F8C;&#x5169;&#x5C64;&#x3002;&#x63DB;&#x53E5;&#x8A71;&#x8AAA;&#xFF0C;&#x5F9E;&#x6839;&#x7BC0;&#x9EDE;&#x5230;&#x5012;&#x6578;&#x7B2C;&#x4E8C;&#x5C64;&#x7684;&#x7BC0;&#x9EDE;&#x90FD;&#x5FC5;&#x9808;&#x662F;&#x6EFF;&#x7684;&#xFF0C;&#x6700;&#x5F8C;&#x4E00;&#x5C64;&#x7684;&#x7BC0;&#x9EDE;&#x5982;&#x679C;&#x5B58;&#x5728;&#x7F3A;&#x5931;&#x7BC0;&#x9EDE;&#xFF0C;&#x5247;&#x53EA;&#x80FD;&#x5728;&#x6700;&#x53F3;&#x5074;&#x3002;&#x4EE5;&#x4E0B;&#x662F;&#x4E00;&#x500B;&#x5B8C;&#x5168;&#x4E8C;&#x5143;&#x6A39;&#x7684;&#x4F8B;&#x5B50;&#xFF1A;&lt;/strong&gt;&lt;/p&gt;&#xD;
&#xD;
&lt;p&gt;&lt;strong&gt;&amp;nbsp;&amp;nbsp;&amp;nbsp;&amp;nbsp;&amp;nbsp;&amp;nbsp;1&lt;/strong&gt;&lt;/p&gt;&#xD;
&#xD;
&lt;p&gt;&lt;strong&gt;&amp;nbsp;&amp;nbsp;&amp;nbsp;&amp;nbsp;/ &amp;nbsp; \&lt;/strong&gt;&lt;/p&gt;&#xD;
&#xD;
&lt;p&gt;&lt;strong&gt;&amp;nbsp;&amp;nbsp;&amp;nbsp;2 &amp;nbsp; &amp;nbsp; 3&lt;/strong&gt;&lt;/p&gt;&#xD;
&#xD;
&lt;p&gt;&lt;strong&gt;&amp;nbsp;&amp;nbsp;/ \ &amp;nbsp; /&lt;/strong&gt;&lt;/p&gt;&#xD;
&#xD;
&lt;p&gt;&lt;strong&gt;&amp;nbsp;4 &amp;nbsp; 5 6&lt;/strong&gt;&lt;/p&gt;&#xD;
&#xD;
&lt;p&gt;&lt;strong&gt;&#x9019;&#x662F;&#x4E00;&#x68F5;&#x5B8C;&#x5168;&#x4E8C;&#x5143;&#x6A39;&#xFF0C;&#x6240;&#x6709;&#x7BC0;&#x9EDE;&#x90FD;&#x6309;&#x7167;&#x5F9E;&#x5DE6;&#x5230;&#x53F3;&#x7684;&#x9806;&#x5E8F;&#x586B;&#x5145;&#x3002;&lt;/strong&gt;&lt;/p&gt;&#xD;
&#xD;
&lt;p&gt;&lt;strong&gt;&#x5B8C;&#x6574;&#xFF08;Full&#xFF09;&#x4E8C;&#x5143;&#x6A39;&#xFF1A;&lt;/strong&gt;&lt;/p&gt;&#xD;
&#xD;
&lt;p&gt;&lt;strong&gt;&#x5728;&#x4E00;&#x68F5;&#x5B8C;&#x6574;&#x4E8C;&#x5143;&#x6A39;&#x4E2D;&#xFF0C;&#x6BCF;&#x500B;&#x7BC0;&#x9EDE;&#x8981;&#x9EBC;&#x6709;&#x5169;&#x500B;&#x5B50;&#x7BC0;&#x9EDE;&#xFF0C;&#x8981;&#x9EBC;&#x6C92;&#x6709;&#x5B50;&#x7BC0;&#x9EDE;&#xFF08;&#x5373;&#x70BA;&#x8449;&#x7BC0;&#x9EDE;&#xFF09;&#x3002;&#x63DB;&#x53E5;&#x8A71;&#x8AAA;&#xFF0C;&#x6BCF;&#x500B;&#x7BC0;&#x9EDE;&#x7684;&#x5EA6;&#x6578;&#x8981;&#x9EBC;&#x662F;2&#xFF0C;&#x8981;&#x9EBC;&#x662F;0&#x3002;&#x4EE5;&#x4E0B;&#x662F;&#x4E00;&#x500B;&#x5B8C;&#x6574;&#x4E8C;&#x5143;&#x6A39;&#x7684;&#x4F8B;&#x5B50;&#xFF1A;&lt;/strong&gt;&lt;/p&gt;&#xD;
&#xD;
&lt;p&gt;&lt;strong&gt;&amp;nbsp;&amp;nbsp;&amp;nbsp;&amp;nbsp;&amp;nbsp;&amp;nbsp;1&lt;/strong&gt;&lt;/p&gt;&#xD;
&#xD;
&lt;p&gt;&lt;strong&gt;&amp;nbsp;&amp;nbsp;&amp;nbsp;&amp;nbsp;/ &amp;nbsp; \&lt;/strong&gt;&lt;/p&gt;&#xD;
&#xD;
&lt;p&gt;&lt;strong&gt;&amp;nbsp;&amp;nbsp;&amp;nbsp;2 &amp;nbsp; &amp;nbsp; 3&lt;/strong&gt;&lt;/p&gt;&#xD;
&#xD;
&lt;p&gt;&lt;strong&gt;&amp;nbsp;&amp;nbsp;/ \ &amp;nbsp; / \&lt;/strong&gt;&lt;/p&gt;&#xD;
&#xD;
&lt;p&gt;&lt;strong&gt;&amp;nbsp;4 &amp;nbsp; 5 6 &amp;nbsp; 7&lt;/strong&gt;&lt;/p&gt;&#xD;
&#xD;
&lt;p&gt;&lt;strong&gt;&#x9019;&#x662F;&#x4E00;&#x68F5;&#x5B8C;&#x6574;&#x4E8C;&#x5143;&#x6A39;&#xFF0C;&#x6BCF;&#x500B;&#x7BC0;&#x9EDE;&#x90FD;&#x6709;&#x5169;&#x500B;&#x5B50;&#x7BC0;&#x9EDE;&#x6216;&#x8005;&#x662F;&#x8449;&#x7BC0;&#x9EDE;&#x3002;&lt;/strong&gt;&lt;/p&gt;&#xD;
&#xD;
&lt;p&gt;&lt;strong&gt;&#x5E73;&#x8861;&#xFF08;Balanced&#xFF09;&#x4E8C;&#x5143;&#x6A39;&#xFF1A;&lt;/strong&gt;&lt;/p&gt;&#xD;
&#xD;
&lt;p&gt;&lt;strong&gt;&#x5E73;&#x8861;&#x4E8C;&#x5143;&#x6A39;&#x662F;&#x4E00;&#x7A2E;&#x9AD8;&#x5EA6;&#x5E73;&#x8861;&#x7684;&#x4E8C;&#x5143;&#x6A39;&#xFF0C;&#x5B83;&#x662F;&#x6307;&#x6A39;&#x4E2D;&#x4EFB;&#x610F;&#x7BC0;&#x9EDE;&#x7684;&#x5169;&#x500B;&#x5B50;&#x6A39;&#x7684;&#x9AD8;&#x5EA6;&#x5DEE;&#x4E0D;&#x8D85;&#x904E;1&#x3002;&#x5F9E;&#x6839;&#x7BC0;&#x9EDE;&#x5230;&#x8449;&#x7BC0;&#x9EDE;&#x7684;&#x6700;&#x9577;&#x8DEF;&#x5F91;&#x548C;&#x6700;&#x77ED;&#x8DEF;&#x5F91;&#x7684;&#x9AD8;&#x5EA6;&#x5DEE;&#x4E0D;&#x8D85;&#x904E;1&#x3002;&#x5E73;&#x8861;&#x4E8C;&#x5143;&#x6A39;&#x7684;&#x76EE;&#x7684;&#x662F;&#x4FDD;&#x6301;&#x641C;&#x7D22;&#x3001;&#x63D2;&#x5165;&#x548C;&#x522A;&#x9664;&#x7B49;&#x64CD;&#x4F5C;&#x7684;&#x6642;&#x9593;&#x8907;&#x96DC;&#x5EA6;&#x5728;&#x5C0D;&#x6578;&#x7D1A;&#x5225;&#x3002;&#x4EE5;&#x4E0B;&#x662F;&#x4E00;&#x500B;&#x5E73;&#x8861;&#x4E8C;&#x5143;&#x6A39;&#x7684;&#x4F8B;&#x5B50;&#xFF1A;&lt;/strong&gt;&lt;/p&gt;&#xD;
&#xD;
&lt;p&gt;&lt;strong&gt;&amp;nbsp;&amp;nbsp;&amp;nbsp;&amp;nbsp;&amp;nbsp;&amp;nbsp;4&lt;/strong&gt;&lt;/p&gt;&#xD;
&#xD;
&lt;p&gt;&lt;strong&gt;&amp;nbsp;&amp;nbsp;&amp;nbsp;&amp;nbsp;/ &amp;nbsp; \&lt;/strong&gt;&lt;/p&gt;&#xD;
&#xD;
&lt;p&gt;&lt;strong&gt;&amp;nbsp;&amp;nbsp;&amp;nbsp;2 &amp;nbsp; &amp;nbsp; 6&lt;/strong&gt;&lt;/p&gt;&#xD;
&#xD;
&lt;p&gt;&lt;strong&gt;&amp;nbsp;&amp;nbsp;/&amp;nbsp; \ &amp;nbsp; /&amp;nbsp; \&lt;/strong&gt;&lt;/p&gt;&#xD;
&#xD;
&lt;p&gt;&lt;strong&gt;&amp;nbsp;1 &amp;nbsp; 3&amp;nbsp; 5 &amp;nbsp; 7&lt;/strong&gt;&lt;/p&gt;&#xD;
&#xD;
&lt;p&gt;&lt;strong&gt;&#x9019;&#x662F;&#x4E00;&#x68F5;&#x5E73;&#x8861;&#x4E8C;&#x5143;&#x6A39;&#xFF0C;&#x4EFB;&#x610F;&#x7BC0;&#x9EDE;&#x7684;&#x5169;&#x500B;&#x5B50;&#x6A39;&#x7684;&#x9AD8;&#x5EA6;&#x5DEE;&#x90FD;&#x4E0D;&#x8D85;&#x904E;1&#x3002;&lt;/strong&gt;&lt;/p&gt;&#xD;
&#xD;
&lt;p&gt;&lt;strong&gt;&#x7E3D;&#x7D50;&#x5982;&#x4E0B;&#xFF1A;&lt;/strong&gt;&lt;/p&gt;&#xD;
&#xD;
&lt;p&gt;&lt;strong&gt;&#x5B8C;&#x5168;&#x4E8C;&#x5143;&#x6A39;&#x662F;&#x7BC0;&#x9EDE;&#x4F9D;&#x6B21;&#x5F9E;&#x5DE6;&#x5230;&#x53F3;&#x586B;&#x6EFF;&#xFF0C;&#x7F3A;&#x5931;&#x7684;&#x7BC0;&#x9EDE;&#x53EA;&#x80FD;&#x5728;&#x6700;&#x5F8C;&#x5169;&#x5C64;&#x3002;&lt;/strong&gt;&lt;/p&gt;&#xD;
&#xD;
&lt;p&gt;&lt;strong&gt;&#x5B8C;&#x6574;&#x4E8C;&#x5143;&#x6A39;&#x662F;&#x6BCF;&#x500B;&#x7BC0;&#x9EDE;&#x8981;&#x9EBC;&#x6709;&#x5169;&#x500B;&#x5B50;&#x7BC0;&#x9EDE;&#xFF0C;&#x8981;&#x9EBC;&#x662F;&#x8449;&#x7BC0;&#x9EDE;&#x3002;&lt;/strong&gt;&lt;/p&gt;&#xD;
&#xD;
&lt;p&gt;&lt;strong&gt;&#x5E73;&#x8861;&#x4E8C;&#x5143;&#x6A39;&#x662F;&#x4EFB;&#x610F;&#x7BC0;&#x9EDE;&#x7684;&#x5169;&#x500B;&#x5B50;&#x6A39;&#x7684;&#x9AD8;&#x5EA6;&#x5DEE;&#x4E0D;&#x8D85;&#x904E;1&#x3002;&lt;/strong&gt;&lt;/p&gt; </content>
  <attach></attach>
  <rcount></rcount>
  <rank></rank>
  <hit>11</hit>
  <lang>1</lang>
</data>
