<?xml version="1.0"?>
<data version="3.0" time="2024-07-20 09:55:44" type="post" filename="b000000010.xml">
  <open_time>0000-00-00</open_time>
  <close_time>0000-00-00</close_time>
  <lang_name>Big5</lang_name>
  <board_id>1001278685</board_id>
  <node>000000010</node>
  <site>1000110001</site>
  <pt>2023-07-22 00:31:54</pt>
  <poster>06005645</poster>
  <realname>&#x6797;&#x54C1;&#x7444;  </realname>
  <email>hank61061007@gmail.com</email>
  <homepage>  </homepage>
  <subject>&#x6436;&#x7B54;218 </subject>
  <content>&lt;p&gt;218.&#x70BA;&#x5FEB;&#x901F;&#x6392;&#x5E8F;&#x63D0;&#x51FA;&#x9078;&#x64C7;&#x57FA;&#x6E96;pivot&#x7684;&#x65B9;&#x6CD5;&#xFF0C;&#x4E26;&#x8209;&#x4F8B;&#x8AAA;&#x660E;&#x512A;&#x9EDE;&#x3002;&lt;/p&gt;&#xD;
&#xD;
&lt;ol&gt;&#xD;
	&lt;li&gt;&#xD;
	&lt;p&gt;&#x56FA;&#x5B9A;&#x9078;&#x64C7;&#xFF1A;&#x5E38;&#x898B;&#x7684;&#x505A;&#x6CD5;&#x662F;&#x9078;&#x64C7;&#x9663;&#x5217;&#x7684;&#x7B2C;&#x4E00;&#x500B;&#x6216;&#x6700;&#x5F8C;&#x4E00;&#x500B;&#x5143;&#x7D20;&#x4F5C;&#x70BA;&#x57FA;&#x6E96;&#x3002;&#x9019;&#x7A2E;&#x65B9;&#x6CD5;&#x7684;&#x512A;&#x9EDE;&#x662F;&#x7C21;&#x55AE;&#x5FEB;&#x901F;&#xFF0C;&#x4E0D;&#x904E;&#xFF0C;&#x5982;&#x679C;&#x6578;&#x64DA;&#x5DF2;&#x7D93;&#x90E8;&#x5206;&#x6392;&#x5E8F;&#x6216;&#x63A5;&#x8FD1;&#x6709;&#x5E8F;&#xFF0C;&#x5247;&#x9019;&#x7A2E;&#x65B9;&#x6CD5;&#x53EF;&#x80FD;&#x5C0E;&#x81F4;&#x6392;&#x5E8F;&#x6548;&#x80FD;&#x964D;&#x4F4E;&#x3002;&lt;/p&gt;&#xD;
	&lt;/li&gt;&#xD;
	&lt;li&gt;&#xD;
	&lt;p&gt;&#x96A8;&#x6A5F;&#x9078;&#x64C7;&#xFF1A;&#x9019;&#x7A2E;&#x65B9;&#x6CD5;&#x6BCF;&#x6B21;&#x90FD;&#x9078;&#x64C7;&#x4E00;&#x500B;&#x96A8;&#x6A5F;&#x7684;&#x5143;&#x7D20;&#x4F5C;&#x70BA;&#x57FA;&#x6E96;&#x3002;&#x9019;&#x6709;&#x52A9;&#x65BC;&#x9632;&#x6B62;&#x6392;&#x5E8F;&#x6548;&#x80FD;&#x5728;&#x5DF2;&#x7D93;&#x90E8;&#x5206;&#x6392;&#x5E8F;&#x7684;&#x6578;&#x64DA;&#x4E0A;&#x964D;&#x4F4E;&#xFF0C;&#x56E0;&#x70BA;&#x5B83;&#x4F7F;&#x5F97;&#x5206;&#x5272;&#x66F4;&#x52A0;&#x5747;&#x52FB;&#x3002;&#x56E0;&#x6B64;&#xFF0C;&#x9019;&#x7A2E;&#x65B9;&#x6CD5;&#x7684;&#x5E73;&#x5747;&#x6642;&#x9593;&#x8907;&#x96DC;&#x5EA6;&#x662F;O(n log n)&#x3002;&lt;/p&gt;&#xD;
	&lt;/li&gt;&#xD;
&lt;/ol&gt;&#xD;
&#xD;
&lt;p&gt;&#x4F8B;&#x5B50;:&lt;/p&gt;&#xD;
&#xD;
&lt;p&gt;&#x5047;&#x8A2D;&#x6211;&#x5011;&#x6709;&#x4E00;&#x500B;&#x5DF2;&#x7D93;&#x6392;&#x5E8F;&#x7684;&#x9663;&#x5217;&#x3002;&#x5982;&#x679C;&#x6211;&#x5011;&#x7E3D;&#x662F;&#x9078;&#x64C7;&#x7B2C;&#x4E00;&#x500B;&#x5143;&#x7D20;&#x4F5C;&#x70BA;&#x57FA;&#x6E96;&#xFF0C;&#x90A3;&#x9EBC;&#x5728;&#x6BCF;&#x4E00;&#x6B21;&#x7684;&#x5206;&#x5272;&#x4E2D;&#xFF0C;&#x6211;&#x5011;&#x90FD;&#x6703;&#x5F97;&#x5230;&#x6700;&#x58DE;&#x7684;&#x7D50;&#x679C;&#xFF0C;&#x4E5F;&#x5C31;&#x662F;&#x4E00;&#x500B;&#x5206;&#x5340;&#x53EA;&#x6709;&#x4E00;&#x500B;&#x5143;&#x7D20;&#xFF0C;&#x5176;&#x4ED6;&#x6240;&#x6709;&#x5143;&#x7D20;&#x90FD;&#x5728;&#x53E6;&#x4E00;&#x500B;&#x5206;&#x5340;&#x3002;&#x9019;&#x5C0E;&#x81F4;&#x4E86;&#x975E;&#x5E38;&#x4E0D;&#x5E73;&#x8861;&#x7684;&#x5206;&#x5340;&#xFF0C;&#x6642;&#x9593;&#x8907;&#x96DC;&#x5EA6;&#x70BA;O(n^2)&#x3002;&lt;/p&gt;&#xD;
&#xD;
&lt;p&gt;&#x5982;&#x679C;&#x6211;&#x5011;&#x9078;&#x64C7;&#x4E00;&#x500B;&#x96A8;&#x6A5F;&#x7684;&#x5143;&#x7D20;&#x4F5C;&#x70BA;&#x57FA;&#x6E96;&#xFF0C;&#x90A3;&#x9EBC;&#x5373;&#x4F7F;&#x9663;&#x5217;&#x5DF2;&#x7D93;&#x6392;&#x5E8F;&#xFF0C;&#x6211;&#x5011;&#x4E5F;&#x80FD;&#x7372;&#x5F97;&#x5927;&#x81F4;&#x4E0A;&#x5747;&#x52FB;&#x7684;&#x5206;&#x5272;&#xFF0C;&#x5F9E;&#x800C;&#x63D0;&#x9AD8;&#x6392;&#x5E8F;&#x6548;&#x80FD;&#x3002;&#x5728;&#x9019;&#x7A2E;&#x60C5;&#x6CC1;&#x4E0B;&#xFF0C;&#x6211;&#x5011;&#x671F;&#x671B;&#x6BCF;&#x500B;&#x5206;&#x5340;&#x7684;&#x5927;&#x5C0F;&#x5927;&#x81F4;&#x4E0A;&#x90FD;&#x662F;&#x5E73;&#x5747;&#x7684;&#xFF0C;&#x9019;&#x4F7F;&#x5F97;&#x5206;&#x5272;&#x66F4;&#x52A0;&#x5747;&#x52FB;&#xFF0C;&#x6642;&#x9593;&#x8907;&#x96DC;&#x5EA6;&#x70BA;O(n log n)&#x3002;&#x56E0;&#x6B64;&#xFF0C;&#x5982;&#x679C;&#x6211;&#x5011;&#x5C0D;&#x6578;&#x64DA;&#x7684;&#x5206;&#x5E03;&#x60C5;&#x6CC1;&#x4E00;&#x7121;&#x6240;&#x77E5;&#xFF0C;&#x90A3;&#x9EBC;&#x9078;&#x64C7;&#x96A8;&#x6A5F;&#x7684;&#x57FA;&#x6E96;&#x901A;&#x5E38;&#x662F;&#x6700;&#x597D;&#x7684;&#x9078;&#x64C7;&#x3002;&lt;/p&gt; </content>
  <attach></attach>
  <rcount></rcount>
  <rank></rank>
  <hit>12</hit>
  <lang>1</lang>
</data>
