<?xml version="1.0"?>
<data version="3.0" time="2024-07-20 09:55:44" type="post" filename="b000000007.xml">
  <open_time>0000-00-00</open_time>
  <close_time>0000-00-00</close_time>
  <lang_name>Big5</lang_name>
  <board_id>1001278685</board_id>
  <node>000000007</node>
  <site>1000110001</site>
  <pt>2023-07-21 15:19:51</pt>
  <poster>06005645</poster>
  <realname>&#x6797;&#x54C1;&#x7444;  </realname>
  <email>hank61061007@gmail.com</email>
  <homepage>  </homepage>
  <subject>&#x6436;&#x7B54;216 </subject>
  <content>&lt;p&gt;216.&#x8209;&#x4F8B;&#x89E3;&#x8AAA;&#x5E0C;&#x723E;&#x6392;&#x5E8F;shell sort&#x662F;&#x5426;&#x7A69;&#x5B9A;stable&#x3002;&lt;/p&gt;&#xD;
&#xD;
&lt;p&gt;&#x5E0C;&#x723E;&#x6392;&#x5E8F;&#xFF08;Shell Sort&#xFF09;&#x7684;&#x7A69;&#x5B9A;&#x6027;&#x554F;&#x984C;&#x8207;&#x5176;&#x5BE6;&#x73FE;&#x65B9;&#x5F0F;&#x6709;&#x95DC;&#x3002;&#x5E0C;&#x723E;&#x6392;&#x5E8F;&#x78BA;&#x5BE6;&#x662F;&#x4E00;&#x7A2E;&#x4E0D;&#x7A69;&#x5B9A;&#x7684;&#x6392;&#x5E8F;&#x6F14;&#x7B97;&#x6CD5;&#xFF0C;&#x4F46;&#x4E5F;&#x5B58;&#x5728;&#x4E00;&#x4E9B;&#x8B8A;&#x9AD4;&#x53EF;&#x4EE5;&#x5BE6;&#x73FE;&#x70BA;&#x7A69;&#x5B9A;&#x6392;&#x5E8F;&#x3002;&lt;/p&gt;&#xD;
&#xD;
&lt;p&gt;&#x539F;&#x59CB;&#x7684;&#x5E0C;&#x723E;&#x6392;&#x5E8F;&#x5728;&#x4EA4;&#x63DB;&#x5143;&#x7D20;&#x7684;&#x904E;&#x7A0B;&#x4E2D;&#xFF0C;&#x6703;&#x8DF3;&#x8457;&#x6BD4;&#x8F03;&#x4E26;&#x4EA4;&#x63DB;&#x5143;&#x7D20;&#xFF0C;&#x9019;&#x53EF;&#x80FD;&#x5C0E;&#x81F4;&#x76F8;&#x7B49;&#x5143;&#x7D20;&#x7684;&#x9806;&#x5E8F;&#x6539;&#x8B8A;&#xFF0C;&#x56E0;&#x6B64;&#x662F;&#x4E0D;&#x7A69;&#x5B9A;&#x7684;&#x3002;&lt;/p&gt;&#xD;
&#xD;
&lt;p&gt;&#x7136;&#x800C;&#xFF0C;&#x5982;&#x679C;&#x4F7F;&#x7528;&#x5E0C;&#x723E;&#x6392;&#x5E8F;&#x7684;&#x4E00;&#x500B;&#x8B8A;&#x9AD4;&#xFF0C;&#x7A31;&#x70BA; &amp;quot;Shell Sort with Insertion Sort&amp;quot;&#xFF0C;&#x53EF;&#x4EE5;&#x5BE6;&#x73FE;&#x70BA;&#x7A69;&#x5B9A;&#x6392;&#x5E8F;&#x3002;&#x9019;&#x500B;&#x8B8A;&#x9AD4;&#x7684;&#x57FA;&#x672C;&#x601D;&#x60F3;&#x662F;&#xFF1A;&#x7576;&#x9593;&#x8DDD;&#x70BA; 1 &#x6642;&#xFF0C;&#x4F7F;&#x7528;&#x63D2;&#x5165;&#x6392;&#x5E8F;&#x800C;&#x4E0D;&#x662F;&#x4EA4;&#x63DB;&#x5143;&#x7D20;&#x3002;&lt;/p&gt;&#xD;
&#xD;
&lt;p&gt;&#x5177;&#x9AD4;&#x4F86;&#x8AAA;&#xFF0C;&#x7576;&#x5E0C;&#x723E;&#x6392;&#x5E8F;&#x7684;&#x9593;&#x8DDD;&#x7E2E;&#x5C0F;&#x5230; 1 &#x6642;&#xFF0C;&#x4E0D;&#x518D;&#x4EA4;&#x63DB;&#x76F8;&#x8DDD;&#x9593;&#x8DDD;&#x7684;&#x5143;&#x7D20;&#xFF0C;&#x800C;&#x662F;&#x4F7F;&#x7528;&#x63D2;&#x5165;&#x6392;&#x5E8F;&#x7684;&#x65B9;&#x6CD5;&#x4F86;&#x5C07;&#x5143;&#x7D20;&#x63D2;&#x5165;&#x5230;&#x6B63;&#x78BA;&#x7684;&#x4F4D;&#x7F6E;&#x3002;&#x9019;&#x6A23;&#x505A;&#x7684;&#x597D;&#x8655;&#x662F;&#xFF0C;&#x5C0D;&#x65BC;&#x76F8;&#x7B49;&#x5143;&#x7D20;&#xFF0C;&#x63D2;&#x5165;&#x6392;&#x5E8F;&#x6703;&#x5C07;&#x5F8C;&#x51FA;&#x73FE;&#x7684;&#x5143;&#x7D20;&#x63D2;&#x5165;&#x5230;&#x5148;&#x51FA;&#x73FE;&#x7684;&#x5143;&#x7D20;&#x4E4B;&#x5F8C;&#xFF0C;&#x5F9E;&#x800C;&#x4FDD;&#x6301;&#x5B83;&#x5011;&#x539F;&#x6709;&#x7684;&#x9806;&#x5E8F;&#x3002;&lt;/p&gt;&#xD;
&#xD;
&lt;p&gt;&#x4F7F;&#x7528; &amp;quot;Shell Sort with Insertion Sort&amp;quot;&#xFF0C;&#x5E0C;&#x723E;&#x6392;&#x5E8F;&#x53EF;&#x4EE5;&#x5BE6;&#x73FE;&#x70BA;&#x7A69;&#x5B9A;&#x6392;&#x5E8F;&#x6F14;&#x7B97;&#x6CD5;&#xFF0C;&#x78BA;&#x4FDD;&#x76F8;&#x7B49;&#x5143;&#x7D20;&#x7684;&#x9806;&#x5E8F;&#x5728;&#x6392;&#x5E8F;&#x5F8C;&#x4FDD;&#x6301;&#x4E0D;&#x8B8A;&#x3002;&lt;/p&gt;&#xD;
&#xD;
&lt;p&gt;&#x7E3D;&#x7D50;&#xFF1A;&#x539F;&#x59CB;&#x7684;&#x5E0C;&#x723E;&#x6392;&#x5E8F;&#x662F;&#x4E0D;&#x7A69;&#x5B9A;&#x7684;&#x6392;&#x5E8F;&#x6F14;&#x7B97;&#x6CD5;&#xFF0C;&#x4F46;&#x901A;&#x904E;&#x4F7F;&#x7528; &amp;quot;Shell Sort with Insertion Sort&amp;quot; &#x7684;&#x8B8A;&#x9AD4;&#xFF0C;&#x53EF;&#x4EE5;&#x5BE6;&#x73FE;&#x70BA;&#x7A69;&#x5B9A;&#x7684;&#x6392;&#x5E8F;&#x6F14;&#x7B97;&#x6CD5;&#x3002;&#x9019;&#x4E5F;&#x8868;&#x660E;&#xFF0C;&#x5728;&#x8A0E;&#x8AD6;&#x6392;&#x5E8F;&#x7B97;&#x6CD5;&#x7684;&#x7A69;&#x5B9A;&#x6027;&#x6642;&#xFF0C;&#x5FC5;&#x9808;&#x8003;&#x616E;&#x5230;&#x5177;&#x9AD4;&#x7684;&#x5BE6;&#x73FE;&#x65B9;&#x5F0F;&#x3002;&lt;/p&gt; </content>
  <attach></attach>
  <rcount></rcount>
  <rank></rank>
  <hit>22</hit>
  <lang>1</lang>
</data>
