<?xml version="1.0"?>
<data version="3.0" time="2024-07-20 09:55:44" type="post" filename="b000000006.xml">
  <open_time>0000-00-00</open_time>
  <close_time>0000-00-00</close_time>
  <lang_name>Big5</lang_name>
  <board_id>1001278685</board_id>
  <node>000000006</node>
  <site>1000110001</site>
  <pt>2023-07-21 13:55:41</pt>
  <poster>06005636</poster>
  <realname>&#x6731;&#x7D18;&#x6B63;  </realname>
  <email>henry3446@gmail.com</email>
  <homepage>  </homepage>
  <subject>&#x6436;&#x7B54;217 </subject>
  <content>&lt;p&gt;217. &#x8209;&#x4F8B;&#x89E3;&#x8AAA;&#x5FEB;&#x901F;&#x6392;&#x5E8F;quick sort&#x662F;&#x5426;&#x7A69;&#x5B9A;stable&#x3002;&lt;/p&gt;&#xD;
&#xD;
&lt;p&gt;&#x7A69;&#x5B9A;&#x6392;&#x5E8F;&#x662F;&#x6307;&#x7576;&#x6709;&#x5169;&#x500B;&#x5143;&#x7D20;&#x7684;&#x6392;&#x5E8F;&#x9375;&#xFF08;&#x901A;&#x5E38;&#x662F;&#x6578;&#x503C;&#xFF09;&#x76F8;&#x7B49;&#x6642;&#xFF0C;&#x6392;&#x5E8F;&#x7B97;&#x6CD5;&#x80FD;&#x4FDD;&#x6301;&#x5B83;&#x5011;&#x5728;&#x539F;&#x6709;&#x7684;&#x76F8;&#x5C0D;&#x9806;&#x5E8F;&#x3002;&#x5982;&#x679C;&#x5217;&#x8868;&#x4E2D;&#x6709;&#x5169;&#x500B;&#x76F8;&#x7B49;&#x7684;&#x5143;&#x7D20;a&#x548C;b&#xFF0C;&#x4E14;&#x5728;&#x6392;&#x5E8F;&#x4E4B;&#x524D;&#xFF0C;a&#x51FA;&#x73FE;&#x5728;b&#x7684;&#x524D;&#x9762;&#xFF0C;&#x90A3;&#x9EBC;&#x5728;&#x6392;&#x5E8F;&#x5F8C;&#xFF0C;a&#x4ECD;&#x7136;&#x6703;&#x5728;b&#x7684;&#x524D;&#x9762;&#x3002;&lt;/p&gt;&#xD;
&#xD;
&lt;p&gt;&#x5FEB;&#x901F;&#x6392;&#x5E8F;&#x662F;&#x4E00;&#x7A2E;&#x57FA;&#x65BC;&#x5206;&#x6CBB;&#x6CD5;&#x7684;&#x6392;&#x5E8F;&#x7B97;&#x6CD5;&#xFF0C;&#x5176;&#x57FA;&#x672C;&#x601D;&#x60F3;&#x662F;&#x9078;&#x64C7;&#x4E00;&#x500B;&#x5143;&#x7D20;&#x4F5C;&#x70BA;&#x57FA;&#x6E96;(pivot)&#xFF0C;&#x7136;&#x5F8C;&#x5C07;&#x5217;&#x8868;&#x4E2D;&#x7684;&#x5143;&#x7D20;&#x5206;&#x70BA;&#x5169;&#x500B;&#x5B50;&#x5217;&#x8868;&#xFF0C;&#x4E00;&#x500B;&#x5B50;&#x5217;&#x8868;&#x4E2D;&#x7684;&#x6240;&#x6709;&#x5143;&#x7D20;&#x5C0F;&#x65BC;&#x7B49;&#x65BC;pivot&#xFF0C;&#x53E6;&#x4E00;&#x500B;&#x5B50;&#x5217;&#x8868;&#x4E2D;&#x7684;&#x6240;&#x6709;&#x5143;&#x7D20;&#x5927;&#x65BC;pivot&#x3002;&#x7136;&#x5F8C;&#xFF0C;&#x5C0D;&#x9019;&#x5169;&#x500B;&#x5B50;&#x5217;&#x8868;&#x905E;&#x8FF4;&#x5730;&#x61C9;&#x7528;&#x76F8;&#x540C;&#x7684;&#x904E;&#x7A0B;&#xFF0C;&#x76F4;&#x5230;&#x6240;&#x6709;&#x5B50;&#x5217;&#x8868;&#x90FD;&#x53EA;&#x5305;&#x542B;&#x4E00;&#x500B;&#x5143;&#x7D20;&#xFF0C;&#x6B64;&#x6642;&#x5217;&#x8868;&#x5C31;&#x5DF2;&#x7D93;&#x6392;&#x5E8F;&#x5B8C;&#x6210;&#x3002;&#x7531;&#x65BC;&#x5FEB;&#x901F;&#x6392;&#x5E8F;&#x662F;&#x901A;&#x904E;&#x4EA4;&#x63DB;&#x5143;&#x7D20;&#x4F86;&#x5BE6;&#x73FE;&#x7684;&#xFF0C;&#x5B83;&#x7684;&#x6392;&#x5E8F;&#x904E;&#x7A0B;&#x4E2D;&#x5143;&#x7D20;&#x7684;&#x76F8;&#x5C0D;&#x4F4D;&#x7F6E;&#x53EF;&#x80FD;&#x6703;&#x767C;&#x751F;&#x8B8A;&#x5316;&#x3002;&#x56E0;&#x6B64;&#xFF0C;&#x5FEB;&#x901F;&#x6392;&#x5E8F;&#x901A;&#x5E38;&#x662F;&#x4E00;&#x7A2E;&#x4E0D;&#x7A69;&#x5B9A;&#x7684;&#x6392;&#x5E8F;&#x7B97;&#x6CD5;&#x3002;&#x5047;&#x8A2D;&#x6211;&#x5011;&#x6709;&#x4EE5;&#x4E0B;&#x4E00;&#x500B;&#x5217;&#x8868;&#x9700;&#x8981;&#x6392;&#x5E8F;&#xFF0C;&#x4E26;&#x4EE5;&#x62EC;&#x865F;&#x5167;&#x7684;&#x6578;&#x5B57;&#x8868;&#x793A;&#x5B83;&#x5011;&#x7684;&#x539F;&#x59CB;&#x7D22;&#x5F15;&#xFF1A;&lt;/p&gt;&#xD;
&#xD;
&lt;p&gt;[4(1), 2(2), 3(3), 4(4), 1(5)]&#x4F7F;&#x7528;&#x5FEB;&#x901F;&#x6392;&#x5E8F;&#xFF0C;&#x6211;&#x5011;&#x9078;&#x64C7;pivot&#x70BA;&#x7B2C;&#x4E00;&#x500B;&#x5143;&#x7D20;4&#x3002;&#x5728;&#x7B2C;&#x4E00;&#x6B21;&#x905E;&#x8FF4;&#x4E4B;&#x5F8C;&#xFF0C;&lt;/p&gt;&#xD;
&#xD;
&lt;p&gt;&#x5217;&#x8868;&#x53EF;&#x80FD;&#x6703;&#x8B8A;&#x6210;&#x4EE5;&#x4E0B;&#x5F62;&#x5F0F;&#xFF1A;[2(2), 3(3), 1(5), 4(1), 4(4)]&#x73FE;&#x5728;&#x6CE8;&#x610F;&#xFF0C;&#x539F;&#x672C;&#x7D22;&#x5F15;4&#x548C;&#x7D22;&#x5F15;5&#x7684;&#x5143;&#x7D20;4&#x7684;&#x76F8;&#x5C0D;&#x9806;&#x5E8F;&#x5728;&#x6392;&#x5E8F;&#x5F8C;&#x767C;&#x751F;&#x4E86;&#x6539;&#x8B8A;&#x3002;&#x5728;&#x7A69;&#x5B9A;&#x7684;&#x6392;&#x5E8F;&#x7B97;&#x6CD5;&#x4E2D;&#xFF0C;&#x9019;&#x5169;&#x500B;4&#x7684;&#x76F8;&#x5C0D;&#x9806;&#x5E8F;&#x6703;&#x4FDD;&#x6301;&#x4E0D;&#x8B8A;&#x3002;&#x56E0;&#x6B64;&#xFF0C;&#x5FEB;&#x901F;&#x6392;&#x5E8F;&#x901A;&#x5E38;&#x88AB;&#x8996;&#x70BA;&#x4E00;&#x500B;&#x4E0D;&#x7A69;&#x5B9A;&#x7684;&#x6392;&#x5E8F;&#x7B97;&#x6CD5;&#xFF0C;&#x9019;&#x4E5F;&#x662F;&#x70BA;&#x4EC0;&#x9EBC;&#x6709;&#x6642;&#x5019;&#x9700;&#x8981;&#x4F7F;&#x7528;&#x7A69;&#x5B9A;&#x6392;&#x5E8F;&#x7B97;&#x6CD5;&#x4F86;&#x78BA;&#x4FDD;&#x7279;&#x5B9A;&#x9806;&#x5E8F;&#x7684;&#x5143;&#x7D20;&#x5728;&#x6392;&#x5E8F;&#x5F8C;&#x4F9D;&#x7136;&#x4FDD;&#x6301;&#x76F8;&#x5C0D;&#x4F4D;&#x7F6E;&#x3002;&lt;/p&gt; </content>
  <attach></attach>
  <rcount></rcount>
  <rank></rank>
  <hit>24</hit>
  <lang>1</lang>
</data>
