<?xml version="1.0"?>
<data version="3.0" time="2024-07-20 09:55:44" type="post" filename="b000000024.xml">
  <open_time>0000-00-00</open_time>
  <close_time>0000-00-00</close_time>
  <lang_name>Big5</lang_name>
  <board_id>1001278685</board_id>
  <node>000000024</node>
  <site>1000110001</site>
  <pt>2023-07-24 22:43:18</pt>
  <poster>06005914</poster>
  <realname>&#x9673;&#x5F65;&#x4E2D;  </realname>
  <email>jackson89911@gmail.com</email>
  <homepage>  </homepage>
  <subject>&#x6436;&#x7B54;217 </subject>
  <content>&lt;p&gt;217. &#x8209;&#x4F8B;&#x89E3;&#x8AAA;&#x5FEB;&#x901F;&#x6392;&#x5E8F;quick sort&#x662F;&#x5426;&#x7A69;&#x5B9A;stable&#x3002;&lt;/p&gt;&#xD;
&#xD;
&lt;p&gt;A:&#x5728;&#x4E4B;&#x524D;&#x7684;&#x6436;&#x7B54;&#x6211;&#x5011;&#x66FE;&#x7D93;&#x8AAA;&#x904E;&#x7A69;&#x5B9A;&#x7684;&#x6392;&#x5E8F;&#x65B9;&#x5F0F;&#x662F;&#x5728;&#x6709;&#x76F8;&#x540C;&#x5927;&#x5C0F;&#x7684;&#x503C;&#x6642;&#xFF0C;&#x7D93;&#x904E;&#x6392;&#x5E8F;&#x5F8C;&#xFF0C;&#x5169;&#x503C;&#x7684;&#x76F8;&#x5C0D;&#x4F4D;&#x7F6E;&#x4FDD;&#x6301;&#x4E0D;&#x8B8A;&#xFF0C;&#x624D;&#x70BA;&#x7A69;&#x5B9A;&#x7684;&#x6392;&#x5E8F;&#x6CD5;&#x3002;&#x4F46;&#x662F;quick sort &#x4E26;&#x4E0D;&#x662F;&#x7A69;&#x5B9A;&#x7684;&#x6392;&#x5E8F;&#x6CD5;&#xFF0C;&#x6211;&#x5011;&#x53EF;&#x4EE5;&#x900F;&#x904E;&#x4EE5;&#x4E0B;&#x7684;&#x4F8B;&#x5B50;&#x8AAA;&#x660E;:&lt;/p&gt;&#xD;
&#xD;
&lt;p&gt;&#x5047;&#x8A2D;&#x5C0D;[5,7,3,6,5]&#x505A;quick sort:&lt;/p&gt;&#xD;
&#xD;
&lt;p&gt;1.&#x5148;&#x628A;&#x7B2C;&#x4E00;&#x500B;5&#x7576;&#x4F5C;pivot&#xFF0C;&#x53EF;&#x4EE5;&#x5F97;&#x5230;3,5&#x5C0F;&#x65BC;&#x7B49;&#x65BC;5&#xFF0C;&#x6240;&#x4EE5;&#x653E;&#x5728;5&#x7684;&#x5DE6;&#x908A;&#xFF0C;7,6&#x5927;&#x65BC;5&#x6240;&#x4EE5;&#x653E;&#x5728;5&#x7684;&#x53F3;&#x908A;&#xFF0C;[3,5][5][7,6]&lt;/p&gt;&#xD;
&#xD;
&lt;p&gt;2.&#x518D;&#x628A;&#x5DE6;&#x908A;&#x7684;3&#x7576;&#x4F5C;pivot&#xFF0C;&#x53EF;&#x4EE5;&#x5F97;&#x5230;5&#x6BD4;3&#x5927;&#xFF0C;&#x6240;&#x4EE5;&#x653E;&#x5728;3&#x7684;&#x53F3;&#x908A;&#xFF0C;&#x5C07;&#x53F3;&#x908A;&#x7684;6&#x7576;&#x4F5C;pivot&#xFF0C;&#x53EF;&#x4EE5;&#x5F97;&#x5230;7&#x6BD4;6&#x5927;&#xFF0C;&#x6240;&#x4EE5;&#x653E;&#x5728;6&#x7684;&#x53F3;&#x908A;&#x5F97;&#x5230;[3,5][5][6,7]&lt;/p&gt;&#xD;
&#xD;
&lt;p&gt;3.&#x5408;&#x4F75;&#x5F97;&#x5230;[3,5,5,6,7]&lt;/p&gt;&#xD;
&#xD;
&lt;p&gt;&#x7531;&#x4E0A;&#x8FF0;quick sort&#x6392;&#x5E8F;&#x5B8C;&#xFF0C;&#x767C;&#x73FE;&#x539F;&#x672C;&#x6700;&#x53F3;&#x908A;&#x7684;5&#x8DDF;&#x7B2C;&#x4E00;&#x500B;5&#x7684;&#x76F8;&#x5C0D;&#x4F4D;&#x7F6E;&#x6539;&#x8B8A;&#x4E86;&#xFF0C;&#x6240;&#x4EE5;quick sort&#x4E26;&#x4E0D;&#x662F;&#x7A69;&#x5B9A;&#x7684;&#x6392;&#x5E8F;&#x65B9;&#x5F0F;&#x3002;&lt;/p&gt; </content>
  <attach></attach>
  <rcount></rcount>
  <rank></rank>
  <hit>11</hit>
  <lang>1</lang>
</data>
