<?xml version="1.0"?>
<data version="3.0" time="2024-07-20 09:55:44" type="post" filename="b000000002000000001.xml">
  <open_time>0000-00-00</open_time>
  <close_time>0000-00-00</close_time>
  <lang_name>Big5</lang_name>
  <board_id>1001278685</board_id>
  <node>000000002000000001</node>
  <site>1000110001</site>
  <pt>2023-07-21 08:52:59</pt>
  <poster>11813</poster>
  <realname>&#x5433;&#x5B9C;&#x9D3B;  </realname>
  <email>yhwu@cycu.edu.tw</email>
  <homepage>https://www.researchgate.net/profile/Yi-Hung-Wu-2  </homepage>
  <subject>Re: &#x6436;&#x7B54;217  </subject>
  <content>&lt;p&gt;&amp;quot;&#x9078;&#x64C7;&#x57FA;&#x6E96;&#x503C;2&amp;quot; &lt;span style="color:#ff0000"&gt;&#x4E0D;&#x9700;&#x8981;&#x89E3;&#x91CB;&#x6216;&#x6A19;&#x793A;&#x9019;&#x662F;&#x54EA;&#x500B;2&#x55CE;&#xFF1F;&lt;/span&gt;&lt;/p&gt; </content>
  <attach></attach>
  <rcount></rcount>
  <rank></rank>
  <hit>1</hit>
  <lang>1</lang>
</data>
