<?xml version="1.0"?>
<data version="3.0" time="2024-07-20 09:55:44" type="post" filename="b000000013000000001.xml">
  <open_time>0000-00-00</open_time>
  <close_time>0000-00-00</close_time>
  <lang_name>Big5</lang_name>
  <board_id>1001278685</board_id>
  <node>000000013000000001</node>
  <site>1000110001</site>
  <pt>2023-07-22 16:49:23</pt>
  <poster>11813</poster>
  <realname>&#x5433;&#x5B9C;&#x9D3B;  </realname>
  <email>yhwu@cycu.edu.tw</email>
  <homepage>https://www.researchgate.net/profile/Yi-Hung-Wu-2 </homepage>
  <subject>Re: &#x6436;&#x7B54;217  </subject>
  <content>&lt;p&gt;&amp;quot;&#x5FEB;&#x901F;&#x6392;&#x5E8F;&#x4E0D;&#x4FDD;&#x8B49;&#x76F8;&#x7B49;&#x5143;&#x7D20;&#x7684;&#x76F8;&#x5C0D;&#x9806;&#x5E8F;&#x4FDD;&#x6301;&#x4E0D;&#x8B8A;&amp;quot; &#x53EA;&#x662F;&#x8209;&#x4F8B;&#x89E3;&#x8AAA;&#x7684;&#x76EE;&#x6A19;&#xFF0C;&#x80FD;&#x6E05;&#x695A;&#x898B;&#x5230;&#x624D;&#x6709;&#x6191;&#x64DA;&#xFF0C;&#x5225;&#x8AAA;&amp;nbsp;&amp;quot;&#x76F8;&#x5C0D;&#x9806;&#x5E8F;&lt;span style="color:#ff0000"&gt;&#x53EF;&#x80FD;&lt;/span&gt;&#x6703;&#x88AB;&#x6539;&#x8B8A;&amp;quot; &#x7684;&#x7A7A;&#x8A71;&#x3002;&lt;/p&gt;&#xD;
&#xD;
&lt;p&gt;&lt;span style="color:#ff0000"&gt;&#x76F4;&#x63A5;&#x7528;&#x5FEB;&#x901F;&#x6392;&#x5E8F;&#x53BB;&#x4E00;&#x6B65;&#x6B65;&#x64CD;&#x4F5C;&#x6240;&#x8209;&#x7684;&#x4F8B;&#x5B50;&#xFF0C;&#x6307;&#x51FA;&#x76F8;&#x5C0D;&#x9806;&#x5E8F;&#x6703;&#x88AB;&#x6539;&#x8B8A;&#x7A76;&#x7ADF;&#x662F;&#x5982;&#x4F55;&#x767C;&#x751F;&#x7684;&#xFF01;&lt;/span&gt;&lt;/p&gt;&#xD;
&#xD;
&lt;p&gt;&lt;span style="color:#ff0000"&gt;&#x7576;&#x7136;&#xFF0C;&#x5FC5;&#x9808;&#x4F7F;&#x7528;&#x6559;&#x6750;&#x6240;&#x4ECB;&#x7D39;&#x7684;&#x5FEB;&#x901F;&#x6392;&#x5E8F; (&#x5176;&#x4ED6;&#x7248;&#x672C;&#x53EF;&#x4EE5;&#x9644;&#x52A0;&#xFF0C;&#x4F46;&#x662F;&#x4E0D;&#x5F71;&#x97FF;&#x8A55;&#x5206;)&#x3002;&lt;/span&gt;&lt;/p&gt;</content>
  <attach></attach>
  <rcount></rcount>
  <rank></rank>
  <hit>3</hit>
  <lang>1</lang>
</data>
