<?xml version="1.0"?>
<data version="3.0" time="2024-07-20 09:55:44" type="post" filename="b000000024000000001.xml">
  <open_time>0000-00-00</open_time>
  <close_time>0000-00-00</close_time>
  <lang_name>Big5</lang_name>
  <board_id>1001278685</board_id>
  <node>000000024000000001</node>
  <site>1000110001</site>
  <pt>2023-07-26 19:43:54</pt>
  <poster>11813</poster>
  <realname>&#x5433;&#x5B9C;&#x9D3B;  </realname>
  <email>yhwu@cycu.edu.tw</email>
  <homepage>https://www.researchgate.net/profile/Yi-Hung-Wu-2  </homepage>
  <subject>Re: &#x6436;&#x7B54;217  </subject>
  <content>&lt;p&gt;&lt;span style="color:#ff0000"&gt;&#x7B2C;&#x4E00;&#x6B65;&#x7684;&#x7D50;&#x679C;&#x4E0D;&#x6B63;&#x78BA;&#xFF01;&#x4E26;&#x4E0D;&#x6703;&#x5F97;&#x5230;[3,5][5][7,6]&#xFF0C;&#x800C;&#x662F;[5,3][5][6,7]&#x6216;[3][5][7,6,5]&#x3002;&lt;/span&gt;&lt;/p&gt; </content>
  <attach></attach>
  <rcount></rcount>
  <rank></rank>
  <hit>1</hit>
  <lang>1</lang>
</data>
