<?xml version="1.0"?>
<data version="3.0" time="2024-07-20 09:55:44" type="post" filename="b000000012000000001.xml">
  <open_time>0000-00-00</open_time>
  <close_time>0000-00-00</close_time>
  <lang_name>Big5</lang_name>
  <board_id>1001278685</board_id>
  <node>000000012000000001</node>
  <site>1000110001</site>
  <pt>2023-07-22 15:34:35</pt>
  <poster>11813</poster>
  <realname>&#x5433;&#x5B9C;&#x9D3B;  </realname>
  <email>yhwu@cycu.edu.tw</email>
  <homepage>https://www.researchgate.net/profile/Yi-Hung-Wu-2  </homepage>
  <subject>Re: &#x6436;&#x7B54;217  </subject>
  <content>&lt;p&gt;&amp;quot;&#x5C07;&#x6578;&#x5217;&#x9032;&#x884C;&#x5206;&#x5272;&#xFF0C;&#x5C0F;&#x65BC;&#x57FA;&#x6E96;&#x5143;&#x7D20;&#x7684;&#x6578;&#x79FB;&#x5230;&#x5DE6;&#x908A;&#xFF0C;&#x5927;&#x65BC;&#x57FA;&#x6E96;&#x5143;&#x7D20;&#x7684;&#x6578;&#x79FB;&#x5230;&#x53F3;&#x908A;&#x3002; &#x5206;&#x5272;&#x5F8C;&#x7684;&#x6578;&#x5217;&#xFF1A;[2, 1,&amp;nbsp;3, 4, 3]&lt;/p&gt;&#xD;
&#xD;
&lt;p&gt;&#x5F9E;&#x9019;&#x4E00;&#x6B65;&#x958B;&#x59CB;&#x5C31;&#x4E0D;&#x6B63;&#x78BA;&#xFF1A;&lt;/p&gt;&#xD;
&#xD;
&lt;p&gt;&lt;span style="color:#b22222"&gt;&#x6BD4;3&#x5C0F;&#x7684;&#x53EA;&#x6709;1, 2&#xFF0C;&#x800C;2&#x6839;&#x672C;&#x4E0D;&#x7528;&#x52D5;&#xFF0C;&#x6240;&#x4EE5;&#x53EA;&#x4EA4;&#x63DB;4&#x548C;1&#xFF0C;&#x5F97;&#x5230;&amp;nbsp;&lt;/span&gt;[3, 2, &lt;span style="color:#ff0000"&gt;1, 4, &lt;/span&gt;3]&lt;span style="color:#b22222"&gt;&#xFF1B;&#x6700;&#x5F8C;&#x4EA4;&#x63DB;&#x9996;&#x4F4D;3&#x548C;&#x76EE;&#x524D;&#x908A;&#x754C;1&#x4E4B;&#x5F8C;&#x7684;&#x6578;&#x5217;&#xFF1A;&lt;/span&gt;[1, 2,&amp;nbsp;3, 4, 3]&lt;/p&gt; </content>
  <attach></attach>
  <rcount></rcount>
  <rank></rank>
  <hit>1</hit>
  <lang>1</lang>
</data>
