<?xml version="1.0"?>
<data version="3.0" time="2024-07-20 09:55:44" type="post" filename="b000000012.xml">
  <open_time>0000-00-00</open_time>
  <close_time>0000-00-00</close_time>
  <lang_name>Big5</lang_name>
  <board_id>1001278685</board_id>
  <node>000000012</node>
  <site>1000110001</site>
  <pt>2023-07-22 13:58:39</pt>
  <poster>06005635</poster>
  <realname>&#x9EC3;&#x535A;&#x5143;  </realname>
  <email>maruko1mjw@yahoo.com.tw</email>
  <homepage>  </homepage>
  <subject>&#x6436;&#x7B54;217 </subject>
  <content>&lt;p&gt;&#x984C;&#x76EE; :&amp;nbsp;&#x8209;&#x4F8B;&#x89E3;&#x8AAA;&#x5FEB;&#x901F;&#x6392;&#x5E8F;quick sort&#x662F;&#x5426;&#x7A69;&#x5B9A;stable&#x3002;&lt;/p&gt;&#xD;
&#xD;
&lt;p&gt;&#x7B54;&#x6848; :&amp;nbsp;&lt;/p&gt;&#xD;
&#xD;
&lt;p&gt;&#x5FEB;&#x901F;&#x6392;&#x5E8F;&#xFF08;Quick Sort&#xFF09;&#x662F;&#x4E00;&#x7A2E;&#x5E38;&#x898B;&#x7684;&#x6392;&#x5E8F;&#x7B97;&#x6CD5;&#xFF0C;&#x5B83;&#x662F;&#x4E00;&#x7A2E;&#x4E0D;&#x7A69;&#x5B9A;&#xFF08;Unstable&#xFF09;&#x7684;&#x6392;&#x5E8F;&#x7B97;&#x6CD5;&#x3002;&lt;/p&gt;&#xD;
&#xD;
&lt;p&gt;&#x7A69;&#x5B9A;&#x6027;&#x5728;&#x6392;&#x5E8F;&#x7B97;&#x6CD5;&#x4E2D;&#x7684;&#x610F;&#x601D;&#x662F;&#xFF0C;&#x7576;&#x5169;&#x500B;&#x76F8;&#x7B49;&#x7684;&#x5143;&#x7D20;&#x5728;&#x6392;&#x5E8F;&#x524D;&#x5F8C;&#x7684;&#x76F8;&#x5C0D;&#x4F4D;&#x7F6E;&#x4FDD;&#x6301;&#x4E0D;&#x8B8A;&#xFF0C;&#x90A3;&#x9EBC;&#x9019;&#x500B;&#x6392;&#x5E8F;&#x7B97;&#x6CD5;&#x5C31;&#x88AB;&#x8A8D;&#x70BA;&#x662F;&#x7A69;&#x5B9A;&#x7684;&#x3002;&#x63DB;&#x53E5;&#x8A71;&#x8AAA;&#xFF0C;&#x5982;&#x679C;&#x6392;&#x5E8F;&#x7B97;&#x6CD5;&#x5C0D;&#x65BC;&#x76F8;&#x7B49;&#x5143;&#x7D20;&#x7684;&#x8655;&#x7406;&#x662F;&#x4FDD;&#x6301;&#x5B83;&#x5011;&#x539F;&#x672C;&#x7684;&#x76F8;&#x5C0D;&#x9806;&#x5E8F;&#xFF0C;&#x5247;&#x7A31;&#x5176;&#x70BA;&#x7A69;&#x5B9A;&#x7684;&#x3002;&lt;/p&gt;&#xD;
&#xD;
&lt;p&gt;&#x5FEB;&#x901F;&#x6392;&#x5E8F;&#x5728;&#x6392;&#x5E8F;&#x7684;&#x904E;&#x7A0B;&#x4E2D;&#xFF0C;&#x901A;&#x904E;&#x5206;&#x5272;&#x6578;&#x5217;&#x4E26;&#x4EA4;&#x63DB;&#x5143;&#x7D20;&#x7684;&#x4F4D;&#x7F6E;&#xFF0C;&#x4F7F;&#x5F97;&#x6BD4;&#x57FA;&#x6E96;&#x5143;&#x7D20;&#x5C0F;&#x7684;&#x5143;&#x7D20;&#x79FB;&#x52D5;&#x5230;&#x5DE6;&#x908A;&#xFF0C;&#x6BD4;&#x57FA;&#x6E96;&#x5143;&#x7D20;&#x5927;&#x7684;&#x5143;&#x7D20;&#x79FB;&#x52D5;&#x5230;&#x53F3;&#x908A;&#xFF0C;&#x9019;&#x500B;&#x904E;&#x7A0B;&#x4E2D;&#x6703;&#x7834;&#x58DE;&#x76F8;&#x7B49;&#x5143;&#x7D20;&#x7684;&#x539F;&#x59CB;&#x76F8;&#x5C0D;&#x9806;&#x5E8F;&#x3002;&#x63DB;&#x53E5;&#x8A71;&#x8AAA;&#xFF0C;&#x5FEB;&#x901F;&#x6392;&#x5E8F;&#x6703;&#x5C0E;&#x81F4;&#x76F8;&#x7B49;&#x5143;&#x7D20;&#x4E4B;&#x9593;&#x7684;&#x76F8;&#x5C0D;&#x4F4D;&#x7F6E;&#x6539;&#x8B8A;&#xFF0C;&#x56E0;&#x6B64;&#x5B83;&#x662F;&#x4E00;&#x500B;&#x4E0D;&#x7A69;&#x5B9A;&#x7684;&#x6392;&#x5E8F;&#x7B97;&#x6CD5;&#x3002;&lt;/p&gt;&#xD;
&#xD;
&lt;p&gt;&#x8209;&#x4F8B;&#xFF1A;&#x4F7F;&#x7528;&#x6578;&#x5217; [&lt;span style="color:#ff0000"&gt;3&lt;/span&gt;, 2, 4, 1, 3] &#x9032;&#x884C;&#x5FEB;&#x901F;&#x6392;&#x5E8F;&#x7684;&#x6B65;&#x9A5F;&#x5982;&#x4E0B;&#xFF1A;&lt;/p&gt;&#xD;
&#xD;
&lt;ol&gt;&#xD;
	&lt;li&gt;&#xD;
	&lt;p&gt;&#x9078;&#x64C7;&#x57FA;&#x6E96;&#x5143;&#x7D20;&#xFF1A;&#x5047;&#x8A2D;&#x9078;&#x64C7;&#x7B2C;&#x4E00;&#x500B;&#x5143;&#x7D20; &lt;span style="color:#ff0000"&gt;3&lt;/span&gt; &#x70BA;&#x57FA;&#x6E96;&#x5143;&#x7D20;&#x3002;&lt;/p&gt;&#xD;
	&lt;/li&gt;&#xD;
	&lt;li&gt;&#xD;
	&lt;p&gt;&#x5C07;&#x6578;&#x5217;&#x9032;&#x884C;&#x5206;&#x5272;&#xFF0C;&#x5C0F;&#x65BC;&#x57FA;&#x6E96;&#x5143;&#x7D20;&#x7684;&#x6578;&#x79FB;&#x5230;&#x5DE6;&#x908A;&#xFF0C;&#x5927;&#x65BC;&#x57FA;&#x6E96;&#x5143;&#x7D20;&#x7684;&#x6578;&#x79FB;&#x5230;&#x53F3;&#x908A;&#x3002; &#x5206;&#x5272;&#x5F8C;&#x7684;&#x6578;&#x5217;&#xFF1A;[2, 1, &lt;span style="color:#ff0000"&gt;3&lt;/span&gt;, 4, 3]&lt;/p&gt;&#xD;
	&lt;/li&gt;&#xD;
	&lt;li&gt;&#xD;
	&lt;p&gt;&#x905E;&#x8FF4;&#x5730;&#x5C0D;&#x5DE6;&#x53F3;&#x5169;&#x908A;&#x7684;&#x5B50;&#x6578;&#x5217;&#x9032;&#x884C;&#x5FEB;&#x901F;&#x6392;&#x5E8F;&#x3002;&lt;/p&gt;&#xD;
&#xD;
	&lt;p&gt;&#x905E;&#x8FF4;&#x8655;&#x7406;&#x5DE6;&#x5B50;&#x6578;&#x5217; [2, 1]&#xFF1A;&lt;/p&gt;&#xD;
&#xD;
	&lt;ul&gt;&#xD;
		&lt;li&gt;&#x9078;&#x64C7;&#x57FA;&#x6E96;&#x5143;&#x7D20;&#xFF1A;&#x9078;&#x64C7;&#x7B2C;&#x4E00;&#x500B;&#x5143;&#x7D20; 2 &#x70BA;&#x57FA;&#x6E96;&#x5143;&#x7D20;&#x3002;&lt;/li&gt;&#xD;
		&lt;li&gt;&#x5206;&#x5272;&#x5F8C;&#x7684;&#x6578;&#x5217;&#xFF1A;[1, 2]&lt;/li&gt;&#xD;
		&lt;li&gt;&#x6392;&#x5E8F;&#x5B8C;&#x6210;&#x3002;&lt;/li&gt;&#xD;
	&lt;/ul&gt;&#xD;
&#xD;
	&lt;p&gt;&#x905E;&#x8FF4;&#x8655;&#x7406;&#x53F3;&#x5B50;&#x6578;&#x5217; [4, 3]&#xFF1A;&lt;/p&gt;&#xD;
&#xD;
	&lt;ul&gt;&#xD;
		&lt;li&gt;&#x9078;&#x64C7;&#x57FA;&#x6E96;&#x5143;&#x7D20;&#xFF1A;&#x9078;&#x64C7;&#x7B2C;&#x4E00;&#x500B;&#x5143;&#x7D20; 4 &#x70BA;&#x57FA;&#x6E96;&#x5143;&#x7D20;&#x3002;&lt;/li&gt;&#xD;
		&lt;li&gt;&#x5206;&#x5272;&#x5F8C;&#x7684;&#x6578;&#x5217;&#xFF1A;[3, 4]&lt;/li&gt;&#xD;
		&lt;li&gt;&#x6392;&#x5E8F;&#x5B8C;&#x6210;&#x3002;&lt;/li&gt;&#xD;
	&lt;/ul&gt;&#xD;
	&lt;/li&gt;&#xD;
&lt;/ol&gt;&#xD;
&#xD;
&lt;p&gt;&#x6700;&#x7D42;&#x7D50;&#x679C;&#x70BA;&#xFF1A;[1, 2, &lt;span style="color:#ff0000"&gt;3&lt;/span&gt;, 3, 4]&lt;/p&gt;&#xD;
&#xD;
&lt;p&gt;&#x6578;&#x5217; [&lt;span style="color:#ff0000"&gt;3&lt;/span&gt;, 2, 4, 1, 3] &#x7D93;&#x904E;&#x5FEB;&#x901F;&#x6392;&#x5E8F;&#x5F8C;&#xFF0C;&#x7531;&#x5C0F;&#x5230;&#x5927;&#x7684;&#x6392;&#x5E8F;&#x7D50;&#x679C;&#x70BA; [1, 2, &lt;span style="color:#ff0000"&gt;3&lt;/span&gt;, 3, 4]&#x3002;&lt;/p&gt;&#xD;
&#xD;
&lt;p&gt;&#x5169;&#x500B;3&#x7684;&#x76F8;&#x5C0D;&#x4F4D;&#x7F6E;&#x8B8A;&#x4E86;,&#x8868;&#x793A;&#x5FEB;&#x901F;&#x6392;&#x5E8F;quick sort&#x4E0D;&#x662F;&#x7A69;&#x5B9A;stable&#x3002;&lt;/p&gt; </content>
  <attach></attach>
  <rcount></rcount>
  <rank></rank>
  <hit>18</hit>
  <lang>1</lang>
</data>
