<?xml version="1.0"?>
<data version="3.0" time="2024-07-20 09:55:44" type="post" filename="b000000017.xml">
  <open_time>0000-00-00</open_time>
  <close_time>0000-00-00</close_time>
  <lang_name>Big5</lang_name>
  <board_id>1001278685</board_id>
  <node>000000017</node>
  <site>1000110001</site>
  <pt>2023-07-24 11:59:49</pt>
  <poster>06005732</poster>
  <realname>&#x738B;&#x6631;&#x9032;  </realname>
  <email>louis21501@gmail.com</email>
  <homepage>  </homepage>
  <subject>&#x6436;&#x7B54;217 </subject>
  <content>&lt;p&gt;&lt;br /&gt;&#xD;
&#x5047;&#x8A2D;&#x6709;&#x4EE5;&#x4E0B; Data &#x7684;&#x9663;&#x5217;&#xFF1A;&lt;/p&gt;&#xD;
&#xD;
&lt;p&gt;[Data(&amp;quot;apple&amp;quot;, 3), Data(&amp;quot;orange&amp;quot;, 2), Data(&amp;quot;banana&amp;quot;, 1), Data(&amp;quot;apple&amp;quot;, 2)]&lt;br /&gt;&#xD;
&#x73FE;&#x5728;&#x6211;&#x5011;&#x4EE5; Data &#x7D50;&#x69CB;&#x7684;&#x6574;&#x6578;&#x6B04;&#x4F4D;&#x4F5C;&#x70BA;&#x57FA;&#x6E96;&#x9032;&#x884C;&#x5FEB;&#x901F;&#x6392;&#x5E8F;&#x3002;&lt;/p&gt;&#xD;
&#xD;
&lt;p&gt;&#x7B2C;&#x4E00;&#x6B21;&#x5206;&#x5272;&#x5F8C;&#xFF1A;&lt;/p&gt;&#xD;
&#xD;
&lt;p&gt;[Data(&amp;quot;banana&amp;quot;, 1), Data(&amp;quot;orange&amp;quot;, 2), Data(&amp;quot;apple&amp;quot;, 3), Data(&amp;quot;apple&amp;quot;, 2)]&lt;br /&gt;&#xD;
&#x5728;&#x9019;&#x500B;&#x5206;&#x5272;&#x5F8C;&#x7684;&#x7D50;&#x679C;&#x4E2D;&#xFF0C;&#x6211;&#x5011;&#x53EF;&#x4EE5;&#x770B;&#x5230;&#x539F;&#x672C;&#x76F8;&#x5C0D;&#x4F4D;&#x7F6E;&#x5728;&#x5169;&#x500B; &amp;quot;apple&amp;quot; &#x9375;&#x503C;&#x4E4B;&#x9593;&#x7684; Data(&amp;quot;apple&amp;quot;, 3) &#x548C; Data(&amp;quot;apple&amp;quot;, 2) &#x5DF2;&#x7D93;&#x88AB;&#x4EA4;&#x63DB;&#x4E86;&#x3002;&#x9019;&#x8868;&#x793A;&#x5FEB;&#x901F;&#x6392;&#x5E8F;&#x662F;&#x4E0D;&#x7A69;&#x5B9A;&#x7684;&#xFF0C;&#x76F8;&#x540C;&#x9375;&#x503C;&#x7684;&#x5143;&#x7D20;&#x5728;&#x6392;&#x5E8F;&#x5F8C;&#x4E0D;&#x4FDD;&#x6301;&#x539F;&#x6709;&#x7684;&#x76F8;&#x5C0D;&#x9806;&#x5E8F;&#x3002;&lt;/p&gt;&#xD;
&#xD;
&lt;p&gt;&#x56E0;&#x6B64;&#xFF0C;&#x9019;&#x500B;&#x4F8B;&#x5B50;&#x8B49;&#x660E;&#x4E86;&#x5FEB;&#x901F;&#x6392;&#x5E8F;&#x4E0D;&#x662F;&#x7A69;&#x5B9A;&#x7684;&#x6392;&#x5E8F;&#x7B97;&#x6CD5;&#x3002;&lt;/p&gt; </content>
  <attach></attach>
  <rcount></rcount>
  <rank></rank>
  <hit>10</hit>
  <lang>1</lang>
</data>
