<?xml version="1.0"?>
<data version="3.0" time="2024-07-20 09:55:44" type="post" filename="b000000027.xml">
  <open_time>0000-00-00</open_time>
  <close_time>0000-00-00</close_time>
  <lang_name>Big5</lang_name>
  <board_id>1001278685</board_id>
  <node>000000027</node>
  <site>1000110001</site>
  <pt>2023-07-24 23:08:26</pt>
  <poster>06005914</poster>
  <realname>&#x9673;&#x5F65;&#x4E2D;  </realname>
  <email>jackson89911@gmail.com</email>
  <homepage>  </homepage>
  <subject>&#x6436;&#x7B54;219 </subject>
  <content>&lt;p&gt;219. &#x8209;&#x4F8B;&#x5340;&#x5225;&#x5B8C;&#x5168;full&#x3001;&#x5B8C;&#x6574;complete&#x53CA;&#x5E73;&#x8861;balanced&#x4E8C;&#x5143;&#x6A39;&#x7684;&#x5DEE;&#x7570;&#x3002;&lt;/p&gt;&#xD;
&#xD;
&lt;p&gt;A:&lt;/p&gt;&#xD;
&#xD;
&lt;p&gt;&#x5B8C;&#x5168;full&#x4E8C;&#x5143;&#x6A39;:&#x4E00;&#x500B;&#x5B8C;&#x5168;&#x4E8C;&#x5143;&#x6A39;&#x662F;&#x6307;&#x5728;&#x6A39;&#x7684;&#x6BCF;&#x4E00;&#x5C64;&#x90FD;&#x88AB;&#x586B;&#x6EFF;&#xFF0C;&#x9664;&#x4E86;&#x6700;&#x5F8C;&#x4E00;&#x5C64;&#x53EF;&#x4EE5;&#x4E0D;&#x7528;&#xFF0C;&#x4F46;&#x6700;&#x5F8C;&#x4E00;&#x5C64;&#x4E0A;&#x7684;&#x7BC0;&#x9EDE;&#x5FC5;&#x9808;&#x9760;&#x5DE6;&#x6392;&#x5217;&#xFF0C;&#x4E0D;&#x80FD;&#x7559;&#x7A7A;&#x3002;&lt;/p&gt;&#xD;
&#xD;
&lt;p&gt;&#x4F8B;&#x5982;:&amp;nbsp;&lt;/p&gt;&#xD;
&#xD;
&lt;p&gt;&amp;nbsp;&amp;nbsp; &amp;nbsp; &amp;nbsp;1&lt;br /&gt;&#xD;
&amp;nbsp; &amp;nbsp; / &amp;nbsp; \&lt;br /&gt;&#xD;
&amp;nbsp; &amp;nbsp;2 &amp;nbsp; &amp;nbsp; 3&lt;br /&gt;&#xD;
&amp;nbsp; / \ &amp;nbsp; /&lt;br /&gt;&#xD;
&amp;nbsp;4 &amp;nbsp; 5 6&lt;/p&gt;&#xD;
&#xD;
&lt;p&gt;2.&#x5B8C;&#x6574;complete&#x4E8C;&#x5143;&#x6A39;:&#x4E00;&#x500B;&#x5B8C;&#x6574;&#x4E8C;&#x5143;&#x6A39;&#x662F;&#x6307;&#x6BCF;&#x500B;&#x7BC0;&#x9EDE;&#x90FD;&#x6709;0&#x6216;2&#x500B;&#x5B50;&#x7BC0;&#x9EDE;&#xFF0C;&#x4E0D;&#x80FD;&#x51FA;&#x73FE;1&#x500B;&#x5B50;&#x7BC0;&#x9EDE;&#x7684;&#x3002;&lt;/p&gt;&#xD;
&#xD;
&lt;p&gt;&#x4F8B;&#x5982;:&lt;/p&gt;&#xD;
&#xD;
&lt;p&gt;&amp;nbsp; &amp;nbsp; &amp;nbsp; 1&lt;br /&gt;&#xD;
&amp;nbsp; &amp;nbsp; / &amp;nbsp; \&lt;br /&gt;&#xD;
&amp;nbsp; &amp;nbsp;2 &amp;nbsp; &amp;nbsp; 3&lt;br /&gt;&#xD;
&amp;nbsp; / \ &amp;nbsp; / \&lt;br /&gt;&#xD;
&amp;nbsp;4 &amp;nbsp; 5 6 &amp;nbsp; 7&lt;br /&gt;&#xD;
&lt;br /&gt;&#xD;
3.&#x5E73;&#x8861;balanced&#x4E8C;&#x5143;&#x6A39;:&#x4E00;&#x500B;&#x5E73;&#x8861;&#x4E8C;&#x5143;&#x6A39;&#x662F;&#x6307;&#x5728;&#x6A39;&#x4E2D;&#x7684;&#x6BCF;&#x500B;&#x7BC0;&#x9EDE;&#x7684;&#x5169;&#x500B;&#x5B50;&#x7BC0;&#x9EDE;&#x7684;&#x9AD8;&#x5EA6;&#x5DEE;&#x6700;&#x591A;&#x70BA;1&#x3002;&#x6B64;&#x6A39;&#x53EF;&#x4EE5;&#x78BA;&#x4FDD;&#x6A39;&#x7684;&#x9AD8;&#x5EA6;&#x8F03;&#x5C0F;&#xFF0C;&#x63D0;&#x9AD8;&#x67E5;&#x627E;&#x3001;&#x63D2;&#x5165;&#x548C;&#x522A;&#x9664;&#x64CD;&#x4F5C;&#x7684;&#x6548;&#x7387;&#x3002;&lt;/p&gt;&#xD;
&#xD;
&lt;p&gt;&#x4F8B;&#x5982;:&lt;/p&gt;&#xD;
&#xD;
&lt;p&gt;&amp;nbsp; &amp;nbsp; &amp;nbsp; &amp;nbsp;4&lt;br /&gt;&#xD;
&amp;nbsp; &amp;nbsp; &amp;nbsp;/ &amp;nbsp; \&lt;br /&gt;&#xD;
&amp;nbsp; &amp;nbsp; 2 &amp;nbsp; &amp;nbsp; 6&lt;br /&gt;&#xD;
&amp;nbsp; &amp;nbsp;/ \ &amp;nbsp; / \&lt;br /&gt;&#xD;
&amp;nbsp; 1 &amp;nbsp; 3 5 &amp;nbsp; 7&lt;br /&gt;&#xD;
&amp;nbsp;&lt;/p&gt; </content>
  <attach></attach>
  <rcount></rcount>
  <rank></rank>
  <hit>13</hit>
  <lang>1</lang>
</data>
