<?xml version="1.0"?>
<data version="3.0" time="2024-07-20 09:55:44" type="post" filename="b000000007000000001.xml">
  <open_time>0000-00-00</open_time>
  <close_time>0000-00-00</close_time>
  <lang_name>Big5</lang_name>
  <board_id>1001278685</board_id>
  <node>000000007000000001</node>
  <site>1000110001</site>
  <pt>2023-07-21 16:32:19</pt>
  <poster>11813</poster>
  <realname>&#x5433;&#x5B9C;&#x9D3B;  </realname>
  <email>yhwu@cycu.edu.tw</email>
  <homepage>https://www.researchgate.net/profile/Yi-Hung-Wu-2  </homepage>
  <subject>Re: &#x6436;&#x7B54;216  </subject>
  <content>&lt;p&gt;&lt;span style="color:#ff0000"&gt;&#x984C;&#x76EE;&#x662F;&#x554F;&#x5E0C;&#x723E;&#x6392;&#x5E8F;shell sort&#xFF0C;&#x4E0D;&#x662F;&#x7DB2;&#x8DEF;&#x4E0A;&#x6C3E;&#x6FEB;&#x5145;&#x65A5;&#x7684;&#x8B8A;&#x9AD4;&amp;quot;Shell Sort with Insertion Sort&amp;quot;&#xFF0C;&#x8ACB;&#x641E;&#x61C2;&#x6559;&#x6750;&#x4ECB;&#x7D39;&#x7684;&#x6F14;&#x7B97;&#x6B65;&#x9A5F;&#x5F8C;&#x4F5C;&#x7B54;&#xFF01;&lt;/span&gt;&lt;/p&gt;&#xD;
&#xD;
&lt;p&gt;&lt;span style="color:#b22222"&gt;&amp;quot;&#x4F7F;&#x7528;&#x63D2;&#x5165;&#x6392;&#x5E8F;&#x800C;&#x4E0D;&#x662F;&#x4EA4;&#x63DB;&#x5143;&#x7D20;&amp;quot; &#x9019;&#x53E5;&#x8A71;&#x8981;&#x91D0;&#x6E05;&#xFF0C;&#x63D2;&#x5165;&#x6392;&#x5E8F;&#x672C;&#x4F86;&#x5C31;&#x4E0D;&#x50CF;&#x9078;&#x64C7;&#x6392;&#x5E8F;&#x6216;&#x6C23;&#x6CE1;&#x6392;&#x5E8F;&#x4F5C;&#x5169;&#x5169;&#x4EA4;&#x63DB;&#x5143;&#x7D20;&#xFF0C;&#x539F;&#x59CB;&#x7684;&#x5E0C;&#x723E;&#x6392;&#x5E8F;&#x53EA;&#x662F;&#x63D2;&#x5165;&#x6392;&#x5E8F;&#x7684;&#x5EF6;&#x4F38;&#xFF0C;&#x7576;&#x7136;&#x4E5F;&#x4E0D;&#x7528;&#x5169;&#x5169;&#x4EA4;&#x63DB;&#x5143;&#x7D20;&#x554A;&#xFF01;&lt;/span&gt;&lt;/p&gt; </content>
  <attach></attach>
  <rcount></rcount>
  <rank></rank>
  <hit>1</hit>
  <lang>1</lang>
</data>
