<?xml version="1.0"?>
<data version="3.0" time="2024-07-20 09:55:44" type="post" filename="b000000002.xml">
  <open_time>0000-00-00</open_time>
  <close_time>0000-00-00</close_time>
  <lang_name>Big5</lang_name>
  <board_id>1001278685</board_id>
  <node>000000002</node>
  <site>1000110001</site>
  <pt>2023-07-21 03:07:37</pt>
  <poster>10927250</poster>
  <realname>&#x53E4;&#x5BB8;&#x5B87;  </realname>
  <email>ku0905264478@gmail.com</email>
  <homepage> </homepage>
  <subject>&#x6436;&#x7B54;217 </subject>
  <content>&lt;p&gt;217. &#x8209;&#x4F8B;&#x89E3;&#x8AAA;&#x5FEB;&#x901F;&#x6392;&#x5E8F;quick sort&#x662F;&#x5426;&#x7A69;&#x5B9A;stable&#x3002;&lt;/p&gt;&#xD;
&#xD;
&lt;p&gt;&#x7A69;&#x5B9A;&#x6392;&#x5E8F;&#x7B97;&#x6CD5;&#x7684;&#x5B9A;&#x7FA9;&#x662F;&#xFF1A;&#x5982;&#x679C;&#x5169;&#x500B;&#x76F8;&#x7B49;&#x5143;&#x7D20;&#x7684;&#x76F8;&#x5C0D;&#x9806;&#x5E8F;&#x5728;&#x6392;&#x5E8F;&#x524D;&#x5F8C;&#x4FDD;&#x6301;&#x4E0D;&#x8B8A;&#xFF0C;&#x90A3;&#x9EBC;&#x8A72;&#x6392;&#x5E8F;&#x7B97;&#x6CD5;&#x5C31;&#x88AB;&#x8996;&#x70BA;&#x7A69;&#x5B9A;&#x7684;&#x3002;&lt;/p&gt;&#xD;
&#xD;
&lt;p&gt;quick sort&#x7684;&#x6392;&#x5E8F;&#x904E;&#x7A0B;&#x4E2D;&#x4F7F;&#x7528;&#x5206;&#x6CBB;&#x6CD5;&#xFF0C;&#x5177;&#x9AD4;&#x6B65;&#x9A5F;&#x5982;&#x4E0B;&#xFF1A;&lt;/p&gt;&#xD;
&#xD;
&lt;ol&gt;&#xD;
	&lt;li&gt;&#x5F9E;&#x6578;&#x7D44;&#x4E2D;&#x9078;&#x64C7;&#x4E00;&#x500B;&#x5143;&#x7D20;&#x4F5C;&#x70BA;&#x57FA;&#x6E96;&#x503C;&#x3002;&lt;/li&gt;&#xD;
	&lt;li&gt;&#x5C07;&#x6240;&#x6709;&#x6BD4;&#x57FA;&#x6E96;&#x503C;&#x5C0F;&#x7684;&#x5143;&#x7D20;&#x79FB;&#x5230;&#x57FA;&#x6E96;&#x503C;&#x5DE6;&#x5074;&#xFF0C;&#x6240;&#x6709;&#x6BD4;&#x57FA;&#x6E96;&#x503C;&#x5927;&#x7684;&#x5143;&#x7D20;&#x79FB;&#x5230;&#x57FA;&#x6E96;&#x503C;&#x53F3;&#x5074;&#xFF0C;&#x76F8;&#x7B49;&#x7684;&#x5143;&#x7D20;&#x53EF;&#x4EE5;&#x653E;&#x5728;&#x4EFB;&#x610F;&#x4E00;&#x5074;&#x3002;&lt;/li&gt;&#xD;
	&lt;li&gt;&#x5C0D;&#x5DE6;&#x53F3;&#x5169;&#x500B;&#x5B50;&#x6578;&#x7D44;&#x905E;&#x8FF4;&#x5730;&#x9032;&#x884C;&#x4E0A;&#x8FF0;&#x64CD;&#x4F5C;&#xFF0C;&#x76F4;&#x5230;&#x5B50;&#x6578;&#x7D44;&#x7684;&#x5927;&#x5C0F;&#x70BA;1&#x6216;0&#x3002;&lt;/li&gt;&#xD;
&lt;/ol&gt;&#xD;
&#xD;
&lt;p&gt;&amp;nbsp; &amp;nbsp; &amp;nbsp;&#x7531;&#x65BC;&#x5FEB;&#x901F;&#x6392;&#x5E8F;&#x904E;&#x7A0B;&#x4E2D;&#xFF0C;&#x76F8;&#x7B49;&#x5143;&#x7D20;&#x53EF;&#x4EE5;&#x88AB;&#x653E;&#x5728;&#x4EFB;&#x610F;&#x4E00;&#x5074;&#xFF0C;&#x9019;&#x5C0E;&#x81F4;&#x76F8;&#x7B49;&#x5143;&#x7D20;&#x7684;&#x76F8;&#x5C0D;&#x9806;&#x5E8F;&#x53EF;&#x80FD;&#x5728;&#x6392;&#x5E8F;&#x904E;&#x7A0B;&#x4E2D;&#x88AB;&#x6539;&#x8B8A;&#x3002;&#x5FEB;&#x901F;&#x6392;&#x5E8F;&#x88AB;&#x8996;&#x70BA;&#x4E00;&#x7A2E;&#x4E0D;&amp;nbsp; &amp;nbsp; &amp;nbsp; &amp;nbsp; &#x7A69;&#x5B9A;&#x7684;&#x6392;&#x5E8F;&#x7B97;&#x6CD5;&#x3002;&lt;/p&gt;&#xD;
&#xD;
&lt;p&gt;&#x8209;&#x4F8B;&#x4F86;&#x8AAA;;&lt;/p&gt;&#xD;
&#xD;
&lt;p&gt;&#x539F;&#x59CB;&#x6578;&#x7D44;&#xFF1A;[4, 3, [2], 2, 1]&lt;/p&gt;&#xD;
&#xD;
&lt;p&gt;&#x4F7F;&#x7528;&#x5FEB;&#x901F;&#x6392;&#x5E8F;&#x5F8C;&#xFF0C;&#x53EF;&#x80FD;&#x5F97;&#x5230;&#x4EE5;&#x4E0B;&#x904E;&#x7A0B;&#xFF1A;&lt;/p&gt;&#xD;
&#xD;
&lt;p&gt;&#x7B2C;&#x4E00;&#x6B65;&#xFF08;&#x9078;&#x64C7;&#x57FA;&#x6E96;&#x503C;2&#xFF09;&#xFF1A;[1, 2,[ 2], 4, 3]&lt;/p&gt;&#xD;
&#xD;
&lt;p&gt;&#x5728;&#x7B2C;&#x4E00;&#x6B65;&#x4E2D;&#xFF0C;&#x57FA;&#x6E96;&#x503C;2&#x88AB;&#x9078;&#x70BA;&#x57FA;&#x6E96;&#xFF0C;&#x4E26;&#x4E14;&#x5728;&#x6392;&#x5E8F;&#x904E;&#x7A0B;&#x4E2D;&#xFF0C;&#x539F;&#x672C;&#x5728;&#x5DE6;&#x5074;&#x7684;2&#x79FB;&#x5230;&#x4E86;&#x53F3;&#x5074;&#xFF0C;&#x9019;&#x5C0E;&#x81F4;&#x4E86;&#x76F8;&#x7B49;&#x5143;&#x7D20;&#x7684;&#x76F8;&#x5C0D;&#x9806;&#x5E8F;&#x6539;&#x8B8A;&#x3002;&lt;/p&gt;</content>
  <attach></attach>
  <rcount></rcount>
  <rank></rank>
  <hit>31</hit>
  <lang>1</lang>
</data>
