<?xml version="1.0"?>
<data version="3.0" time="2024-07-20 09:55:44" type="post" filename="b000000019000000001.xml">
  <open_time>0000-00-00</open_time>
  <close_time>0000-00-00</close_time>
  <lang_name>Big5</lang_name>
  <board_id>1001278685</board_id>
  <node>000000019000000001</node>
  <site>1000110001</site>
  <pt>2023-07-26 19:32:52</pt>
  <poster>11813</poster>
  <realname>&#x5433;&#x5B9C;&#x9D3B;  </realname>
  <email>yhwu@cycu.edu.tw</email>
  <homepage>https://www.researchgate.net/profile/Yi-Hung-Wu-2 </homepage>
  <subject>Re: &#x6436;&#x7B54;217  </subject>
  <content>&lt;p&gt;&lt;span style="color:#ff0000"&gt;&#x4F8B;&#x5B50;&#x4E0D;&#x9069;&#x7576;&#xFF0C;&#x9047;&#x5230;&#x548C;&#x57FA;&#x6E96;&#x503C;&#x7684;&#x540C;&#x503C;&#x901A;&#x5E38;&#x662F;&#x4E0D;&#x9700;&#x8981;&#x79FB;&#x52D5;&#x7684;&#xFF0C;&#x4F8B;&#x5B50;&#x4E5F;&#x7121;&#x6CD5;&#x8B58;&#x5225;&#x4E8C;&#x500B;&#x540C;&#x503C;&#x3002;&lt;/span&gt;&lt;/p&gt;</content>
  <attach></attach>
  <rcount></rcount>
  <rank></rank>
  <hit>2</hit>
  <lang>1</lang>
</data>
