<?xml version="1.0"?>
<data version="3.0" time="2024-07-20 09:55:44" type="post" filename="b000000016.xml">
  <open_time>0000-00-00</open_time>
  <close_time>0000-00-00</close_time>
  <lang_name>Big5</lang_name>
  <board_id>1001278685</board_id>
  <node>000000016</node>
  <site>1000110001</site>
  <pt>2023-07-24 11:55:34</pt>
  <poster>06005760</poster>
  <realname>&#x6797;&#x5955;&#x5B8F;  </realname>
  <email>guai900726@gmail.com</email>
  <homepage>  </homepage>
  <subject>&#x6436;&#x7B54;218 </subject>
  <content>&lt;p&gt;&#x96A8;&#x6A5F;&#x9078;&#x64C7;&#xFF1A;&#x5F9E;&#x6578;&#x7D44;&#x4E2D;&#x96A8;&#x6A5F;&#x9078;&#x64C7;&#x4E00;&#x500B;&#x5143;&#x7D20;&#x4F5C;&#x70BA;&#x57FA;&#x6E96;&#x3002;&lt;/p&gt;&#xD;
&#xD;
&lt;p&gt;&#x56FA;&#x5B9A;&#x4F4D;&#x7F6E;&#x9078;&#x64C7;&#xFF1A;&#x7C21;&#x55AE;&#x56FA;&#x5B9A;&#x5730;&#x9078;&#x64C7;&#x6578;&#x7D44;&#x7684;&#x7B2C;&#x4E00;&#x500B;&#x5143;&#x7D20;&#x6216;&#x6700;&#x5F8C;&#x4E00;&#x500B;&#x5143;&#x7D20;&#x4F5C;&#x70BA;&#x57FA;&#x6E96;&#x3002;&lt;/p&gt;&#xD;
&#xD;
&lt;p&gt;&#x4E2D;&#x4F4D;&#x6578;&#x9078;&#x64C7;&#xFF1A;&#x5F9E;&#x6578;&#x7D44;&#x4E2D;&#x9078;&#x64C7;&#x4E09;&#x500B;&#x5143;&#x7D20;&#xFF0C;&#x53D6;&#x5B83;&#x5011;&#x7684;&#x4E2D;&#x4F4D;&#x6578;&#x4F5C;&#x70BA;&#x57FA;&#x6E96;&#x3002;&#x9019;&#x6A23;&#x505A;&#x53EF;&#x4EE5;&#x907F;&#x514D;&#x5728;&#x6975;&#x7AEF;&#x60C5;&#x6CC1;&#x4E0B;&#xFF08;&#x4F8B;&#x5982;&#x6578;&#x7D44;&#x5DF2;&#x7D93;&#x6709;&#x5E8F;&#xFF09;&#x5FEB;&#x901F;&#x6392;&#x5E8F;&#x7684;&#x6642;&#x9593;&#x8907;&#x96DC;&#x5EA6;&#x8B8A;&#x70BA;O(n^2)&#x3002;&lt;/p&gt;&#xD;
&#xD;
&lt;p&gt;&#x4E09;&#x6578;&#x53D6;&#x4E2D;&#x6CD5;&#xFF1A;&#x985E;&#x4F3C;&#x65BC;&#x4E2D;&#x4F4D;&#x6578;&#x9078;&#x64C7;&#xFF0C;&#x4F46;&#x4F7F;&#x7528;&#x66F4;&#x8907;&#x96DC;&#x7684;&#x65B9;&#x6CD5;&#x4F86;&#x9078;&#x64C7;&#x4E09;&#x500B;&#x5143;&#x7D20;&#xFF0C;&#x4EE5;&#x6E1B;&#x5C11;&#x9078;&#x64C7;&#x57FA;&#x6E96;&#x5143;&#x7D20;&#x7684;&#x6642;&#x9593;&#x3002;&lt;/p&gt;&#xD;
&#xD;
&lt;p&gt;&#x5047;&#x8A2D;&#x6211;&#x5011;&#x4F7F;&#x7528;&#x56FA;&#x5B9A;&#x4F4D;&#x7F6E;&#x9078;&#x64C7;&#xFF0C;&#x7E3D;&#x662F;&#x9078;&#x64C7;&#x6578;&#x7D44;&#x7684;&#x7B2C;&#x4E00;&#x500B;&#x5143;&#x7D20;&#x4F5C;&#x70BA;&#x57FA;&#x6E96;&#x3002;&lt;/p&gt;&#xD;
&#xD;
&lt;p&gt;&#x539F;&#x59CB;&#x6578;&#x7D44;&#xFF1A;[7, 2, 5, 1, 8, 9, 3]&lt;/p&gt;&#xD;
&#xD;
&lt;p&gt;&#x9996;&#x5148;&#xFF0C;&#x9078;&#x64C7;&#x57FA;&#x6E96;&#x5143;&#x7D20;7&#xFF0C;&#x7136;&#x5F8C;&#x5C07;&#x6578;&#x7D44;&#x5206;&#x70BA;&#x5169;&#x90E8;&#x5206;&#xFF1A;&lt;/p&gt;&#xD;
&#xD;
&lt;p&gt;&#x5DE6;&#x534A;&#x90E8;&#x5206;&#xFF08;&#x5C0F;&#x65BC;&#x7B49;&#x65BC;7&#xFF09;&#xFF1A;[2, 5, 1, 3] &#x53F3;&#x534A;&#x90E8;&#x5206;&#xFF08;&#x5927;&#x65BC;7&#xFF09;&#xFF1A;[8, 9]&lt;/p&gt;&#xD;
&#xD;
&lt;p&gt;&#x63A5;&#x8457;&#xFF0C;&#x5C0D;&#x5DE6;&#x53F3;&#x5169;&#x90E8;&#x5206;&#x5206;&#x5225;&#x905E;&#x8FF4;&#x5730;&#x9032;&#x884C;&#x5FEB;&#x901F;&#x6392;&#x5E8F;&#x3002;&lt;/p&gt;&#xD;
&#xD;
&lt;p&gt;&#x5DE6;&#x534A;&#x90E8;&#x5206;&#x6392;&#x5E8F;&#x5F8C;&#xFF1A;[1, 2, 3, 5] &#x53F3;&#x534A;&#x90E8;&#x5206;&#x6392;&#x5E8F;&#x5F8C;&#xFF1A;[8, 9]&lt;/p&gt;&#xD;
&#xD;
&lt;p&gt;&#x6700;&#x5F8C;&#xFF0C;&#x5C07;&#x5DE6;&#x53F3;&#x5169;&#x90E8;&#x5206;&#x5408;&#x4F75;&#xFF0C;&#x5F97;&#x5230;&#x6392;&#x5E8F;&#x597D;&#x7684;&#x6578;&#x7D44;&#xFF1A;[1, 2, 3, 5, 7, 8, 9]&lt;/p&gt;&#xD;
&#xD;
&lt;p&gt;&#x56FA;&#x5B9A;&#x4F4D;&#x7F6E;&#x9078;&#x64C7;&#x7684;&#x512A;&#x9EDE;&#x662F;&#x7C21;&#x55AE;&#x4E14;&#x6613;&#x65BC;&#x5BE6;&#x73FE;&#x3002;&#x5728;&#x67D0;&#x4E9B;&#x60C5;&#x6CC1;&#x4E0B;&#xFF0C;&#x4F8B;&#x5982;&#x7576;&#x6578;&#x7D44;&#x5DF2;&#x7D93;&#x5E7E;&#x4E4E;&#x6709;&#x5E8F;&#x6642;&#xFF0C;&#x56FA;&#x5B9A;&#x4F4D;&#x7F6E;&#x9078;&#x64C7;&#x53EF;&#x80FD;&#x6548;&#x7387;&#x66F4;&#x9AD8;&#xFF0C;&#x56E0;&#x70BA;&#x9078;&#x64C7;&#x57FA;&#x6E96;&#x5143;&#x7D20;&#x4E26;&#x5206;&#x5272;&#x6578;&#x7D44;&#x7684;&#x6642;&#x9593;&#x8907;&#x96DC;&#x5EA6;&#x8F03;&#x4F4E;&#x3002;&#x7136;&#x800C;&#xFF0C;&#x56FA;&#x5B9A;&#x4F4D;&#x7F6E;&#x9078;&#x64C7;&#x7684;&#x7F3A;&#x9EDE;&#x662F;&#x7576;&#x6578;&#x7D44;&#x9806;&#x5E8F;&#x662F;&#x975E;&#x5E38;&#x898F;&#x5247;&#x7684;&#x6642;&#x5019;&#xFF0C;&#x53EF;&#x80FD;&#x5C0E;&#x81F4;&#x5FEB;&#x901F;&#x6392;&#x5E8F;&#x7684;&#x6027;&#x80FD;&#x4E0B;&#x964D;&#xFF0C;&#x56E0;&#x70BA;&#x9019;&#x6A23;&#x7684;&#x57FA;&#x6E96;&#x9078;&#x64C7;&#x53EF;&#x80FD;&#x5C0E;&#x81F4;&#x5B50;&#x6578;&#x7D44;&#x4E0D;&#x5747;&#x52FB;&#xFF0C;&#x800C;&#x5FEB;&#x901F;&#x6392;&#x5E8F;&#x7684;&#x6548;&#x7387;&#x53D6;&#x6C7A;&#x65BC;&#x5B50;&#x6578;&#x7D44;&#x7684;&#x5747;&#x52FB;&#x6027;&#x3002;&#x56E0;&#x6B64;&#xFF0C;&#x5728;&#x5BE6;&#x969B;&#x61C9;&#x7528;&#x4E2D;&#xFF0C;&#x96A8;&#x6A5F;&#x9078;&#x64C7;&#x6216;&#x4E09;&#x6578;&#x53D6;&#x4E2D;&#x6CD5;&#x7B49;&#x66F4;&#x9AD8;&#x7D1A;&#x7684;&#x57FA;&#x6E96;&#x9078;&#x64C7;&#x65B9;&#x6CD5;&#x901A;&#x5E38;&#x88AB;&#x4F7F;&#x7528;&#xFF0C;&#x4EE5;&#x63D0;&#x9AD8;&#x5FEB;&#x901F;&#x6392;&#x5E8F;&#x7684;&#x6027;&#x80FD;&#x3002;&lt;/p&gt; </content>
  <attach></attach>
  <rcount></rcount>
  <rank></rank>
  <hit>13</hit>
  <lang>1</lang>
</data>
