<?xml version="1.0"?>
<data version="3.0" time="2024-07-20 09:55:44" type="post" filename="b000000004.xml">
  <open_time>0000-00-00</open_time>
  <close_time>0000-00-00</close_time>
  <lang_name>Big5</lang_name>
  <board_id>1001278685</board_id>
  <node>000000004</node>
  <site>1000110001</site>
  <pt>2023-07-21 09:41:40</pt>
  <poster>06005634</poster>
  <realname>&#x90ED;&#x5BB8;&#x69A4;  </realname>
  <email>jyh2guo@gmail.com</email>
  <homepage>  </homepage>
  <subject>&#x6436;&#x7B54;219 </subject>
  <content>&lt;p&gt;&#x5B8C;&#x5168;&#xFF08;full&#xFF09;&#x4E8C;&#x5143;&#x6A39;&#xFF1A;&lt;br /&gt;&#xD;
&#x5B8C;&#x5168;&#x4E8C;&#x5143;&#x6A39;&#x662F;&#x6BCF;&#x500B;&#x7BC0;&#x9EDE;&#x90FD;&#x5177;&#x6709;&#x5169;&#x500B;&#x5B50;&#x7BC0;&#x9EDE;&#x7684;&#x4E8C;&#x5143;&#x6A39;&#xFF0C;&#x9664;&#x4E86;leaf&#x7BC0;&#x9EDE;&#x5916;&#xFF0C;&#x6240;&#x6709;&#x7BC0;&#x9EDE;&#x90FD;&#x5177;&#x6709;&#x5169;&#x500B;&#x5B50;&#x7BC0;&#x9EDE;&lt;/p&gt;&#xD;
&#xD;
&lt;p&gt;&#x5B8C;&#x6574;&#xFF08;complete&#xFF09;&#x4E8C;&#x5143;&#x6A39;&#xFF1A;&lt;br /&gt;&#xD;
&#x5B8C;&#x5168;&#x4E8C;&#x5143;&#x6A39;&#x6BCF;&#x500B;&#x7BC0;&#x9EDE;&#x90FD;&#x586B;&#x5145;&#x5728;&#x5DE6;&#x908A;&#x6216;&#x53F3;&#x908A;&#x7684;&#x4F4D;&#x7F6E;&#xFF0C;&#x4E0D;&#x7559;&#x4E0B;&#x7A7A;&#x9699;&#xFF0C;&#x76F4;&#x5230;&#x6700;&#x5F8C;&#x4E00;&#x5C64;&#x3002;&#x5982;&#x679C;&#x6700;&#x5F8C;&#x4E00;&#x5C64;&#x4E0D;&#x6EFF;&#xFF0C;&#x5247;&#x6240;&#x6709;&#x7F3A;&#x5931;&#x7684;&#x7BC0;&#x9EDE;&#x6703;&#x5728;&#x6700;&#x53F3;&#x5074;(&#x5DE6;&#x908A;&#x90FD;&#x662F;&#x6EFF;&#x7684;)&#x3002;&lt;/p&gt;&#xD;
&#xD;
&lt;p&gt;&#x5E73;&#x8861;&#xFF08;Balanced&#xFF09;&#x4E8C;&#x5143;&#x6A39;&#xFF1A;&lt;/p&gt;&#xD;
&#xD;
&lt;p&gt;&#x5E73;&#x8861;&#x4E8C;&#x5143;&#x6A39;&#x5DE6;&#x53F3;&#x5B50;&#x6A39;&#x7684;&#x9AD8;&#x5EA6;&#x5DEE;&#x4E0D;&#x8D85;&#x904E;1&#xFF0C;&#x4FDD;&#x6301;&#x4E86;&#x6574;&#x9AD4;&#x6A39;&#x7684;&#x5E73;&#x8861;&#x6027;&#xFF0C;&#x53EF;&#x4EE5;&#x78BA;&#x4FDD;&#x641C;&#x5C0B;&#x548C;&#x63D2;&#x5165;&#x64CD;&#x4F5C;&#x7684;&#x6548;&#x7387;&#x3002;&lt;br /&gt;&#xD;
&#x5B8C;&#x5168;&#x4E8C;&#x5143;&#x6A39;&#x8981;&#x6C42;&#x6240;&#x6709;&#x7BC0;&#x9EDE;&#x90FD;&#x5177;&#x6709;&#x5169;&#x500B;&#x5B50;&#x7BC0;&#x9EDE;&#xFF0C;&#x9664;&#x4E86;leaf&#x7BC0;&#x9EDE;&#x5916;&#x3002;&lt;br /&gt;&#xD;
&#x5B8C;&#x6574;&#x4E8C;&#x5143;&#x6A39;&#x4FDD;&#x6301;&#x4E86;&#x5DE6;&#x81F3;&#x53F3;&#x7684;&#x586B;&#x5145;&#x7279;&#x6027;&#xFF0C;&#x4F46;&#x4E0D;&#x8981;&#x6C42;&#x6240;&#x6709;&#x7BC0;&#x9EDE;&#x90FD;&#x5177;&#x6709;&#x5169;&#x500B;&#x5B50;&#x7BC0;&#x9EDE;&#x3002;&lt;br /&gt;&#xD;
&#x5E73;&#x8861;&#x4E8C;&#x5143;&#x6A39;&#x8981;&#x6C42;&#x5DE6;&#x53F3;&#x5B50;&#x6A39;&#x7684;&#x9AD8;&#x5EA6;&#x5DEE;&#x4E0D;&#x8D85;&#x904E;1&#xFF0C;&#x78BA;&#x4FDD;&#x6A39;&#x7684;&#x5E73;&#x8861;&#x6027;&lt;/p&gt; </content>
  <attach></attach>
  <rcount></rcount>
  <rank></rank>
  <hit>16</hit>
  <lang>1</lang>
</data>
