<?xml version="1.0"?>
<data version="3.0" time="2024-07-20 09:55:44" type="post" filename="b000000003.xml">
  <open_time>0000-00-00</open_time>
  <close_time>0000-00-00</close_time>
  <lang_name>Big5</lang_name>
  <board_id>1001278685</board_id>
  <node>000000003</node>
  <site>1000110001</site>
  <pt>2023-07-21 03:28:47</pt>
  <poster>11020143</poster>
  <realname>&#x5433;&#x67CF;&#x8CE2;  </realname>
  <email>s25880260@gmail.com</email>
  <homepage> </homepage>
  <subject>&#x6436;&#x7B54;220 </subject>
  <content>&lt;p&gt;220. &#x8209;&#x4F8B;&#x5340;&#x5225;&#x524D;&#x5E8F;preorder&#x3001;&#x4E2D;&#x5E8F;inorder&#x53CA;&#x5F8C;&#x5E8F;postorder&#x4E8C;&#x5143;&#x6A39;&#x8D70;&#x8A2A;&#x7684;&#x5DEE;&#x7570;&#x3002;&lt;br /&gt;&#xD;
&#x6709;&#x4E00;&#x500B;&#x4E8C;&#x5143;&#x6A39;&#x5982;&#x4E0B;:&lt;/p&gt;&#xD;
&#xD;
&lt;p&gt;&amp;nbsp; &amp;nbsp; &amp;nbsp; &amp;nbsp; &amp;nbsp; &amp;nbsp; &amp;nbsp; &amp;nbsp; &amp;nbsp; &amp;nbsp; &amp;nbsp;1&lt;/p&gt;&#xD;
&#xD;
&lt;p&gt;&lt;span style="font-size:8px"&gt;&amp;nbsp; &amp;nbsp; &amp;nbsp; &amp;nbsp; &amp;nbsp; &amp;nbsp; &amp;nbsp; &amp;nbsp; &amp;nbsp;/&amp;nbsp; &amp;nbsp; &amp;nbsp; &amp;nbsp; &amp;nbsp; &amp;nbsp; \&lt;/span&gt;&lt;/p&gt;&#xD;
&#xD;
&lt;p&gt;&lt;span style="font-size:8px"&gt;&amp;nbsp; &amp;nbsp; &amp;nbsp; &amp;nbsp; &amp;nbsp; 2&amp;nbsp; &amp;nbsp; &amp;nbsp; &amp;nbsp; &amp;nbsp; &amp;nbsp; &amp;nbsp; &amp;nbsp; &amp;nbsp;&amp;nbsp;&amp;nbsp; &amp;nbsp; &amp;nbsp; 3&lt;/span&gt;&lt;/p&gt;&#xD;
&#xD;
&lt;p&gt;&lt;span style="font-size:8px"&gt;&amp;nbsp; &amp;nbsp; &amp;nbsp;/&amp;nbsp; &amp;nbsp; &amp;nbsp;&amp;nbsp;&amp;nbsp; \&amp;nbsp; &amp;nbsp; &amp;nbsp; &amp;nbsp; &amp;nbsp; &amp;nbsp; &amp;nbsp; &amp;nbsp;&amp;nbsp;/&amp;nbsp; &amp;nbsp; &amp;nbsp;&amp;nbsp;&amp;nbsp; \&lt;/span&gt;&lt;/p&gt;&#xD;
&#xD;
&lt;p&gt;4&amp;nbsp; &amp;nbsp; &amp;nbsp; &amp;nbsp; &amp;nbsp;&amp;nbsp;&amp;nbsp;&amp;nbsp; 5&amp;nbsp; &amp;nbsp; &amp;nbsp; &amp;nbsp; &amp;nbsp; &amp;nbsp;6&amp;nbsp; &amp;nbsp; &amp;nbsp; &amp;nbsp; &amp;nbsp; &amp;nbsp; &amp;nbsp; 7&amp;nbsp;&lt;br /&gt;&#xD;
&amp;nbsp;&lt;/p&gt;&#xD;
&#xD;
&lt;p&gt;1.&#x524D;&#x5E8F;&#xFF08;Preorder&#xFF09;&#x8D70;&#x8A2A;&#xFF1A;&lt;/p&gt;&#xD;
&#xD;
&lt;p&gt;&#x524D;&#x5E8F;&#x8D70;&#x8A2A;&#x662F;&#x6307;&#x8A2A;&#x554F;&#x6839;&#x3001;&#x5DE6;&#x5B50;&#x6A39;&#x3001;&#x53F3;&#x5B50;&#x6A39;&#x3002;&lt;/p&gt;&#xD;
&#xD;
&lt;p&gt;&#x8D70;&#x8A2A;&#x9806;&#x5E8F;&#xFF1A;1 -&amp;gt; 2 -&amp;gt; 4&amp;nbsp;-&amp;gt; 5&amp;nbsp;-&amp;gt; 3&amp;nbsp;-&amp;gt; 6 -&amp;gt; 7&lt;/p&gt;&#xD;
&#xD;
&lt;p&gt;2.&#x4E2D;&#x5E8F;&#xFF08;Inorder&#xFF09;&#x8D70;&#x8A2A;&#xFF1A;&lt;/p&gt;&#xD;
&#xD;
&lt;p&gt;&#x4E2D;&#x5E8F;&#x8D70;&#x8A2A;&#x662F;&#x6307;&#x8A2A;&#x554F;&#x5DE6;&#x5B50;&#x6A39;&#x3001;&#x6839;&#x3001;&#x53F3;&#x5B50;&#x6A39;&#x3002;&lt;/p&gt;&#xD;
&#xD;
&lt;p&gt;&#x8D70;&#x8A2A;&#x9806;&#x5E8F;&#xFF1A;4 -&amp;gt; 2 -&amp;gt; 5 -&amp;gt; 1 -&amp;gt; 6&amp;nbsp;-&amp;gt; 3 -&amp;gt; 7&lt;/p&gt;&#xD;
&#xD;
&lt;p&gt;3.&#x5F8C;&#x5E8F;&#xFF08;Postorder&#xFF09;&#x8D70;&#x8A2A;&#xFF1A;&lt;/p&gt;&#xD;
&#xD;
&lt;p&gt;&#x5F8C;&#x5E8F;&#x8D70;&#x8A2A;&#x662F;&#x6307;&#x8A2A;&#x554F;&#x5DE6;&#x5B50;&#x6A39;&#x3001;&#x53F3;&#x5B50;&#x6A39;&#x3001;&#x6839;&lt;/p&gt;&#xD;
&#xD;
&lt;p&gt;&#x8D70;&#x8A2A;&#x9806;&#x5E8F;&#xFF1A;4 -&amp;gt; 5 -&amp;gt; 2 -&amp;gt; 6 -&amp;gt; 7&amp;nbsp;-&amp;gt; 3 -&amp;gt; 1&lt;/p&gt;</content>
  <attach></attach>
  <rcount></rcount>
  <rank></rank>
  <hit>17</hit>
  <lang>1</lang>
</data>
