<?xml version="1.0"?>
<data version="3.0" time="2024-07-20 09:55:44" type="post" filename="b000000014.xml">
  <open_time>0000-00-00</open_time>
  <close_time>0000-00-00</close_time>
  <lang_name>Big5</lang_name>
  <board_id>1001278685</board_id>
  <node>000000014</node>
  <site>1000110001</site>
  <pt>2023-07-22 23:59:33</pt>
  <poster>10920143</poster>
  <realname>&#x9EC3;&#x540D;&#x6E6F;  </realname>
  <email>s10920143@cycu.edu.tw</email>
  <homepage>  </homepage>
  <subject>&#x6436;&#x7B54;219 </subject>
  <content>&lt;p&gt;1. &#x5B8C;&#x5168;&#x4E8C;&#x5143;&#x6A39;&#xFF1A; &#x6240;&#x6709;Node&#x90FD;&#x662F;&#x6EFF;&#x7684;&lt;/p&gt;&#xD;
&#xD;
&lt;p&gt;&amp;nbsp;&amp;nbsp; &amp;nbsp; &amp;nbsp; &amp;nbsp; 1&lt;/p&gt;&#xD;
&#xD;
&lt;p&gt;&amp;nbsp; &amp;nbsp; &amp;nbsp; / &amp;nbsp; &amp;nbsp; \&lt;/p&gt;&#xD;
&#xD;
&lt;p&gt;&amp;nbsp;&amp;nbsp; &amp;nbsp; 2&amp;nbsp; &amp;nbsp; &amp;nbsp; 3&lt;/p&gt;&#xD;
&#xD;
&lt;p&gt;&amp;nbsp; &amp;nbsp; / \&amp;nbsp; &amp;nbsp; &amp;nbsp; / \&lt;/p&gt;&#xD;
&#xD;
&lt;p&gt;&amp;nbsp;&amp;nbsp; 4 &amp;nbsp; 5 6 &amp;nbsp; 7&lt;/p&gt;&#xD;
&#xD;
&lt;p&gt;2. &#x5B8C;&#x6574;&#x4E8C;&#x5143;&#x6A39;&#xFF1A;&#x524D;&#x9762;&#x6578;&#x904E;&#x4F86;&#x7684;&#x6240;&#x6709;Node&#x90FD;&#x662F;&#x6EFF;&#x7684;&lt;/p&gt;&#xD;
&#xD;
&lt;p&gt;&amp;nbsp; &amp;nbsp; &amp;nbsp; &amp;nbsp; 1&lt;/p&gt;&#xD;
&#xD;
&lt;p&gt;&amp;nbsp; &amp;nbsp; &amp;nbsp; / &amp;nbsp; \&lt;/p&gt;&#xD;
&#xD;
&lt;p&gt;&amp;nbsp;&amp;nbsp; &amp;nbsp; 2 &amp;nbsp; &amp;nbsp; 3&lt;/p&gt;&#xD;
&#xD;
&lt;p&gt;&amp;nbsp; &amp;nbsp; / \ &amp;nbsp; /&lt;/p&gt;&#xD;
&#xD;
&lt;p&gt;&amp;nbsp;&amp;nbsp; 4 5 6&lt;/p&gt;&#xD;
&#xD;
&lt;p&gt;3. &#x5E73;&#x8861;&#x4E8C;&#x5143;&#x6A39;&#xFF1A;&#x5DE6;&#x53F3;&#x7684;&#x9AD8;&#x5EA6;&#x5DEE;&#x4E0D;&#x8D85;&#x904E;&#x4E00;&lt;/p&gt;&#xD;
&#xD;
&lt;p&gt;&amp;nbsp; &amp;nbsp; &amp;nbsp; &amp;nbsp; 1&lt;/p&gt;&#xD;
&#xD;
&lt;p&gt;&amp;nbsp; &amp;nbsp; &amp;nbsp; / &amp;nbsp; \&lt;/p&gt;&#xD;
&#xD;
&lt;p&gt;&amp;nbsp;&amp;nbsp; &amp;nbsp; 2 &amp;nbsp; &amp;nbsp; 3&lt;/p&gt;&#xD;
&#xD;
&lt;p&gt;&amp;nbsp; &amp;nbsp; /&amp;nbsp; &amp;nbsp; &amp;nbsp; /&lt;/p&gt;&#xD;
&#xD;
&lt;p&gt;&amp;nbsp;&amp;nbsp; 4&amp;nbsp; &amp;nbsp; 6&lt;/p&gt; </content>
  <attach></attach>
  <rcount></rcount>
  <rank></rank>
  <hit>8</hit>
  <lang>1</lang>
</data>
