<?xml version="1.0"?>
<data version="3.0" time="2024-07-20 09:55:44" type="post" filename="b000000011000000001.xml">
  <open_time>0000-00-00</open_time>
  <close_time>0000-00-00</close_time>
  <lang_name>Big5</lang_name>
  <board_id>1001278685</board_id>
  <node>000000011000000001</node>
  <site>1000110001</site>
  <pt>2023-07-22 10:40:17</pt>
  <poster>11813</poster>
  <realname>&#x5433;&#x5B9C;&#x9D3B;  </realname>
  <email>yhwu@cycu.edu.tw</email>
  <homepage>https://www.researchgate.net/profile/Yi-Hung-Wu-2 </homepage>
  <subject>Re: &#x6436;&#x7B54;216  </subject>
  <content>&lt;p&gt;&lt;span style="color:#ff0000"&gt;&#x8209;&#x4F8B;&#x4E0D;&#x9069;&#x5408;&#xFF0C;&#x7121;&#x6CD5;&#x6AA2;&#x9A57;&#x6392;&#x5E8F;&#x662F;&#x5426;&#x7A69;&#x5B9A;&#x3002;&lt;/span&gt;&lt;/p&gt;</content>
  <attach></attach>
  <rcount></rcount>
  <rank></rank>
  <hit>2</hit>
  <lang>1</lang>
</data>
