<?xml version="1.0"?>
<data version="3.0" time="2024-07-20 09:55:44" type="post" filename="b000000021000000001.xml">
  <open_time>0000-00-00</open_time>
  <close_time>0000-00-00</close_time>
  <lang_name>Big5</lang_name>
  <board_id>1001278685</board_id>
  <node>000000021000000001</node>
  <site>1000110001</site>
  <pt>2023-07-26 19:36:30</pt>
  <poster>11813</poster>
  <realname>&#x5433;&#x5B9C;&#x9D3B;  </realname>
  <email>yhwu@cycu.edu.tw</email>
  <homepage>https://www.researchgate.net/profile/Yi-Hung-Wu-2 </homepage>
  <subject>Re: &#x6436;&#x7B54;219  </subject>
  <content>&lt;p&gt;&lt;span style="color:#ff0000"&gt;&#x4E2D;&#x6587;&#x8B6F;&#x540D;&#x4E0D;&#x7CBE;&#x6E96;&#xFF0C;&#x4E5F;&#x548C;&#x6559;&#x6750;&#x7684;&#x540D;&#x7A31;&#x6709;&#x885D;&#x7A81;&#xFF01;&lt;/span&gt;&lt;/p&gt;&#xD;
&#xD;
&lt;p&gt;&lt;span style="color:#ff0000"&gt;&#x5E73;&#x8861;&#x4E8C;&#x5143;&#x6A39;&#x7684;&#x8209;&#x4F8B;&#x4E0D;&#x9069;&#x7576;&#xFF01;&#x600E;&#x9EBC;&#x6703;&#x8209;&#x4E00;&#x500B;&#x4E09;&#x7A2E;&#x6027;&#x8CEA;&#x90FD;&#x7B26;&#x5408;&#x7684;&#x4F8B;&#x5B50;&#xFF1F;&lt;/span&gt;&lt;/p&gt;</content>
  <attach></attach>
  <rcount></rcount>
  <rank></rank>
  <hit>2</hit>
  <lang>1</lang>
</data>
