<?xml version="1.0"?>
<data version="3.0" time="2024-07-20 09:55:44" type="post" filename="b000000008.xml">
  <open_time>0000-00-00</open_time>
  <close_time>0000-00-00</close_time>
  <lang_name>Big5</lang_name>
  <board_id>1001278685</board_id>
  <node>000000008</node>
  <site>1000110001</site>
  <pt>2023-07-21 19:45:11</pt>
  <poster>06005931</poster>
  <realname>&#x4F58;&#x4EF2;&#x5091;  </realname>
  <email>szj891226@gmail.com</email>
  <homepage>  </homepage>
  <subject>&#x6436;&#x7B54;218 </subject>
  <content>&lt;p&gt;218.&#x70BA;&#x5FEB;&#x901F;&#x6392;&#x5E8F;&#x63D0;&#x51FA;&#x9078;&#x64C7;&#x57FA;&#x6E96;pivot&#x7684;&#x65B9;&#x6CD5;&#xFF0C;&#x4E26;&#x8209;&#x4F8B;&#x8AAA;&#x660E;&#x512A;&#x9EDE;&#x3002;&lt;/p&gt;&#xD;
&#xD;
&lt;p&gt;&#x6709;&#x4E00;&#x7A2E;&#x53D6;&#x57FA;&#x6E96;&#x7684;&#x65B9;&#x6CD5;&#x53EB;&#x4E09;&#x6578;&#x53D6;&#x4E2D;&#xFF0C;&#x610F;&#x601D;&#x662F;&#x5F9E;&#x6578;&#x5217;&#x4E2D;&#x6293;&#x4E09;&#x500B;&#x5143;&#x7D20;&#x7684;&#x4E2D;&#x4F4D;&#x6578;&#x7576;pivot&#x3002;&lt;/p&gt;&#xD;
&#xD;
&lt;p&gt;&#x4F8B;&#x5B50;:[35, 12, 42, 8, 17, 25, 31]&#x6211;&#x5011;&#x62FF;&#x524D;&#x4E2D;&#x5F8C;&#x4E09;&#x500B;&#x6578;[35, 8, 31]&#x628A;31&#x7576;pivot&#xFF0C;&lt;/p&gt;&#xD;
&#xD;
&lt;p&gt;&#x5207;&#x5272;&#x6210;&#x6BD4;31&#x5927;&#x8DDF;&#x6BD4;31&#x5C0F;&#x5169;&#x90E8;&#x5206;:[12, 8, 17, 25] &#x548C; [35, 42]&lt;/p&gt;&#xD;
&#xD;
&lt;p&gt;&#x7136;&#x5F8C;&#x500B;&#x5225;&#x9032;&#x884C;&#x905E;&#x8FF4;&#x6392;&#x5E8F;:&lt;/p&gt;&#xD;
&#xD;
&lt;p&gt;&#x5DE6;:[8, 12]&#x548C;[17, 25]&lt;/p&gt;&#xD;
&#xD;
&lt;p&gt;&#x53F3;:[35, 42]&lt;/p&gt;&#xD;
&#xD;
&lt;p&gt;&#x5DE6;&#x53F3;&#x5408;&#x4F75;&#x5F8C;[8, 12, 17, 25, 31, 35, 42]&#x3002;&lt;/p&gt;&#xD;
&#xD;
&lt;p&gt;&#x4E09;&#x6578;&#x53D6;&#x4E2D;&#x65B9;&#x6CD5;&#x7684;&#x512A;&#x9EDE;:&lt;/p&gt;&#xD;
&#xD;
&lt;p&gt;1.&#x5728;&#x96A8;&#x6A5F;&#x6578;&#x5217;&#x4E2D;&#xFF0C;&#x82E5;&#x9078;&#x64C7;&#x57FA;&#x6E96;&#x5143;&#x7D20;&#x662F;&#x6700;&#x5927;&#x6216;&#x6700;&#x5C0F;&#x7684;&#x5143;&#x7D20;&#xFF0C;&#x5C07;&#x5C0E;&#x81F4;&#x4E0D;&#x5E73;&#x8861;&#x7684;&#x5206;&#x5272;&#xFF0C;&#x5F71;&#x97FF;&#x6392;&#x5E8F;&#x6548;&#x7387;&#xFF0C;&#x4E09;&#x6578;&#x53D6;&#x4E2D;&#x80FD;&#x76E1;&#x91CF;&#x907F;&#x514D;&#x9019;&#x60C5;&#x5F62;&#x9020;&#x6210;&#x6548;&#x7387;&#x592A;&#x5DEE;&#x3002;&lt;/p&gt;&#xD;
&#xD;
&lt;p&gt;2.&#x4E09;&#x6578;&#x53D6;&#x4E2D;&#x7684;&#x6548;&#x7387;&#x96D6;&#x7136;&#x4E0D;&#x898B;&#x5F97;&#x662F;&#x6548;&#x7387;&#x6700;&#x597D;&#x7684;&#xFF0C;&#x4F46;&#x56E0;&#x70BA;&#x4ED6;&#x8003;&#x616E;&#x5230;&#x66F4;&#x591A;&#x5143;&#x7D20;&#x7684;&#x5927;&#x5C0F;&#x95DC;&#x4FC2;&#xFF0C;&#x6240;&#x4EE5;&#x5B83;&#x7684;&#x7A69;&#x5B9A;&#x6027;&#x76F8;&#x5C0D;&#x96A8;&#x6A5F;&#x9078;&#x53D6;&#x4F86;&#x7684;&#x9AD8;&#x3002;&lt;/p&gt; </content>
  <attach></attach>
  <rcount></rcount>
  <rank></rank>
  <hit>19</hit>
  <lang>1</lang>
</data>
