<?xml version="1.0"?>
<data version="3.0" time="2024-07-20 09:55:44" type="post" filename="b000000001.xml">
  <open_time>0000-00-00</open_time>
  <close_time>0000-00-00</close_time>
  <lang_name>Big5</lang_name>
  <board_id>1001278685</board_id>
  <node>000000001</node>
  <site>1000110001</site>
  <pt>2023-07-21 02:53:16</pt>
  <poster>10927250</poster>
  <realname>&#x53E4;&#x5BB8;&#x5B87;  </realname>
  <email>ku0905264478@gmail.com</email>
  <homepage> </homepage>
  <subject>&#x6436;&#x7B54;216 </subject>
  <content>&lt;p&gt;216. &#x8209;&#x4F8B;&#x89E3;&#x8AAA;&#x5E0C;&#x723E;&#x6392;&#x5E8F;shell sort&#x662F;&#x5426;&#x7A69;&#x5B9A;stable&#x3002;&lt;/p&gt;&#xD;
&#xD;
&lt;p&gt;&#x7A69;&#x5B9A;&#x6392;&#x5E8F;&#x7B97;&#x6CD5;&#x7684;&#x5B9A;&#x7FA9;&#x662F;&#xFF1A;&#x5982;&#x679C;&#x5169;&#x500B;&#x76F8;&#x7B49;&#x5143;&#x7D20;&#x7684;&#x76F8;&#x5C0D;&#x9806;&#x5E8F;&#x5728;&#x6392;&#x5E8F;&#x524D;&#x5F8C;&#x4FDD;&#x6301;&#x4E0D;&#x8B8A;&#xFF0C;&#x90A3;&#x9EBC;&#x8A72;&#x6392;&#x5E8F;&#x7B97;&#x6CD5;&#x5C31;&#x88AB;&#x8996;&#x70BA;&#x7A69;&#x5B9A;&#x7684;&#x3002;&lt;/p&gt;&#xD;
&#xD;
&lt;p&gt;&#x5E0C;&#x723E;&#x6392;&#x5E8F;&#x5728;&#x6392;&#x5E8F;&#x904E;&#x7A0B;&#x4E2D;&#x6D89;&#x53CA;&#x591A;&#x500B;&#x5B50;&#x5E8F;&#x5217;&#x7684;&#x6392;&#x5E8F;&#xFF0C;&#x4E26;&#x4E14;&#x9019;&#x4E9B;&#x5B50;&#x5E8F;&#x5217;&#x662F;&#x7368;&#x7ACB;&#x5730;&#x9032;&#x884C;&#x6392;&#x5E8F;&#x7684;&#x3002;&#x5728;&#x6BCF;&#x500B;&#x5B50;&#x5E8F;&#x5217;&#x7684;&#x63D2;&#x5165;&#x6392;&#x5E8F;&#x904E;&#x7A0B;&#x4E2D;&#xFF0C;&#x7576;&#x9047;&#x5230;&#x76F8;&#x7B49;&#x5143;&#x7D20;&#x6642;&#xFF0C;&#x53EF;&#x80FD;&#x6703;&#x9032;&#x884C;&#x4EA4;&#x63DB;&#x64CD;&#x4F5C;&#xFF0C;&#x9019;&#x53EF;&#x80FD;&#x6703;&#x5C0E;&#x81F4;&#x76F8;&#x7B49;&#x5143;&#x7D20;&#x7684;&#x76F8;&#x5C0D;&#x9806;&#x5E8F;&#x767C;&#x751F;&#x6539;&#x8B8A;&#x3002;&lt;/p&gt;&#xD;
&#xD;
&lt;p&gt;&#x8209;&#x4F8B;&#x4F86;&#x8AAA;&#xFF0C;&#x8003;&#x616E;&#x4EE5;&#x4E0B;&#x6578;&#x7D44;&#xFF1A;&lt;/p&gt;&#xD;
&#xD;
&lt;p&gt;&#x539F;&#x59CB;&#x6578;&#x7D44;&#xFF1A;[4, 3, 2, 2, 1]&lt;/p&gt;&#xD;
&#xD;
&lt;p&gt;&#x4F7F;&#x7528;&#x5E0C;&#x723E;&#x6392;&#x5E8F;&#x5F8C;&#xFF0C;&#x53EF;&#x80FD;&#x5F97;&#x5230;&#x4EE5;&#x4E0B;&#x904E;&#x7A0B;&#xFF1A;&lt;/p&gt;&#xD;
&#xD;
&lt;p&gt;&#x7B2C;&#x4E00;&#x6B65;&#xFF08;&#x9593;&#x9694;=2&#xFF09;&#xFF1A;[2, 3, 1, 2, 4]&lt;/p&gt;&#xD;
&#xD;
&lt;p&gt;&#x7B2C;&#x4E8C;&#x6B65;&#xFF08;&#x9593;&#x9694;=1&#xFF09;&#xFF1A;[1, 2, 2, 3, 4]&lt;/p&gt;&#xD;
&#xD;
&lt;p&gt;&#x5728;&#x7B2C;&#x4E00;&#x6B65;&#x4E2D;&#xFF0C;&#x6578;&#x5B57; 2 &#x548C;&#x6578;&#x5B57; 2 &#x7684;&#x76F8;&#x5C0D;&#x9806;&#x5E8F;&#x767C;&#x751F;&#x4E86;&#x6539;&#x8B8A;&#xFF0C;&#x539F;&#x672C;&#x5728;&#x5DE6;&#x908A;&#x7684; 2 &#x73FE;&#x5728;&#x5728;&#x53F3;&#x908A;&#x3002;&lt;/p&gt;&#xD;
&#xD;
&lt;p&gt;&#x56E0;&#x6B64;&#xFF0C;&#x7531;&#x65BC;&#x5E0C;&#x723E;&#x6392;&#x5E8F;&#x7684;&#x63D2;&#x5165;&#x6392;&#x5E8F;&#x904E;&#x7A0B;&#x4E2D;&#x53EF;&#x80FD;&#x6703;&#x6539;&#x8B8A;&#x76F8;&#x7B49;&#x5143;&#x7D20;&#x7684;&#x76F8;&#x5C0D;&#x4F4D;&#x7F6E;&#xFF0C;&#x5E0C;&#x723E;&#x6392;&#x5E8F;&#x88AB;&#x8996;&#x70BA;&#x4E00;&#x7A2E;&#x4E0D;&#x7A69;&#x5B9A;&#x7684;&#x6392;&#x5E8F;&#x7B97;&#x6CD5;&#x3002;&lt;/p&gt;</content>
  <attach></attach>
  <rcount></rcount>
  <rank></rank>
  <hit>33</hit>
  <lang>1</lang>
</data>
