<?xml version="1.0"?>
<data version="3.0" time="2024-07-20 09:55:44" type="post" filename="b000000023.xml">
  <open_time>0000-00-00</open_time>
  <close_time>0000-00-00</close_time>
  <lang_name>Big5</lang_name>
  <board_id>1001278685</board_id>
  <node>000000023</node>
  <site>1000110001</site>
  <pt>2023-07-24 22:30:21</pt>
  <poster>11027101</poster>
  <realname>&#x674E;&#x5EAD;&#x59A4;  </realname>
  <email>timi920714@gmail.com</email>
  <homepage>  </homepage>
  <subject>218. &#x70BA;&#x5FEB;&#x901F;&#x6392;&#x5E8F;&#x63D0;&#x51FA;&#x9078;&#x64C7;&#x57FA;&#x6E96;pivot&#x7684;&#x65B9;&#x6CD5;&#xFF0C;&#x4E26;&#x8209;&#x4F8B;&#x8AAA;&#x660E;&#x512A;&#x9EDE;&#x3002; </subject>
  <content>&lt;p&gt;&amp;nbsp;&#x96A8;&#x6A5F;&#x9078;&#x64C7;&#x57FA;&#x6E96;&#xFF1A;&#x5E73;&#x5747;&#x60C5;&#x6CC1;&#x4E0B;&#xFF0C;&#x53EF;&#x4EE5;&#x6709;&#x6548;&#x5730;&#x907F;&#x514D;&#x6700;&#x58DE;&#x60C5;&#x6CC1;&#x7684;&#x767C;&#x751F;&#xFF0C;&#x63D0;&#x9AD8;&#x4E86;&#x7B97;&#x6CD5;&#x7684;&#x6027;&#x80FD;&#x7A69;&#x5B9A;&#x6027;&#x3002;&lt;/p&gt;&#xD;
&#xD;
&lt;p&gt;&#x4E09;&#x6578;&#x53D6;&#x4E2D;&#x9078;&#x64C7;&#xFF1A;&#x5728;&#x67D0;&#x4E9B;&#x60C5;&#x6CC1;&#x4E0B;&#xFF0C;&#x53EF;&#x4EE5;&#x66F4;&#x597D;&#x5730;&#x907F;&#x514D;&#x6700;&#x58DE;&#x60C5;&#x6CC1;&#xFF0C;&#x540C;&#x6642;&#x4FDD;&#x6301;&#x4E86;&#x8F03;&#x597D;&#x7684;&#x5E73;&#x5747;&#x6027;&#x80FD;&#x3002;&lt;/p&gt;&#xD;
&#xD;
&lt;p&gt;&#x5FEB;&#x901F;&#x6392;&#x5E8F;&#x672C;&#x8EAB;&#x5C31;&#x662F;&#x4E00;&#x500B;&#x9AD8;&#x6548;&#x7684;&#x6392;&#x5E8F;&#x7B97;&#x6CD5;&#xFF0C;&#x5B83;&#x90FD;&#x53EF;&#x4EE5;&#x5728;&#x5E73;&#x5747;&#x60C5;&#x6CC1;&#x4E0B;&#x4EE5;O(n log n)&#x7684;&#x6642;&#x9593;&#x8907;&#x96DC;&#x5EA6;&#x904B;&#x884C;&#x3002;&lt;/p&gt; </content>
  <attach></attach>
  <rcount></rcount>
  <rank></rank>
  <hit>14</hit>
  <lang>1</lang>
</data>
