<?xml version="1.0"?>
<data version="3.0" time="2024-07-20 09:55:44" type="post" filename="b000000005.xml">
  <open_time>0000-00-00</open_time>
  <close_time>0000-00-00</close_time>
  <lang_name>Big5</lang_name>
  <board_id>1001278685</board_id>
  <node>000000005</node>
  <site>1000110001</site>
  <pt>2023-07-21 09:46:07</pt>
  <poster>06005634</poster>
  <realname>&#x90ED;&#x5BB8;&#x69A4;  </realname>
  <email>jyh2guo@gmail.com</email>
  <homepage>  </homepage>
  <subject>&#x6436;&#x7B54;218 </subject>
  <content>&lt;p&gt;&#x56FA;&#x5B9A;&#x4F4D;&#x7F6E;&#xFF1A;&#x9078;&#x64C7;&#x56FA;&#x5B9A;&#x4F4D;&#x7F6E;&#x7684;&#x5143;&#x7D20;&#x4F5C;&#x70BA;pivot&#xFF0C;&#x901A;&#x5E38;&#x662F;&#x7B2C;&#x4E00;&#x500B;&#x3001;&#x6700;&#x5F8C;&#x4E00;&#x500B;&#x6216;&#x4E2D;&#x9593;&#x4F4D;&#x7F6E;&#x7684;&#x5143;&#x7D20;&#x3002;&#x6BCF;&#x6B21;&#x90FD;&#x9078;&#x64C7;&#x7B2C;&#x4E00;&#x500B;&#x5143;&#x7D20;&#x4F5C;pivot&lt;br /&gt;&#xD;
&#x5047;&#x8A2D;&#x6709;&#x500B;&#x5E8F;&#x5217;&#xFF1A;[35, 10, 50, 30, 45, 20]&#x3002;&#x6211;&#x5011;&#x4F7F;&#x7528;&#x56FA;&#x5B9A;&#x4F4D;&#x7F6E;&#x6CD5;&#x4F5C;&#x70BA;pivot&#xFF0C;&#x9032;&#x884C;&#x5FEB;&#x901F;&#x6392;&#x5E8F;&#x3002;&lt;/p&gt;&#xD;
&#xD;
&lt;p&gt;&#xFF0C;&#x6211;&#x5011;&#x6BCF;&#x6B21;&#x9078;&#x64C7;&#x7B2C;&#x4E00;&#x500B;&#x5143;&#x7D20;&#x4F5C;&#x70BA;pivot&#x3002;&#x9996;&#x5148;&#x5C07;&#x5E8F;&#x5217;&#x5206;&#x5272;&lt;br /&gt;&#xD;
[35, 10, 50]&#x548C;[30, 45, 20]&#xFF0C;&lt;br /&gt;&#xD;
&#x7136;&#x5F8C;&#x5C0D;&#x5169;&#x500B;&#x5B50;&#x5E8F;&#x5217;&#x5206;&#x5225;&#x905E;&#x8FF4;&#x6392;&#x5E8F;&#x3002;&lt;br /&gt;&#xD;
&#x5728;&#x7B2C;&#x4E00;&#x6B21;&#x905E;&#x8FF4;&#x4E2D;&#xFF0C;&lt;br /&gt;&#xD;
&#x5DE6;&#x5B50;&#x5E8F;&#x5217;[35, 10, 50]&#x518D;&#x6B21;&#x88AB;&#x5206;&#x5272;&#x70BA;&lt;br /&gt;&#xD;
[10, 35]&#x548C;[50]&#xFF0C;&lt;br /&gt;&#xD;
&#x800C;&#x53F3;&#x5B50;&#x5E8F;&#x5217;[30, 45, 20]&#x5247;&#x5206;&#x5272;&#x70BA;&lt;br /&gt;&#xD;
[20]&#x548C;[30, 45]&#xFF0C;&lt;br /&gt;&#xD;
&#x6700;&#x5F8C;&#x5408;&#x4F75;&#x5F97;&#x5230;&#x7D50;&#x679C;&#x3002;&lt;br /&gt;&#xD;
&#x6392;&#x5E8F;&#x7D50;&#x679C;&#x70BA;&#xFF1A;[10, 20, 30, 35, 45, 50]&#x3002;&lt;/p&gt;&#xD;
&#xD;
&lt;p&gt;&#x512A;&#x9EDE;&#xFF1A;&#x9078;&#x64C7;&#x56FA;&#x5B9A;&#x4F4D;&#x7F6E;&#x7684;&#x7576;pivot&#xFF0C;&#x9069;&#x7528;&#x65BC;&#x5927;&#x591A;&#x6578;&#x60C5;&#x6CC1;&#x3002;&#x4F46;&#x662F;&#xFF0C;&#x5982;&#x679C;&#x5E8F;&#x5217;&#x5DF2;&#x7D93;&#x63A5;&#x8FD1;&#x6392;&#x5E8F;&#x72C0;&#x614B;&#xFF0C;&#x9078;&#x64C7;&#x56FA;&#x5B9A;&#x4F4D;&#x7F6E;&#x7684;&#x7576;pivot&#x53EF;&#x80FD;&#x6703;&#x5C0E;&#x81F4;&#x6392;&#x5E8F;&#x6548;&#x7387;&#x4E0B;&#x964D;&#x3002;&lt;/p&gt; </content>
  <attach></attach>
  <rcount></rcount>
  <rank></rank>
  <hit>25</hit>
  <lang>1</lang>
</data>
