<?xml version="1.0"?>
<data version="3.0" time="2024-07-20 09:55:44" type="post" filename="b000000022.xml">
  <open_time>0000-00-00</open_time>
  <close_time>0000-00-00</close_time>
  <lang_name>Big5</lang_name>
  <board_id>1001278685</board_id>
  <node>000000022</node>
  <site>1000110001</site>
  <pt>2023-07-24 15:07:08</pt>
  <poster>06005836</poster>
  <realname>&#x9673;&#x4E88;&#x7487;  </realname>
  <email>jason40125520@gmail.com</email>
  <homepage>  </homepage>
  <subject>&#x6436;&#x7B54;220 </subject>
  <content>&lt;p&gt;&lt;strong&gt;&#x8209;&#x4F8B;&#x5340;&#x5225;&#x524D;&#x5E8F;preorder&#x3001;&#x4E2D;&#x5E8F;inorder&#x53CA;&#x5F8C;&#x5E8F;postorder&#x4E8C;&#x5143;&#x6A39;&#x8D70;&#x8A2A;&#x7684;&#x5DEE;&#x7570;&#x3002;&lt;/strong&gt;&lt;/p&gt;&#xD;
&#xD;
&lt;p&gt;&lt;strong&gt;&#x5728;&#x4E8C;&#x5143;&#x6A39;&#x7684;&#x8D70;&#x8A2A;&#xFF08;&#x904D;&#x6B77;&#xFF09;&#x4E2D;&#xFF0C;&#x524D;&#x5E8F;&#xFF08;Preorder&#xFF09;&#x3001;&#x4E2D;&#x5E8F;&#xFF08;Inorder&#xFF09;&#x548C;&#x5F8C;&#x5E8F;&#xFF08;Postorder&#xFF09;&#x662F;&#x4E09;&#x7A2E;&#x5E38;&#x898B;&#x7684;&#x8D70;&#x8A2A;&#x65B9;&#x5F0F;&#x3002;&#x9019;&#x4E9B;&#x8D70;&#x8A2A;&#x65B9;&#x5F0F;&#x63CF;&#x8FF0;&#x4E86;&#x7BC0;&#x9EDE;&#x88AB;&#x8A2A;&#x554F;&#x7684;&#x9806;&#x5E8F;&#x3002;&lt;/strong&gt;&lt;/p&gt;&#xD;
&#xD;
&lt;p&gt;&lt;strong&gt;&#x5047;&#x8A2D;&#x6211;&#x5011;&#x6709;&#x4EE5;&#x4E0B;&#x4E8C;&#x5143;&#x6A39;&#x4F5C;&#x70BA;&#x4F8B;&#x5B50;&#xFF1A;&lt;/strong&gt;&lt;/p&gt;&#xD;
&#xD;
&lt;p&gt;&lt;strong&gt;&amp;nbsp;&amp;nbsp;&amp;nbsp;&amp;nbsp;&amp;nbsp;&amp;nbsp;&amp;nbsp;1&lt;/strong&gt;&lt;/p&gt;&#xD;
&#xD;
&lt;p&gt;&lt;strong&gt;&amp;nbsp;&amp;nbsp;&amp;nbsp;&amp;nbsp;&amp;nbsp;&amp;nbsp;/&amp;nbsp; \&lt;/strong&gt;&lt;/p&gt;&#xD;
&#xD;
&lt;p&gt;&lt;strong&gt;&amp;nbsp;&amp;nbsp;&amp;nbsp;&amp;nbsp;&amp;nbsp;2&amp;nbsp; &amp;nbsp; 3&lt;/strong&gt;&lt;/p&gt;&#xD;
&#xD;
&lt;p&gt;&lt;strong&gt;&amp;nbsp;&amp;nbsp;&amp;nbsp;&amp;nbsp;/&amp;nbsp; \ &amp;nbsp; \&lt;/strong&gt;&lt;/p&gt;&#xD;
&#xD;
&lt;p&gt;&lt;strong&gt;&amp;nbsp;&amp;nbsp;&amp;nbsp;4&amp;nbsp; &amp;nbsp; 5 &amp;nbsp; 6&lt;/strong&gt;&lt;/p&gt;&#xD;
&#xD;
&lt;p&gt;&lt;strong&gt;1.&#x524D;&#x5E8F;&#xFF08;Preorder&#xFF09;&#x8D70;&#x8A2A;&#xFF1A;&lt;/strong&gt;&lt;/p&gt;&#xD;
&#xD;
&lt;p&gt;&lt;strong&gt;&#x524D;&#x5E8F;&#x8D70;&#x8A2A;&#x662F;&#x6307;&#x5148;&#x8A2A;&#x554F;&#x7BC0;&#x9EDE;&#x672C;&#x8EAB;&#xFF0C;&#x7136;&#x5F8C;&#x518D;&#x5148;&#x5E8F;&#x8D70;&#x8A2A;&#x5176;&#x5DE6;&#x5B50;&#x6A39;&#xFF0C;&#x6700;&#x5F8C;&#x5148;&#x5E8F;&#x8D70;&#x8A2A;&#x5176;&#x53F3;&#x5B50;&#x6A39;&#x3002;&#x6839;&#x7BC0;&#x9EDE;&#x7684;&#x8A2A;&#x554F;&#x767C;&#x751F;&#x5728;&#x6700;&#x524D;&#x9762;&#x3002;&lt;/strong&gt;&lt;/p&gt;&#xD;
&#xD;
&lt;p&gt;&lt;strong&gt;&#x8D70;&#x8A2A;&#x9806;&#x5E8F;&#xFF1A;1 -&amp;gt; 2 -&amp;gt; 4 -&amp;gt; 5 -&amp;gt; 3 -&amp;gt; 6&lt;/strong&gt;&lt;/p&gt;&#xD;
&#xD;
&lt;p&gt;&lt;strong&gt;2.&#x4E2D;&#x5E8F;&#xFF08;Inorder&#xFF09;&#x8D70;&#x8A2A;&#xFF1A;&lt;/strong&gt;&lt;/p&gt;&#xD;
&#xD;
&lt;p&gt;&lt;strong&gt;&#x4E2D;&#x5E8F;&#x8D70;&#x8A2A;&#x662F;&#x6307;&#x5148;&#x4E2D;&#x5E8F;&#x8D70;&#x8A2A;&#x5DE6;&#x5B50;&#x6A39;&#xFF0C;&#x7136;&#x5F8C;&#x8A2A;&#x554F;&#x7BC0;&#x9EDE;&#x672C;&#x8EAB;&#xFF0C;&#x6700;&#x5F8C;&#x4E2D;&#x5E8F;&#x8D70;&#x8A2A;&#x5176;&#x53F3;&#x5B50;&#x6A39;&#x3002;&#x6839;&#x7BC0;&#x9EDE;&#x7684;&#x8A2A;&#x554F;&#x767C;&#x751F;&#x5728;&#x4E2D;&#x9593;&#x3002;&lt;/strong&gt;&lt;/p&gt;&#xD;
&#xD;
&lt;p&gt;&lt;strong&gt;&#x8D70;&#x8A2A;&#x9806;&#x5E8F;&#xFF1A;4 -&amp;gt; 2 -&amp;gt; 5 -&amp;gt; 1 -&amp;gt; 3 -&amp;gt; 6&lt;/strong&gt;&lt;/p&gt;&#xD;
&#xD;
&lt;p&gt;&lt;strong&gt;3.&#x5F8C;&#x5E8F;&#xFF08;Postorder&#xFF09;&#x8D70;&#x8A2A;&#xFF1A;&lt;/strong&gt;&lt;/p&gt;&#xD;
&#xD;
&lt;p&gt;&lt;strong&gt;&#x5F8C;&#x5E8F;&#x8D70;&#x8A2A;&#x662F;&#x6307;&#x5148;&#x5F8C;&#x5E8F;&#x8D70;&#x8A2A;&#x5DE6;&#x5B50;&#x6A39;&#xFF0C;&#x7136;&#x5F8C;&#x5F8C;&#x5E8F;&#x8D70;&#x8A2A;&#x53F3;&#x5B50;&#x6A39;&#xFF0C;&#x6700;&#x5F8C;&#x8A2A;&#x554F;&#x7BC0;&#x9EDE;&#x672C;&#x8EAB;&#x3002;&#x6839;&#x7BC0;&#x9EDE;&#x7684;&#x8A2A;&#x554F;&#x767C;&#x751F;&#x5728;&#x6700;&#x5F8C;&#x9762;&#x3002;&lt;/strong&gt;&lt;/p&gt;&#xD;
&#xD;
&lt;p&gt;&lt;strong&gt;&#x8D70;&#x8A2A;&#x9806;&#x5E8F;&#xFF1A;4 -&amp;gt; 5 -&amp;gt; 2 -&amp;gt; 6 -&amp;gt; 3 -&amp;gt; 1&lt;/strong&gt;&lt;/p&gt;&#xD;
&#xD;
&lt;p&gt;&lt;strong&gt;&#x7E3D;&#x7D50;&#x5982;&#x4E0B;&#xFF1A;&lt;/strong&gt;&lt;/p&gt;&#xD;
&#xD;
&lt;p&gt;&lt;strong&gt;&#x524D;&#x5E8F;&#x8D70;&#x8A2A;&#x5148;&#x8A2A;&#x554F;&#x7BC0;&#x9EDE;&#x672C;&#x8EAB;&#xFF0C;&#x7136;&#x5F8C;&#x5148;&#x5E8F;&#x8D70;&#x8A2A;&#x5DE6;&#x5B50;&#x6A39;&#xFF0C;&#x6700;&#x5F8C;&#x5148;&#x5E8F;&#x8D70;&#x8A2A;&#x53F3;&#x5B50;&#x6A39;&#x3002;&lt;/strong&gt;&lt;/p&gt;&#xD;
&#xD;
&lt;p&gt;&lt;strong&gt;&#x4E2D;&#x5E8F;&#x8D70;&#x8A2A;&#x5148;&#x4E2D;&#x5E8F;&#x8D70;&#x8A2A;&#x5DE6;&#x5B50;&#x6A39;&#xFF0C;&#x7136;&#x5F8C;&#x8A2A;&#x554F;&#x7BC0;&#x9EDE;&#x672C;&#x8EAB;&#xFF0C;&#x6700;&#x5F8C;&#x4E2D;&#x5E8F;&#x8D70;&#x8A2A;&#x53F3;&#x5B50;&#x6A39;&#x3002;&lt;/strong&gt;&lt;/p&gt;&#xD;
&#xD;
&lt;p&gt;&lt;strong&gt;&#x5F8C;&#x5E8F;&#x8D70;&#x8A2A;&#x5148;&#x5F8C;&#x5E8F;&#x8D70;&#x8A2A;&#x5DE6;&#x5B50;&#x6A39;&#xFF0C;&#x7136;&#x5F8C;&#x5F8C;&#x5E8F;&#x8D70;&#x8A2A;&#x53F3;&#x5B50;&#x6A39;&#xFF0C;&#x6700;&#x5F8C;&#x8A2A;&#x554F;&#x7BC0;&#x9EDE;&#x672C;&#x8EAB;&#x3002;&lt;/strong&gt;&lt;/p&gt;&#xD;
&#xD;
&lt;p&gt;&lt;strong&gt;&#x9019;&#x4E9B;&#x8D70;&#x8A2A;&#x65B9;&#x5F0F;&#x5C0D;&#x65BC;&#x4E0D;&#x540C;&#x7684;&#x61C9;&#x7528;&#x5834;&#x666F;&#x90FD;&#x6709;&#x7528;&#x8655;&#xFF0C;&#x9078;&#x64C7;&#x9069;&#x5408;&#x7684;&#x8D70;&#x8A2A;&#x65B9;&#x5F0F;&#x53D6;&#x6C7A;&#x65BC;&#x5177;&#x9AD4;&#x7684;&#x554F;&#x984C;&#x9700;&#x6C42;&#x3002;&lt;/strong&gt;&lt;/p&gt; </content>
  <attach></attach>
  <rcount></rcount>
  <rank></rank>
  <hit>14</hit>
  <lang>1</lang>
</data>
