<?xml version="1.0"?>
<data version="3.0" time="2024-07-20 09:55:44" type="post" filename="b000000016000000001.xml">
  <open_time>0000-00-00</open_time>
  <close_time>0000-00-00</close_time>
  <lang_name>Big5</lang_name>
  <board_id>1001278685</board_id>
  <node>000000016000000001</node>
  <site>1000110001</site>
  <pt>2023-07-26 19:26:10</pt>
  <poster>11813</poster>
  <realname>&#x5433;&#x5B9C;&#x9D3B;  </realname>
  <email>yhwu@cycu.edu.tw</email>
  <homepage>https://www.researchgate.net/profile/Yi-Hung-Wu-2  </homepage>
  <subject>Re: &#x6436;&#x7B54;218  </subject>
  <content>&lt;p&gt;&amp;quot;&#x66F4;&#x8907;&#x96DC;&#x7684;&#x65B9;&#x6CD5;&amp;quot; &lt;span style="color:#ff0000"&gt;&#x70BA;&#x4F55;&#x4E0D;&#x6E05;&#x695A;&#x8AAA;&#x660E;&#xFF1F;&lt;/span&gt;&lt;/p&gt; </content>
  <attach></attach>
  <rcount></rcount>
  <rank></rank>
  <hit>1</hit>
  <lang>1</lang>
</data>
