<?xml version="1.0"?>
<data version="3.0" time="2024-07-20 09:55:44" type="post" filename="b000000009.xml">
  <open_time>0000-00-00</open_time>
  <close_time>0000-00-00</close_time>
  <lang_name>Big5</lang_name>
  <board_id>1001278685</board_id>
  <node>000000009</node>
  <site>1000110001</site>
  <pt>2023-07-21 20:01:02</pt>
  <poster>06005931</poster>
  <realname>&#x4F58;&#x4EF2;&#x5091;  </realname>
  <email>szj891226@gmail.com</email>
  <homepage>  </homepage>
  <subject>&#x6436;&#x7B54;219 </subject>
  <content>&lt;p&gt;219. &#x8209;&#x4F8B;&#x5340;&#x5225;&#x5B8C;&#x5168;full&#x3001;&#x5B8C;&#x6574;complete&#x53CA;&#x5E73;&#x8861;balanced&#x4E8C;&#x5143;&#x6A39;&#x7684;&#x5DEE;&#x7570;&#x3002;&lt;/p&gt;&#xD;
&#xD;
&lt;p&gt;Ans:&lt;/p&gt;&#xD;
&#xD;
&lt;p&gt;full&#x7279;&#x8272;:&#x6240;&#x6709;&#x7BC0;&#x9EDE;&#x90FD;&#x6EFF;&#x8DB3;&#x6709;&#x5169;&#x500B;&#x5B50;&#x7BC0;&#x9EDE;&#x6216;&#x90FD;&#x662F;&#x8449;&#x5B50;&#x7BC0;&#x9EDE;&#x3002;&lt;/p&gt;&#xD;
&#xD;
&lt;p&gt;&amp;nbsp; &amp;nbsp; &amp;nbsp; &amp;nbsp; 1&lt;br /&gt;&#xD;
&amp;nbsp; &amp;nbsp; &amp;nbsp; &amp;nbsp;/ \&lt;br /&gt;&#xD;
&amp;nbsp; &amp;nbsp; &amp;nbsp; 2 &amp;nbsp; 3&lt;br /&gt;&#xD;
&amp;nbsp; &amp;nbsp; &amp;nbsp;/ \&amp;nbsp;/ \&lt;br /&gt;&#xD;
&amp;nbsp;&amp;nbsp;&amp;nbsp; 4&amp;nbsp;5 6 &amp;nbsp;7&amp;nbsp;&lt;/p&gt;&#xD;
&#xD;
&lt;p&gt;complete&#x7279;&#x8272;:&#x6240;&#x6709;&#x7BC0;&#x9EDE;&#x90FD;&#x6EFF;&#x8DB3;&#x6709;&#x5169;&#x500B;&#x5B50;&#x7BC0;&#x9EDE;&#x6216;&#x90FD;&#x662F;&#x8449;&#x5B50;&#x7BC0;&#x9EDE;&#xFF0C;&#x8449;&#x5B50;&#x7BC0;&#x9EDE;&#x9760;&#x5DE6;&#x6392;&#x5217;&#xFF0C;&#x4E14;&#x6700;&#x5E95;&#x5C64;&#x4E0D;&#x6703;&#x5168;&#x6EFF;&#x3002;&lt;/p&gt;&#xD;
&#xD;
&lt;p&gt;&amp;nbsp;&amp;nbsp; &amp;nbsp; &amp;nbsp; &amp;nbsp;1&lt;br /&gt;&#xD;
&amp;nbsp; &amp;nbsp; &amp;nbsp; &amp;nbsp;/ \&lt;br /&gt;&#xD;
&amp;nbsp; &amp;nbsp; &amp;nbsp; 2 &amp;nbsp; 3&lt;br /&gt;&#xD;
&amp;nbsp; &amp;nbsp; &amp;nbsp;/ \&amp;nbsp;&lt;br /&gt;&#xD;
&amp;nbsp; &amp;nbsp; 4 &amp;nbsp;5 &amp;nbsp;&lt;/p&gt;&#xD;
&#xD;
&lt;p&gt;balanced&#x7279;&#x8272;:&#x6BCF;&#x500B;&#x7BC0;&#x9EDE;&#x7684;&#x5169;&#x68F5;&#x5B50;&#x6A39;&#x7684;&#x9AD8;&#x5EA6;&#x5DEE;&#x4E0D;&#x8D85;&#x904E; 1&#xFF0C;&#x6240;&#x4EE5;&#x67E5;&#x627E;&#x548C;&#x63D2;&#x5165;&#x64CD;&#x4F5C;&#x7B49;&#x7684;&#x6642;&#x9593;&#x8907;&#x96DC;&#x5EA6;&#x76F8;&#x5C0D;&#x8F03;&#x4F4E;&#x3002;&lt;/p&gt;&#xD;
&#xD;
&lt;p&gt;&amp;nbsp; &amp;nbsp; &amp;nbsp; &amp;nbsp; 1&lt;br /&gt;&#xD;
&amp;nbsp; &amp;nbsp; &amp;nbsp; &amp;nbsp;/ \&lt;br /&gt;&#xD;
&amp;nbsp; &amp;nbsp; &amp;nbsp; 2 &amp;nbsp; 3&lt;br /&gt;&#xD;
&amp;nbsp; &amp;nbsp; &amp;nbsp;/ \&amp;nbsp;&lt;br /&gt;&#xD;
&amp;nbsp; &amp;nbsp; 4 &amp;nbsp; 5 &amp;nbsp;&lt;br /&gt;&#xD;
&amp;nbsp; &amp;nbsp;/&lt;br /&gt;&#xD;
&amp;nbsp; 6&lt;br /&gt;&#xD;
&amp;nbsp;&lt;/p&gt; </content>
  <attach></attach>
  <rcount></rcount>
  <rank></rank>
  <hit>17</hit>
  <lang>1</lang>
</data>
