<?xml version="1.0"?>
<data version="3.0" time="2024-07-20 09:55:44" type="post" filename="b000000026.xml">
  <open_time>0000-00-00</open_time>
  <close_time>0000-00-00</close_time>
  <lang_name>Big5</lang_name>
  <board_id>1001278685</board_id>
  <node>000000026</node>
  <site>1000110001</site>
  <pt>2023-07-24 23:02:40</pt>
  <poster>06005952</poster>
  <realname>&#x59DA;&#x627F;&#x5FD7;  </realname>
  <email>ge062851@gmail.com</email>
  <homepage> </homepage>
  <subject>&#x6436;&#x7B54;216 </subject>
  <content>&lt;p&gt;&lt;span style="font-size:14px"&gt;216. &#x8209;&#x4F8B;&#x89E3;&#x8AAA;&#x5E0C;&#x723E;&#x6392;&#x5E8F;shell sort&#x662F;&#x5426;&#x7A69;&#x5B9A;stable&#x3002;&lt;/span&gt;&lt;/p&gt;&#xD;
&#xD;
&lt;p&gt;shell sort&#x7684;&#x6982;&#x5FF5;&#x5C31;&#x662F;&#x5C07;input array&#x7684;&#x5143;&#x7D20;&#x5148;&#x5206;&#x5272;&#x6210;n&#x500B;&#x5C0F;&#x9663;&#x5217;&#xFF0C;&lt;br /&gt;&#xD;
&#x7136;&#x5F8C;n/2&#x505A;&#x9AD8;&#x65AF;&#x53D6;&#x5E95;=k(&#x9019;&#x88E1;&#x7528;k&#x4F86;&#x8868;&#x793A;)&#xFF0C;&#x4F86;&#x7576;&#x4F5C;&#x9593;&#x9694;&#x7684;&#x9577;&#x5EA6;&#xFF0C;&lt;br /&gt;&#xD;
&#x6BCF;&#x6B21;&#x5728;&#x4EE5;k&#x7684;&#x9593;&#x8DDD;&#x4F86;&#x505A;&#x6BD4;&#x8F03;&#xFF0C;&#x7136;&#x5F8C;&#x9010;&#x6F38;&#x7E2E;&#x5C0F;&#x9593;&#x9694;&#x7684;&#x9577;&#x5EA6;&#xFF0C;&#x76F4;&#x5230;k=1&#xFF0C;&lt;br /&gt;&#xD;
&#x6700;&#x5F8C;&#x518D;&#x7528;&#x63D2;&#x5165;&#x6392;&#x5E8F;&#x505A;&#x6700;&#x5F8C;&#x6AA2;&#x67E5;&#x3002;&lt;/p&gt;&#xD;
&#xD;
&lt;p&gt;&#x800C;&#x5728;&#x6BD4;&#x8F03;&#x4EA4;&#x63DB;&#x7684;&#x904E;&#x7A0B;&#x4E2D;&#xFF0C;&#x539F;&#x5148;&#x5728;&#x524D;&#x9762;&#x7684;&#x5143;&#x7D20;&#x53EF;&#x80FD;&#x6703;&#x88AB;&#x63DB;&#x5230;&#x5F8C;&#x9762;&#xFF0C;&lt;br /&gt;&#xD;
&#x6B64;&#x6642;&#x5C31;&#x53EF;&#x4EE5;&#x7A31;&#x70BA;unstable&#x3002;&lt;/p&gt;&#xD;
&#xD;
&lt;p&gt;4/2=2&#xFF0C;span=2&lt;br /&gt;&#xD;
-----------------&lt;br /&gt;&#xD;
step0&lt;br /&gt;&#xD;
input data A=[&lt;u&gt;&lt;strong&gt;4&lt;/strong&gt;&lt;/u&gt;][4][2][7]&lt;/p&gt;&#xD;
&#xD;
&lt;p&gt;step1&lt;br /&gt;&#xD;
input data A=[2][4][&lt;u&gt;&lt;strong&gt;4&lt;/strong&gt;&lt;/u&gt;][7]&amp;nbsp; &amp;lt;-----&#x6B64;&#x6642;&#x539F;&#x672C;&#x5728;&#x524D;&#x9762;&#x7684;&#x5143;&#x7D20;&#x88AB;&#x63DB;&#x5230;&#x5F8C;&#x9762;&#x4E86;&#xFF0C;&#x9019;&#x6A23;&#x5C31;&#x662F;unstable&lt;/p&gt;&#xD;
&#xD;
&lt;p&gt;step2&lt;br /&gt;&#xD;
input data A=[2][4][&lt;u&gt;&lt;strong&gt;4&lt;/strong&gt;&lt;/u&gt;][7]&lt;br /&gt;&#xD;
&#x7121;&#x9808;&#x6BD4;&#x8F03;&#x53CA;&#x4EA4;&#x63DB;&#x7684;&#x5143;&#x7D20;&#xFF0C;&#x7D50;&#x675F;sorting&lt;/p&gt;</content>
  <attach></attach>
  <rcount></rcount>
  <rank></rank>
  <hit>12</hit>
  <lang>1</lang>
</data>
