<?xml version="1.0"?>
<data version="3.0" time="2024-07-20 09:55:44" type="post" filename="b000000006000000001.xml">
  <open_time>0000-00-00</open_time>
  <close_time>0000-00-00</close_time>
  <lang_name>Big5</lang_name>
  <board_id>1001278685</board_id>
  <node>000000006000000001</node>
  <site>1000110001</site>
  <pt>2023-07-21 16:27:05</pt>
  <poster>11813</poster>
  <realname>&#x5433;&#x5B9C;&#x9D3B;  </realname>
  <email>yhwu@cycu.edu.tw</email>
  <homepage>https://www.researchgate.net/profile/Yi-Hung-Wu-2  </homepage>
  <subject>Re: &#x6436;&#x7B54;217  </subject>
  <content>&lt;p&gt;&amp;quot;&#x7D22;&#x5F15;4&#x548C;&#x7D22;&#x5F15;5&#x7684;&#x5143;&#x7D20;4&amp;quot;&lt;/p&gt;&#xD;
&#xD;
&lt;p&gt;&lt;span style="color:#ff0000"&gt;&#x4F8B;&#x5B50;&#x662F;&#x5426;&#x641E;&#x932F;&#x4E86;&#xFF1F;&lt;/span&gt;&lt;/p&gt; </content>
  <attach></attach>
  <rcount></rcount>
  <rank></rank>
  <hit>1</hit>
  <lang>1</lang>
</data>
