<?xml version="1.0"?>
<data version="3.0" time="2024-07-20 09:55:44" type="post" filename="b000000013.xml">
  <open_time>0000-00-00</open_time>
  <close_time>0000-00-00</close_time>
  <lang_name>Big5</lang_name>
  <board_id>1001278685</board_id>
  <node>000000013</node>
  <site>1000110001</site>
  <pt>2023-07-22 14:36:47</pt>
  <poster>10924326</poster>
  <realname>&#x5433;&#x82F1;&#x777F;  </realname>
  <email>incaray901228@gmail.com</email>
  <homepage>  </homepage>
  <subject>&#x6436;&#x7B54;217 </subject>
  <content>&lt;p&gt;&#x984C;&#x76EE;&#xFF1A;&#x8209;&#x4F8B;&#x89E3;&#x8AAA;&#x5FEB;&#x901F;&#x6392;&#x5E8F;quick sort&#x662F;&#x5426;&#x7A69;&#x5B9A;stable&lt;/p&gt;&#xD;
&#xD;
&lt;p&gt;&#x5047;&#x8A2D;&#x6709;&#x4E00;&#x7D44;&#x5305;&#x542B;&#x5B78;&#x751F;&#x6210;&#x7E3E;&#x548C;&#x540D;&#x5B57;&#x7684;&#x8CC7;&#x6599;&#xFF0C;&#x4E26;&#x4E14;&#x5E0C;&#x671B;&#x6309;&#x7167;&#x6210;&#x7E3E;&#x9032;&#x884C;&#x6392;&#x5E8F;&#x3002;&#x5982;&#x679C;&#x5169;&#x4F4D;&#x5B78;&#x751F;&#x7684;&#x6210;&#x7E3E;&#x76F8;&#x540C;&#xFF0C;&#x5247;&#x6309;&#x7167;&#x540D;&#x5B57;&#x7684;&#x5B57;&#x6BCD;&#x9806;&#x5E8F;&#x9032;&#x884C;&#x6392;&#x5E8F;&#x3002;&lt;/p&gt;&#xD;
&#xD;
&lt;p&gt;&#x539F;&#x59CB;&#x8CC7;&#x6599;&#xFF1A;&lt;/p&gt;&#xD;
&#xD;
&lt;p&gt;John, 85&lt;/p&gt;&#xD;
&#xD;
&lt;p&gt;Mary, 78&lt;/p&gt;&#xD;
&#xD;
&lt;p&gt;Bob, 85&lt;/p&gt;&#xD;
&#xD;
&lt;p&gt;Alice, 90&lt;/p&gt;&#xD;
&#xD;
&lt;p&gt;&#x7528;&#x5FEB;&#x901F;&#x6392;&#x5E8F;&#x9078;&#x64C7;&#x6210;&#x7E3E;&#x70BA;&#x4E2D;&#x5FC3;&#x5143;&#x7D20;&#xFF0C;&#x5047;&#x8A2D;&#x9078;&#x64C7;90&#x3002;&#x5728;&#x7B2C;&#x4E00;&#x8F2A;&#x5206;&#x5340;&#x5F8C;&#xFF0C;&#x6210;&#x7E3E;&#x70BA;85&#x7684;&#x5B78;&#x751F;John&#x548C;Bob&#x7684;&#x76F8;&#x5C0D;&#x9806;&#x5E8F;&#x53EF;&#x80FD;&#x6703;&#x88AB;&#x6539;&#x8B8A;&#xFF0C;&#x56E0;&#x70BA;&#x5FEB;&#x901F;&#x6392;&#x5E8F;&#x4E0D;&#x4FDD;&#x8B49;&#x76F8;&#x7B49;&#x5143;&#x7D20;&#x7684;&#x76F8;&#x5C0D;&#x9806;&#x5E8F;&#x4FDD;&#x6301;&#x4E0D;&#x8B8A;&#x3002;&#x5C0E;&#x81F4;&#x5728;&#x9019;&#x7A2E;&#x60C5;&#x6CC1;&#x4E0B;&#x662F;&#x4E0D;&#x7A69;&#x5B9A;&#x7684;&#x3002;&lt;/p&gt;&#xD;
&#xD;
&lt;p&gt;&#x6392;&#x5E8F;&#x5F8C;&#x8CC7;&#x6599;&#xFF1A;&lt;/p&gt;&#xD;
&#xD;
&lt;p&gt;Alice, 90&lt;/p&gt;&#xD;
&#xD;
&lt;p&gt;Bob, 85&lt;/p&gt;&#xD;
&#xD;
&lt;p&gt;John, 85&lt;/p&gt;&#xD;
&#xD;
&lt;p&gt;Mary, 78&lt;/p&gt;&#xD;
&#xD;
&lt;p&gt;&#x56E0;&#x6B64;&#x5FEB;&#x901F;&#x6392;&#x5E8F;&#x53EF;&#x80FD;&#x6539;&#x8B8A;&#x76F8;&#x7B49;&#x5143;&#x7D20;&#x7684;&#x76F8;&#x5C0D;&#x9806;&#x5E8F;&#xFF0C;&#x5B83;&#x88AB;&#x8A8D;&#x70BA;&#x662F;&#x4E00;&#x500B;&#x4E0D;&#x7A69;&#x5B9A;&#x7684;&#x6392;&#x5E8F;&#x7B97;&#x6CD5;&#x3002;&lt;/p&gt; </content>
  <attach></attach>
  <rcount></rcount>
  <rank></rank>
  <hit>17</hit>
  <lang>1</lang>
</data>
