<?xml version="1.0"?>
<data version="3.0" time="2024-07-19 08:59:17" type="post" filename="b000000038.xml">
  <open_time>0000-00-00</open_time>
  <close_time>0000-00-00</close_time>
  <lang_name>Big5</lang_name>
  <board_id>1001174272</board_id>
  <node>000000038</node>
  <site>1000110001</site>
  <pt>2022-10-04 23:28:38</pt>
  <poster>10727120</poster>
  <realname>&#x6D2A;&#x9326;&#x5F64;  </realname>
  <email>m27972729@gmail.com</email>
  <homepage>  </homepage>
  <subject>110. &#x4F5C;&#x696D;&#x4E8C;&#x975C;&#x614B;&#x9663;&#x5217;&#x548C;&#x52D5;&#x614B;&#x9663;&#x5217;&#x6709;&#x4F55;&#x5DEE;&#x7570;&#xFF1F;&#x6307;&#x51FA;&#x5176;&#x512A;&#x7F3A;&#x9EDE;&#x3002;*  </subject>
  <content>&lt;p&gt;&#x975C;&#x614B;&#x9663;&#x5217;&lt;/p&gt;&#xD;
&#xD;
&lt;p&gt;&#x512A;&#x9EDE;&#xFF1A;&#x6703;&#x5728;&#x4F7F;&#x7528;&#x7D50;&#x675F;&#x5F8C;&#x81EA;&#x52D5;&#x91CB;&#x653E;&#x8A18;&#x61B6;&#x9AD4;&#xFF0C;&#x4E0D;&#x7528;&#x624B;&#x52D5;&#x91CB;&#x653E;&lt;/p&gt;&#xD;
&#xD;
&lt;p&gt;&#x7F3A;&#x9EDE;&#xFF1A;&#x5BA3;&#x544A;&#x6642;&#x5C31;&#x8981;&#x8A2D;&#x5B9A;&#x9663;&#x5217;&#x7684;&#x5927;&#x5C0F;&#xFF0C;&#x5F48;&#x6027;&#x5DEE;&lt;/p&gt;&#xD;
&#xD;
&lt;p&gt;&#x52D5;&#x614B;&#x9663;&#x5217;&lt;/p&gt;&#xD;
&#xD;
&lt;p&gt;&#x512A;&#x9EDE;&#xFF1A;&#x53EF;&#x4EE5;&#x96A8;&#x6642;&#x589E;&#x52A0;&#x6578;&#x503C;&#x9032;&#x5165;&#x52D5;&#x614B;&#x9663;&#x5217;&#xFF0C;&#x5927;&#x5C0F;&#x4E0D;&#x53D7;&#x9650;&#x5236;&#xFF0C;&#x5F48;&#x6027;&#x4F73;&#xFF0C;&#x6BD4;&#x8F03;&#x9748;&#x6D3B;&#x4E5F;&#x6BD4;&#x8F03;&#x7701;&#x8A18;&#x61B6;&#x9AD4;&lt;/p&gt;&#xD;
&#xD;
&lt;p&gt;&#x7F3A;&#x9EDE;&#xFF1A;&#x8981;&#x8A18;&#x5F97;&#x624B;&#x52D5;&#x91CB;&#x653E;&#x8A18;&#x61B6;&#x9AD4;&#x4F86;&#x907F;&#x514D;&#x8A18;&#x61B6;&#x9AD4;&#x6D29;&#x6F0F;&lt;/p&gt; </content>
  <attach></attach>
  <rcount></rcount>
  <rank></rank>
  <hit>7</hit>
  <lang>1</lang>
</data>
