<?xml version="1.0"?>
<data version="3.0" time="2024-07-19 08:59:17" type="post" filename="b000000020.xml">
  <open_time>0000-00-00</open_time>
  <close_time>0000-00-00</close_time>
  <lang_name>Big5</lang_name>
  <board_id>1001174272</board_id>
  <node>000000020</node>
  <site>1000110001</site>
  <pt>2022-10-02 18:15:22</pt>
  <poster>11027237</poster>
  <realname>&#x7A0B;&#x6021;&#x6B23;  </realname>
  <email>ssc5613@gmail.com</email>
  <homepage>  </homepage>
  <subject>110. &#x4F5C;&#x696D;&#x4E8C;&#x975C;&#x614B;&#x9663;&#x5217;&#x548C;&#x52D5;&#x614B;&#x9663;&#x5217;&#x6709;&#x4F55;&#x5DEE;&#x7570;&#xFF1F;&#x6307;&#x51FA;&#x5176;&#x512A;&#x7F3A;&#x9EDE;&#x3002;* </subject>
  <content>&lt;p&gt;&lt;strong&gt;&lt;span style="font-family:&#x65B0;&#x7D30;&#x660E;&#x9AD4;,serif"&gt;&#x52D5;&#x614B;&#x9663;&#x5217;: &lt;/span&gt;&lt;/strong&gt;&lt;/p&gt;&#xD;
&#xD;
&lt;ol&gt;&#xD;
	&lt;li&gt;&lt;span style="color:#111111"&gt;&lt;span style="font-family:&#x65B0;&#x7D30;&#x660E;&#x9AD4;,serif"&gt;&#x5BA3;&#x544A;&#x6642;&#x6C92;&#x6709;&#x78BA;&#x5B9A;&#x9663;&#x5217;&#x5927;&#x5C0F;&lt;/span&gt;&lt;/span&gt;&lt;/li&gt;&#xD;
	&lt;li&gt;&lt;span style="color:#111111"&gt;&lt;span style="font-family:&#x65B0;&#x7D30;&#x660E;&#x9AD4;,serif"&gt;&#x53EF;&#x5728;&#x57F7;&#x884C;&#x6642;&#x91CD;&#x65B0;&#x6307;&#x51FA;&#x9663;&#x5217;&#x7684;&#x5927;&#x5C0F;&lt;/span&gt;&lt;/span&gt;&lt;/li&gt;&#xD;
	&lt;li&gt;&lt;span style="color:#111111"&gt;&lt;span style="font-family:&#x65B0;&#x7D30;&#x660E;&#x9AD4;,serif"&gt;&#x4F7F;&#x7528;&#x6642;&#x5206;&#x914D;&#x8A18;&#x61B6;&#x9AD4;&#x7A7A;&#x9593;&#x7D66;&#x5B83;&#xFF0C;&#x4E0D;&#x4F7F;&#x7528;&#x6642;&#x91CB;&#x653E;&#x6389;&lt;/span&gt;&lt;/span&gt;&lt;/li&gt;&#xD;
&lt;/ol&gt;&#xD;
&#xD;
&lt;p&gt;&lt;u&gt;&lt;span style="color:#111111"&gt;&lt;span style="font-family:&#x65B0;&#x7D30;&#x660E;&#x9AD4;,serif"&gt;*&#x512A;&#x9EDE;:&lt;/span&gt;&lt;/span&gt;&lt;/u&gt; &lt;span style="color:#111111"&gt;&lt;span style="font-family:&#x65B0;&#x7D30;&#x660E;&#x9AD4;,serif"&gt;&#x53EF;&#x6839;&#x64DA;&#x4F7F;&#x7528;&#x8005;&#x9700;&#x8981;&#xFF0C;&#x6709;&#x6548;&#x5229;&#x7528;&#x5132;&#x5B58;&#x7A7A;&#x9593;&lt;/span&gt;&lt;/span&gt;&lt;/p&gt;&#xD;
&#xD;
&lt;p&gt;&lt;u&gt;&lt;span style="color:#111111"&gt;&lt;span style="font-family:&#x65B0;&#x7D30;&#x660E;&#x9AD4;,serif"&gt;*&#x7F3A;&#x9EDE;:&lt;/span&gt;&lt;/span&gt;&lt;/u&gt; &lt;span style="color:#111111"&gt;&lt;span style="font-family:&#x65B0;&#x7D30;&#x660E;&#x9AD4;,serif"&gt;&#x4F7F;&#x7528;&#x7D50;&#x675F;&#x5F8C;&#x9700;&#x81EA;&#x884C;&#x91CB;&#x653E;&#xFF0C;&#x6548;&#x7387;&#x8F03;&#x5DEE;&lt;/span&gt;&lt;/span&gt;&lt;/p&gt;&#xD;
&#xD;
&lt;p&gt;&lt;strong&gt;&lt;span style="font-family:&#x65B0;&#x7D30;&#x660E;&#x9AD4;,serif"&gt;&#x975C;&#x614B;&#x9663;&#x5217;: &lt;/span&gt;&lt;/strong&gt;&lt;/p&gt;&#xD;
&#xD;
&lt;ol&gt;&#xD;
	&lt;li&gt;&lt;span style="color:#111111"&gt;&lt;span style="font-family:&#x65B0;&#x7D30;&#x660E;&#x9AD4;,serif"&gt;&#x5BA3;&#x544A;&#x6642;&#x9700;&#x78BA;&#x5B9A;&#x9663;&#x5217;&#x9577;&#x5EA6;&lt;/span&gt;&lt;/span&gt;&lt;/li&gt;&#xD;
	&lt;li&gt;&lt;span style="color:#111111"&gt;&lt;span style="font-family:&#x65B0;&#x7D30;&#x660E;&#x9AD4;,serif"&gt;&#x5F8C;&#x7E8C;&#x4F7F;&#x7528;&#x4E0D;&#x80FD;&#x4FEE;&#x6539;&#x5176;&#x5927;&#x5C0F;&lt;/span&gt;&lt;/span&gt;&lt;/li&gt;&#xD;
&lt;/ol&gt;&#xD;
&#xD;
&lt;p&gt;&lt;u&gt;&lt;span style="color:#111111"&gt;&lt;span style="font-family:&#x65B0;&#x7D30;&#x660E;&#x9AD4;,serif"&gt;*&#x512A;&#x9EDE;:&lt;/span&gt;&lt;/span&gt;&lt;/u&gt; &lt;span style="color:#111111"&gt;&lt;span style="font-family:&#x65B0;&#x7D30;&#x660E;&#x9AD4;,serif"&gt;&#x4F7F;&#x7528;&#x7D50;&#x675F;&#x81EA;&#x884C;&#x91CB;&#x653E;&lt;/span&gt;&lt;/span&gt;&lt;/p&gt;&#xD;
&#xD;
&lt;p&gt;&lt;u&gt;&lt;span style="color:#111111"&gt;&lt;span style="font-family:&#x65B0;&#x7D30;&#x660E;&#x9AD4;,serif"&gt;*&#x7F3A;&#x9EDE;:&lt;/span&gt;&lt;/span&gt;&lt;/u&gt; &lt;span style="color:#111111"&gt;&lt;span style="font-family:&#x65B0;&#x7D30;&#x660E;&#x9AD4;,serif"&gt;&#x53EF;&#x80FD;&#x9020;&#x6210;&#x9663;&#x5217;&#x8CC7;&#x6E90;&#x6D6A;&#x8CBB;&#xFF0C;&#x672A;&#x505A;&#x6700;&#x59A5;&#x5584;&#x7684;&#x5206;&#x914D;&lt;/span&gt;&lt;/span&gt;&lt;/p&gt; </content>
  <attach></attach>
  <rcount></rcount>
  <rank></rank>
  <hit>55</hit>
  <lang>1</lang>
</data>
