<?xml version="1.0"?>
<data version="3.0" time="2024-07-19 08:59:17" type="post" filename="b000000041.xml">
  <open_time>0000-00-00</open_time>
  <close_time>0000-00-00</close_time>
  <lang_name>Big5</lang_name>
  <board_id>1001174272</board_id>
  <node>000000041</node>
  <site>1000110001</site>
  <pt>2022-10-04 23:42:40</pt>
  <poster>10727120</poster>
  <realname>&#x6D2A;&#x9326;&#x5F64;  </realname>
  <email>m27972729@gmail.com</email>
  <homepage> </homepage>
  <subject>106. &#x905E;&#x8FF4;&#x547C;&#x53EB;&#x70BA;&#x4F55;&#x6703;&#x9020;&#x6210;&#x8A18;&#x61B6;&#x9AD4;&#x5340;&#x6BB5;&#x932F;&#x8AA4;&#xFF1F; </subject>
  <content>&lt;p&gt;&#x905E;&#x8FF4;&#x5F0F;&#x6C92;&#x6709;&#x505C;&#x4E0B;&#x4F86;&#x7684;&#x6642;&#x5019;&#xFF0C;&#x6703;&#x4E0D;&#x65B7;&#x7684;&#x547C;&#x53EB;&#x81EA;&#x5DF1;(&#x5360;&#x7528;stack)&#xFF0C;&#x76F4;&#x5230;&#x8A18;&#x61B6;&#x9AD4;&#x7684;stack&#x4E0D;&#x5920;&#x7528;(&#x4E5F;&#x5C31;&#x662F;&#x9020;&#x6210;stack overflow)&#xFF0C;&lt;br /&gt;&#xD;
&#x5C31;&#x6703;&#x51FA;&#x73FE;&#x8A18;&#x61B6;&#x9AD4;&#x5340;&#x6BB5;&#x932F;&#x8AA4;(Segmentation fault)&lt;br /&gt;&#xD;
&lt;br /&gt;&#xD;
ref: &lt;a href="https://hackmd.io/@RusselCK/SJ3rL9BOD#%E5%BE%9E%E9%81%9E%E8%BF%B4%E5%AD%B8%E7%BF%92-function-call"&gt;https://hackmd.io/@RusselCK/SJ3rL9BOD#%E5%BE%9E%E9%81%9E%E8%BF%B4%E5%AD%B8%E7%BF%92-function-call&lt;/a&gt;&lt;/p&gt;</content>
  <attach></attach>
  <rcount></rcount>
  <rank></rank>
  <hit>11</hit>
  <lang>1</lang>
</data>
