<?xml version="1.0"?>
<data version="3.0" time="2024-07-19 08:59:17" type="post" filename="b000000034000000001.xml">
  <open_time>0000-00-00</open_time>
  <close_time>0000-00-00</close_time>
  <lang_name>Big5</lang_name>
  <board_id>1001174272</board_id>
  <node>000000034000000001</node>
  <site>1000110001</site>
  <pt>2022-10-09 22:51:54</pt>
  <poster>11813</poster>
  <realname>&#x5433;&#x5B9C;&#x9D3B;  </realname>
  <email>yhwu@cycu.edu.tw</email>
  <homepage>https://www.researchgate.net/profile/Yi-Hung-Wu-2 </homepage>
  <subject>Re: 106. &#x905E;&#x8FF4;&#x547C;&#x53EB;&#x70BA;&#x4F55;&#x6703;&#x9020;&#x6210;&#x8A18;&#x61B6;&#x9AD4;&#x5340;&#x6BB5;&#x932F;&#x8AA4;&#xFF1F;  </subject>
  <content>&lt;p&gt;&lt;span style="color:#ff0000"&gt;&#x9032;&#x7A0B;&#xFF1F;&#x91CE;&#x6307;&#x91DD;&#xFF1F;&#x5806;&#x68E7;&#x6EA2;&#x51FA;&#xFF1F;&lt;/span&gt;&lt;/p&gt;&#xD;
&#xD;
&lt;p&gt;&lt;span style="color:#ff0000"&gt;&#x53EF;&#x4EE5;&#x53C3;&#x8003;&#x7DB2;&#x8DEF;&#x8CC7;&#x6E90;&#xFF0C;&#x4F46;&#x662F;&#x8ACB;&#x4EE5;&#x81EA;&#x5DF1;&#x7684;&#x6587;&#x5B57;&#x6558;&#x8FF0;&#xFF0C;&#x90A3;&#x624D;&#x662F;&#x5C6C;&#x65BC;&#x81EA;&#x5DF1;&#x7406;&#x89E3;&#x53CA;&#x8868;&#x9054;&#x7684;&#x771F;&#x5BE6;&#x5167;&#x5BB9;&#xFF01;&lt;/span&gt;&lt;/p&gt;&#xD;
&#xD;
&lt;p&gt;&lt;span style="color:#ff0000"&gt;&#x4E0B;&#x6B21;&#x518D;&#x72AF;&#xFF0C;&#x6240;&#x6709;&#x7684;&#x984D;&#x5916;&#x52A0;&#x5206;&#x6B78;&#x96F6;&#xFF01;&lt;/span&gt;&lt;/p&gt;</content>
  <attach></attach>
  <rcount></rcount>
  <rank></rank>
  <hit>4</hit>
  <lang>1</lang>
</data>
