<?xml version="1.0"?>
<data version="3.0" time="2024-07-19 08:59:17" type="post" filename="b000000033.xml">
  <open_time>0000-00-00</open_time>
  <close_time>0000-00-00</close_time>
  <lang_name>Big5</lang_name>
  <board_id>1001174272</board_id>
  <node>000000033</node>
  <site>1000110001</site>
  <pt>2022-10-04 21:11:42</pt>
  <poster>11027215</poster>
  <realname>&#x6C5F;&#x627F;&#x6CF0;  </realname>
  <email>aa920731@gmail.com</email>
  <homepage>  </homepage>
  <subject>106. &#x905E;&#x8FF4;&#x547C;&#x53EB;&#x70BA;&#x4F55;&#x6703;&#x9020;&#x6210;&#x8A18;&#x61B6;&#x9AD4;&#x5340;&#x6BB5;&#x932F;&#x8AA4;&#xFF1F; </subject>
  <content>&lt;p&gt;&#x5728;&#x57F7;&#x884C;&#x905E;&#x8FF4;&#x51FD;&#x6578;&#x6642;&#x96FB;&#x8166;&#x6703;&#x5148;&#x628A;&#x8CC7;&#x6599;&#x653E;&#x5728;&#x8A18;&#x61B6;&#x9AD4;stack&#x7684;&#x5730;&#x65B9;,&#x4F46;&#x5982;&#x679C;&#x8CC7;&#x6599;&#x592A;&#x591A;&#x6216;&#x662F;&#x5FD8;&#x8A18;&#x8A2D;&#x7F6E;&#x7D42;&#x6B62;&#x689D;&#x4EF6;&#x5C0E;&#x81F4;&#x5728;&#x56DE;&#x50B3;&#x4E4B;&#x524D;&#x628A;stack&#x585E;&#x7206;&#x4E86;&#x5C31;&#x6703;&#x51FA;&#x73FE;stack overflow&#x7684;&#x72C0;&#x6CC1;&lt;/p&gt; </content>
  <attach></attach>
  <rcount></rcount>
  <rank></rank>
  <hit>35</hit>
  <lang>1</lang>
</data>
