<?xml version="1.0"?>
<data version="3.0" time="2024-07-19 08:59:17" type="post" filename="b000000028000000003.xml">
  <open_time>0000-00-00</open_time>
  <close_time>0000-00-00</close_time>
  <lang_name>Big5</lang_name>
  <board_id>1001174272</board_id>
  <node>000000028000000003</node>
  <site>1000110001</site>
  <pt>2022-10-04 14:30:38</pt>
  <poster>11027246</poster>
  <realname>&#x6797;&#x8A70;&#x8A60;  </realname>
  <email>a78419261@gmail.com</email>
  <homepage>  </homepage>
  <subject>Re: 110. &#x4F5C;&#x696D;&#x4E8C;&#x975C;&#x614B;&#x9663;&#x5217;&#x548C;&#x52D5;&#x614B;&#x9663;&#x5217;&#x6709;&#x4F55;&#x5DEE;&#x7570;&#xFF1F;&#x6307;&#x51FA;&#x5176;&#x512A;&#x7F3A;&#x9EDE;&#x3002;*  </subject>
  <content>&lt;p&gt;&lt;a href="https://tw.piliapp.com/emojis/thumbs-up/"&gt;&#x1F44D;&lt;/a&gt;&lt;/p&gt; </content>
  <attach></attach>
  <rcount></rcount>
  <rank></rank>
  <hit>1</hit>
  <lang>1</lang>
</data>
