<?xml version="1.0"?>
<data version="3.0" time="2024-07-19 08:59:17" type="post" filename="b000000040000000001.xml">
  <open_time>0000-00-00</open_time>
  <close_time>0000-00-00</close_time>
  <lang_name>Big5</lang_name>
  <board_id>1001174272</board_id>
  <node>000000040000000001</node>
  <site>1000110001</site>
  <pt>2022-10-09 23:07:36</pt>
  <poster>11813</poster>
  <realname>&#x5433;&#x5B9C;&#x9D3B;  </realname>
  <email>yhwu@cycu.edu.tw</email>
  <homepage>https://www.researchgate.net/profile/Yi-Hung-Wu-2 </homepage>
  <subject>Re: 107. &#x4F5C;&#x696D;&#x4E8C;&#x63A1;&#x7528;&#x4EC0;&#x9EBC;&#x8CC7;&#x6599;&#x7D50;&#x69CB;&#x5132;&#x5B58;&#x8B80;&#x5165;&#x8CC7;&#x6599;&#xFF0C;&#x9808;&#x8AAA;&#x660E;&#x539F;&#x56E0;&#x3002;*  </subject>
  <content>&lt;p&gt;&amp;quot;&#x7D50;&#x675F;&#x6642;&#x4E5F;&#x4E0D;&#x6703;&#x88AB;&#x81EA;&#x52D5;&#x91CB;&#x653E;&#xFF0C;&#x9700;&#x8981;&#x624B;&#x52D5;&#x53BB;&#x624D;&#x884C;&#x3002;&amp;quot;&lt;/p&gt;&#xD;
&#xD;
&lt;p&gt;&lt;span style="color:#ff0000"&gt;&#x4EE5;&#x4E0A;&#x4E0D;&#x592A;&#x6B63;&#x78BA;&#xFF0C;vector&#x5BA3;&#x544A;&#x7684;&#x8B8A;&#x6578;&#x7D50;&#x675F;&#x6642;&#x6703;&#x81EA;&#x52D5;&#x91CB;&#x653E;&#x7A7A;&#x9593;&#x3002;&lt;/span&gt;&lt;/p&gt;&#xD;
&#xD;
&lt;p&gt;Ref.&lt;/p&gt;&#xD;
&#xD;
&lt;p&gt;&lt;a href="https://www.learncpp.com/cpp-tutorial/an-introduction-to-stdvector/" target="_blank"&gt;https://www.learncpp.com/cpp-tutorial/an-introduction-to-stdvector/&lt;/a&gt;&lt;/p&gt;&#xD;
&#xD;
&lt;p&gt;&lt;a href="https://cplusplus.com/reference/vector/vector/" target="_blank"&gt;https://cplusplus.com/reference/vector/vector/&lt;/a&gt;&lt;/p&gt;</content>
  <attach></attach>
  <rcount></rcount>
  <rank></rank>
  <hit>2</hit>
  <lang>1</lang>
</data>
