<?xml version="1.0"?>
<data version="3.0" time="2024-07-19 08:59:17" type="post" filename="b000000002.xml">
  <open_time>0000-00-00</open_time>
  <close_time>0000-00-00</close_time>
  <lang_name>Big5</lang_name>
  <board_id>1001174272</board_id>
  <node>000000002</node>
  <site>1000110001</site>
  <pt>2022-09-21 00:54:48</pt>
  <poster>11027242</poster>
  <realname>&#x5F35;&#x5B50;&#x5143;  </realname>
  <email>wen031291@gmail.com</email>
  <homepage>  </homepage>
  <subject>110. &#x4F5C;&#x696D;&#x4E8C;&#x975C;&#x614B;&#x9663;&#x5217;&#x548C;&#x52D5;&#x614B;&#x9663;&#x5217;&#x6709;&#x4F55;&#x5DEE;&#x7570;&#xFF1F;&#x6307;&#x51FA;&#x5176;&#x512A;&#x7F3A;&#x9EDE;&#x3002; </subject>
  <content>&lt;p&gt;&#x975C;&#x614B;&#x9663;&#x5217; : &#x9577;&#x5EA6;&#x56FA;&#x5B9A;&#xFF0C;&amp;nbsp;&#x512A;&#x9EDE; : &amp;nbsp;&#x4E0D;&#x9700;&#x984D;&#x5916;&#x9023;&#x7D50;&#x6B04;&#x4F4D;&#xFF0C;&#x8F03;&#x7701;&#x8A18;&#x61B6;&#x9AD4;&amp;nbsp; &amp;nbsp; &#x7F3A;&#x9EDE; : &#x9663;&#x5217;&#x9577;&#x5EA6;&#x7121;&#x6CD5;&#x66F4;&#x6539;&#xFF0C;&#x63D2;&#x5165;&#x5143;&#x7D20;&#x8F03;&#x9EBB;&#x7169;&lt;/p&gt;&#xD;
&#xD;
&lt;p&gt;&#x52D5;&#x614B;&#x9663;&#x5217; : &#x9577;&#x5EA6;&#x53EF;&#x6539;&#x8B8A;&#xFF0C; &#x512A;&#x9EDE; : &#x53EF;&#x4EE5;&#x6539;&#x8B8A;&#x9663;&#x5217;&#x9577;&#x5EA6;&#xFF0C;&#x4E2D;&#x9593;&#x63D2;&#x5165;&#x5143;&#x7D20;&#x76F8;&#x6BD4;&#x975C;&#x614B;&#x9663;&#x5217;&#x65B9;&#x4FBF; &#x7F3A;&#x9EDE; :&amp;nbsp;&amp;nbsp;&amp;nbsp;&#x6BCF;&#x7B46;&#x8CC7;&#x6599;&#x9700;&#x984D;&#x5916;&#x9023;&#x63A5;&#xFF0C;&#x8F03;&#x6D6A;&#x8CBB;&#x8A18;&#x61B6;&#x9AD4;&lt;/p&gt; </content>
  <attach></attach>
  <rcount></rcount>
  <rank></rank>
  <hit>87</hit>
  <lang>1</lang>
</data>
