<?xml version="1.0"?>
<data version="3.0" time="2024-07-19 08:59:17" type="post" filename="b000000021.xml">
  <open_time>0000-00-00</open_time>
  <close_time>0000-00-00</close_time>
  <lang_name>Big5</lang_name>
  <board_id>1001174272</board_id>
  <node>000000021</node>
  <site>1000110001</site>
  <pt>2022-10-03 09:42:21</pt>
  <poster>11027251</poster>
  <realname>&#x9673;&#x51A0;&#x860B;  </realname>
  <email>tanya0920617@gmail.com</email>
  <homepage>  </homepage>
  <subject>110. &#x4F5C;&#x696D;&#x4E8C;&#x975C;&#x614B;&#x9663;&#x5217;&#x548C;&#x52D5;&#x614B;&#x9663;&#x5217;&#x6709;&#x4F55;&#x5DEE;&#x7570;&#xFF1F;&#x6307;&#x51FA;&#x5176;&#x512A;&#x7F3A;&#x9EDE;&#x3002;* </subject>
  <content>&lt;p&gt;&lt;strong&gt;&#x975C;&#x614B;&#x9663;&#x5217;&lt;/strong&gt;&lt;/p&gt;&#xD;
&#xD;
&lt;p&gt;&lt;strong&gt;&amp;nbsp; &amp;nbsp;&lt;/strong&gt; &#x512A;&#x9EDE;-&amp;gt;&#x7A0B;&#x5F0F;&#x7D50;&#x675F;&#x5F8C;&#x81EA;&#x52D5;&#x91CB;&#x653E;&#x8A18;&#x61B6;&#x9AD4;&#x7A7A;&#x9593;&lt;/p&gt;&#xD;
&#xD;
&lt;p&gt;&lt;strong&gt;&amp;nbsp; &amp;nbsp; &lt;/strong&gt;&#x7F3A;&#x9EDE;-&amp;gt;&#x9663;&#x5217;&#x9577;&#x5EA6;&#x56FA;&#x5B9A;&#xFF0C;&#x7121;&#x6CD5;&#x66F4;&#x52D5;&lt;/p&gt;&#xD;
&#xD;
&lt;p&gt;&lt;strong&gt;&#x52D5;&#x614B;&#x9663;&#x5217;&lt;/strong&gt;&lt;/p&gt;&#xD;
&#xD;
&lt;p&gt;&amp;nbsp; &amp;nbsp; &#x512A;&#x9EDE;-&amp;gt;&#x4E0D;&#x5FC5;&#x9810;&#x5148;&#x77E5;&#x9053;&#x8CC7;&#x6599;&#x9577;&#x5EA6;&#xFF0C;&#x5728;&#x7A0B;&#x5F0F;&#x4E2D;&#x53EF;&#x81EA;&#x7531;&#x4FEE;&#x6539;&#x9663;&#x5217;&#x9577;&#x5EA6;&lt;/p&gt;&#xD;
&#xD;
&lt;p&gt;&amp;nbsp; &amp;nbsp;&amp;nbsp;&#x7F3A;&#x9EDE;-&amp;gt;&lt;strong&gt;&amp;nbsp; &lt;/strong&gt;&#x8A18;&#x61B6;&#x9AD4;&#x7684;&#x91CB;&#x653E;&#x9700;&#x8981;&#x9760;&#x5DE5;&#x7A0B;&#x5E2B;&#x5B8C;&#x6210;&amp;nbsp; &lt;strong&gt;&amp;nbsp;&amp;nbsp;&lt;/strong&gt;&lt;/p&gt; </content>
  <attach></attach>
  <rcount></rcount>
  <rank></rank>
  <hit>39</hit>
  <lang>1</lang>
</data>
