<?xml version="1.0"?>
<data version="3.0" time="2024-07-19 08:59:17" type="post" filename="b000000027.xml">
  <open_time>0000-00-00</open_time>
  <close_time>0000-00-00</close_time>
  <lang_name>Big5</lang_name>
  <board_id>1001174272</board_id>
  <node>000000027</node>
  <site>1000110001</site>
  <pt>2022-10-04 00:09:39</pt>
  <poster>11027210</poster>
  <realname>&#x5ED6;&#x5EAD;&#x5BA3;  </realname>
  <email>lucy920203@gmail.com</email>
  <homepage>  </homepage>
  <subject>109. &#x5982;&#x4F55;&#x5E6B;&#x9663;&#x5217;&#x5143;&#x7D20;&#x8A2D;&#x5B9A;&#x975E;&#x96F6;&#x7684;&#x521D;&#x59CB;&#x503C;&#xFF1F;&#x9808;&#x5BEB;&#x51FA;C++&#x7A0B;&#x5F0F;&#x78BC;&#x3002; </subject>
  <content>&lt;p&gt;#include &amp;lt;iostream&amp;gt;&lt;/p&gt;&#xD;
&#xD;
&lt;p&gt;using namespace std;&lt;/p&gt;&#xD;
&#xD;
&lt;p&gt;int main(){&lt;/p&gt;&#xD;
&#xD;
&lt;p&gt;&amp;nbsp;&amp;nbsp; &amp;nbsp;int anArray1[ ] = {-1, -1, -1, -1, -1 };&lt;/p&gt;&#xD;
&#xD;
&lt;p&gt;&amp;nbsp; &amp;nbsp; int anArray2[5] = {-2, -2, -2, -2, -2};&lt;/p&gt;&#xD;
&#xD;
&lt;p&gt;&amp;nbsp; &amp;nbsp; for( int i = 0; anArray1[i] == -1 ; i++ ) {&lt;br /&gt;&#xD;
&amp;nbsp;&amp;nbsp; &amp;nbsp;&amp;nbsp;&amp;nbsp; &amp;nbsp;cout &amp;lt;&amp;lt; anArray1[i] &amp;lt;&amp;lt; &amp;quot; &amp;quot;;&lt;br /&gt;&#xD;
&amp;nbsp;&amp;nbsp; &amp;nbsp;} // for&lt;/p&gt;&#xD;
&#xD;
&lt;p&gt;&amp;nbsp; &amp;nbsp; cout &amp;lt;&amp;lt; &amp;quot;\n&amp;quot;;&lt;/p&gt;&#xD;
&#xD;
&lt;p&gt;&amp;nbsp; &amp;nbsp; for( int i = 0; i&amp;lt;5&amp;nbsp;; i++ ) {&lt;br /&gt;&#xD;
&amp;nbsp;&amp;nbsp; &amp;nbsp;&amp;nbsp;&amp;nbsp; &amp;nbsp;cout &amp;lt;&amp;lt; anArray2[i] &amp;lt;&amp;lt; &amp;quot; &amp;quot;;&lt;br /&gt;&#xD;
&amp;nbsp;&amp;nbsp; &amp;nbsp;} // for&lt;/p&gt;&#xD;
&#xD;
&lt;p&gt;&lt;br /&gt;&#xD;
} // main()&lt;/p&gt;&#xD;
&#xD;
&lt;p&gt;&#x6B64;&#x6642;&#x7684;&#x8F38;&#x51FA;&lt;/p&gt;&#xD;
&#xD;
&lt;p&gt;-1 -1 -1 -1 -1&lt;/p&gt;&#xD;
&#xD;
&lt;p&gt;-2 -2 -2 -2 -2&lt;/p&gt; </content>
  <attach></attach>
  <rcount></rcount>
  <rank></rank>
  <hit>32</hit>
  <lang>1</lang>
</data>
