<?xml version="1.0"?>
<data version="3.0" time="2024-07-19 08:59:17" type="post" filename="b000000026.xml">
  <open_time>0000-00-00</open_time>
  <close_time>0000-00-00</close_time>
  <lang_name>Big5</lang_name>
  <board_id>1001174272</board_id>
  <node>000000026</node>
  <site>1000110001</site>
  <pt>2022-10-03 23:53:06</pt>
  <poster>11027206</poster>
  <realname>&#x6797;&#x80B2;&#x8431;  </realname>
  <email>cindylin911105@gmail.com</email>
  <homepage>  </homepage>
  <subject>106. &#x905E;&#x8FF4;&#x547C;&#x53EB;&#x70BA;&#x4F55;&#x6703;&#x9020;&#x6210;&#x8A18;&#x61B6;&#x9AD4;&#x5340;&#x6BB5;&#x932F;&#x8AA4;&#xFF1F; </subject>
  <content>&lt;p&gt;&#x56E0;&#x70BA;&#x5728;&#x4F7F;&#x7528;&#x905E;&#x8FF4;&#x6642;&#xFF0C;&#x672A;&#x8003;&#x616E;&#x5230;&#x7D42;&#x6B62;&#x689D;&#x4EF6;&#x6216;&#x8A2D;&#x5B9A;&#x4E0D;&#x7576;&#xFF0C;&#x9020;&#x6210;&#x905E;&#x8FF4;&#x5F0F;&#x6703;&#x4E0D;&#x65B7;&#x547C;&#x53EB;&#x81EA;&#x5DF1;(&#x7121;&#x9650;&#x905E;&#x8FF4;)&#xFF0C;&#x6301;&#x7E8C;&#x5C07;&#x8CC7;&#x6599;&#x653E;&#x9032;&#x8A18;&#x61B6;&#x9AD4;&#x4E2D;&#xFF0C;&#x76F4;&#x5230;&#x8A18;&#x61B6;&#x9AD4;&#x4E0D;&#x5920;&#x7528;(&#x7206;&#x6389;)&#xFF0C;&#x5C0E;&#x81F4;&#x6EA2;&#x4F4D;(Overflow)&#xFF0C;&#x56E0;&#x6B64;&#x9020;&#x6210;&#x8A18;&#x61B6;&#x9AD4;&#x932F;&#x8AA4;&#x3002;&lt;/p&gt; </content>
  <attach></attach>
  <rcount></rcount>
  <rank></rank>
  <hit>33</hit>
  <lang>1</lang>
</data>
