<?xml version="1.0"?>
<data version="3.0" time="2024-07-19 08:59:17" type="post" filename="b000000017.xml">
  <open_time>0000-00-00</open_time>
  <close_time>0000-00-00</close_time>
  <lang_name>Big5</lang_name>
  <board_id>1001174272</board_id>
  <node>000000017</node>
  <site>1000110001</site>
  <pt>2022-10-01 11:20:42</pt>
  <poster>11027253</poster>
  <realname>&#x76E7;&#x5BB8;&#x63DA;  </realname>
  <email>young910022@gmail.com</email>
  <homepage>  </homepage>
  <subject>110. &#x4F5C;&#x696D;&#x4E8C;&#x975C;&#x614B;&#x9663;&#x5217;&#x548C;&#x52D5;&#x614B;&#x9663;&#x5217;&#x6709;&#x4F55;&#x5DEE;&#x7570;&#xFF1F;&#x6307;&#x51FA;&#x5176;&#x512A;&#x7F3A;&#x9EDE;&#x3002; </subject>
  <content>&lt;p&gt;&#x975C;&#x614B;&#x9663;&#x5217;&#x7684;&#x5927;&#x5C0F;&#x70BA;&#x56FA;&#x5B9A;&#x7684;&#x3002;&#x512A;&#x9EDE;&#x662F;&#x8A18;&#x61B6;&#x9AD4;&#x5728;&#x4F7F;&#x7528;&#x7D50;&#x675F;&#x5F8C;&#x7531;&#x8A08;&#x7B97;&#x6A5F;&#x81EA;&#x52D5;&#x91CB;&#x653E;&#xFF0C;&#x6548;&#x7387;&#x9AD8;&#x4E14;&#x4E0D;&#x4F54;&#x8A18;&#x61B6;&#x9AD4;&#x7A7A;&#x9593;&#x3002;&#x7F3A;&#x9EDE;&#x70BA;&#x9663;&#x5217;&#x4E0D;&#x53EF;&#x6539;&#x8B8A;&#x5927;&#x5C0F;&#x3002;&lt;/p&gt;&#xD;
&#xD;
&lt;p&gt;&#x52D5;&#x614B;&#x9663;&#x5217;&#x7684;&#x5927;&#x5C0F;&#x53EF;&#x6539;&#x8B8A;&#x3002;&#x512A;&#x9EDE;&#x662F;&#x53EF;&#x4EE5;&#x6839;&#x64DA;&#x4F7F;&#x7528;&#x8005;&#x9700;&#x8981;&#xFF0C;&#x6709;&#x6548;&#x5229;&#x7528;&#x5132;&#x5B58;&#x7A7A;&#x9593;&#x3002;&#x7F3A;&#x9EDE;&#x662F;&#x4E0D;&#x4F7F;&#x7528;&#x7684;&#x6642;&#x5019;&#x5FC5;&#x9808;&#x91CB;&#x653E;&#x7A7A;&#x9593;&#xFF0C;&#x5426;&#x5247;&#x6703;&#x9020;&#x6210;&#x8A18;&#x61B6;&#x9AD4;&#x6D29;&#x6F0F;&#x3002;&lt;/p&gt; </content>
  <attach></attach>
  <rcount></rcount>
  <rank></rank>
  <hit>43</hit>
  <lang>1</lang>
</data>
