<?xml version="1.0"?>
<data version="3.0" time="2024-07-19 08:59:17" type="post" filename="b000000025.xml">
  <open_time>0000-00-00</open_time>
  <close_time>0000-00-00</close_time>
  <lang_name>Big5</lang_name>
  <board_id>1001174272</board_id>
  <node>000000025</node>
  <site>1000110001</site>
  <pt>2022-10-03 23:48:29</pt>
  <poster>11027217</poster>
  <realname>&#x80E1;&#x4F51;&#x798E;  </realname>
  <email>jenny920622@gmail.com</email>
  <homepage>  </homepage>
  <subject>109. &#x5982;&#x4F55;&#x5E6B;&#x9663;&#x5217;&#x5143;&#x7D20;&#x8A2D;&#x5B9A;&#x975E;&#x96F6;&#x7684;&#x521D;&#x59CB;&#x503C;&#xFF1F;&#x9808;&#x5BEB;&#x51FA;C++&#x7A0B;&#x5F0F;&#x78BC;&#x3002; </subject>
  <content>&lt;p&gt;&#x5E6B;&#x9663;&#x5217;&#x521D;&#x59CB;&#x5316;&#x70BA;&#x975E;0&#x7684;&#x503C;&#x6642;&#xFF0C;&#x53EF;&#x4F7F;&#x7528;&#x5927;&#x62EC;&#x865F;&#x5C07;&#x60F3;&#x8F38;&#x5165;&#x7684;&#x503C;&#x6846;&#x8D77;&#x4F86;&lt;/p&gt;&#xD;
&#xD;
&lt;p&gt;#include&amp;lt;iostream&amp;gt;&lt;br /&gt;&#xD;
using namespace std;&lt;br /&gt;&#xD;
int main(){&lt;br /&gt;&#xD;
&amp;nbsp;&amp;nbsp; &amp;nbsp;int k[10] = {1,2,3,4,5,6,7,8,9,10};&lt;br /&gt;&#xD;
&amp;nbsp;&amp;nbsp; &amp;nbsp;for( int i = 0; i &amp;lt; 10; i++ ) {&lt;br /&gt;&#xD;
&amp;nbsp;&amp;nbsp; &amp;nbsp;&amp;nbsp;&amp;nbsp; &amp;nbsp;cout &amp;lt;&amp;lt; k[i] &amp;lt;&amp;lt; &amp;quot; &amp;quot;;&lt;br /&gt;&#xD;
&amp;nbsp;&amp;nbsp; &amp;nbsp;} // for&lt;br /&gt;&#xD;
&amp;nbsp;&amp;nbsp; &amp;nbsp;return 0;&lt;br /&gt;&#xD;
} // main()&lt;/p&gt;&#xD;
&#xD;
&lt;p&gt;&#x6B64;&#x6642;&#x7A0B;&#x5F0F;&#x8F38;&#x51FA;&#x70BA; 1 2 3 4 5 6 7 8 9 10&lt;/p&gt; </content>
  <attach></attach>
  <rcount></rcount>
  <rank></rank>
  <hit>38</hit>
  <lang>1</lang>
</data>
