<?xml version="1.0"?>
<data version="3.0" time="2024-07-19 08:59:17" type="post" filename="b000000003000000004.xml">
  <open_time>0000-00-00</open_time>
  <close_time>0000-00-00</close_time>
  <lang_name>Big5</lang_name>
  <board_id>1001174272</board_id>
  <node>000000003000000004</node>
  <site>1000110001</site>
  <pt>2022-09-26 14:37:43</pt>
  <poster>11027253</poster>
  <realname>&#x76E7;&#x5BB8;&#x63DA;  </realname>
  <email>young910022@gmail.com</email>
  <homepage>  </homepage>
  <subject>Re: 110. &#x4F5C;&#x696D;&#x4E8C;&#x975C;&#x614B;&#x9663;&#x5217;&#x548C;&#x52D5;&#x614B;&#x9663;&#x5217;&#x6709;&#x4F55;&#x5DEE;&#x7570;&#xFF1F;&#x6307;&#x51FA;&#x5176;&#x512A;&#x7F3A;&#x9EDE;&#x3002;  </subject>
  <content>&lt;p&gt;&#x1F44D;&lt;/p&gt; </content>
  <attach></attach>
  <rcount></rcount>
  <rank></rank>
  <hit>1</hit>
  <lang>1</lang>
</data>
