<?xml version="1.0"?>
<data version="3.0" time="2024-07-19 08:59:17" type="post" filename="b000000035.xml">
  <open_time>0000-00-00</open_time>
  <close_time>0000-00-00</close_time>
  <lang_name>Big5</lang_name>
  <board_id>1001174272</board_id>
  <node>000000035</node>
  <site>1000110001</site>
  <pt>2022-10-04 21:59:10</pt>
  <poster>11027254</poster>
  <realname>&#x65B9;&#x74BF;&#x745E;  </realname>
  <email>rayfang09@gmail.com</email>
  <homepage>  </homepage>
  <subject>109. &#x5982;&#x4F55;&#x5E6B;&#x9663;&#x5217;&#x5143;&#x7D20;&#x8A2D;&#x5B9A;&#x975E;&#x96F6;&#x7684;&#x521D;&#x59CB;&#x503C;&#xFF1F;&#x9808;&#x5BEB;&#x51FA;C++&#x7A0B;&#x5F0F;&#x78BC;&#x3002; </subject>
  <content>&lt;p&gt;#include &amp;lt;iostream&amp;gt;&lt;/p&gt;&#xD;
&#xD;
&lt;p&gt;using namespace std;&lt;/p&gt;&#xD;
&#xD;
&lt;p&gt;int main(){&lt;/p&gt;&#xD;
&#xD;
&lt;p&gt;&amp;nbsp; &amp;nbsp;&amp;nbsp;int num[5] = {1, 2, 3, 4, 5}; //&#x7D66;&#x4E88;&#x5927;&#x5C0F;&amp;amp;&amp;amp;&#x6578;&#x503C;&lt;/p&gt;&#xD;
&#xD;
&lt;p&gt;&amp;nbsp; &amp;nbsp; int num2[] = {1, 2, 3, 4, 5}; //&#x7531;&#x7D66;&#x4E88;&#x5E7E;&#x500B;&#x6578;&#x5B57;&#x5224;&#x65B7;&#x7260;&#x7684;&#x5927;&#x5C0F;&lt;/p&gt;&#xD;
&#xD;
&lt;p&gt;}&lt;/p&gt; </content>
  <attach></attach>
  <rcount></rcount>
  <rank></rank>
  <hit>62</hit>
  <lang>1</lang>
</data>
