<?xml version="1.0"?>
<data version="3.0" time="2024-07-19 08:59:17" type="post" filename="b000000040.xml">
  <open_time>0000-00-00</open_time>
  <close_time>0000-00-00</close_time>
  <lang_name>Big5</lang_name>
  <board_id>1001174272</board_id>
  <node>000000040</node>
  <site>1000110001</site>
  <pt>2022-10-04 23:40:53</pt>
  <poster>11027209</poster>
  <realname>&#x5DEB;&#x5E74;&#x5DE8;  </realname>
  <email>yy911123@gmail.com</email>
  <homepage>  </homepage>
  <subject>107. &#x4F5C;&#x696D;&#x4E8C;&#x63A1;&#x7528;&#x4EC0;&#x9EBC;&#x8CC7;&#x6599;&#x7D50;&#x69CB;&#x5132;&#x5B58;&#x8B80;&#x5165;&#x8CC7;&#x6599;&#xFF0C;&#x9808;&#x8AAA;&#x660E;&#x539F;&#x56E0;&#x3002;* </subject>
  <content>&lt;p&gt;&#x9019;&#x6B21;&#x7684;&#x4F5C;&#x696D;2&#x662F;&#x7528;vector&#x4F86;&#x5132;&#x5B58;&#x5927;&#x91CF;&#x7684;&#x8CC7;&#x6599;&#xFF0C;vector&#x7B97;&#x8CC7;&#x6599;&#x7D50;&#x69CB;&#x7684;&#x9663;&#x5217;&#x7684;&#x6539;&#x9020;&#x7248;&#xFF0C;&#x4E5F;&#x5C31;&#x662F;&#x6240;&#x8B02;&#x7684;&#x52D5;&#x614B;&#x9663;&#x5217;&#xFF0C;&#x5B83;&#x7684;&#x597D;&#x8655;&#x662F;&#x4E0D;&#x9700;&#x8A2D;&#x5B9A;&#x5927;&#x5C0F;&#xFF0C;&#x4F46;&#x7F3A;&#x9EDE;&#x4E5F;&#x662F;&#x96A8;&#x4E4B;&#x800C;&#x4F86;&#x7684;&#x56E0;&#x70BA;&#x6C92;&#x6709;&#x50CF;&#x975C;&#x614B;&#x5148;&#x5206;&#x914D;&#x597D;&#x8A18;&#x61B6;&#x9AD4;&#x6240;&#x4EE5;function(&#x5176;&#x4ED6;funciton&#x53EF;&#x7528;)&#x7D50;&#x675F;&#x6642;&#x4E5F;&#x4E0D;&#x6703;&#x88AB;&#x81EA;&#x52D5;&#x91CB;&#x653E;&#xFF0C;&#x9700;&#x8981;&#x624B;&#x52D5;&#x53BB;&#x624D;&#x884C;&#x3002;&lt;br /&gt;&#xD;
&#x96D6;&#x7136;&#x4ED6;&#x6709;push back &#x548C;pop &#x9019;&#x5169;&#x500B;&#x7528;&#x8D77;&#x4F86;&#x50CF;stack(&#x5806;)&#x7684;&#x89C0;&#x5FF5;&#x5148;&#x9032;&#x5F8C;&#x51FA;&#x7684;&#x6982;&#x5FF5;&#x3002;&lt;/p&gt;&#xD;
&#xD;
&lt;p&gt;&#x4F46;&#x6211;&#x89BA;&#x5F97;&#x9019;&#x6B21;&#x7684;&#x4F5C;&#x696D;&#x7684;&#x4F86;&#x8B1B;&#x662F;&#x7528;&#x6211;&#x89BA;&#x5F97;vector&#x6BD4;&#x8F03;&#x7B97;&#x662F;&#x4F47;&#x5217;(quene)&#x5148;&#x9032;&#x5148;&#x51FA;&#x7684;&#x6982;&#x5FF5;&#xFF0C;&#x56E0;&#x70BA;&#x6211;&#x5011;&#x662F;&#x628A;&#x8CC7;&#x6599;&#x5168;&#x90E8;&#x5B58;&#x5728;vector&#x5F8C;&#xFF0C;&#x518D;&#x5230;output&#x90A3;&#x908A;&#x5F9E;&#x6211;&#x5011;&#x7B2C;&#x4E00;&#x500B;&#x5B58;&#x7684;&#x8CC7;&#x6599;&#x4E00;&#x500B;&#x4E00;&#x500B;&#x5F97;&#x4E0B;&#x53BB;&#x5230;&#x6700;&#x5F8C;&#x4E00;&#x500B;&#x3002;&lt;/p&gt; </content>
  <attach></attach>
  <rcount></rcount>
  <rank></rank>
  <hit>13</hit>
  <lang>1</lang>
</data>
