<?xml version="1.0"?>
<data version="3.0" time="2024-07-19 08:59:17" type="post" filename="b000000015000000001.xml">
  <open_time>0000-00-00</open_time>
  <close_time>0000-00-00</close_time>
  <lang_name>Big5</lang_name>
  <board_id>1001174272</board_id>
  <node>000000015000000001</node>
  <site>1000110001</site>
  <pt>2022-09-30 20:14:11</pt>
  <poster>11077005</poster>
  <realname>&#x674E;&#x54F2;&#x96C5;  </realname>
  <email>behappy1613@gmail.com</email>
  <homepage>  </homepage>
  <subject>Re: 106. &#x905E;&#x8FF4;&#x547C;&#x53EB;&#x70BA;&#x4F55;&#x6703;&#x9020;&#x6210;&#x8A18;&#x61B6;&#x9AD4;&#x5340;&#x6BB5;&#x932F;&#x8AA4;&#xFF1F;  </subject>
  <content>&lt;p&gt;&#x8ACB;&#x6558;&#x8FF0;&#x9020;&#x6210;&lt;strong&gt;&#x5806;&#x758A;&#x6EA2;&#x4F4D;&lt;/strong&gt;&#x7684;&#x904E;&#x7A0B;&#x3002;&lt;/p&gt; </content>
  <attach></attach>
  <rcount></rcount>
  <rank></rank>
  <hit>2</hit>
  <lang>1</lang>
</data>
