<?xml version="1.0"?>
<data version="3.0" time="2024-07-19 08:59:17" type="post" filename="b000000031.xml">
  <open_time>0000-00-00</open_time>
  <close_time>0000-00-00</close_time>
  <lang_name>Big5</lang_name>
  <board_id>1001174272</board_id>
  <node>000000031</node>
  <site>1000110001</site>
  <pt>2022-10-04 15:44:17</pt>
  <poster>10723337</poster>
  <realname>&#x8449;&#x5F65;&#x8C37;  </realname>
  <email>s10723337@cycu.edu.tw</email>
  <homepage>  </homepage>
  <subject>110. &#x4F5C;&#x696D;&#x4E8C;&#x975C;&#x614B;&#x9663;&#x5217;&#x548C;&#x52D5;&#x614B;&#x9663;&#x5217;&#x6709;&#x4F55;&#x5DEE;&#x7570;&#xFF1F;&#x6307;&#x51FA;&#x5176;&#x512A;&#x7F3A;&#x9EDE;&#x3002;* </subject>
  <content>&lt;p&gt;&#x975C;&#x614B;&#x9663;&#x5217; : &#x8981;&#x5148;&#x8A2D;&#x5B9A;&#x56FA;&#x5B9A;&#x9663;&#x5217;&#x5927;&#x5C0F;&lt;/p&gt;&#xD;
&#xD;
&lt;p&gt;- &#x512A;&#x9EDE; : &#x6548;&#x7387;&#x8F03;&#x9AD8;&#xFF0C;&#x4F7F;&#x7528;&#x5B8C;&#x5F8C;&#x7CFB;&#x7D71;&#x6703;&#x81EA;&#x52D5;&#x92B7;&#x6BC0;&lt;/p&gt;&#xD;
&#xD;
&lt;p&gt;- &#x7F3A;&#x9EDE; : &#x56FA;&#x5B9A;&#x5927;&#x5C0F;&#xFF0C;&#x9748;&#x6D3B;&#x5EA6;&#x4F4E;&lt;/p&gt;&#xD;
&#xD;
&lt;p&gt;&#x52D5;&#x614B;&#x9663;&#x5217; : &#x4F7F;&#x7528; new &#x914D;&#x7F6E;&#x8A18;&#x61B6;&#x9AD4;&#x5132;&#x5B58;&#x9663;&#x5217;&#xFF0C;&#x6216;&#x662F;&#x4F7F;&#x7528; vector &#x8CC7;&#x6599;&#x578B;&#x5225;&lt;/p&gt;&#xD;
&#xD;
&lt;p&gt;- &#x512A;&#x9EDE; : &#x53EF;&#x81EA;&#x7531;&#x914D;&#x7F6E;&#x9663;&#x5217;&#x5927;&#x5C0F;&#x3001;&#x9748;&#x6D3B;&#x5EA6;&#x9AD8;&#x4E14;&#x914D;&#x7F6E;&#x5F97;&#x7576;&#x53EF;&#x4EE5;&#x7BC0;&#x7701;&#x8A18;&#x61B6;&#x9AD4;&lt;/p&gt;&#xD;
&#xD;
&lt;p&gt;- &#x7F3A;&#x9EDE; : &#x5982;&#x5132;&#x5B58;&#x7A7A;&#x9593;&#x4E0D;&#x4F7F;&#x7528;&#x6642;&#xFF0C;&#x8981;&#x8A18;&#x5F97;&#x91CB;&#x653E;&#x7A7A;&#x9593;&#xFF0C;&#x5426;&#x5247;&#x53EF;&#x80FD;&#x5C0E;&#x81F4;&#x8A18;&#x61B6;&#x9AD4;&#x6D29;&#x6F0F;&lt;/p&gt; </content>
  <attach></attach>
  <rcount></rcount>
  <rank></rank>
  <hit>17</hit>
  <lang>1</lang>
</data>
