<?xml version="1.0"?>
<data version="3.0" time="2024-07-19 08:59:17" type="post" filename="b000000036.xml">
  <open_time>0000-00-00</open_time>
  <close_time>0000-00-00</close_time>
  <lang_name>Big5</lang_name>
  <board_id>1001174272</board_id>
  <node>000000036</node>
  <site>1000110001</site>
  <pt>2022-10-04 22:10:41</pt>
  <poster>11027207</poster>
  <realname>&#x5F6D;&#x9756;&#x5091;  </realname>
  <email>jason122333221@gmail.com</email>
  <homepage>  </homepage>
  <subject>110. &#x4F5C;&#x696D;&#x4E8C;&#x975C;&#x614B;&#x9663;&#x5217;&#x548C;&#x52D5;&#x614B;&#x9663;&#x5217;&#x6709;&#x4F55;&#x5DEE;&#x7570;&#xFF1F;&#x6307;&#x51FA;&#x5176;&#x512A;&#x7F3A;&#x9EDE;&#x3002; </subject>
  <content>&lt;p&gt;&lt;strong&gt;&#x975C;&#x614B;&#x9663;&#x5217; :&lt;/strong&gt;&lt;br /&gt;&#xD;
&amp;nbsp;&amp;nbsp; &amp;nbsp;&#x512A;&#x9EDE; : &#x7A0B;&#x5F0F;&#x57F7;&#x884C;&#x901F;&#x5EA6;&#x5FEB;&#x3001;&#x7A0B;&#x5F0F;&#x7D50;&#x675F;&#x5F8C;&#x81EA;&#x52D5;&#x91CB;&#x653E;&#x8A18;&#x61B6;&#x9AD4;&lt;br /&gt;&#xD;
&amp;nbsp;&amp;nbsp; &amp;nbsp;&#x7F3A;&#x9EDE; : &#x9700;&#x5148;&#x8A2D;&#x5B9A;&#x597D;&#x5927;&#x5C0F;&lt;br /&gt;&#xD;
&lt;strong&gt;&#x52D5;&#x614B;&#x9663;&#x5217; :&lt;/strong&gt;&lt;br /&gt;&#xD;
&amp;nbsp;&amp;nbsp; &amp;nbsp;&#x512A;&#x9EDE; : &#x4E0D;&#x5FC5;&#x9810;&#x5148;&#x8A2D;&#x5B9A;&#x597D;&#x5927;&#x5C0F;&lt;br /&gt;&#xD;
&amp;nbsp;&amp;nbsp; &amp;nbsp;&#x7F3A;&#x9EDE; : &#x7A0B;&#x5F0F;&#x57F7;&#x884C;&#x901F;&#x5EA6;&#x8F03;&#x6162;&#x3001;&#x7A0B;&#x5F0F;&#x8A2D;&#x8A08;&#x5E2B;&#x9700;&#x8981;&#x91CB;&#x653E;&#x8A18;&#x61B6;&#x9AD4;&lt;/p&gt; </content>
  <attach></attach>
  <rcount></rcount>
  <rank></rank>
  <hit>69</hit>
  <lang>1</lang>
</data>
