<?xml version="1.0"?>
<data version="3.0" time="2024-07-19 08:59:17" type="post" filename="b000000009000000001.xml">
  <open_time>0000-00-00</open_time>
  <close_time>0000-00-00</close_time>
  <lang_name>Big5</lang_name>
  <board_id>1001174272</board_id>
  <node>000000009000000001</node>
  <site>1000110001</site>
  <pt>2022-09-25 11:33:51</pt>
  <poster>11813</poster>
  <realname>&#x5433;&#x5B9C;&#x9D3B;  </realname>
  <email>yhwu@cycu.edu.tw</email>
  <homepage>https://www.researchgate.net/profile/Yi-Hung-Wu-2  </homepage>
  <subject>Re: 108. &#x82E5;&#x905E;&#x8FF4;&#x5230;&#x67D0;&#x5C64;&#x5C31;&#x7570;&#x5E38;&#x7D42;&#x6B62;&#xFF0C;&#x8981;&#x5982;&#x4F55;&#x5F37;&#x5236;&#x5B83;&#x7E7C;&#x7E8C;&#x57F7;&#x884C;&#x5230;&#x4E0B;&#x4E00;&#x5C64;&#xFF1F;  </subject>
  <content>&lt;p&gt;&#x9019;&#x500B;&#x505A;&#x6CD5;&#x5176;&#x5BE6;&#x5F88;&#x4E0D;&#x932F;&#xFF0C;&#x53EF;&#x60DC;&#x7121;&#x6CD5;&#x61C9;&#x4ED8;stack overflow&#x7684;&#x9650;&#x5236;&#x3002;&lt;/p&gt;&#xD;
&#xD;
&lt;p&gt;&lt;span style="color:#0000ff"&gt;&#x82E5;&#x975E;&#x589E;&#x52A0;&#x5806;&#x758A;&#x5927;&#x5C0F;&#x7684;&#x8A2D;&#x5B9A;&#xFF0C;&#x53EF;&#x80FD;&#x8981;&#x5148;&#x4E00;&#x8DEF;&#x9000;&#x51FA;&#x905E;&#x8FF4;&#xFF0C;&#x4E26;&#x5C07;&#x6700;&#x5F8C;&#x4E00;&#x5C64;&#x5FC5;&#x8981;&#x7684;&#x5340;&#x57DF;&#x8B8A;&#x6578;&#x503C;&#x50B3;&#x56DE;&#xFF0C;&#x518D;&#x91CD;&#x555F;&#x905E;&#x8FF4;&#x3002;&lt;/span&gt;&lt;/p&gt; </content>
  <attach></attach>
  <rcount></rcount>
  <rank></rank>
  <hit>1</hit>
  <lang>1</lang>
</data>
