<?xml version="1.0"?>
<data version="3.0" time="2024-07-19 08:59:17" type="post" filename="b000000039.xml">
  <open_time>0000-00-00</open_time>
  <close_time>0000-00-00</close_time>
  <lang_name>Big5</lang_name>
  <board_id>1001174272</board_id>
  <node>000000039</node>
  <site>1000110001</site>
  <pt>2022-10-04 23:33:17</pt>
  <poster>10727120</poster>
  <realname>&#x6D2A;&#x9326;&#x5F64;  </realname>
  <email>m27972729@gmail.com</email>
  <homepage> </homepage>
  <subject>109. &#x5982;&#x4F55;&#x5E6B;&#x9663;&#x5217;&#x5143;&#x7D20;&#x8A2D;&#x5B9A;&#x975E;&#x96F6;&#x7684;&#x521D;&#x59CB;&#x503C;&#xFF1F;&#x9808;&#x5BEB;&#x51FA;C++&#x7A0B;&#x5F0F;&#x78BC;&#x3002; </subject>
  <content>&lt;p&gt;#include &amp;lt;iostream&amp;gt;&lt;/p&gt;&#xD;
&#xD;
&lt;p&gt;#include &amp;lt;algorithm&amp;gt;&lt;/p&gt;&#xD;
&#xD;
&lt;p&gt;using namespace std;&lt;/p&gt;&#xD;
&#xD;
&lt;p&gt;int main(){&lt;/p&gt;&#xD;
&#xD;
&lt;p&gt;&amp;nbsp; int array[100] = {-1}; // error: &#x9019;&#x500B;&#x8A9E;&#x6CD5;&#x53EA;&#x6709;&#x7B2C;&#x4E00;&#x500B;&#x503C;&#x662F;-1&#xFF0C;&#x5176;&#x4ED6;&#x70BA;0&lt;/p&gt;&#xD;
&#xD;
&lt;p&gt;&amp;nbsp; std::fill_n(array, 100, -1); // correct: &#x5728;&amp;lt;algorithm&amp;gt;&#x88E1;&#x7684;&#x7528;&#x6CD5;&#xFF0C;&#x53EF;&#x4EE5;&#x4F7F;array&#x88E1;&#x7684;&#x5143;&#x7D20;&#x90FD;&#x70BA;-1&lt;/p&gt;&#xD;
&#xD;
&lt;p&gt;}&lt;br /&gt;&#xD;
&lt;br /&gt;&#xD;
&lt;br /&gt;&#xD;
ref: &lt;a href="https://www.796t.com/post/MTg2YQ==.html#google_vignette"&gt;https://www.796t.com/post/MTg2YQ==.html#google_vignette&lt;/a&gt;&lt;/p&gt;</content>
  <attach></attach>
  <rcount></rcount>
  <rank></rank>
  <hit>14</hit>
  <lang>1</lang>
</data>
