<?xml version="1.0"?>
<data version="3.0" time="2024-07-19 08:59:17" type="post" filename="b000000004.xml">
  <open_time>0000-00-00</open_time>
  <close_time>0000-00-00</close_time>
  <lang_name>Big5</lang_name>
  <board_id>1001174272</board_id>
  <node>000000004</node>
  <site>1000110001</site>
  <pt>2022-09-21 15:42:55</pt>
  <poster>11027273</poster>
  <realname>&#x694A;&#x8521;&#x4EC1;&#x5091;  </realname>
  <email>nhokboyqn147369@gmail.com</email>
  <homepage>  </homepage>
  <subject>106. &#x905E;&#x8FF4;&#x547C;&#x53EB;&#x70BA;&#x4F55;&#x6703;&#x9020;&#x6210;&#x8A18;&#x61B6;&#x9AD4;&#x5340;&#x6BB5;&#x932F;&#x8AA4;&#xFF1F; </subject>
  <content>&lt;p&gt;&#x7576;&#x547C;&#x53EB;stack&#x904E;&#x5927;&#xFF0C;&#x905E;&#x8FF4;&#x547C;&#x53EB;&#x6703;&#x9020;&#x6210;&#x8A18;&#x61B6;&#x9AD4;&#x5340;&#x6BB5;&#x932F;&#x8AA4;&lt;/p&gt; </content>
  <attach></attach>
  <rcount></rcount>
  <rank></rank>
  <hit>76</hit>
  <lang>1</lang>
</data>
