<?xml version="1.0"?>
<data version="3.0" time="2024-07-19 08:59:17" type="post" filename="b000000018.xml">
  <open_time>0000-00-00</open_time>
  <close_time>0000-00-00</close_time>
  <lang_name>Big5</lang_name>
  <board_id>1001174272</board_id>
  <node>000000018</node>
  <site>1000110001</site>
  <pt>2022-10-01 17:27:07</pt>
  <poster>11027213</poster>
  <realname>&#x674E;&#x6021;&#x8431;  </realname>
  <email>r911209911209@gmail.com</email>
  <homepage>  </homepage>
  <subject>110. &#x4F5C;&#x696D;&#x4E8C;&#x975C;&#x614B;&#x9663;&#x5217;&#x548C;&#x52D5;&#x614B;&#x9663;&#x5217;&#x6709;&#x4F55;&#x5DEE;&#x7570;&#xFF1F;&#x6307;&#x51FA;&#x5176;&#x512A;&#x7F3A;&#x9EDE;&#x3002;* </subject>
  <content>&lt;table border="1" cellpadding="1" cellspacing="1" style="width:500px"&gt;&#xD;
	&lt;tbody&gt;&#xD;
		&lt;tr&gt;&#xD;
			&lt;td&gt;&amp;nbsp;&lt;/td&gt;&#xD;
			&lt;td style="text-align: center;"&gt;&lt;strong&gt;&#x6BD4;&#x8F03;&#x5DEE;&#x7570;&lt;/strong&gt;&lt;/td&gt;&#xD;
			&lt;td style="text-align: center;"&gt;&lt;strong&gt;&#x512A;&#x9EDE;&lt;/strong&gt;&lt;/td&gt;&#xD;
			&lt;td&gt;&lt;strong&gt;&amp;nbsp; &amp;nbsp; &amp;nbsp; &amp;nbsp; &amp;nbsp; &#x7F3A;&#x9EDE;&lt;/strong&gt;&lt;/td&gt;&#xD;
		&lt;/tr&gt;&#xD;
		&lt;tr&gt;&#xD;
			&lt;td&gt;&lt;strong&gt;&#x975C;&#x614B;&#x9663;&#x5217;&lt;/strong&gt;&lt;/td&gt;&#xD;
			&lt;td style="text-align: center;"&gt;&#x5728;&#x5BA3;&#x544A;&#x6642;&#x5DF2;&#x7D93;&#x78BA;&#x5B9A;&#x9663;&#x5217;&#x5927;&#x5C0F;&#x7684;&#x9663;&#x5217; (&#x5F9E;&#x68E7;&#x4E2D;&#x5206;&#x914D;&#x7A7A;&#x9593;)&lt;/td&gt;&#xD;
			&lt;td style="text-align: center;"&gt;&amp;nbsp;&#x8A18;&#x61B6;&#x9AD4;&#x5728;&#x4F7F;&#x7528;&#x7D50;&#x675F;&#x5F8C;&#x7531;&#x8A08;&#x7B97;&#x6A5F;&#x81EA;&#x52D5;&#x91CB;&#x653E;&#xFF0C;&#x6548;&#x7387;&#x8F03;&#x9AD8;&lt;/td&gt;&#xD;
			&lt;td style="text-align: center;"&gt;&#x81EA;&#x7531;&#x5EA6;&#x5C0F;&lt;/td&gt;&#xD;
		&lt;/tr&gt;&#xD;
		&lt;tr&gt;&#xD;
			&lt;td style="text-align: center;"&gt;&lt;strong&gt;&#x52D5;&#x614B;&#x9663;&#x5217; &lt;/strong&gt;&lt;/td&gt;&#xD;
			&lt;td style="text-align: center;"&gt;&#x5728;&#x5BA3;&#x544A;&#x6642;&#x6C92;&#x6709;&#x78BA;&#x5B9A;&#x9663;&#x5217;&#x5927;&#x5C0F;&#x7684;&#x9663;&#x5217;&lt;strong&gt;&amp;nbsp;&lt;/strong&gt;(&#x5F9E;&#x5806;&#x4E2D;&#x5206;&#x914D;&#x7A7A;&#x9593;)&lt;/td&gt;&#xD;
			&lt;td style="text-align: center;"&gt;&#x81EA;&#x7531;&#x5EA6;&#x5927;&lt;/td&gt;&#xD;
			&lt;td style="text-align: center;"&gt;&#x4F7F;&#x7528;&#x7D50;&#x675F;&#x5F8C;&#x7531;&#x7A0B;&#x5F0F;&#x8A2D;&#x8A08;&#x5E2B;&#x9032;&#x884C;&#x91CB;&#x653E;&#xFF0C;&#x6548;&#x7387;&#x8F03;&#x4F4E;&lt;/td&gt;&#xD;
		&lt;/tr&gt;&#xD;
	&lt;/tbody&gt;&#xD;
&lt;/table&gt; </content>
  <attach></attach>
  <rcount></rcount>
  <rank></rank>
  <hit>49</hit>
  <lang>1</lang>
</data>
