<?xml version="1.0"?>
<data version="3.0" time="2024-07-19 08:59:17" type="post" filename="b000000030.xml">
  <open_time>0000-00-00</open_time>
  <close_time>0000-00-00</close_time>
  <lang_name>Big5</lang_name>
  <board_id>1001174272</board_id>
  <node>000000030</node>
  <site>1000110001</site>
  <pt>2022-10-04 15:20:02</pt>
  <poster>11027262</poster>
  <realname>&#x9418;&#x807F;&#x4EAD;  </realname>
  <email>shenyao0214@gmail.com</email>
  <homepage> </homepage>
  <subject>110. &#x4F5C;&#x696D;&#x4E8C;&#x975C;&#x614B;&#x9663;&#x5217;&#x548C;&#x52D5;&#x614B;&#x9663;&#x5217;&#x6709;&#x4F55;&#x5DEE;&#x7570;&#xFF1F;&#x6307;&#x51FA;&#x5176;&#x512A;&#x7F3A;&#x9EDE;&#x3002;* </subject>
  <content>&lt;p&gt;&lt;span style="font-family:&#x65B0;&#x7D30;&#x660E;&#x9AD4;,serif"&gt;&#x975C;&#x614B;&#x9663;&#x5217;&#xFF1A;&lt;/span&gt;&lt;/p&gt;&#xD;
&#xD;
&lt;p&gt;&amp;nbsp;&amp;nbsp;&amp;nbsp;&amp;nbsp;&amp;nbsp;&amp;nbsp;&amp;nbsp;&amp;nbsp;&amp;nbsp; &lt;span style="font-family:&#x65B0;&#x7D30;&#x660E;&#x9AD4;,serif"&gt;&#x512A;&#x9EDE;&#xFF1A;&#x53EF;&#x4EE5;&#x5FEB;&#x901F;&#x8A2A;&#x554F;&#x8CC7;&#x6599;&#x3001;&#x7CFB;&#x7D71;&#x6703;&#x81EA;&#x4E3B;&#x91CB;&#x653E;&#x8A18;&#x61B6;&#x9AD4;&#x7A7A;&#x9593;&#x3002;&lt;/span&gt;&lt;/p&gt;&#xD;
&#xD;
&lt;p&gt;&amp;nbsp;&amp;nbsp;&amp;nbsp;&amp;nbsp;&amp;nbsp;&amp;nbsp;&amp;nbsp;&amp;nbsp;&amp;nbsp; &lt;span style="font-family:&#x65B0;&#x7D30;&#x660E;&#x9AD4;,serif"&gt;&#x7F3A;&#x9EDE;&#xFF1A;&#x81EA;&#x7531;&#x5EA6;&#x4F4E;&#xFF0C;&#x5728;&#x522A;&#x9664;&#x6216;&#x52A0;&#x5165;&#x8CC7;&#x6599;&#x6642;&#x5F88;&#x9EBB;&#x7169;&#xFF0C;&#x9700;&#x8981;&#x79FB;&#x52D5;&#x5927;&#x91CF;&#x8CC7;&#x6599;&#xFF0C;&#x4E14;&#x4F7F;&#x7528;&#x8F03;&#x7121;&#x5F48;&#x6027;&#xFF0C;&#x4E8B;&#x5148;&#x5B9A;&#x7FA9;&#x56FA;&#x5B9A;&#x7684;&#x9577;&#x5EA6;&#xFF0C;&#x7A7A;&#x9593;&#x914D;&#x7F6E;&#x904E;&#x591A;&#x6703;&#x6D6A;&#x8CBB;&#x904E;&#x5C11;&#x6703;&#x4E0D;&#x5920;&#x4F7F;&#x7528;&#x3002;&lt;/span&gt;&lt;/p&gt;&#xD;
&#xD;
&lt;p&gt;&amp;nbsp;&amp;nbsp;&amp;nbsp;&amp;nbsp;&amp;nbsp;&amp;nbsp;&amp;nbsp;&amp;nbsp;&amp;nbsp; &amp;nbsp;&lt;/p&gt;&#xD;
&#xD;
&lt;p&gt;&lt;span style="font-family:&#x65B0;&#x7D30;&#x660E;&#x9AD4;,serif"&gt;&#x52D5;&#x614B;&#x9663;&#x5217;&#xFF1A;&lt;/span&gt;&lt;/p&gt;&#xD;
&#xD;
&lt;p&gt;&amp;nbsp;&amp;nbsp;&amp;nbsp;&amp;nbsp;&amp;nbsp;&amp;nbsp;&amp;nbsp;&amp;nbsp;&amp;nbsp; &lt;span style="font-family:&#x65B0;&#x7D30;&#x660E;&#x9AD4;,serif"&gt;&#x512A;&#x9EDE;&#xFF1A;&#x81EA;&#x7531;&#x5EA6;&#x9AD8;&#xFF0C;&#x80FD;&#x7C21;&#x55AE;&#x65B0;&#x589E;&#x548C;&#x522A;&#x9664;&#x5143;&#x7D20;&#xFF0C;&#x4E14;&#x6709;&#x5F48;&#x6027;&#x5EA6;&#xFF0C;&#x9700;&#x8981;&#x6642;&#x518D;&#x7D22;&#x53D6;&#xFF0C;&#x80FD;&#x6709;&#x6548;&#x7387;&#x7684;&#x4F7F;&#x7528;&#x7A7A;&#x9593;&#x3002;&lt;/span&gt;&lt;/p&gt;&#xD;
&#xD;
&lt;p&gt;&amp;nbsp;&amp;nbsp;&amp;nbsp;&amp;nbsp;&amp;nbsp;&amp;nbsp;&amp;nbsp;&amp;nbsp;&amp;nbsp; &lt;span style="font-family:&#x65B0;&#x7D30;&#x660E;&#x9AD4;,serif"&gt;&#x7F3A;&#x9EDE;&#xFF1A;&#x9700;&#x8981;&#x81EA;&#x884C;&#x91CB;&#x653E;&#x8A18;&#x61B6;&#x9AD4;&#x7A7A;&#x9593;&#x3002;&lt;/span&gt;&lt;/p&gt;</content>
  <attach></attach>
  <rcount></rcount>
  <rank></rank>
  <hit>23</hit>
  <lang>1</lang>
</data>
