<?xml version="1.0"?>
<data version="3.0" time="2024-07-19 08:59:17" type="post" filename="b000000012.xml">
  <open_time>0000-00-00</open_time>
  <close_time>0000-00-00</close_time>
  <lang_name>Big5</lang_name>
  <board_id>1001174272</board_id>
  <node>000000012</node>
  <site>1000110001</site>
  <pt>2022-09-26 21:40:27</pt>
  <poster>11027246</poster>
  <realname>&#x6797;&#x8A70;&#x8A60;  </realname>
  <email>a78419261@gmail.com</email>
  <homepage>  </homepage>
  <subject>109. &#x5982;&#x4F55;&#x5E6B;&#x9663;&#x5217;&#x5143;&#x7D20;&#x8A2D;&#x5B9A;&#x975E;&#x96F6;&#x7684;&#x521D;&#x59CB;&#x503C;&#xFF1F;&#x9808;&#x5BEB;&#x51FA;C++&#x7A0B;&#x5F0F;&#x78BC;&#x3002; </subject>
  <content>&lt;p&gt;#include &amp;lt;iostream&amp;gt;&lt;/p&gt;&#xD;
&#xD;
&lt;p&gt;using namespace std;&lt;/p&gt;&#xD;
&#xD;
&lt;p&gt;int main()&lt;br /&gt;&#xD;
{&lt;br /&gt;&#xD;
&amp;nbsp;&amp;nbsp; &amp;nbsp;int arr1[5] = {0, 1, 2, 3, 4}; // &#x6307;&#x5B9A;&#x9663;&#x5217;&#x9577;&#x5EA6;&amp;nbsp;&lt;br /&gt;&#xD;
&amp;nbsp;&amp;nbsp; &amp;nbsp;int arr2[] = {0, 1, 2, 3, 4}; // &#x4E0D;&#x6307;&#x5B9A;&#x9663;&#x5217;&#x9577;&#x5EA6; &#x6709;&#x521D;&#x503C;&#x500B;&#x6578;&#x6C7A;&#x5B9A;&#x9663;&#x5217;&#x9577;&#x5EA6;&amp;nbsp;&lt;br /&gt;&#xD;
}&lt;/p&gt; </content>
  <attach></attach>
  <rcount></rcount>
  <rank></rank>
  <hit>74</hit>
  <lang>1</lang>
</data>
