<?xml version="1.0"?>
<data version="3.0" time="2024-07-19 08:59:17" type="post" filename="b000000032.xml">
  <open_time>0000-00-00</open_time>
  <close_time>0000-00-00</close_time>
  <lang_name>Big5</lang_name>
  <board_id>1001174272</board_id>
  <node>000000032</node>
  <site>1000110001</site>
  <pt>2022-10-04 18:14:15</pt>
  <poster>11024202</poster>
  <realname>&#x5468;&#x9038;&#x5EA0;  </realname>
  <email>zhouy475@gmail.com</email>
  <homepage>  </homepage>
  <subject>110. &#x4F5C;&#x696D;&#x4E8C;&#x975C;&#x614B;&#x9663;&#x5217;&#x548C;&#x52D5;&#x614B;&#x9663;&#x5217;&#x6709;&#x4F55;&#x5DEE;&#x7570;&#xFF1F;&#x6307;&#x51FA;&#x5176;&#x512A;&#x7F3A;&#x9EDE;&#x3002; </subject>
  <content>&lt;p&gt;&#x975C;&#x614B;&#x9663;&#x5217;:&lt;/p&gt;&#xD;
&#xD;
&lt;p&gt;&#x512A;&#x9EDE;:&#x5728;&#x4F7F;&#x7528;&#x7D50;&#x675F;&#x5F8C;&#xFF0C;&#x6703;&#x81EA;&#x52D5;&#x91CB;&#x653E;&#x8A18;&#x61B6;&#x9AD4;&#x3002;&#x57F7;&#x884C;&#x6548;&#x7387;&#x9AD8;&#x3002;&lt;/p&gt;&#xD;
&#xD;
&lt;p&gt;&#x7F3A;&#x9EDE;:&#x5FC5;&#x9808;&#x5728;&#x7DE8;&#x8B6F;&#x524D;&#xFF0C;&#x5C31;&#x5148;&#x8A2D;&#x5B9A;&#x597D;&#x5927;&#x5C0F;&#xFF0C;&#x7121;&#x6CD5;&#x96A8;&#x6642;&#x589E;&#x52A0;&#x6E1B;&#x5C11;&#x3002;&lt;/p&gt;&#xD;
&#xD;
&lt;p&gt;&#x52D5;&#x614B;&#x9663;&#x5217;:&lt;/p&gt;&#xD;
&#xD;
&lt;p&gt;&#x512A;&#x9EDE;:&#x4E0D;&#x9808;&#x518D;&#x4F7F;&#x7528;&#x524D;&#xFF0C;&#x5148;&#x8A02;&#x597D;&#x5927;&#x5C0F;&#xFF0C;&#x53EF;&#x96A8;&#x81EA;&#x5DF1;&#x800C;&#x8B8A;&#x5927;&#x8B8A;&#x5C0F;&#x3002;&lt;/p&gt;&#xD;
&#xD;
&lt;p&gt;&#x7F3A;&#x9EDE;:&#x7D50;&#x675F;&#x6642;&#xFF0C;&#x9808;&#x7531;&#x5BEB;&#x7A0B;&#x5F0F;&#x8005;&#x4F86;&#x91CB;&#x653E;&#x8A18;&#x61B6;&#x9AD4;&#xFF0C;&#x4E14;&#x6548;&#x7387;&#x8F03;&#x4F4E;&#x3002;&lt;/p&gt; </content>
  <attach></attach>
  <rcount></rcount>
  <rank></rank>
  <hit>14</hit>
  <lang>1</lang>
</data>
