<?xml version="1.0"?>
<data version="3.0" time="2024-07-19 08:59:17" type="post" filename="b000000015.xml">
  <open_time>0000-00-00</open_time>
  <close_time>0000-00-00</close_time>
  <lang_name>Big5</lang_name>
  <board_id>1001174272</board_id>
  <node>000000015</node>
  <site>1000110001</site>
  <pt>2022-09-30 11:20:38</pt>
  <poster>11020112</poster>
  <realname>&#x8521;&#x6771;&#x9716;  </realname>
  <email>s11020112@cycu.edu.tw</email>
  <homepage>  </homepage>
  <subject>106. &#x905E;&#x8FF4;&#x547C;&#x53EB;&#x70BA;&#x4F55;&#x6703;&#x9020;&#x6210;&#x8A18;&#x61B6;&#x9AD4;&#x5340;&#x6BB5;&#x932F;&#x8AA4;&#xFF1F; </subject>
  <content>&lt;p&gt;&lt;strong&gt;&#x905E;&#x8FF4;&#x547C;&#x53EB;&#x7684;&#x6B21;&#x6578;&#x592A;&#x591A;&#x5BB9;&#x6613;&#x9020;&#x6210;&#x8A18;&#x61B6;&#x9AD4;&#x932F;&#x4E82;&#xFF0C;&#x53EF;&#x80FD;&#x662F;&#x56E0;&#x70BA;&#x6C92;&#x9054;&#x5230;&#x7D42;&#x6B62;&#x689D;&#x4EF6;&#x800C;&#x5F62;&#x6210;&#x7121;&#x7AAE;&#x905E;&#x8FF4;&#xFF0C;&#x9020;&#x6210;&#x5806;&#x758A;&#x6EA2;&#x4F4D;&#x3002;&lt;/strong&gt;&lt;/p&gt; </content>
  <attach></attach>
  <rcount></rcount>
  <rank></rank>
  <hit>42</hit>
  <lang>1</lang>
</data>
