<?xml version="1.0"?>
<data version="3.0" time="2024-07-19 08:59:17" type="post" filename="b000000018000000002.xml">
  <open_time>0000-00-00</open_time>
  <close_time>0000-00-00</close_time>
  <lang_name>Big5</lang_name>
  <board_id>1001174272</board_id>
  <node>000000018000000002</node>
  <site>1000110001</site>
  <pt>2022-10-02 01:02:16</pt>
  <poster>11027229</poster>
  <realname>&#x5353;&#x69AE;&#x6689;  </realname>
  <email>intercoursedr@gmail.com</email>
  <homepage>  </homepage>
  <subject>Re: 110. &#x4F5C;&#x696D;&#x4E8C;&#x975C;&#x614B;&#x9663;&#x5217;&#x548C;&#x52D5;&#x614B;&#x9663;&#x5217;&#x6709;&#x4F55;&#x5DEE;&#x7570;&#xFF1F;&#x6307;&#x51FA;&#x5176;&#x512A;&#x7F3A;&#x9EDE;&#x3002;*  </subject>
  <content>&lt;p&gt;&#x5229;&#x7528;&#x8868;&#x683C;&#x8A73;&#x7D30;&#x4ECB;&#x7D39;&#x5169;&#x8005;&#x512A;&#x7F3A;&#x9EDE; &#x63A8;&lt;/p&gt; </content>
  <attach></attach>
  <rcount></rcount>
  <rank></rank>
  <hit>1</hit>
  <lang>1</lang>
</data>
