<?xml version="1.0"?>
<data version="3.0" time="2024-07-19 08:59:17" type="post" filename="b000000010.xml">
  <open_time>0000-00-00</open_time>
  <close_time>0000-00-00</close_time>
  <lang_name>Big5</lang_name>
  <board_id>1001174272</board_id>
  <node>000000010</node>
  <site>1000110001</site>
  <pt>2022-09-25 19:30:23</pt>
  <poster>11027202</poster>
  <realname>&#x9EC3;&#x6977;&#x5091;  </realname>
  <email>nikiwu90@hotmail.com</email>
  <homepage>  </homepage>
  <subject>109. &#x5982;&#x4F55;&#x5E6B;&#x9663;&#x5217;&#x5143;&#x7D20;&#x8A2D;&#x5B9A;&#x975E;&#x96F6;&#x7684;&#x521D;&#x59CB;&#x503C;&#xFF1F;&#x9808;&#x5BEB;&#x51FA;C++&#x7A0B;&#x5F0F;&#x78BC;&#x3002; </subject>
  <content>&lt;p&gt;#include&amp;lt;iostream&amp;gt;&lt;/p&gt;&#xD;
&#xD;
&lt;p&gt;using namespace std;&lt;/p&gt;&#xD;
&#xD;
&lt;p&gt;int main() {&lt;/p&gt;&#xD;
&#xD;
&lt;p&gt;&amp;nbsp; &amp;nbsp; char anArray[5] = { &amp;#39;H&amp;#39;, &amp;#39;e&amp;#39;, &amp;#39;l&amp;#39;, &amp;#39;l&amp;#39;, &amp;#39;o&amp;#39; };&lt;/p&gt;&#xD;
&#xD;
&lt;p&gt;&amp;nbsp; &amp;nbsp; int num[5] = { 1, 2, 3, 4, 5 };&lt;/p&gt;&#xD;
&#xD;
&lt;p&gt;&amp;nbsp; &amp;nbsp; for( int i = 0 ; i &amp;lt; 5 ; i++ ) {&lt;/p&gt;&#xD;
&#xD;
&lt;p&gt;&amp;nbsp; &amp;nbsp; &amp;nbsp; &amp;nbsp; cout &amp;lt;&amp;lt; anArray[i] &amp;lt;&amp;lt; &amp;quot; : &amp;quot; &amp;lt;&amp;lt; num[i];&lt;/p&gt;&#xD;
&#xD;
&lt;p&gt;&amp;nbsp; &amp;nbsp; } // for&lt;/p&gt;&#xD;
&#xD;
&lt;p&gt;} // main()&lt;/p&gt; </content>
  <attach></attach>
  <rcount></rcount>
  <rank></rank>
  <hit>53</hit>
  <lang>1</lang>
</data>
