<?xml version="1.0"?>
<data version="3.0" time="2024-07-19 08:59:17" type="post" filename="b000000013.xml">
  <open_time>0000-00-00</open_time>
  <close_time>0000-00-00</close_time>
  <lang_name>Big5</lang_name>
  <board_id>1001174272</board_id>
  <node>000000013</node>
  <site>1000110001</site>
  <pt>2022-09-26 22:11:41</pt>
  <poster>11027257</poster>
  <realname>&#x6D2A;&#x6684;&#x59AE;  </realname>
  <email>nini20035290@gmail.com</email>
  <homepage> </homepage>
  <subject>106. &#x905E;&#x8FF4;&#x547C;&#x53EB;&#x70BA;&#x4F55;&#x6703;&#x9020;&#x6210;&#x8A18;&#x61B6;&#x9AD4;&#x5340;&#x6BB5;&#x932F;&#x8AA4;&#xFF1F; </subject>
  <content>&lt;p&gt;&#x5728;&#x57F7;&#x884C;&#x905E;&#x8FF4;&#x6642;&#xFF0C;&#x5C1A;&#x672A;&#x88AB;&#x5B8C;&#x6210;&#x7684;function&#x6703;&#x88AB;&#x66AB;&#x653E;&#x5728;&#x8A18;&#x61B6;&#x9AD4;&#x4E2D;&#x7684;stack&#x5340;&#x7B49;&#x5F85;&#x8655;&#x7406;&#x3002;&lt;/p&gt;&#xD;
&#xD;
&lt;p&gt;&#x7136;&#x800C;&#x82E5;&#x662F;&#x51FA;&#x73FE;&#x4EE5;&#x4E0B;&#x4EFB;&#x4E00;&#x60C5;&#x5F62; :&lt;/p&gt;&#xD;
&#xD;
&lt;ul&gt;&#xD;
	&lt;li&gt;&#x50B3;&#x5165;&#x8CC7;&#x6599;&#x904E;&#x591A;&lt;/li&gt;&#xD;
	&lt;li&gt;&#x905E;&#x8FF4;&#x70BA;&#x7121;&#x7AAE;&#x905E;&#x8FF4;&#xFF0C;&#x7121;&#x6CD5;&#x7D42;&#x6B62;(&#x5B83;&#x5C31;&#x6703;&#x72C2;&#x547C;&#x53EB;&#x81EA;&#x5DF1; &#x7522;&#x751F;&#x4E00;&#x5806;function&#x5360;&#x7528;stack&#x7A7A;&#x9593;)&lt;/li&gt;&#xD;
&lt;/ul&gt;&#xD;
&#xD;
&lt;p&gt;&#x5C31;&#x5F88;&#x53EF;&#x80FD;&#x9020;&#x6210;&lt;span style="color:#ff0000"&gt;stack overflow(&#x5806;&#x758A;&#x6EA2;&#x4F4D;)&lt;/span&gt;&#xFF0C;&#x800C;stack overflow&#x5247;&#x662F;&#x6B64;&#x60C5;&#x6CC1;&#x4E2D;&#x5C0E;&#x81F4;&#x8A18;&#x61B6;&#x9AD4;&#x5340;&#x6BB5;&#x932F;&#x8AA4;&#x7684;&#x539F;&#x56E0;&#x3002;&lt;/p&gt;</content>
  <attach></attach>
  <rcount></rcount>
  <rank></rank>
  <hit>91</hit>
  <lang>1</lang>
</data>
