<?xml version="1.0"?>
<data version="3.0" time="2024-07-19 08:59:17" type="post" filename="b000000003.xml">
  <open_time>0000-00-00</open_time>
  <close_time>0000-00-00</close_time>
  <lang_name>Big5</lang_name>
  <board_id>1001174272</board_id>
  <node>000000003</node>
  <site>1000110001</site>
  <pt>2022-09-21 13:05:58</pt>
  <poster>11027222</poster>
  <realname>&#x9EC3;&#x5F65;&#x9716;  </realname>
  <email>yenlin3101@gmail.com</email>
  <homepage> </homepage>
  <subject>110. &#x4F5C;&#x696D;&#x4E8C;&#x975C;&#x614B;&#x9663;&#x5217;&#x548C;&#x52D5;&#x614B;&#x9663;&#x5217;&#x6709;&#x4F55;&#x5DEE;&#x7570;&#xFF1F;&#x6307;&#x51FA;&#x5176;&#x512A;&#x7F3A;&#x9EDE;&#x3002; </subject>
  <content>&lt;p&gt;&#x975C;&#x614B;&#x9663;&#x5217;:&#x5728;stack&#x4E0A;&#x5132;&#x5B58; &#x512A;&#x9EDE;:&#x56FA;&#x5B9A;&#x5927;&#x5C0F;&#xFF0C;&#x5132;&#x5B58;&#x7A7A;&#x9593;&#x7531;&#x7DE8;&#x8B6F;&#x5668;&#x6C7A;&#x5B9A;&#xFF0C;&#x7528;&#x5B8C;&#x7CFB;&#x7D71;&#x6703;&#x91CB;&#x653E;&#x8A18;&#x61B6;&#x9AD4;&#x4E0D;&#x5360;&#x7A7A;&#x9593;&#x3002; &#x7F3A;&#x9EDE;:&#x8CC7;&#x6599;&#x589E;&#x6E1B;&#x4E0D;&#x4FBF;&#x3002;&lt;/p&gt;&#xD;
&#xD;
&lt;p&gt;&#x52D5;&#x614B;&#x9663;&#x5217;:&#x5728;heap&#x4E0A;&#x5132;&#x5B58; &#x512A;&#x9EDE;:&#x5927;&#x5C0F;&#x53EF;&#x6539;&#x8B8A;&#xFF0C;&#x6709;&#x6548;&#x5229;&#x7528;&#x5132;&#x5B58;&#x7A7A;&#x9593;&#x3002; &#x7F3A;&#x9EDE;:&#x4F7F;&#x7528;&#x5B8C;&#x8981;&#x624B;&#x52D5;&#x91CB;&#x653E;&#xFF0C;&#x53EF;&#x80FD;&#x9020;&#x6210;&#x8A18;&#x61B6;&#x9AD4;&#x6D29;&#x6F0F;&#x3002;&lt;/p&gt;</content>
  <attach></attach>
  <rcount></rcount>
  <rank></rank>
  <hit>123</hit>
  <lang>1</lang>
</data>
