<?xml version="1.0"?>
<data version="3.0" time="2024-07-19 08:59:17" type="post" filename="b000000019.xml">
  <open_time>0000-00-00</open_time>
  <close_time>0000-00-00</close_time>
  <lang_name>Big5</lang_name>
  <board_id>1001174272</board_id>
  <node>000000019</node>
  <site>1000110001</site>
  <pt>2022-10-01 22:53:35</pt>
  <poster>11027238</poster>
  <realname>&#x738B;&#x7D2B;&#x85B0;  </realname>
  <email>isawang92@gmail.com</email>
  <homepage>  </homepage>
  <subject>110. &#x4F5C;&#x696D;&#x4E8C;&#x975C;&#x614B;&#x9663;&#x5217;&#x548C;&#x52D5;&#x614B;&#x9663;&#x5217;&#x6709;&#x4F55;&#x5DEE;&#x7570;&#xFF1F;&#x6307;&#x51FA;&#x5176;&#x512A;&#x7F3A;&#x9EDE;&#x3002;* </subject>
  <content>&lt;p&gt;&amp;lt; &#x975C;&#x614B;&#x9663;&#x5217; &amp;gt;&lt;br /&gt;&#xD;
1.&#x5BA3;&#x544A;&#x6642;&#x5DF2;&#x78BA;&#x5B9A;&#x80FD;&#x5132;&#x5B58;&#x7684;&#x7A7A;&#x9593;&#x5927;&#x5C0F;&#x4E0D;&#x80FD;&#x66F4;&#x52D5;&lt;br /&gt;&#xD;
2.&#x5F9E;&#x68E7;&#x4E2D;&#x5206;&#x914D;&#x7A7A;&#x9593;&lt;br /&gt;&#xD;
3.&#x8A18;&#x61B6;&#x9AD4;&#x4F7F;&#x7528;&#x7D50;&#x675F;&#x5F8C;&#x6703;&#x81EA;&#x52D5;&#x91CB;&#x653E;&lt;/p&gt;&#xD;
&#xD;
&lt;p&gt;&amp;lt; &#x52D5;&#x614B;&#x9663;&#x5217; &amp;gt;&lt;br /&gt;&#xD;
1.&#x5BA3;&#x544A;&#x6642;&#x7121;&#x9808;&#x78BA;&#x5B9A;&#x80FD;&#x5132;&#x5B58;&#x7A7A;&#x9593;&#x5927;&#x5C0F;&#xFF0C;&#x53EF;&#x4F9D;&#x64DA;&#x4E0D;&#x540C;&#x689D;&#x4EF6;&#x7B49;&#x6709;&#x6240;&#x589E;&#x6E1B;&#x5143;&#x7D20;&#xFF0C;&#x81EA;&#x7531;&#x5EA6;&#x5927;&lt;br /&gt;&#xD;
2.&#x5F9E;&#x5806;&#x4E2D;&#x5206;&#x914D;&#x7A7A;&#x9593;&lt;br /&gt;&#xD;
3.&#x8A18;&#x61B6;&#x9AD4;&#x4E0D;&#x4F7F;&#x7528;&#x6642;&#x9808;&#x81EA;&#x884C;&#x91CB;&#x653E;&#x7A7A;&#x9593;&lt;/p&gt; </content>
  <attach></attach>
  <rcount></rcount>
  <rank></rank>
  <hit>40</hit>
  <lang>1</lang>
</data>
