<?xml version="1.0"?>
<data version="3.0" time="2024-07-19 08:59:17" type="post" filename="b000000014.xml">
  <open_time>0000-00-00</open_time>
  <close_time>0000-00-00</close_time>
  <lang_name>Big5</lang_name>
  <board_id>1001174272</board_id>
  <node>000000014</node>
  <site>1000110001</site>
  <pt>2022-09-29 20:50:05</pt>
  <poster>11027239</poster>
  <realname>&#x90B1;&#x5BA5;&#x6587;  </realname>
  <email>ivan42095108@gmail.com</email>
  <homepage> </homepage>
  <subject>110. &#x4F5C;&#x696D;&#x4E8C;&#x975C;&#x614B;&#x9663;&#x5217;&#x548C;&#x52D5;&#x614B;&#x9663;&#x5217;&#x6709;&#x4F55;&#x5DEE;&#x7570;&#xFF1F;&#x6307;&#x51FA;&#x5176;&#x512A;&#x7F3A;&#x9EDE;&#x3002; </subject>
  <content>&lt;p&gt;&#x975C;&#x614B;&#x9663;&#x5217;&#xFF1A;&#x5927;&#x5C0F;&#x5728;&#x5B9A;&#x7FA9;&#x6642;&#x5C31;&#x56FA;&#x5B9A; &amp;nbsp; &#x512A;&#x9EDE;&#xFF1A;&#x5728;&#x51FD;&#x5F0F;&#x57F7;&#x884C;&#x5B8C;&#x5F8C;&#x7CFB;&#x7D71;&#x6703;&#x81EA;&#x52D5;&#x92B7;&#x6BC0; &amp;nbsp; &amp;nbsp;&#x7F3A;&#x9EDE;&#xFF1A;&#x5927;&#x5C0F;&#x56FA;&#x5B9A;&#xFF0C;&#x7121;&#x6CD5;&#x4F9D;&#x7167;&#x4E0D;&#x540C;&#x9700;&#x6C42;&#x589E;&#x6E1B;&lt;/p&gt;&#xD;
&#xD;
&lt;p&gt;&#x52D5;&#x614B;&#x9663;&#x916C;&#xFF1A;&#x5927;&#x5C0F;&#x53EF;&#x5728;&#x57F7;&#x884C;&#x6642;&#x6307;&#x5B9A; &amp;nbsp; &#x512A;&#x9EDE;&#xFF1A;&#x53EF;&#x4EE5;&#x9700;&#x6C42;&#x7522;&#x751F;&#x4E0D;&#x540C;&#x5927;&#x5C0F;&#x4E4B;&#x9663;&#x5217; &amp;nbsp; &amp;nbsp; &amp;nbsp; &#x7F3A;&#x9EDE;&#xFF1A;&#x5728;&#x4F7F;&#x7528;&#x5B8C;&#x5F8C;&#x9700;delete&#x6389;&#xFF0C;&#x4E0D;&#x7136;&#x53EF;&#x80FD;&#x6703;&#x9020;&#x6210;&#x8A18;&#x61B6;&#x9AD4;&#x6D29;&#x6F0F;&lt;/p&gt;</content>
  <attach></attach>
  <rcount></rcount>
  <rank></rank>
  <hit>48</hit>
  <lang>1</lang>
</data>
