<?xml version="1.0"?>
<data version="3.0" time="2024-07-19 08:59:17" type="post" filename="b000000028.xml">
  <open_time>0000-00-00</open_time>
  <close_time>0000-00-00</close_time>
  <lang_name>Big5</lang_name>
  <board_id>1001174272</board_id>
  <node>000000028</node>
  <site>1000110001</site>
  <pt>2022-10-04 00:11:32</pt>
  <poster>11027252</poster>
  <realname>&#x8449;&#x5FC3;&#x51CC;  </realname>
  <email>yey052422@gmail.com</email>
  <homepage>  </homepage>
  <subject>110. &#x4F5C;&#x696D;&#x4E8C;&#x975C;&#x614B;&#x9663;&#x5217;&#x548C;&#x52D5;&#x614B;&#x9663;&#x5217;&#x6709;&#x4F55;&#x5DEE;&#x7570;&#xFF1F;&#x6307;&#x51FA;&#x5176;&#x512A;&#x7F3A;&#x9EDE;&#x3002;* </subject>
  <content>&lt;p&gt;&#x975C;&#x614B;&#x9663;&#x5217;&#xFF1A;&#x5BA3;&#x544A;&#x6642;&#x8981;&#x8A2D;&#x5B9A;&#x9663;&#x5217;&#x9577;&#x5EA6;&#xFF0C;&#x5F85;&#x7A0B;&#x5F0F;&#x7D50;&#x675F;&#x6642;&#x8A18;&#x61B6;&#x9AD4;&#x81EA;&#x884C;&#x91CB;&#x653E;&lt;/p&gt;&#xD;
&#xD;
&lt;p&gt;&amp;nbsp; &amp;nbsp; &amp;nbsp; &amp;nbsp; &amp;nbsp; &amp;nbsp; &amp;nbsp; &amp;nbsp; &#x512A;&#x9EDE;&#xFF1A;&#x6548;&#x7387;&#x9AD8;&#xFF0C;&#x4E0D;&#x7528;&#x518D;&#x91CB;&#x653E;&#x8A18;&#x61B6;&#x9AD4;&lt;/p&gt;&#xD;
&#xD;
&lt;p&gt;&amp;nbsp; &amp;nbsp; &amp;nbsp; &amp;nbsp; &amp;nbsp; &amp;nbsp; &amp;nbsp; &amp;nbsp; &#x7F3A;&#x9EDE;&#xFF1A; &#x5927;&#x5C0F;&#x56FA;&#x5B9A;&#xFF0C;&#x4E0D;&#x80FD;&#x5F48;&#x6027;&#x904B;&#x7528;&lt;/p&gt;&#xD;
&#xD;
&lt;p&gt;&#x52D5;&#x614B;&#x9663;&#x5217;&#xFF1A;&#x5BA3;&#x544A;&#x6642;&#x4E0D;&#x7528;&#x8A2D;&#x5B9A;&#x9663;&#x5217;&#x9577;&#x5EA6;&#xFF0C;&#x5F85;&#x7A0B;&#x5F0F;&#x7D50;&#x675F;&#x6642;&#x8A18;&#x61B6;&#x9AD4;&#x4E0D;&#x6703;&#x81EA;&#x884C;&#x91CB;&#x653E;&lt;/p&gt;&#xD;
&#xD;
&lt;p&gt;&amp;nbsp; &amp;nbsp; &amp;nbsp; &amp;nbsp; &amp;nbsp; &amp;nbsp; &amp;nbsp; &amp;nbsp; &#x512A;&#x9EDE;&#xFF1A;&#x53EF;&#x4EE5;&#x6709;&#x6548;&#x5730;&#x904B;&#x7528;&#x7A7A;&#x9593;&lt;/p&gt;&#xD;
&#xD;
&lt;p&gt;&amp;nbsp; &amp;nbsp; &amp;nbsp; &amp;nbsp; &amp;nbsp; &amp;nbsp; &amp;nbsp; &amp;nbsp; &#x7F3A;&#x9EDE;&#xFF1A;&#x6548;&#x7387;&#x4F4E;&#xFF0C;&#x9700;&#x81EA;&#x884C;&#x91CB;&#x653E;&#x8A18;&#x61B6;&#x9AD4;&lt;/p&gt; </content>
  <attach></attach>
  <rcount></rcount>
  <rank></rank>
  <hit>37</hit>
  <lang>1</lang>
</data>
