<?xml version="1.0"?>
<data version="3.0" time="2024-07-19 08:59:17" type="post" filename="b000000029.xml">
  <open_time>0000-00-00</open_time>
  <close_time>0000-00-00</close_time>
  <lang_name>Big5</lang_name>
  <board_id>1001174272</board_id>
  <node>000000029</node>
  <site>1000110001</site>
  <pt>2022-10-04 13:59:56</pt>
  <poster>11027216</poster>
  <realname>&#x6F58;&#x8449;&#x4F9D;&#x7433;  </realname>
  <email>jocelyn11027216@gmail.com</email>
  <homepage> </homepage>
  <subject>106. &#x905E;&#x8FF4;&#x547C;&#x53EB;&#x70BA;&#x4F55;&#x6703;&#x9020;&#x6210;&#x8A18;&#x61B6;&#x9AD4;&#x5340;&#x6BB5;&#x932F;&#x8AA4;&#xFF1F; </subject>
  <content>&lt;p&gt;&lt;span style="font-family:Arial,Helvetica,sans-serif"&gt;&lt;span style="font-size:14px"&gt;&#x5728;&#x905E;&#x8FF4;&#x7684;&#x6BCF;&#x4E00;&#x6B65;&#x60F3;&#x8981;&#x56DE;&#x50B3;&#xFF0C;&#x4F46;&#x4ECD;&#x7136;&lt;strong&gt;&#x6709;&#x6C92;&#x8FA6;&#x6CD5;&#x8655;&#x7406;&#x7684;&#x90E8;&#x4EFD;&#x6642;&lt;/strong&gt;&#xFF0C;&#x5C31;&#x6703;&#x5148;&#x628A;&#x76EE;&#x524D;&#x7684;&#x6771;&#x897F;&#xFF0C;&#x653E;&#x5230;&#x8A18;&#x61B6;&#x9AD4;&#x88E1;&#x53EB;&#x505A; &lt;strong&gt;stack (&#x5806;&#x68E7;&lt;/strong&gt;&lt;strong&gt;)&lt;/strong&gt; &#x7684;&#x5730;&#x65B9;&lt;/span&gt;&lt;/span&gt;&lt;/p&gt;&#xD;
&#xD;
&lt;ol&gt;&#xD;
	&lt;li&gt;&lt;span style="font-family:Arial,Helvetica,sans-serif"&gt;&lt;span style="font-size:14px"&gt;&#x82E5;&#x905E;&#x8FF4;&#x547C;&#x53EB;&#x904E;&#x91CF;&#x4F7F;&#x5806;&#x758A;&#x7206;&#x4E86;&#xFF0C;&#x5C31;&#x6703;&#x9020;&#x6210;&amp;nbsp;Stack Overflow&amp;nbsp;Error &#x3002;&lt;/span&gt;&lt;/span&gt;&lt;/li&gt;&#xD;
	&lt;li&gt;&lt;span style="font-family:Arial,Helvetica,sans-serif"&gt;&lt;span style="font-size:14px"&gt;&#x7121;&#x9650;&#x905E;&#x8FF4;&#xFF0C;&#x7D42;&#x6B62;&#x689D;&#x4EF6;&#x672A;&#x8A2D;&#x5B9A;&#x597D;&#xFF0C;&#x5C0E;&#x81F4;&#x7684;&#x5806;&#x758A;&#x6EA2;&#x4F4D;&lt;/span&gt;&lt;/span&gt;&lt;/li&gt;&#xD;
&lt;/ol&gt;</content>
  <attach></attach>
  <rcount></rcount>
  <rank></rank>
  <hit>29</hit>
  <lang>1</lang>
</data>
