<?xml version="1.0"?>
<data version="3.0" time="2024-07-19 08:59:17" type="post" filename="b000000006.xml">
  <open_time>0000-00-00</open_time>
  <close_time>0000-00-00</close_time>
  <lang_name>Big5</lang_name>
  <board_id>1001174272</board_id>
  <node>000000006</node>
  <site>1000110001</site>
  <pt>2022-09-21 17:37:00</pt>
  <poster>03108153</poster>
  <realname>&#x674E;&#x7ACB;&#x7FA4;  </realname>
  <email>espoir520@gmail.com</email>
  <homepage>  </homepage>
  <subject>106. &#x905E;&#x8FF4;&#x547C;&#x53EB;&#x70BA;&#x4F55;&#x6703;&#x9020;&#x6210;&#x8A18;&#x61B6;&#x9AD4;&#x5340;&#x6BB5;&#x932F;&#x8AA4;&#xFF1F; </subject>
  <content>&lt;p&gt;&lt;span style="color:#0000ff"&gt;&lt;strong&gt;1.&#x905E;&#x8FF4;&#x547C;&#x53EB;&#x968E;&#x5C64;&#x6578;&#x592A;&#x591A;&amp;nbsp; or&lt;/strong&gt;&lt;/span&gt;&lt;/p&gt;&#xD;
&#xD;
&lt;p&gt;&lt;span style="color:#0000ff"&gt;&lt;strong&gt;2.&#x905E;&#x8FF4;&#x672A;&#x6B63;&#x78BA;&#x8A2D;&#x5B9A;&#x7D42;&#x6B62;&#x689D;&#x4EF6;&amp;nbsp; or&lt;/strong&gt;&lt;/span&gt;&lt;/p&gt;&#xD;
&#xD;
&lt;p&gt;&lt;span style="color:#0000ff"&gt;&lt;strong&gt;3.&#x905E;&#x8FF4;&#x672A;&#x5982;&#x9810;&#x671F;&#x9054;&#x5230;&#x7D42;&#x6B62;&#x689D;&#x4EF6;&amp;nbsp; then&lt;/strong&gt;&lt;/span&gt;&lt;/p&gt;&#xD;
&#xD;
&lt;p&gt;&lt;strong&gt;&lt;span style="color:#ff0000"&gt;-&amp;gt;&amp;nbsp;Stack Overflow -&amp;gt;&lt;/span&gt;&lt;/strong&gt;&lt;strong&gt;&lt;span style="color:#ff0000"&gt;&#x8A66;&#x5716;&#x5B58;&#x53D6; &#x7121;&#x6B0A;&#x9650;/&#x4E0D;&#x5408;&#x6CD5;/&#x4E0D;&#x5B58;&#x5728; &#x7684;&#x8A18;&#x61B6;&#x9AD4;&#x5340;&#x6BB5; -&amp;gt;&lt;/span&gt;&lt;/strong&gt;&lt;em&gt;&lt;strong&gt;&lt;span style="color:#ff0000"&gt;Memory Segment Fault&lt;/span&gt;&lt;/strong&gt;&lt;/em&gt;&lt;/p&gt; </content>
  <attach></attach>
  <rcount></rcount>
  <rank></rank>
  <hit>105</hit>
  <lang>1</lang>
</data>
