<?xml version="1.0"?>
<data version="3.0" time="2024-07-19 08:59:17" type="post" filename="b000000016.xml">
  <open_time>0000-00-00</open_time>
  <close_time>0000-00-00</close_time>
  <lang_name>Big5</lang_name>
  <board_id>1001174272</board_id>
  <node>000000016</node>
  <site>1000110001</site>
  <pt>2022-09-30 23:27:10</pt>
  <poster>11027221</poster>
  <realname>&#x694A;&#x8CBD;&#x5A77;  </realname>
  <email>nicoleyang8899@gmail.com</email>
  <homepage>  </homepage>
  <subject>110. &#x4F5C;&#x696D;&#x4E8C;&#x975C;&#x614B;&#x9663;&#x5217;&#x548C;&#x52D5;&#x614B;&#x9663;&#x5217;&#x6709;&#x4F55;&#x5DEE;&#x7570;&#xFF1F;&#x6307;&#x51FA;&#x5176;&#x512A;&#x7F3A;&#x9EDE;&#x3002;* </subject>
  <content>&lt;p&gt;&lt;span style="font-family:&#x65B0;&#x7D30;&#x660E;&#x9AD4;,serif"&gt;&#x975C;&#x614B;&#x9663;&#x5217;&#xFF1A;&#x5728;&#x5BA3;&#x544A;&#x9663;&#x5217;&#x6642;&#xFF0C;&#x5DF2;&#x7D93;&#x6C7A;&#x5B9A;&#x4E86;&#x6B64;&#x9663;&#x5217;&#x7684;&#x5C3A;&#x5BF8;&lt;/span&gt;&lt;/p&gt;&#xD;
&#xD;
&lt;p&gt;&lt;span style="font-family:&#x65B0;&#x7D30;&#x660E;&#x9AD4;,serif"&gt;&#x512A;&#x9EDE;&#xFF1A;&#x53EF;&#x7BC0;&#x7701;&#x8A18;&#x61B6;&#x9AD4;&#x7A7A;&#x9593;&#xFF0C;&#x7528;&#x5B8C;&#x5F8C;&#x4E0D;&#x9700;&#x53E6;&#x5916;&#x522A;&#x9664;&lt;/span&gt;&lt;/p&gt;&#xD;
&#xD;
&lt;p&gt;&lt;span style="font-family:&#x65B0;&#x7D30;&#x660E;&#x9AD4;,serif"&gt;&#x7F3A;&#x9EDE;&#xFF1A;&#x5728;&#x57F7;&#x884C;&#x7A0B;&#x5F0F;&#x4E2D;&#x7121;&#x6CD5;&#x4EFB;&#x610F;&#x66F4;&#x52D5;&#x6B64;&#x9663;&#x5217;&#x7684;&#x5927;&#x5C0F;&lt;/span&gt;&lt;/p&gt;&#xD;
&#xD;
&lt;p&gt;&lt;span style="font-family:&#x65B0;&#x7D30;&#x660E;&#x9AD4;,serif"&gt;&#x52D5;&#x614B;&#x9663;&#x5217;&#xFF1A;&#x5728;&#x57F7;&#x884C;&#x7A0B;&#x5F0F;&#x6642;&#xFF0C;&#x4ECD;&#x7136;&#x80FD;&#x5920;&#x66F4;&#x52D5;&#x9663;&#x5217;&#x7684;&#x5C3A;&#x5BF8;&lt;/span&gt;&lt;/p&gt;&#xD;
&#xD;
&lt;p&gt;&lt;span style="font-family:&#x65B0;&#x7D30;&#x660E;&#x9AD4;,serif"&gt;&#x512A;&#x9EDE;&#xFF1A;&#x53EF;&#x4EE5;&#x6709;&#x6548;&#x5229;&#x7528;&#x5132;&#x5B58;&#x7A7A;&#x9593;&#xFF0C;&#x63D2;&#x5165;&#x5176;&#x4ED6;&#x9663;&#x5217;&#x6642;&#xFF0C;&#x6703;&#x6BD4;&#x8F03;&#x8F15;&#x9B06;&lt;/span&gt;&lt;/p&gt;&#xD;
&#xD;
&lt;p&gt;&lt;span style="font-family:&#x65B0;&#x7D30;&#x660E;&#x9AD4;,serif"&gt;&#x7F3A;&#x9EDE;&#xFF1A;&#x6BCF;&#x4E00;&#x6B21;&#x7684;&#x8CC7;&#x6599;&#x8981;&#x984D;&#x5916;&#x9023;&#x63A5;&#xFF0C;&#x7528;&#x5B8C;&#x8CC7;&#x6599;&#x5F8C;&#x8981;&#x53E6;&#x5916;&#x505A;&#x522A;&#x9664;&#x52D5;&#x4F5C;&lt;/span&gt;&lt;/p&gt; </content>
  <attach></attach>
  <rcount></rcount>
  <rank></rank>
  <hit>51</hit>
  <lang>1</lang>
</data>
