<?xml version="1.0"?>
<data version="3.0" time="2024-07-19 08:59:17" type="post" filename="b000000005.xml">
  <open_time>0000-00-00</open_time>
  <close_time>0000-00-00</close_time>
  <lang_name>Big5</lang_name>
  <board_id>1001174272</board_id>
  <node>000000005</node>
  <site>1000110001</site>
  <pt>2022-09-21 16:16:02</pt>
  <poster>10911101</poster>
  <realname>&#x912D;&#x7693;&#x5143;  </realname>
  <email>xpoi5020@gmail.com</email>
  <homepage>  </homepage>
  <subject>106. &#x905E;&#x8FF4;&#x547C;&#x53EB;&#x70BA;&#x4F55;&#x6703;&#x9020;&#x6210;&#x8A18;&#x61B6;&#x9AD4;&#x5340;&#x6BB5;&#x932F;&#x8AA4;&#xFF1F; </subject>
  <content>&lt;p&gt;&#x5728;&#x4E00;&#x500B;&#x7A0B;&#x5F0F;&#x958B;&#x59CB;&#x6642;&#x6216;&#x662F;&#x4E00;&#x500B;&#x7DDA;&#x7A0B;&#x5EFA;&#x7ACB;&#x6642;&#xFF0C;&lt;br /&gt;&#xD;
&#x6703;&#x4E8B;&#x5148;&#x5360;&#x7528;&#x4E00;&#x500B;&#x56FA;&#x5B9A;&#x5927;&#x5C0F;(&#x5927;&#x5C0F;&#x53D6;&#x6C7A;&#x65BC;&#x7DE8;&#x8B6F;&#x5668;&#x8A2D;&#x5B9A;)&#x7684;&#x8A18;&#x61B6;&#x9AD4;&#x7A7A;&#x9593;&#x7528;&#x4F86;&#x5B58;&#x653E;&#x547C;&#x53EB;&#x5806;&#x758A;&#x3002;&lt;/p&gt;&#xD;
&#xD;
&lt;p&gt;&#x51FD;&#x6578;&#x547C;&#x53EB;&#x6642;&#xFF0C;&#x6703;&#x628A;&#x4E0A;&#x4E00;&#x5C64;&#x7684;&#x51FD;&#x6578;(&#x547C;&#x53EB;&#x6B64;&#x51FD;&#x6578;&#x7684;&#x51FD;&#x6578;)&#x6240;&#x4F7F;&#x7528;&#x7684;&#x5B50;&#x5806;&#x758A;&#x57FA;&#x5E95;&#x4F4D;&#x7F6E;&#x653E;&#x5165;&#x4E0A;&#x4E00;&#x5C64;&#x51FD;&#x6578;&#x7684;&#x5B50;&#x5806;&#x758A;&#x4E2D;&#xFF0C;&lt;br /&gt;&#xD;
&#x4EE5;&#x53CA;&#x653E;&#x5165;&#x51FD;&#x6578;&#x547C;&#x53EB;&#x7D50;&#x675F;&#x5F8C;&#x4E0B;&#x4E00;&#x500B;&#x57F7;&#x884C;&#x6307;&#x4EE4;&#x7684;&#x4F4D;&#x7F6E;&#xFF0C;&lt;br /&gt;&#xD;
&#x7136;&#x5F8C;&#x624D;&#x6703;&#x5728;&#x547C;&#x53EB;&#x5806;&#x758A;&#x4E0A;&#x653E;&#x5165;&#x4E00;&#x500B;&#x5B50;&#x5806;&#x758A;(&#x9019;&#x500B;&#x5B50;&#x5806;&#x758A;&#x662F;&#x758A;&#x5728;&#x4E0A;&#x4E00;&#x5C64;&#x51FD;&#x6578;&#x7684;&#x5B50;&#x5806;&#x758A;&#x4E0A;&#x9762;)&lt;br /&gt;&#xD;
&#x63A5;&#x8457;&#x628A;&#x975C;&#x614B;&#x8B8A;&#x6578;&#x653E;&#x5165;&#x5B50;&#x5806;&#x758A;&#x4E2D;&#x3002;&lt;br /&gt;&#xD;
&#x540C;&#x6642;&#x70BA;&#x4E86;&#x9632;&#x6B62;&#x9019;&#x500B;&#x51FD;&#x6578;&#x57F7;&#x884C;&#x5B8C;&#x5F8C;&#x6539;&#x8B8A;&#x4E0A;&#x4E00;&#x500B;&#x51FD;&#x6578;&#x547C;&#x53EB;&#x524D;&#x7684;&#x66AB;&#x5B58;&#x5668;&#x6578;&#x503C;&#xFF0C;&#x5C0E;&#x81F4;&#x904B;&#x7B97;&#x932F;&#x8AA4;&#xFF0C;&lt;br /&gt;&#xD;
&#x6240;&#x4EE5;&#x9019;&#x500B;&#x5B50;&#x5806;&#x758A;&#x4E5F;&#x6703;&#x653E;&#x5165;&#x6703;&#x5728;&#x9019;&#x500B;&#x51FD;&#x6578;&#x7528;&#x5230;&#x7684;&#x66AB;&#x5B58;&#x5668;&#x539F;&#x672C;&#x7684;&#x6578;&#x503C;&#xFF0C;&#x5728;&#x51FD;&#x6578;&#x57F7;&#x884C;&#x5B8C;&#x5F8C;&#x518D;&#x628A;&#x5B83;&#x62BC;&#x51FA;&#x4E26;&#x653E;&#x56DE;&#x539F;&#x4F4D;&#xFF0C;&lt;br /&gt;&#xD;
&#x6240;&#x4EE5;&#x6B64;&#x6642;&#x7684;&#x547C;&#x53EB;&#x5806;&#x758A;&#x5927;&#x6982;&#x6703;&#x9577;&#x9019;&#x6A23;(&#x8996;&#x7DE8;&#x8B6F;&#x5668;&#x800C;&#x5B9A;&#xFF0C;&#x4F46;&#x5927;&#x81F4;&#x4E0A;&#x61C9;&#x8A72;&#x662F;&#x9577;&#x9019;&#x6A23;)&lt;/p&gt;&#xD;
&#xD;
&lt;p&gt;&lt;img alt="" src="/user/1/0/10911101/images/%E5%A0%86%E7%96%8A.png" style="height:721px; width:510px" /&gt;&lt;/p&gt;&#xD;
&#xD;
&lt;p&gt;&#x5728;&#x51FD;&#x6578;&#x57F7;&#x884C;&#x7D50;&#x675F;&#x5F8C;&#xFF0C;&#x9019;&#x500B;&#x5B50;&#x5806;&#x758A;&#x624D;&#x6703;&#x5F9E;&#x547C;&#x53EB;&#x5806;&#x758A;&#x4E2D;&#x62BC;&#x51FA;&#x3002;&lt;/p&gt;&#xD;
&#xD;
&lt;p&gt;&#x800C;&#x5728;&#x905E;&#x8FF4;&#x7684;&#x6642;&#x5019;&#xFF0C;&#x5982;&#x679C;&#x905E;&#x8FF4;&#x6642;&#x4E0D;&#x65B7;&#x5728;&#x547C;&#x53EB;&#x5806;&#x758A;&#x4E0A;&#x653E;&#x5165;&#x6771;&#x897F;&lt;br /&gt;&#xD;
&#x5C0E;&#x81F4;&#x6700;&#x5F8C;&#x547C;&#x53EB;&#x5806;&#x758A;&#x6C92;&#x6709;&#x7A7A;&#x9593;&#x653E;&#x5165;&#x65B0;&#x7684;&#x5B50;&#x5806;&#x758A;&#x6642;&#xFF0C;&#x4FBF;&#x6703;&#x5C0E;&#x81F4;&#x4E0B;&#x4E00;&#x500B;&#x51FD;&#x6578;&#x7121;&#x6CD5;&#x9806;&#x5229;&#x57F7;&#x884C;&#xFF0C;&lt;br /&gt;&#xD;
&#x6B64;&#x6642;&#x4FBF;&#x6703;&#x767C;&#x751F;Stack Overflow.&lt;/p&gt; </content>
  <attach></attach>
  <rcount></rcount>
  <rank></rank>
  <hit>74</hit>
  <lang>1</lang>
</data>
