<?xml version="1.0"?>
<data version="3.0" time="2024-07-19 08:59:17" type="post" filename="b000000037.xml">
  <open_time>0000-00-00</open_time>
  <close_time>0000-00-00</close_time>
  <lang_name>Big5</lang_name>
  <board_id>1001174272</board_id>
  <node>000000037</node>
  <site>1000110001</site>
  <pt>2022-10-04 22:10:57</pt>
  <poster>11027205</poster>
  <realname>&#x8521;&#x5B97;&#x52F3;  </realname>
  <email>kpo852200@gmail.com</email>
  <homepage>  </homepage>
  <subject>110. &#x4F5C;&#x696D;&#x4E8C;&#x975C;&#x614B;&#x9663;&#x5217;&#x548C;&#x52D5;&#x614B;&#x9663;&#x5217;&#x6709;&#x4F55;&#x5DEE;&#x7570;&#xFF1F;&#x6307;&#x51FA;&#x5176;&#x512A;&#x7F3A;&#x9EDE;&#x3002;* </subject>
  <content>&lt;p&gt;&#x975C;&#x614B;&#x9663;&#x5217;&#xFF0C;&amp;nbsp;&lt;/p&gt;&#xD;
&#xD;
&lt;p&gt;&amp;nbsp; &amp;nbsp;&#x512A;&#x9EDE;&#xFF1A;&#x6548;&#x7387;&#x5FEB;&#xFF0C;&#x81EA;&#x52D5;&#x91CB;&#x653E;&#x8A18;&#x61B6;&#x9AD4; &#x3002;&#x7F3A;&#x9EDE;&#xFF1A; &#x8A18;&#x61B6;&#x9AD4;&#x7A7A;&#x9593;&#x4E0D;&#x80FD;&#x5F48;&#x6027;&#x61C9;&#x7528;&#xFF0C;&#x589E;&#x6E1B;&#x8CC7;&#x6599;&#x9808;&#x79FB;&#x52D5;&#x7684;&#x8CC7;&#x6599;&#x91CF;&#x9F90;&#x5927; (&amp;nbsp;&#x82E5;&#x8CC7;&#x6599;&#x91CF;&#x591A; )&#x3002;&lt;/p&gt;&#xD;
&#xD;
&lt;p&gt;&#x52D5;&#x614B;&#x9663;&#x5217;&#xFF0C;&lt;/p&gt;&#xD;
&#xD;
&lt;p&gt;&amp;nbsp; &amp;nbsp;&#x512A;&#x9EDE;&#xFF1A;&#x80FD;&#x5F48;&#x6027;&#x61C9;&#x7528;&#x8A18;&#x61B6;&#x9AD4;&#x7A7A;&#x9593;&#x3002;&#x7F3A;&#x9EDE;&#xFF1A;&#x6548;&#x7387;&#x6162;&#xFF0C;&#x9700;&#x81EA;&#x884C;&#x91CB;&#x653E;&#x8A18;&#x61B6;&#x9AD4;&#x3002;&lt;/p&gt; </content>
  <attach></attach>
  <rcount></rcount>
  <rank></rank>
  <hit>38</hit>
  <lang>1</lang>
</data>
