<?xml version="1.0"?>
<data version="3.0" time="2024-07-19 08:59:17" type="post" filename="b000000042.xml">
  <open_time>0000-00-00</open_time>
  <close_time>0000-00-00</close_time>
  <lang_name>Big5</lang_name>
  <board_id>1001174272</board_id>
  <node>000000042</node>
  <site>1000110001</site>
  <pt>2022-10-04 23:58:43</pt>
  <poster>11027255</poster>
  <realname>&#x694A;&#x3000;&#x6F88;  </realname>
  <email>s11027255@cycu.edu.tw</email>
  <homepage>  </homepage>
  <subject>109. &#x5982;&#x4F55;&#x5E6B;&#x9663;&#x5217;&#x5143;&#x7D20;&#x8A2D;&#x5B9A;&#x975E;&#x96F6;&#x7684;&#x521D;&#x59CB;&#x503C;&#xFF1F;&#x9808;&#x5BEB;&#x51FA;C++&#x7A0B;&#x5F0F;&#x78BC;&#x3002; </subject>
  <content>&lt;p&gt;#include &amp;lt;iostream&amp;gt;&lt;/p&gt;&#xD;
&#xD;
&lt;p&gt;using namespace std;&lt;/p&gt;&#xD;
&#xD;
&lt;p&gt;int main(){&lt;/p&gt;&#xD;
&#xD;
&lt;p&gt;&amp;nbsp; &amp;nbsp;&amp;nbsp;int num[3] = {1, 2, 3}; //&#x7D66;&#x4E88;&#x5176;&#x9577;&#x5EA6;&#x548C;&#x5167;&#x5BB9;&lt;/p&gt;&#xD;
&#xD;
&lt;p&gt;&amp;nbsp; &amp;nbsp; int number[] = {1, 2, 3, 4, 5}; //&#x7531;&#x7D66;&#x4E88;&#x7684;&#x5167;&#x5BB9;&#x5224;&#x65B7;&#x5927;&#x5C0F;&lt;/p&gt;&#xD;
&#xD;
&lt;p&gt;} // main()&lt;/p&gt; </content>
  <attach></attach>
  <rcount></rcount>
  <rank></rank>
  <hit>10</hit>
  <lang>1</lang>
</data>
