<?xml version="1.0"?>
<data version="3.0" time="2024-07-19 09:05:02" type="post" filename="b000000005.xml">
  <open_time>0000-00-00</open_time>
  <close_time>0000-00-00</close_time>
  <lang_name>Big5</lang_name>
  <board_id>1001162648</board_id>
  <node>000000005</node>
  <site>1000110001</site>
  <pt>2022-10-07 00:20:17</pt>
  <poster>10927161</poster>
  <realname>&#x8449;&#x90C5;&#x6690;  </realname>
  <email>judeyeh@gmail.com</email>
  <homepage>  </homepage>
  <subject>114. &#x5BEB;&#x51FA;C++&#x7A0B;&#x5F0F;&#x78BC;&#x8AAA;&#x660E;&#x540C;&#x985E;&#x5225;&#x5169;&#x500B;&#x65B9;&#x6CD5;&#x5982;&#x4F55;&#x5BE6;&#x73FE;&#x591A;&#x8F09;overloading&#x3002; </subject>
  <content>&lt;p&gt;&lt;img alt="" src="/user/1/0/10927161/images/%E8%9E%A2%E5%B9%95%E6%93%B7%E5%8F%96%E7%95%AB%E9%9D%A2%202022-10-07%20000747.png" style="height:378px; width:400px" /&gt;&lt;img alt="" src="/user/1/0/10927161/images/%E8%9E%A2%E5%B9%95%E6%93%B7%E5%8F%96%E7%95%AB%E9%9D%A2%202022-10-07%20000825.png" style="height:182px; width:250px" /&gt;&lt;/p&gt;&#xD;
&#xD;
&lt;p&gt;&lt;img alt="" src="/user/1/0/10927161/images/%E8%9E%A2%E5%B9%95%E6%93%B7%E5%8F%96%E7%95%AB%E9%9D%A2%202022-10-07%20000902.png" style="height:55px; width:150px" /&gt;&lt;/p&gt;&#xD;
&#xD;
&lt;p&gt;&#x591A;&#x8F09;&#x5C31;&#x662F;&#x5728;class&#x88E1;&#x9762;&#x540C;&#x4E00;&#x500B;&#x65B9;&#x6CD5;&#x540D;&#x7A31;&#x53EF;&#x4EE5;&#x900F;&#x904E;&#x50B3;&#x4E0D;&#x540C;&#x53C3;&#x6578;&#x4F86;&#x505A;&#x4E0D;&#x540C;&#x4E8B;&#x60C5;&#xFF0C;&#x4EE5;&#x6211;&#x4E0A;&#x5716;&#x70BA;&#x4F8B;&#xFF0C;&#x8981;&#x5B58;&#x8CC7;&#x6599;&#x4F46;&#x53C3;&#x6578;&#x4E0D;&#x540C;&#x5C31;&#x4E0D;&#x7528;&#x518D;&#x53E6;&#x5916;&#x5BEB;&#x4E00;&#x500B;&#x65B9;&#x6CD5;&#x540D;&#x7A31;&#xFF0C;&#x53EF;&#x4EE5;&#x5171;&#x7528;&#x540C;&#x4E00;&#x500B;&#xFF0C;&#x9019;&#x6A23;&#x5728;&#x8A2D;&#x8A08;&#x7A0B;&#x5F0F;&#x6642;&#x5C31;&#x4E0D;&#x592A;&#x6703;&#x4E82;&#x3002;&lt;/p&gt; </content>
  <attach></attach>
  <rcount></rcount>
  <rank></rank>
  <hit>33</hit>
  <lang>1</lang>
</data>
