<?xml version="1.0"?>
<data version="3.0" time="2024-07-19 09:05:02" type="post" filename="b000000014000000002.xml">
  <open_time>0000-00-00</open_time>
  <close_time>0000-00-00</close_time>
  <lang_name>Big5</lang_name>
  <board_id>1001162648</board_id>
  <node>000000014000000002</node>
  <site>1000110001</site>
  <pt>2022-10-11 21:07:19</pt>
  <poster>11027110</poster>
  <realname>&#x912D;&#x53C8;&#x92A8;  </realname>
  <email>andy20030602@gmail.com</email>
  <homepage>  </homepage>
  <subject>Re: 111. &#x5BEB;&#x51FA;C++&#x7A0B;&#x5F0F;&#x78BC;&#x8AAA;&#x660E;&#x50B3;&#x503C;&#x547C;&#x53EB;call by value&#x3002;  </subject>
  <content>&lt;p&gt;&#x5F88;&#x8B9A;!&#x7C21;&#x55AE;&#x6613;&#x61C2;!&lt;/p&gt; </content>
  <attach></attach>
  <rcount></rcount>
  <rank></rank>
  <hit>1</hit>
  <lang>1</lang>
</data>
