<?xml version="1.0"?>
<data version="3.0" time="2024-07-19 09:05:02" type="post" filename="b000000011.xml">
  <open_time>0000-00-00</open_time>
  <close_time>0000-00-00</close_time>
  <lang_name>Big5</lang_name>
  <board_id>1001162648</board_id>
  <node>000000011</node>
  <site>1000110001</site>
  <pt>2022-10-11 10:42:12</pt>
  <poster>11027128</poster>
  <realname>&#x6881;&#x82B7;&#x83D8;  </realname>
  <email>candy20030812@gmail.com</email>
  <homepage> </homepage>
  <subject>111. &#x5BEB;&#x51FA;C++&#x7A0B;&#x5F0F;&#x78BC;&#x8AAA;&#x660E;&#x50B3;&#x503C;&#x547C;&#x53EB;call by value&#x3002; </subject>
  <content>&lt;p&gt;&#x4E0B;&#x9762;&#x5169;&#x5F35;&#x5716;&#x662F;&#x6211;&#x5BEB;&#x7684;&#x7A0B;&#x5F0F;&#x78BC;&#x548C;&#x57F7;&#x884C;&#x51FA;&#x4F86;&#x7684;&#x7D50;&#x679C;:&lt;/p&gt;&#xD;
&#xD;
&lt;p&gt;&lt;img alt="" src="/user/1/1/11027128/images/111%E7%A8%8B%E5%BC%8F%E7%A2%BC%281%29.jpg" style="height:676px; width:573px" /&gt;&lt;/p&gt;&#xD;
&#xD;
&lt;p&gt;&lt;img alt="" src="/user/1/1/11027128/images/111%E7%B5%90%E6%9E%9C%281%29.jpg" style="height:276px; width:680px" /&gt;&lt;/p&gt;&#xD;
&#xD;
&lt;p&gt;&#x7576;&#x8B8A;&#x6578;&#x662F;&#x4EE5;call by value&#x7684;&#x65B9;&#x5F0F;&#x88AB;&#x50B3;&#x5165;&#x51FD;&#x5F0F;&#x6642;&#xFF0C;&#x5F15;&#x5165;&#x7684;&#x50C5;&#x50C5;&#x662F;&#x9019;&#x500B;&#x8B8A;&#x6578;&#x7684;&#x503C;&#xFF0C;&#x800C;&#x4E0D;&#x662F;&#x8B8A;&#x6578;&#x672C;&#x8EAB;&#xFF0C;&#x56E0;&#x6B64;&#x5169;&#x8005;&#x7684;&#x8A18;&#x61B6;&#x9AD4;&#x662F;&#x5206;&#x958B;&#x7684;&#xFF0C;&#x9700;&#x8981;&#x6709;&#x5169;&#x500B;&#x8A18;&#x61B6;&#x9AD4;&#x53BB;&#x5132;&#x5B58;&#x4ED6;&#x5011;&#xFF0C;&#x6240;&#x4EE5;&#x7576;&#x6211;&#x5011;&#x6539;&#x8B8A;&#x51FD;&#x5F0F;&#x4E2D;&#x7684;&#x503C;&#x6642;&#xFF0C;&#x4E3B;&#x51FD;&#x5F0F;&#x4E2D;&#x7684;&#x503C;&#x4E26;&#x4E0D;&#x6703;&#x8DDF;&#x8457;&#x8B8A;&#x52D5;&#x3002;&lt;/p&gt;&#xD;
&#xD;
&lt;p&gt;&#x800C;&#x7576;&#x8B8A;&#x6578;&#x662F;&#x4EE5;call by reference&#x7684;&#x65B9;&#x5F0F;&#x88AB;&#x50B3;&#x5165;&#x51FD;&#x5F0F;&#x6642;&#xFF0C;&#x50B3;&#x905E;&#x7684;&#x662F;&#x6B64;&#x8B8A;&#x6578;&#x7684;&#x8A18;&#x61B6;&#x9AD4;&#x4F4D;&#x5740;&#xFF0C;&#x56E0;&#x6B64;&#x7576;&#x6211;&#x5011;&#x6539;&#x52D5;&#x51FD;&#x5F0F;&#x4E2D;&#x7684;&#x503C;&#x6642;&#xFF0C;&#x4E3B;&#x51FD;&#x5F0F;&#x4E2D;&#x7684;&#x503C;&#x4E5F;&#x6703;&#x8DDF;&#x8457;&#x8B8A;&#x52D5;&#x3002;&lt;/p&gt;</content>
  <attach></attach>
  <rcount></rcount>
  <rank></rank>
  <hit>41</hit>
  <lang>1</lang>
</data>
