<?xml version="1.0"?>
<data version="3.0" time="2024-07-19 09:05:02" type="post" filename="b000000011000000002.xml">
  <open_time>0000-00-00</open_time>
  <close_time>0000-00-00</close_time>
  <lang_name>Big5</lang_name>
  <board_id>1001162648</board_id>
  <node>000000011000000002</node>
  <site>1000110001</site>
  <pt>2022-10-11 10:54:21</pt>
  <poster>11027111</poster>
  <realname>&#x984F;&#x9091;&#x5C91;  </realname>
  <email>22692amy@gmail.com</email>
  <homepage>  </homepage>
  <subject>Re: 111. &#x5BEB;&#x51FA;C++&#x7A0B;&#x5F0F;&#x78BC;&#x8AAA;&#x660E;&#x50B3;&#x503C;&#x547C;&#x53EB;call by value&#x3002;  </subject>
  <content>&lt;p&gt;&#x8B1B;&#x89E3;&#x5F97;&#x5F88;&#x6E05;&#x695A;&#xFF0C;&#x8B93;&#x5927;&#x4E00;&#x56F0;&#x64FE;&#x6211;&#x5F88;&#x4E45;&#x7684;&#x554F;&#x984C;&#x89E3;&#x958B;&#x4E86;&#xFF0C;&#x975E;&#x5E38;&#x611F;&#x8B1D;!&lt;/p&gt; </content>
  <attach></attach>
  <rcount></rcount>
  <rank></rank>
  <hit>1</hit>
  <lang>1</lang>
</data>
