<?xml version="1.0"?>
<data version="3.0" time="2024-07-19 09:05:02" type="post" filename="b000000010.xml">
  <open_time>0000-00-00</open_time>
  <close_time>0000-00-00</close_time>
  <lang_name>Big5</lang_name>
  <board_id>1001162648</board_id>
  <node>000000010</node>
  <site>1000110001</site>
  <pt>2022-10-10 23:12:04</pt>
  <poster>11027101</poster>
  <realname>&#x674E;&#x5EAD;&#x59A4;  </realname>
  <email>timi920714@gmail.com</email>
  <homepage>  </homepage>
  <subject>111. &#x5BEB;&#x51FA;C++&#x7A0B;&#x5F0F;&#x78BC;&#x8AAA;&#x660E;&#x50B3;&#x503C;&#x547C;&#x53EB;call by value&#x3002; </subject>
  <content>&lt;p&gt;&#x4EE5;&#x4E0B;&#x662F;&#x7A0B;&#x5F0F;&#x78BC;:&lt;/p&gt;&#xD;
&#xD;
&lt;p&gt;#include&amp;lt;iostream&amp;gt;&lt;/p&gt;&#xD;
&#xD;
&lt;p&gt;using namespace std ;&lt;/p&gt;&#xD;
&#xD;
&lt;p&gt;void foo1(int a){&lt;br /&gt;&#xD;
&amp;nbsp; &amp;nbsp; a = a + 1 ; &amp;nbsp; &amp;nbsp;&lt;br /&gt;&#xD;
}//function1&lt;/p&gt;&#xD;
&#xD;
&lt;p&gt;void foo2(int &amp;amp;a){&lt;br /&gt;&#xD;
&amp;nbsp; &amp;nbsp; a = a + 1 ;&lt;br /&gt;&#xD;
}//function2&lt;/p&gt;&#xD;
&#xD;
&lt;p&gt;int main(){&lt;br /&gt;&#xD;
&amp;nbsp;&amp;nbsp; &amp;nbsp;&lt;br /&gt;&#xD;
&amp;nbsp; &amp;nbsp; int a = 10;&lt;br /&gt;&#xD;
&amp;nbsp; &amp;nbsp;&amp;nbsp;&lt;br /&gt;&#xD;
&amp;nbsp; &amp;nbsp; foo1(a);&lt;br /&gt;&#xD;
&amp;nbsp; &amp;nbsp; cout &amp;lt;&amp;lt; a &amp;lt;&amp;lt; endl;&lt;br /&gt;&#xD;
&amp;nbsp; &amp;nbsp;&amp;nbsp;&lt;br /&gt;&#xD;
&amp;nbsp; &amp;nbsp; foo2(a);&lt;br /&gt;&#xD;
&amp;nbsp; &amp;nbsp; cout &amp;lt;&amp;lt; a &amp;lt;&amp;lt; endl;&lt;br /&gt;&#xD;
&amp;nbsp; &amp;nbsp;&amp;nbsp;&lt;br /&gt;&#xD;
&amp;nbsp; &amp;nbsp;&amp;nbsp;&lt;br /&gt;&#xD;
&amp;nbsp; &amp;nbsp; return 0;&lt;br /&gt;&#xD;
}&lt;/p&gt;&#xD;
&#xD;
&lt;p&gt;-------------&lt;/p&gt;&#xD;
&#xD;
&lt;p&gt;&lt;span style="font-family:Arial,Helvetica,sans-serif"&gt;call by value:&lt;/span&gt;&lt;/p&gt;&#xD;
&#xD;
&lt;p&gt;&lt;span style="font-family:Arial,Helvetica,sans-serif"&gt;&#x6307;&#x7684;&#x662F;&#x50B3;&#x503C;&#xFF0C;&#x7531;&#x65BC;&#x662F;main&#x88E1;&#x9762;&#x7684;&#x8B8A;&#x6578;&#x88AB;&#x8907;&#x88FD;&#x5230;&#x7A0B;&#x5F0F;&#x53BB;&#xFF0C;&#x6240;&#x4EE5;&#x9019;&#x5169;&#x500B;&#x8B8A;&#x6578;&#x662F;&#x4E0D;&#x540C;&#x8A18;&#x61B6;&#x9AD4;&#x7A7A;&#x9593;&#x7684;&#xFF0C;&#x6240;&#x4EE5;&#x5728;&#x7A0B;&#x5F0F;&#x88E1;&#x57F7;&#x884C;&#x904E;&#x5F8C;&#x7684;&#x7D50;&#x679C;&#x4E0D;&#x6703;&#x5F71;&#x97FF;&#x5230;&#x539F;&#x672C;main&#x4E3B;&#x7A0B;&#x5F0F;&#x88E1;&#x7684;&#x6578;&#x503C;&#x3002;&lt;/span&gt;&lt;/p&gt;&#xD;
&#xD;
&lt;p&gt;&lt;span style="font-family:Arial,Helvetica,sans-serif"&gt;Call by reference: &lt;/span&gt;&lt;/p&gt;&#xD;
&#xD;
&lt;p&gt;&lt;span style="font-family:Arial,Helvetica,sans-serif"&gt;&#x6703;&#x628A;&#x8A18;&#x61B6;&#x9AD4;&#x4F4D;&#x7F6E;&#x50B3;&#x5230;&#x53E6;&#x4E00;&#x500B;&#x8A18;&#x61B6;&#x4F4D;&#x7F6E;&#x4E0A;&#xFF0C;&#x5C07;&#x53C3;&#x6578;&#x4EE5;&#x6578;&#x503C;&#x7684;&#x65B9;&#x5F0F;&#x50B3;&#x905E;&#x5230;&#x547C;&#x53EB;&#x6B64;&#x53C3;&#x6578;&#x7684;&#x7A0B;&#x5F0F;&#x3002;&lt;/span&gt;&lt;/p&gt;&#xD;
&#xD;
&lt;p&gt;&lt;span style="font-family:Arial,Helvetica,sans-serif"&gt;int a; // &#x5BA3;&#x544A;&#x4E00;&#x500B;&#x6574;&#x6578;&#x8B8A;&#x6578; a&lt;/span&gt;&lt;/p&gt;&#xD;
&#xD;
&lt;p&gt;&lt;span style="font-family:Arial,Helvetica,sans-serif"&gt;int &amp;amp;a&amp;nbsp;= n; // &#x5BA3;&#x544A; a&amp;nbsp;&#x662F; n&amp;nbsp;&#x7684;&lt;/span&gt;&lt;/p&gt;&#xD;
&#xD;
&lt;p&gt;&lt;span style="font-family:Arial,Helvetica,sans-serif"&gt;&#x9019;&#x500B; &amp;amp; &#x8A18;&#x865F;&#x70BA; reference operator (&#x53C3;&#x8003;&#x904B;&#x7B97;&#x5B50;)&#xFF0C;&#x4ED6;&#x7684;&#x610F;&#x7FA9;&#x4EE3;&#x8868; a&amp;nbsp;&#x8207; n&amp;nbsp;&#x6703;&#x4F7F;&#x7528;&#x5230;&#x540C;&#x4E00;&#x584A;&#x8A18;&#x61B6;&#x9AD4;&#x4F4D;&#x5740;&#xFF0C; a&amp;nbsp;&#x5C31;&#x53EF;&#x4EE5;&#x7576;&#x6210; n&amp;nbsp;&#x7684;&#x5225;&#x540D;&#x4F86;&#x4F7F;&#x7528;&#x3002;&#x7121;&#x8AD6;&#x57F7;&#x884C; a=100; &#x6216; n=100; &#x90FD;&#x662F;&#x540C;&#x4E00;&#x584A;&#x8A18;&#x61B6;&#x9AD4;&#x4F4D;&#x5740;&#x88AB;&#x5BEB;&#x5165;100&#x3002;&lt;/span&gt;&lt;/p&gt;&#xD;
&#xD;
&lt;p&gt;&#x4E0B;&#x5716;&#x70BA;&#x7D50;&#x679C;:&lt;/p&gt;&#xD;
&#xD;
&lt;p&gt;&lt;img alt="" src="/user/1/1/11027101/images/111.png" style="height:213px; width:699px" /&gt;&lt;/p&gt; </content>
  <attach></attach>
  <rcount></rcount>
  <rank></rank>
  <hit>36</hit>
  <lang>1</lang>
</data>
