<?xml version="1.0"?>
<data version="3.0" time="2024-07-19 09:05:02" type="post" filename="b000000007000000001.xml">
  <open_time>0000-00-00</open_time>
  <close_time>0000-00-00</close_time>
  <lang_name>Big5</lang_name>
  <board_id>1001162648</board_id>
  <node>000000007000000001</node>
  <site>1000110001</site>
  <pt>2022-10-08 10:52:18</pt>
  <poster>11027113</poster>
  <realname>&#x5442;&#x5B63;&#x8ED2;  </realname>
  <email>samlu0509@gmail.com</email>
  <homepage>  </homepage>
  <subject>Re: 111. &#x5BEB;&#x51FA;C++&#x7A0B;&#x5F0F;&#x78BC;&#x8AAA;&#x660E;&#x50B3;&#x503C;&#x547C;&#x53EB;call by value&#x3002;  </subject>
  <content>&lt;p&gt;&#x6E05;&#x695A;&#x6613;&#x61C2;&#xFF0C;&#x8B9A;&lt;/p&gt; </content>
  <attach></attach>
  <rcount></rcount>
  <rank></rank>
  <hit>2</hit>
  <lang>1</lang>
</data>
