<?xml version="1.0"?>
<data version="3.0" time="2024-07-19 09:05:02" type="post" filename="b000000015.xml">
  <open_time>0000-00-00</open_time>
  <close_time>0000-00-00</close_time>
  <lang_name>Big5</lang_name>
  <board_id>1001162648</board_id>
  <node>000000015</node>
  <site>1000110001</site>
  <pt>2022-10-11 21:04:43</pt>
  <poster>11027110</poster>
  <realname>&#x912D;&#x53C8;&#x92A8;  </realname>
  <email>andy20030602@gmail.com</email>
  <homepage>  </homepage>
  <subject>111. &#x5BEB;&#x51FA;C++&#x7A0B;&#x5F0F;&#x78BC;&#x8AAA;&#x660E;&#x50B3;&#x503C;&#x547C;&#x53EB;call by value&#x3002; </subject>
  <content>&lt;p&gt;&#x5982;&#x4E0B;&#x5716;&lt;/p&gt;&#xD;
&#xD;
&lt;p&gt;&lt;img alt="" src="/user/1/1/11027110/images/unknown.png" style="height:578px; width:744px" /&gt;&lt;img alt="" src="/user/1/1/11027110/images/1" style="height:333px; width:652px" /&gt;&lt;/p&gt;&#xD;
&#xD;
&lt;p&gt;&#x5206;&#x5225;&#x793A;&#x7BC4;&#x4E86;call by value&#x548C;call by reference&#x7684;&#x5DEE;&#x5225;&#x3002;&lt;/p&gt;&#xD;
&#xD;
&lt;p&gt;call by value&#x53EA;&#x662F;&#x5F15;&#x7528;&#x6578;&#x503C;&#x62FF;&#x4F86;&#x4F7F;&#x7528;&#xFF0C;&#x4E0D;&#x6703;&#x6539;&#x8B8A;&#x6578;&#x503C;&#x672C;&#x8EAB;&#xFF0C;&#x5C31;&#x662F;&#x8907;&#x88FD;&#x4E00;&#x4EFD;&#x76F8;&#x540C;&#x7684;&#x6578;&#x503C;&#x62FF;&#x4F86;&#x7528;&#xFF0C;&#x4E0D;&#x6703;&#x53BB;&#x52D5;&#x5230;&#x539F;&#x6578;&#x503C;&#x3002;&lt;/p&gt;&#xD;
&#xD;
&lt;p&gt;&#x800C;call by reference&#x5C31;&#x662F;&#x76F4;&#x63A5;&#x5C07;&#x8B8A;&#x6578;&#x62FF;&#x4F86;&#x4F7F;&#x7528;&#xFF0C;&#x85C9;&#x7531;&#x50B3;&#x905E;&#x8B8A;&#x6578;&#x6240;&#x5B58;&#x5728;&#x7684;&#x8A18;&#x61B6;&#x9AD4;&#x4F4D;&#x7F6E;&#x5F8C;&#xFF0C;&#x5C0D;&#x8A18;&#x61B6;&#x9AD4;&#x4F4D;&#x7F6E;&#x6578;&#x503C;&#x505A;&#x4F7F;&#x7528;&#xFF0C;&#x4F7F;&#x7528;&#x5F8C;&#x6703;&#x6539;&#x8B8A;&#x8B8A;&#x6578;&#x6578;&#x503C;&#x3002;&lt;/p&gt; </content>
  <attach></attach>
  <rcount></rcount>
  <rank></rank>
  <hit>14</hit>
  <lang>1</lang>
</data>
