<?xml version="1.0"?>
<data version="3.0" time="2024-07-19 09:05:02" type="post" filename="b000000016000000003.xml">
  <open_time>0000-00-00</open_time>
  <close_time>0000-00-00</close_time>
  <lang_name>Big5</lang_name>
  <board_id>1001162648</board_id>
  <node>000000016000000003</node>
  <site>1000110001</site>
  <pt>2022-10-11 22:21:30</pt>
  <poster>11027161</poster>
  <realname>&#x9EA5;&#x52A0;&#x6977;  </realname>
  <email>a0909661385@gmail.com</email>
  <homepage>  </homepage>
  <subject>Re: 111. &#x5BEB;&#x51FA;C++&#x7A0B;&#x5F0F;&#x78BC;&#x8AAA;&#x660E;&#x50B3;&#x503C;&#x547C;&#x53EB;call by value&#x3002;  </subject>
  <content>&lt;p&gt;&#x96D6;&#x53EA;&#x6709;&#x77ED;&#x77ED;&#x5169;&#x884C;&#x537B;&#x80FD;&#x5341;&#x5206;&#x6E05;&#x695A;&#x8868;&#x9054;&#x4EE4;&#x8A31;&#x591A;&#x4EBA;&#x611F;&#x5230;&#x7591;&#x60D1;&#x7684;Call by value&#xFF0C;&#x6709;&#x7576;&#x8001;&#x5E2B;&#x7684;&#x6F5B;&#x529B;&#xFF0C;&#x8B9A;&#x8B9A;&#x3002;&lt;/p&gt; </content>
  <attach></attach>
  <rcount></rcount>
  <rank></rank>
  <hit>1</hit>
  <lang>1</lang>
</data>
