<?xml version="1.0"?>
<data version="3.0" time="2024-07-19 09:03:39" type="post" filename="b000000001.xml">
  <open_time>0000-00-00</open_time>
  <close_time>0000-00-00</close_time>
  <lang_name>Big5</lang_name>
  <board_id>1001174279</board_id>
  <node>000000001</node>
  <site>1000110001</site>
  <pt>2022-12-10 14:14:59</pt>
  <poster>11027204</poster>
  <realname>&#x912D;&#x5B87;&#x5091;  </realname>
  <email>11027204@O365st.cycu.edu.tw</email>
  <homepage> </homepage>
  <subject>211. &#x8209;&#x4F8B;&#x6BD4;&#x8F03;&#x6C23;&#x6CE1;&#x6392;&#x5E8F;&#x548C;&#x9078;&#x64C7;&#x6392;&#x5E8F;&#x7684;&#x8CC7;&#x6599;&#x4EA4;&#x63DB;swap&#x6B21;&#x6578;&#xFF0C;&#x4F55;&#x8005;&#x8F03;&#x591A;&#xFF1F; </subject>
  <content>&lt;p&gt;bubble sort &#x7684;swap&#x6B21;&#x6578;&#x4E00;&#x5B9A;&#x6703;&lt;span style="color:#ff0000"&gt;&#x5927;&#x65BC;&lt;/span&gt;&#x7B49;&#x65BC; selection sort &#x7684;&#x6B21;&#x6578;&lt;/p&gt;&#xD;
&#xD;
&lt;p&gt;bubble sort &#x7684;swap&#x6642;&#x6A5F;&#x662F;&#x5728;&lt;span style="color:#ff0000"&gt;&#x767C;&#x73FE;&#x76F8;&#x9130;&#x7684;&#x6578;&#x503C;&#x6BD4;&#x8F03;&#x5927;&lt;/span&gt;&#x6642;&#x9032;&#x884C;&#x4E00;&#x6B21;&lt;span style="color:#ff0000"&gt;&#x4F4D;&#x7F6E;&#x4EA4;&#x63DB;&#x7684;swap&lt;/span&gt;&lt;/p&gt;&#xD;
&#xD;
&lt;p&gt;&#x800C;selection sort&#x7684;swap&#x6642;&#x6A5F;&#x662F;&#x5728;&lt;span style="color:#ff0000"&gt;&#x76EE;&#x524D;&#x5C1A;&#x672A;sorted&#x7684;&#x6578;&#x503C;&lt;/span&gt;&#x4E2D;&#x627E;&#x5230;&#x6700;&#x5C0F;&#x503C;&#x6578;&#x503C;&lt;span style="color:#ff0000"&gt;&amp;nbsp;&#x76F4;&#x63A5;swap&#x5230;&#x5DF2;&#x7D93;sort&#x597D;&#x7684;&#x7684;&#x6578;&#x503C;&#x7684;&#x6700;&#x53F3;&#x5074;&amp;nbsp;&lt;/span&gt;&lt;/p&gt;&#xD;
&#xD;
&lt;p&gt;&#x56E0;&#x6B64;selection sort &#x7684;swap&#x6B21;&#x6578;&#x4E00;&#x5B9A;&#x6703;&lt;span style="color:#ff0000"&gt;&#x5C11;&#x65BC;&lt;/span&gt;&#x7B49;&#x65BC;bubble sort&#x7684;&#x6B21;&#x6578;&amp;nbsp;&lt;/p&gt;&#xD;
&#xD;
&lt;p&gt;&#x4F46;&#x662F;&#x56E0;selection sort&#x662F;&#x76F4;&#x63A5;swap&#x6578;&#x503C;&#xFF0C;&#x8DF3;&#x904E;&#x4E2D;&#x9593;&#x5C1A;&#x672A;sorted&#x597D;&#x7684;&#x6578;&#x503C;&#xFF0C;&#x56E0;&#x6B64;&#x7121;&#x6CD5;&#x7DAD;&#x6301;&#x597D;&#x76F8;&#x540C;&#x503C;&#x7684;&#x9806;&#x5E8F;&lt;/p&gt;&#xD;
&#xD;
&lt;p&gt;&#x6240;&#x4EE5;selection sort &#x662F;&lt;span style="color:#ff0000"&gt;unstable&lt;/span&gt; &#x7684;&#x6392;&#x5E8F;&#x65B9;&#x5F0F;&#xFF0C;bubble sort &#x53CD;&#x4E4B;&#x3002;&lt;/p&gt;&#xD;
&#xD;
&lt;p&gt;&#x7BC4;&#x4F8B;&#xFF1A;&lt;/p&gt;&#xD;
&#xD;
&lt;p&gt;&lt;img alt="" src="/user/1/1/11027204/images/Temporary-30.jpg" style="height:800px; width:619px" /&gt;&lt;/p&gt;</content>
  <attach></attach>
  <rcount></rcount>
  <rank></rank>
  <hit>27</hit>
  <lang>1</lang>
</data>
