<?xml version="1.0"?>
<data version="3.0" time="2024-07-19 09:03:39" type="post" filename="b000000001000000001.xml">
  <open_time>0000-00-00</open_time>
  <close_time>0000-00-00</close_time>
  <lang_name>Big5</lang_name>
  <board_id>1001174279</board_id>
  <node>000000001000000001</node>
  <site>1000110001</site>
  <pt>2022-12-12 15:28:27</pt>
  <poster>11813</poster>
  <realname>&#x5433;&#x5B9C;&#x9D3B;  </realname>
  <email>yhwu@cycu.edu.tw</email>
  <homepage>https://www.researchgate.net/profile/Yi-Hung-Wu-2  </homepage>
  <subject>Re: 211. &#x8209;&#x4F8B;&#x6BD4;&#x8F03;&#x6C23;&#x6CE1;&#x6392;&#x5E8F;&#x548C;&#x9078;&#x64C7;&#x6392;&#x5E8F;&#x7684;&#x8CC7;&#x6599;&#x4EA4;&#x63DB;swap&#x6B21;&#x6578;&#xFF0C;&#x4F55;&#x8005;&#x8F03;&#x591A;&#xFF1F;  </subject>
  <content>&lt;p&gt;Excellent! &lt;em&gt;But the definitions of a movement&amp;nbsp;or a&amp;nbsp;swap&amp;nbsp;should be distinquished.&amp;nbsp;&lt;/em&gt;&lt;/p&gt; </content>
  <attach></attach>
  <rcount></rcount>
  <rank></rank>
  <hit>1</hit>
  <lang>1</lang>
</data>
