<?xml version="1.0"?>
<data version="3.0" time="2024-07-20 09:55:52" type="post" filename="b000000009.xml">
  <open_time>0000-00-00</open_time>
  <close_time>0000-00-00</close_time>
  <lang_name>Big5</lang_name>
  <board_id>1001278687</board_id>
  <node>000000009</node>
  <site>1000110001</site>
  <pt>2023-07-22 23:49:49</pt>
  <poster>10920143</poster>
  <realname>&#x9EC3;&#x540D;&#x6E6F;  </realname>
  <email>s10920143@cycu.edu.tw</email>
  <homepage>  </homepage>
  <subject>&#x6436;&#x7B54;225 </subject>
  <content>&lt;p&gt;&#x4EE5;&#x4E2D;&#x9593;&#x4F5C;&#x70BA;&#x6839;&#x7BC0;&#x9EDE;&#xFF0C;&#x800C;&#x5DE6;&#x53F3;&#x5169;&#x908A;&#x4E5F;&#x5DF2;&#x5404;&#x81EA;&#x7684;&#x4E2D;&#x9593;&#x4F5C;&#x70BA;&#x6839;&#x7BC0;&#x9EDE;&#x3002;&#x9019;&#x6703;&#x78BA;&#x4FDD;&#x5DE6;&#x6A39;&#x548C;&#x53F3;&#x6A39;&#x4E00;&#x6A23;&#x9AD8;&#x3002;&lt;/p&gt; </content>
  <attach></attach>
  <rcount></rcount>
  <rank></rank>
  <hit>14</hit>
  <lang>1</lang>
</data>
