<?xml version="1.0"?>
<data version="3.0" time="2024-07-20 09:55:52" type="post" filename="b000000020000000001.xml">
  <open_time>0000-00-00</open_time>
  <close_time>0000-00-00</close_time>
  <lang_name>Big5</lang_name>
  <board_id>1001278687</board_id>
  <node>000000020000000001</node>
  <site>1000110001</site>
  <pt>2023-07-27 23:48:16</pt>
  <poster>11813</poster>
  <realname>&#x5433;&#x5B9C;&#x9D3B;  </realname>
  <email>yhwu@cycu.edu.tw</email>
  <homepage>https://www.researchgate.net/profile/Yi-Hung-Wu-2  </homepage>
  <subject>Re: 224. &#x5982;&#x4F55;&#x5C07;&#x4E8C;&#x5143;&#x641C;&#x5C0B;&#x6A39;&#x5B58;&#x6A94;&#x5F8C;&#x518D;&#x8B80;&#x5165;&#x53EF;&#x6062;&#x5FA9;&#x539F;&#x72C0;&#xFF1F;  </subject>
  <content>&lt;p&gt;&lt;span style="color:#ff0000"&gt;&#x554F;&#x984C;&#x5C31;&#x662F;&#x5E8F;&#x5217;&#x5316;&#x7684;&#x5177;&#x9AD4;&#x6B65;&#x9A5F;&#x70BA;&#x4F55;&#xFF1F;&lt;/span&gt;&lt;/p&gt; </content>
  <attach></attach>
  <rcount></rcount>
  <rank></rank>
  <hit>1</hit>
  <lang>1</lang>
</data>
