<?xml version="1.0"?>
<data version="3.0" time="2024-07-20 09:55:52" type="post" filename="b000000025.xml">
  <open_time>0000-00-00</open_time>
  <close_time>0000-00-00</close_time>
  <lang_name>Big5</lang_name>
  <board_id>1001278687</board_id>
  <node>000000025</node>
  <site>1000110001</site>
  <pt>2023-07-25 22:21:44</pt>
  <poster>06005952</poster>
  <realname>&#x59DA;&#x627F;&#x5FD7;  </realname>
  <email>ge062851@gmail.com</email>
  <homepage> </homepage>
  <subject>&#x6436;&#x7B54;225 </subject>
  <content>&lt;p&gt;&lt;span style="font-size:14px"&gt;225. &#x5DF2;&#x6392;&#x5E8F;&#x8CC7;&#x6599;&#x5982;&#x4F55;&#x5EFA;&#x7ACB;&#x4E00;&#x68F5;&#x5E73;&#x8861;&#x7684;&#x4E8C;&#x5143;&#x641C;&#x5C0B;&#x6A39;&#xFF1F;&lt;/span&gt;&lt;br /&gt;&#xD;
&#x4F7F;&#x7528;AVL Tree&#x65B9;&#x6CD5;&#xFF0C;&#x5728;&#x63D2;&#x5165;&#x6216;&#x522A;&#x9664;&#x7BC0;&#x9EDE;&#x5F8C;&#xFF0C;&#x5C0D;&#x6BCF;&#x4E00;&#x500B;&#x5DE6;&#x5B50;&#x6A39;&#x7BC0;&#x9EDE;&#x7684;&#x9AD8;&#x5EA6;&#x548C;&#x53F3;&#x5B50;&#x7BC0;&#x9EDE;&#x7684;&#x9AD8;&#x5EA6;&#xFF0C;&lt;br /&gt;&#xD;
&#x5169;&#x8005;&#x4E4B;&#x9593;&#x7684;&#x5DEE;&#x7570;&#x5FC5;&#x9808;&#x5728;&#x6B63;&#x8CA0;1&#x4E4B;&#x9593;&#x3002;&#x5C0B;&#x627E;&#x3001;&#x63D2;&#x5165;&#x548C;&#x522A;&#x9664;&#x5728;&#x5E73;&#x5747;&#x548C;&#x6700;&#x58DE;&#x60C5;&#x6CC1;&#x4E0B;&#x7684;&#x6642;&#x9593;&#x8907;&#x96DC;&#x5EA6;&#x90FD;&#x662F;O(log n)&#xFF0C;&lt;br /&gt;&#xD;
&#x5728;&#x589E;&#x52A0;&#x6216;&#x662F;&#x522A;&#x9664;&#x7BC0;&#x9EDE;&#x6642;&#x53EF;&#x80FD;&#x9700;&#x8981;&#x85C9;&#x7531;&#x4E00;&#x6B21;&#x6216;&#x591A;&#x6B21;&#x7684;&#x65CB;&#x8F49;&#xFF0C;&#x4F86;&#x5BE6;&#x73FE;&#x6A39;&#x7684;&#x91CD;&#x65B0;&#x5E73;&#x8861;&#x3002;&lt;/p&gt;</content>
  <attach></attach>
  <rcount></rcount>
  <rank></rank>
  <hit>11</hit>
  <lang>1</lang>
</data>
