<?xml version="1.0"?>
<data version="3.0" time="2024-07-20 09:55:52" type="post" filename="b000000012.xml">
  <open_time>0000-00-00</open_time>
  <close_time>0000-00-00</close_time>
  <lang_name>Big5</lang_name>
  <board_id>1001278687</board_id>
  <node>000000012</node>
  <site>1000110001</site>
  <pt>2023-07-23 14:27:40</pt>
  <poster>06005771</poster>
  <realname>&#x838A;&#x660E;&#x9D3B;  </realname>
  <email>mattsonc204@gmail.com</email>
  <homepage>  </homepage>
  <subject>&#x6436;&#x7B54;221 </subject>
  <content>&lt;p&gt;&#x4E2D;&#x5E8F;&#x904D;&#x6B77;&#x4E8C;&#x5143;&#x641C;&#x5C0B;&#x6A39;(BST)&#x53EF;&#x4EE5;&#x5F97;&#x5230;&#x4E00;&#x500B;&#x7A69;&#x5B9A;&#x7684;&#x6392;&#x5E8F;&#x7D50;&#x679C;&#xFF0C;&#x9019;&#x662F;&#x56E0;&#x70BA;BST&#x7684;&#x7279;&#x6027;&#x4FDD;&#x8B49;&#x4E86;&#x4E2D;&#x5E8F;&#x904D;&#x6B77;&#x7684;&#x7D50;&#x679C;&#x662F;&#x6309;&#x7167;&#x7BC0;&#x9EDE;&#x7684;&#x503C;&#x5927;&#x5C0F;&#x9806;&#x5E8F;&#x905E;&#x589E;&#x6392;&#x5E8F;&#x7684;&#x3002;&lt;/p&gt;&#xD;
&#xD;
&lt;p&gt;BST&#x662F;&#x4E00;&#x7A2E;&#x7279;&#x6B8A;&#x7684;&#x4E8C;&#x5143;&#x6A39;&#xFF0C;&#x5C0D;&#x65BC;&#x6BCF;&#x500B;&#x7BC0;&#x9EDE;&#xFF0C;&#x5176;&#x5DE6;&#x5B50;&#x6A39;&#x4E2D;&#x7684;&#x6240;&#x6709;&#x7BC0;&#x9EDE;&#x7684;&#x503C;&#x90FD;&#x5C0F;&#x65BC;&#x8A72;&#x7BC0;&#x9EDE;&#x7684;&#x503C;&#xFF0C;&#x800C;&#x5176;&#x53F3;&#x5B50;&#x6A39;&#x4E2D;&#x7684;&#x6240;&#x6709;&#x7BC0;&#x9EDE;&#x7684;&#x503C;&#x90FD;&#x5927;&#x65BC;&#x8A72;&#x7BC0;&#x9EDE;&#x7684;&#x503C;&#x3002;&#x9019;&#x500B;&#x7279;&#x6027;&#x78BA;&#x4FDD;&#x4E86;&#x5728;&#x4E2D;&#x5E8F;&#x904D;&#x6B77;&#x6642;&#xFF0C;&#x6240;&#x6709;&#x5DE6;&#x5B50;&#x6A39;&#x4E2D;&#x7684;&#x7BC0;&#x9EDE;&#x6703;&#x5728;&#x6839;&#x7BC0;&#x9EDE;&#x4E4B;&#x524D;&#x88AB;&#x8A2A;&#x554F;&#xFF0C;&#x800C;&#x6240;&#x6709;&#x53F3;&#x5B50;&#x6A39;&#x4E2D;&#x7684;&#x7BC0;&#x9EDE;&#x6703;&#x5728;&#x6839;&#x7BC0;&#x9EDE;&#x4E4B;&#x5F8C;&#x88AB;&#x8A2A;&#x554F;&#x3002;&#x4E0B;&#x5217;&#x70BA;&#x793A;&#x7BC4;&#x4F8B;&#x5B50;&#xFF1A;&lt;/p&gt;&#xD;
&#xD;
&lt;p&gt;&#x8A2D;&#x6709;&#x4E00;&#x500B;BST&#x5982;&#x4E0B;&#xFF1A;&lt;/p&gt;&#xD;
&#xD;
&lt;p&gt;&amp;nbsp; &amp;nbsp; &amp;nbsp; &amp;nbsp; &amp;nbsp; &amp;nbsp; &amp;nbsp; &amp;nbsp; &amp;nbsp; &amp;nbsp;5&lt;/p&gt;&#xD;
&#xD;
&lt;p&gt;&amp;nbsp; &amp;nbsp; &amp;nbsp; &amp;nbsp; &amp;nbsp; &amp;nbsp; &amp;nbsp; &amp;nbsp;/&amp;nbsp; &amp;nbsp; &amp;nbsp; &amp;nbsp;\&lt;/p&gt;&#xD;
&#xD;
&lt;p&gt;&amp;nbsp; &amp;nbsp; &amp;nbsp; &amp;nbsp; &amp;nbsp; &amp;nbsp; &amp;nbsp;3&amp;nbsp; &amp;nbsp; &amp;nbsp; &amp;nbsp; &amp;nbsp; 7&lt;/p&gt;&#xD;
&#xD;
&lt;p&gt;&amp;nbsp; &amp;nbsp; &amp;nbsp; &amp;nbsp; &amp;nbsp; &amp;nbsp;/&amp;nbsp; &amp;nbsp; \&amp;nbsp; &amp;nbsp; &amp;nbsp;/&amp;nbsp; &amp;nbsp; \&lt;/p&gt;&#xD;
&#xD;
&lt;p&gt;&amp;nbsp; &amp;nbsp; &amp;nbsp; &amp;nbsp; &amp;nbsp; 2&amp;nbsp; &amp;nbsp; &amp;nbsp;4&amp;nbsp; &amp;nbsp;6&amp;nbsp; &amp;nbsp; &amp;nbsp;8&lt;/p&gt;&#xD;
&#xD;
&lt;p&gt;&#x4E2D;&#x5E8F;&#x8D70;&#x8A2A;&#x9806;&#x5E8F;&#xFF1A;2 -&amp;gt; 3 -&amp;gt; 4 -&amp;gt; 5 -&amp;gt; 6 -&amp;gt; 7 -&amp;gt; 8&lt;/p&gt;&#xD;
&#xD;
&lt;p&gt;&#x53EF;&#x4EE5;&#x770B;&#x5F97;&#x51FA;&#x4E2D;&#x5E8F;&#x904D;&#x6B77;&#x5F97;&#x5230;&#x7684;&#x7D50;&#x679C;&#x662F;&#x6309;&#x7167;&lt;strong&gt;&#x7BC0;&#x9EDE;&#x7684;&#x503C;&#x5927;&#x5C0F;&#x9806;&#x5E8F;&#x905E;&#x589E;&lt;/strong&gt;&#x6392;&#x5E8F;&#x7684;&#xFF0C;&#x9019;&#x8B49;&#x660E;&#x4E86;&#x4E2D;&#x5E8F;&#x904D;&#x6B77;BST&#x7684;&#x7D50;&#x679C;&#x662F;&#x4E00;&#x500B;&#x7A69;&#x5B9A;&#x7684;&#x6392;&#x5E8F;&#x5E8F;&#x5217;&#x3002;&lt;/p&gt;&#xD;
&#xD;
&lt;p&gt;&#x5728;&#x5BE6;&#x969B;&#x61C9;&#x7528;&#x4E2D;&#xFF0C;&#x4E2D;&#x5E8F;&#x904D;&#x6B77;BST&#x7684;&#x7A69;&#x5B9A;&#x6392;&#x5E8F;&#x7279;&#x6027;&#x662F;&#x975E;&#x5E38;&#x6709;&#x7528;&#x7684;&#xFF0C;&#x5982;&#x6211;&#x5011;&#x53EF;&#x4EE5;&#x4F7F;&#x7528;&#x4E2D;&#x5E8F;&#x904D;&#x6B77;&#x4F86;&#x7372;&#x5F97;BST&#x4E2D;&#x7684;&#x6709;&#x5E8F;&#x5E8F;&#x5217;&#xFF0C;&#x9019;&#x6A23;&#x53EF;&#x4EE5;&#x65B9;&#x4FBF;&#x5730;&#x9032;&#x884C;&#x641C;&#x7D22;&#x3001;&#x7BC4;&#x570D;&#x67E5;&#x8A62;&#x3001;&#x6392;&#x540D;&#x7B49;&#x64CD;&#x4F5C;&#x3002;&#x540C;&#x6642;&#xFF0C;&#x4E2D;&#x5E8F;&#x904D;&#x6B77;&#x4E5F;&#x53EF;&#x4EE5;&#x7528;&#x65BC;&#x5C0D;BST&#x9032;&#x884C;&#x4E2D;&#x5E8F;&#x63D2;&#x5165;&#xFF0C;&#x4F7F;&#x5F97;&#x63D2;&#x5165;&#x7684;&#x5143;&#x7D20;&#x4FDD;&#x6301;&#x6709;&#x5E8F;&#x3002;&#x9019;&#x4E9B;&#x7279;&#x6027;&#x4F7F;&#x5F97;BST&#x5728;&#x5F88;&#x591A;&#x60C5;&#x6CC1;&#x4E0B;&#x90FD;&#x662F;&#x4E00;&#x7A2E;&#x975E;&#x5E38;&#x5BE6;&#x7528;&#x7684;&#x6578;&#x64DA;&#x7D50;&#x69CB;&#x3002;&lt;/p&gt; </content>
  <attach></attach>
  <rcount></rcount>
  <rank></rank>
  <hit>14</hit>
  <lang>1</lang>
</data>
