<?xml version="1.0"?>
<data version="3.0" time="2024-07-20 09:55:52" type="post" filename="b000000010000000001.xml">
  <open_time>0000-00-00</open_time>
  <close_time>0000-00-00</close_time>
  <lang_name>Big5</lang_name>
  <board_id>1001278687</board_id>
  <node>000000010000000001</node>
  <site>1000110001</site>
  <pt>2023-07-23 11:37:49</pt>
  <poster>11813</poster>
  <realname>&#x5433;&#x5B9C;&#x9D3B;  </realname>
  <email>yhwu@cycu.edu.tw</email>
  <homepage>https://www.researchgate.net/profile/Yi-Hung-Wu-2  </homepage>
  <subject>Re: &#x6436;&#x7B54;222  </subject>
  <content>&lt;p&gt;&lt;span style="color:#ff0000"&gt;&#x9808;&#x88DC;&#x5145;&#xFF1A;&lt;/span&gt;&lt;/p&gt;&#xD;
&#xD;
&lt;p&gt;&lt;span style="color:#ff0000"&gt;1. &#x6240;&#x6709;&#x6A19;&#x8A3B;private&#x548C;public&#x7684;&#x5FC5;&#x8981;&#x6027;&#x3002;&lt;br /&gt;&#xD;
2. &#x5982;&#x4F55;&#x8655;&#x7406;key == node-&amp;gt;key&#x72C0;&#x6CC1;&#xFF1F;&lt;/span&gt;&lt;/p&gt; </content>
  <attach></attach>
  <rcount></rcount>
  <rank></rank>
  <hit>2</hit>
  <lang>1</lang>
</data>
