<?xml version="1.0"?>
<data version="3.0" time="2024-07-20 09:55:52" type="post" filename="b000000023.xml">
  <open_time>0000-00-00</open_time>
  <close_time>0000-00-00</close_time>
  <lang_name>Big5</lang_name>
  <board_id>1001278687</board_id>
  <node>000000023</node>
  <site>1000110001</site>
  <pt>2023-07-25 22:16:58</pt>
  <poster>06005952</poster>
  <realname>&#x59DA;&#x627F;&#x5FD7;  </realname>
  <email>ge062851@gmail.com</email>
  <homepage> </homepage>
  <subject>&#x6436;&#x7B54;223 </subject>
  <content>&lt;p&gt;223. &#x76F8;&#x540C;&#x641C;&#x5C0B;&#x9375;&#x7684;&#x4E8C;&#x7B46;&#x8CC7;&#x6599;&#x5982;&#x4F55;&#x5B58;&#x5165;&#x4E8C;&#x5143;&#x641C;&#x5C0B;&#x6A39;&#xFF1F;&lt;br /&gt;&#xD;
&#x628A;&#x76F8;&#x540C;&#x7684;&#x503C;&#x8655;&#x5B58;&#x5728;&#x4E00;&#x500B;&#x7BC0;&#x9EDE;&#x4E2D;&#xFF0C;&#x4E26;&#x66FF;&#x9019;&#x500B;&#x7BC0;&#x9EDE;&#x52A0;&#x4E0A;&#x5176;&#x4ED6;&#x5C6C;&#x6027;&#xFF0C;&lt;br /&gt;&#xD;
&#x4F8B;&#x5982;&#xFF1A;&#x589E;&#x52A0;count&#x4F86;&#x8A18;&#x9304;&#x76F8;&#x540C;&#x503C;&#x7684;&#x500B;&#x6578;&#xFF0C;&#x5C31;&#x53EF;&#x4EE5;&#x5728;&#x63D2;&#x5165;&#x548C;&#x641C;&#x5C0B;&#x7BC0;&#x9EDE;&#x6642;&#x8655;&#x7406;&#x76F8;&#x540C;&#x503C;&#x7684;&#x60C5;&#x6CC1;&#x3002;&lt;/p&gt;</content>
  <attach></attach>
  <rcount></rcount>
  <rank></rank>
  <hit>13</hit>
  <lang>1</lang>
</data>
