<?xml version="1.0"?>
<data version="3.0" time="2024-07-20 09:55:52" type="post" filename="b000000003000000001.xml">
  <open_time>0000-00-00</open_time>
  <close_time>0000-00-00</close_time>
  <lang_name>Big5</lang_name>
  <board_id>1001278687</board_id>
  <node>000000003000000001</node>
  <site>1000110001</site>
  <pt>2023-07-22 10:35:38</pt>
  <poster>11813</poster>
  <realname>&#x5433;&#x5B9C;&#x9D3B;  </realname>
  <email>yhwu@cycu.edu.tw</email>
  <homepage>https://www.researchgate.net/profile/Yi-Hung-Wu-2  </homepage>
  <subject>Re: &#x6436;&#x7B54;225  </subject>
  <content>&lt;p&gt;&lt;span style="color:#b22222"&gt;&#x984C;&#x76EE;&#x8981;&#x6C42;&#x5E73;&#x8861;&#x7684;&#x4E8C;&#x5143;&#x641C;&#x5C0B;&#x6A39;&#xFF0C;&#x4E0D;&#x662F;AVL&#x6A39;&#xFF0C;&#x53EA;&#x63A1;&#x7528;&#x4E8C;&#x5143;&#x641C;&#x5C0B;&#x6A39;&#x7684;&#x65B0;&#x589E;&#x7BC0;&#x9EDE;&#x51FD;&#x6578;&#x3002;&lt;/span&gt;&lt;/p&gt; </content>
  <attach></attach>
  <rcount></rcount>
  <rank></rank>
  <hit>1</hit>
  <lang>1</lang>
</data>
