<?xml version="1.0"?>
<data version="3.0" time="2024-07-20 09:55:52" type="post" filename="b000000008.xml">
  <open_time>0000-00-00</open_time>
  <close_time>0000-00-00</close_time>
  <lang_name>Big5</lang_name>
  <board_id>1001278687</board_id>
  <node>000000008</node>
  <site>1000110001</site>
  <pt>2023-07-22 23:30:48</pt>
  <poster>10927250</poster>
  <realname>&#x53E4;&#x5BB8;&#x5B87;  </realname>
  <email>ku0905264478@gmail.com</email>
  <homepage>  </homepage>
  <subject>&#x6436;&#x7B54;223 </subject>
  <content>&lt;p&gt;223. &#x76F8;&#x540C;&#x641C;&#x5C0B;&#x9375;&#x7684;&#x4E8C;&#x7B46;&#x8CC7;&#x6599;&#x5982;&#x4F55;&#x5B58;&#x5165;&#x4E8C;&#x5143;&#x641C;&#x5C0B;&#x6A39;&#xFF1F;&lt;/p&gt;&#xD;
&#xD;
&lt;ol&gt;&#xD;
	&lt;li&gt;&#xD;
	&lt;p&gt;&#x4F7F;&#x7528;&#x984D;&#x5916;&#x7684;&#x8CC7;&#x6599;&#x7D50;&#x69CB;&#xFF1A;&#x5C07;&#x76F8;&#x540C;&#x9375;&#x503C;&#x7684;&#x8CC7;&#x6599;&#x5B58;&#x5165;&#x4E00;&#x500B;&#x984D;&#x5916;&#x7684;&#x8CC7;&#x6599;&#x7D50;&#x69CB;&#x4E2D;&#xFF0C;&#x4F8B;&#x5982;&#x5217;&#x8868;&#xFF08;List&#xFF09;&#x3001;&#x93C8;&#x8868;&#xFF08;Linked List&#xFF09;&#x7B49;&#x3002;&#x5728;&#x6BCF;&#x500B;&#x7BC0;&#x9EDE;&#x4E2D;&#xFF0C;&#x9664;&#x4E86;&#x5B58;&#x5132;&#x641C;&#x5C0B;&#x9375;&#x4E4B;&#x5916;&#xFF0C;&#x9084;&#x9700;&#x5B58;&#x5132;&#x4E00;&#x500B;&#x6307;&#x5411;&#x9019;&#x500B;&#x8CC7;&#x6599;&#x7D50;&#x69CB;&#x7684;&#x5F15;&#x7528;&#x6216;&#x6307;&#x6A19;&#x3002;&#x9019;&#x6A23;&#xFF0C;&#x6BCF;&#x500B;&#x7BC0;&#x9EDE;&#x5C31;&#x53EF;&#x4EE5;&#x540C;&#x6642;&#x5B58;&#x5132;&#x591A;&#x7B46;&#x8CC7;&#x6599;&#x3002;&lt;/p&gt;&#xD;
	&lt;/li&gt;&#xD;
	&lt;li&gt;&#xD;
	&lt;p&gt;&#x4FEE;&#x6539;&#x7BC0;&#x9EDE;&#x7D50;&#x69CB;&#xFF1A;&#x5728;&#x6BCF;&#x500B;&#x7BC0;&#x9EDE;&#x4E2D;&#xFF0C;&#x9664;&#x4E86;&#x641C;&#x5C0B;&#x9375;&#x4E4B;&#x5916;&#xFF0C;&#x65B0;&#x589E;&#x4E00;&#x500B;&#x6B04;&#x4F4D;&#x4F86;&#x5B58;&#x5132;&#x591A;&#x7B46;&#x8CC7;&#x6599;&#x3002;&#x9019;&#x6A23;&#xFF0C;&#x5728;&#x63D2;&#x5165;&#x6642;&#xFF0C;&#x7576;&#x9047;&#x5230;&#x76F8;&#x540C;&#x7684;&#x641C;&#x5C0B;&#x9375;&#x6642;&#xFF0C;&#x53EA;&#x9700;&#x5C07;&#x65B0;&#x7684;&#x8CC7;&#x6599;&#x8FFD;&#x52A0;&#x5230;&#x8A72;&#x7BC0;&#x9EDE;&#x7684;&#x6B04;&#x4F4D;&#x4E2D;&#x3002;&lt;/p&gt;&#xD;
	&lt;/li&gt;&#xD;
&lt;/ol&gt;&#xD;
&#xD;
&lt;p&gt;&#x4F7F;&#x7528;&#x7B2C;&#x4E00;&#x7A2E;&#x65B9;&#x6CD5;&#xFF0C;&#x5229;&#x7528;&#x93C8;&#x8868;&#x4F86;&#x5B58;&#x5132;&#x76F8;&#x540C;&#x9375;&#x503C;&#x7684;&#x8CC7;&#x6599;&lt;/p&gt;&#xD;
&#xD;
&lt;p&gt;class TreeNode:&lt;br /&gt;&#xD;
&amp;nbsp; &amp;nbsp; def __init__(self, key, data):&lt;br /&gt;&#xD;
&amp;nbsp; &amp;nbsp; &amp;nbsp; &amp;nbsp; self.key = key&lt;br /&gt;&#xD;
&amp;nbsp; &amp;nbsp; &amp;nbsp; &amp;nbsp; self.data_list = [data] &amp;nbsp;# &#x4F7F;&#x7528;&#x5217;&#x8868;&#x4F86;&#x5B58;&#x5132;&#x76F8;&#x540C;&#x9375;&#x503C;&#x7684;&#x8CC7;&#x6599;&lt;br /&gt;&#xD;
&amp;nbsp; &amp;nbsp; &amp;nbsp; &amp;nbsp; self.left = None&lt;br /&gt;&#xD;
&amp;nbsp; &amp;nbsp; &amp;nbsp; &amp;nbsp; self.right = None&lt;/p&gt;&#xD;
&#xD;
&lt;p&gt;def insert(root, key, data):&lt;br /&gt;&#xD;
&amp;nbsp; &amp;nbsp; if root is None:&lt;br /&gt;&#xD;
&amp;nbsp; &amp;nbsp; &amp;nbsp; &amp;nbsp; return TreeNode(key, data)&lt;/p&gt;&#xD;
&#xD;
&lt;p&gt;&amp;nbsp; &amp;nbsp; if key == root.key:&lt;br /&gt;&#xD;
&amp;nbsp; &amp;nbsp; &amp;nbsp; &amp;nbsp; root.data_list.append(data) &amp;nbsp;# &#x76F8;&#x540C;&#x9375;&#x503C;&#x7684;&#x8CC7;&#x6599;&#x5B58;&#x5165;&#x5217;&#x8868;&lt;br /&gt;&#xD;
&amp;nbsp; &amp;nbsp; elif key &amp;lt; root.key:&lt;br /&gt;&#xD;
&amp;nbsp; &amp;nbsp; &amp;nbsp; &amp;nbsp; root.left = insert(root.left, key, data)&lt;br /&gt;&#xD;
&amp;nbsp; &amp;nbsp; else:&lt;br /&gt;&#xD;
&amp;nbsp; &amp;nbsp; &amp;nbsp; &amp;nbsp; root.right = insert(root.right, key, data)&lt;/p&gt;&#xD;
&#xD;
&lt;p&gt;&amp;nbsp; &amp;nbsp; return root&lt;/p&gt;&#xD;
&#xD;
&lt;p&gt;# &#x5275;&#x5EFA;&#x4E00;&#x500B;&#x4E8C;&#x5143;&#x641C;&#x5C0B;&#x6A39;&#x4E26;&#x63D2;&#x5165;&#x7BC0;&#x9EDE;&lt;br /&gt;&#xD;
root = None&lt;br /&gt;&#xD;
root = insert(root, 5, &amp;quot;data1&amp;quot;)&lt;br /&gt;&#xD;
root = insert(root, 3, &amp;quot;data2&amp;quot;)&lt;br /&gt;&#xD;
root = insert(root, 7, &amp;quot;data3&amp;quot;)&lt;br /&gt;&#xD;
root = insert(root, 5, &amp;quot;data4&amp;quot;) &amp;nbsp;# &#x5B58;&#x5165;&#x76F8;&#x540C;&#x9375;&#x503C;&#x7684;&#x8CC7;&#x6599;&lt;br /&gt;&#xD;
&#x6211;&#x4F7F;&#x7528;&#x4E86;data_list&#x5217;&#x8868;&#x4F86;&#x5B58;&#x5132;&#x76F8;&#x540C;&#x641C;&#x5C0B;&#x9375;&#x7684;&#x591A;&#x7B46;&#x8CC7;&#x6599;&#x3002;&#x7576;&#x63D2;&#x5165;&#x65B0;&#x8CC7;&#x6599;&#x6642;&#xFF0C;&#x5982;&#x679C;&#x9047;&#x5230;&#x5DF2;&#x7D93;&#x5B58;&#x5728;&#x7684;&#x641C;&#x5C0B;&#x9375;&#xFF0C;&#x5247;&#x5C07;&#x65B0;&#x7684;&#x8CC7;&#x6599;&#x6DFB;&#x52A0;&#x5230;data_list&#x5217;&#x8868;&#x4E2D;&#xFF0C;&#x9019;&#x6A23;&#x5C31;&#x53EF;&#x4EE5;&#x4FDD;&#x5B58;&#x591A;&#x7B46;&#x8CC7;&#x6599;&#x5728;&#x540C;&#x4E00;&#x500B;&#x7BC0;&#x9EDE;&#x4E0B;&#x3002;&lt;/p&gt; </content>
  <attach></attach>
  <rcount></rcount>
  <rank></rank>
  <hit>17</hit>
  <lang>1</lang>
</data>
