<?xml version="1.0"?>
<data version="3.0" time="2024-07-20 09:55:52" type="post" filename="b000000014.xml">
  <open_time>0000-00-00</open_time>
  <close_time>0000-00-00</close_time>
  <lang_name>Big5</lang_name>
  <board_id>1001278687</board_id>
  <node>000000014</node>
  <site>1000110001</site>
  <pt>2023-07-23 15:32:18</pt>
  <poster>06005636</poster>
  <realname>&#x6731;&#x7D18;&#x6B63;  </realname>
  <email>henry3446@gmail.com</email>
  <homepage>  </homepage>
  <subject>&#x6436;&#x7B54;225 </subject>
  <content>&lt;p&gt;225. &#x5DF2;&#x6392;&#x5E8F;&#x8CC7;&#x6599;&#x5982;&#x4F55;&#x5EFA;&#x7ACB;&#x4E00;&#x68F5;&#x5E73;&#x8861;&#x7684;&#x4E8C;&#x5143;&#x641C;&#x5C0B;&#x6A39;&#xFF1F;&lt;/p&gt;&#xD;
&#xD;
&lt;p&gt;&#x7576;&#x8981;&#x5EFA;&#x7ACB;&#x4E00;&#x68F5;&#x5E73;&#x8861;&#x7684;&#x4E8C;&#x5143;&#x641C;&#x5C0B;&#x6A39;&#x6642;&#xFF0C;&#x5C0D;&#x65BC;&#x5DF2;&#x7D93;&#x6392;&#x5E8F;&#x7684;&#x6578;&#x64DA;&#x9663;&#x5217;&#xFF0C;&#x6700;&#x7C21;&#x55AE;&#x7684;&#x65B9;&#x6CD5;&#x662F;&#x905E;&#x8FF4;&#x5730;&#x5C07;&#x4E2D;&#x9593;&#x5143;&#x7D20;&#x4F5C;&#x70BA;&#x6839;&#x7BC0;&#x9EDE;&#xFF0C;&#x7136;&#x5F8C;&#x5C07;&#x6578;&#x7D44;&#x7684;&#x5DE6;&#x534A;&#x90E8;&#x5206;&#x548C;&#x53F3;&#x534A;&#x90E8;&#x5206;&#x5206;&#x5225;&#x4F5C;&#x70BA;&#x5DE6;&#x5B50;&#x6A39;&#x548C;&#x53F3;&#x5B50;&#x6A39;&#x3002;&#x9019;&#x6A23;&#x7684;&#x65B9;&#x6CD5;&#x78BA;&#x4FDD;&#x4E86;&#x6BCF;&#x500B;&#x5B50;&#x6A39;&#x7684;&#x9AD8;&#x5EA6;&#x5DEE;&#x4E0D;&#x6703;&#x8D85;&#x904E;1&#xFF0C;&#x5F9E;&#x800C;&#x4FDD;&#x8B49;&#x6574;&#x68F5;&#x6A39;&#x662F;&#x5E73;&#x8861;&#x7684;&#x3002;&#x5047;&#x8A2D;&#x6211;&#x5011;&#x6709;&#x4E00;&#x500B;&#x5DF2;&#x6392;&#x5E8F;&#x7684;&#x8CC7;&#x6599;&#x9663;&#x5217;&#xFF1A;[1, 2, 3, 4, 5, 6, 7, 8, 9, 10]&#x3002;&#x70BA;&#x4E86;&#x5EFA;&#x7ACB;&#x5E73;&#x8861;&#x7684;&#x4E8C;&#x5143;&#x641C;&#x5C0B;&#x6A39;&#xFF0C;&#x6211;&#x5011;&#x53EF;&#x4EE5;&#x63A1;&#x7528;&#x4EE5;&#x4E0B;&#x6B65;&#x9A5F;&#xFF1A;&lt;/p&gt;&#xD;
&#xD;
&lt;p&gt;&#x7B2C;&#x4E00;&#x6B65;&#x9A5F;&#x9078;&#x53D6;&#x9663;&#x5217;&#x4E2D;&#x9593;&#x7684;&#x5143;&#x7D20;&#xFF0C;&#x5373;5&#xFF0C;&#x4F5C;&#x70BA;&#x6839;&#x7BC0;&#x9EDE;&#x3002;&lt;/p&gt;&#xD;
&#xD;
&lt;p&gt;&#x7B2C;&#x4E8C;&#x6B65;&#x9A5F;&#x5C07;&#x9663;&#x5217;&#x5206;&#x70BA;&#x5DE6;&#x534A;&#x90E8;&#x5206;&#x548C;&#x53F3;&#x534A;&#x90E8;&#x5206;&#xFF1A;[1, 2, 3, 4] &#x548C; [6, 7, 8, 9, 10]&#x3002;&lt;/p&gt;&#xD;
&#xD;
&lt;p&gt;&#x7B2C;&#x4E09;&#x6B65;&#x9A5F;&#x905E;&#x8FF4;&#x5730;&#x91CD;&#x8907;&#x6B65;&#x9A5F;1&#x548C;&#x6B65;&#x9A5F;2&#xFF0C;&#x5206;&#x5225;&#x9078;&#x53D6;&#x5DE6;&#x534A;&#x90E8;&#x5206;&#x4E2D;&#x9593;&#x7684;&#x5143;&#x7D20; 2 &#x4F5C;&#x70BA;5&#x7684;&#x5DE6;&#x5B50;&#x7BC0;&#x9EDE;&#xFF0C;&#x53F3;&#x534A;&#x90E8;&#x5206;&#x4E2D;&#x9593;&#x7684;&#x5143;&#x7D20; 8 &#x4F5C;&#x70BA;5&#x7684;&#x53F3;&#x5B50;&#x7BC0;&#x9EDE;&#x3002;&lt;/p&gt;&#xD;
&#xD;
&lt;p&gt;&#x6700;&#x5F8C;&#x7E7C;&#x7E8C;&#x905E;&#x8FF4;&#x5730;&#x91CD;&#x8907;&#x4EE5;&#x4E0A;&#x6B65;&#x9A5F;&#xFF0C;&#x76F4;&#x5230;&#x5EFA;&#x7ACB;&#x5B8C;&#x6574;&#x68F5;&#x5E73;&#x8861;&#x7684;&#x4E8C;&#x5143;&#x641C;&#x5C0B;&#x6A39;&#x3002;&lt;/p&gt;&#xD;
&#xD;
&lt;p&gt;&#x5F97;&#x5230;&#x4E0B;&#x9762;&#x5E73;&#x8861;&#x7684;&#x4E8C;&#x5143;&#x641C;&#x5C0B;&#x6A39;&lt;/p&gt;&#xD;
&#xD;
&lt;p&gt;&amp;nbsp;&amp;nbsp;&amp;nbsp;&amp;nbsp;&amp;nbsp; 5&lt;br /&gt;&#xD;
&amp;nbsp;&amp;nbsp;&amp;nbsp; /&amp;nbsp;&amp;nbsp; \&lt;br /&gt;&#xD;
&amp;nbsp;&amp;nbsp; 2&amp;nbsp;&amp;nbsp;&amp;nbsp;&amp;nbsp; 8&lt;br /&gt;&#xD;
&amp;nbsp; / \&amp;nbsp;&amp;nbsp; / \&lt;br /&gt;&#xD;
&amp;nbsp;1&amp;nbsp;&amp;nbsp; 3 6&amp;nbsp;&amp;nbsp; 9&lt;br /&gt;&#xD;
&amp;nbsp;&amp;nbsp;&amp;nbsp;&amp;nbsp;&amp;nbsp; \&amp;nbsp;&amp;nbsp; \&lt;br /&gt;&#xD;
&amp;nbsp;&amp;nbsp;&amp;nbsp;&amp;nbsp;&amp;nbsp;&amp;nbsp; 4&amp;nbsp;&amp;nbsp; 10&lt;br /&gt;&#xD;
&amp;nbsp;&amp;nbsp;&amp;nbsp;&amp;nbsp;&amp;nbsp;&amp;nbsp;&amp;nbsp;&amp;nbsp;&amp;nbsp; /&lt;br /&gt;&#xD;
&amp;nbsp;&amp;nbsp;&amp;nbsp;&amp;nbsp;&amp;nbsp;&amp;nbsp;&amp;nbsp;&amp;nbsp; 7&lt;/p&gt;&#xD;
&#xD;
&lt;p&gt;&#x9019;&#x5C31;&#x662F;&#x4F7F;&#x7528;&#x53EA;&#x6709;&#x65B0;&#x589E;&#x7BC0;&#x9EDE;&#x51FD;&#x6578;&#x7684;&#x65B9;&#x5F0F;&#x4F86;&#x5EFA;&#x7ACB;&#x5E73;&#x8861;&#x7684;&#x4E8C;&#x5143;&#x641C;&#x5C0B;&#x6A39;&#x7684;&#x6B65;&#x9A5F;&#x3002;&#x901A;&#x904E;&#x9019;&#x7A2E;&#x65B9;&#x6CD5;&#xFF0C;&#x4F60;&#x53EF;&#x4EE5;&#x78BA;&#x4FDD;&#x4E8C;&#x5143;&#x641C;&#x5C0B;&#x6A39;&#x4FDD;&#x6301;&#x5E73;&#x8861;&#xFF0C;&#x4E26;&#x5728;&#x63D2;&#x5165;&#x65B0;&#x7BC0;&#x9EDE;&#x6642;&#x4FDD;&#x6301;&#x5E73;&#x8861;&#x6027;&#x3002;&lt;/p&gt; </content>
  <attach></attach>
  <rcount></rcount>
  <rank></rank>
  <hit>22</hit>
  <lang>1</lang>
</data>
