<?xml version="1.0"?>
<data version="3.0" time="2024-07-20 09:55:52" type="post" filename="b000000022000000001.xml">
  <open_time>0000-00-00</open_time>
  <close_time>0000-00-00</close_time>
  <lang_name>Big5</lang_name>
  <board_id>1001278687</board_id>
  <node>000000022000000001</node>
  <site>1000110001</site>
  <pt>2023-07-27 23:50:27</pt>
  <poster>11813</poster>
  <realname>&#x5433;&#x5B9C;&#x9D3B;  </realname>
  <email>yhwu@cycu.edu.tw</email>
  <homepage>https://www.researchgate.net/profile/Yi-Hung-Wu-2  </homepage>
  <subject>Re: &#x6436;&#x7B54;222  </subject>
  <content>&lt;p&gt;&lt;span style="color:#ff0000"&gt;&#x4E0D;&#x52A0;&#x4E0A;&#x6587;&#x5B57;&#x6558;&#x8FF0;&#x89E3;&#x8AAA;&#xFF1F;&lt;/span&gt;&lt;/p&gt; </content>
  <attach></attach>
  <rcount></rcount>
  <rank></rank>
  <hit>1</hit>
  <lang>1</lang>
</data>
