<?xml version="1.0"?>
<data version="3.0" time="2024-07-20 09:55:52" type="post" filename="b000000018000000001.xml">
  <open_time>0000-00-00</open_time>
  <close_time>0000-00-00</close_time>
  <lang_name>Big5</lang_name>
  <board_id>1001278687</board_id>
  <node>000000018000000001</node>
  <site>1000110001</site>
  <pt>2023-07-27 23:46:33</pt>
  <poster>11813</poster>
  <realname>&#x5433;&#x5B9C;&#x9D3B;  </realname>
  <email>yhwu@cycu.edu.tw</email>
  <homepage>https://www.researchgate.net/profile/Yi-Hung-Wu-2  </homepage>
  <subject>Re: &#x6436;&#x7B54;224  </subject>
  <content>&lt;p&gt;&lt;span style="color:#ff0000"&gt;&#x984C;&#x76EE;&#x5C31;&#x662F;&#x5728;&#x554F;&#xFF1A;&#x5982;&#x4F55;&#x5E8F;&#x5217;&#x5316;&#xFF1F;&lt;/span&gt;&lt;/p&gt; </content>
  <attach></attach>
  <rcount></rcount>
  <rank></rank>
  <hit>1</hit>
  <lang>1</lang>
</data>
