<?xml version="1.0"?>
<data version="3.0" time="2024-07-20 09:55:52" type="post" filename="b000000006.xml">
  <open_time>0000-00-00</open_time>
  <close_time>0000-00-00</close_time>
  <lang_name>Big5</lang_name>
  <board_id>1001278687</board_id>
  <node>000000006</node>
  <site>1000110001</site>
  <pt>2023-07-22 14:27:45</pt>
  <poster>06005645</poster>
  <realname>&#x6797;&#x54C1;&#x7444;  </realname>
  <email>hank61061007@gmail.com</email>
  <homepage>  </homepage>
  <subject>&#x6436;&#x7B54;223 </subject>
  <content>&lt;p&gt;223.&#x76F8;&#x540C;&#x641C;&#x5C0B;&#x9375;&#x7684;&#x4E8C;&#x7B46;&#x8CC7;&#x6599;&#x5982;&#x4F55;&#x5B58;&#x5165;&#x4E8C;&#x5143;&#x641C;&#x5C0B;&#x6A39;&#xFF1F;&lt;/p&gt;&#xD;
&#xD;
&lt;p&gt;1. &#x5728;&#x7BC0;&#x9EDE;&#x4E2D;&#x7DAD;&#x8B77;&#x8A08;&#x6578;&#x5668;:&amp;nbsp;&#x5C0D;&#x65BC;&#x6BCF;&#x500B;&#x7BC0;&#x9EDE;&#xFF0C;&#x9664;&#x4E86;&#x9375;&#x548C;&#x6578;&#x64DA;&#x4E4B;&#x5916;&#xFF0C;&#x9084;&#x53EF;&#x4EE5;&#x5305;&#x542B;&#x4E00;&#x500B;&#x8A08;&#x6578;&#x5668;&#xFF0C;&#x8868;&#x793A;&#x76F8;&#x540C;&#x9375;&#x7684;&#x6578;&#x91CF;&#x3002;&#x7576;&#x63D2;&#x5165;&#x5177;&#x6709;&#x76F8;&#x540C;&#x9375;&#x7684;&#x65B0;&#x5143;&#x7D20;&#x6642;&#xFF0C;&#x4E0D;&#x6703;&#x6DFB;&#x52A0;&#x65B0;&#x7684;&#x7BC0;&#x9EDE;&#xFF0C;&#x800C;&#x662F;&#x5C07;&#x5C0D;&#x61C9;&#x7BC0;&#x9EDE;&#x7684;&#x8A08;&#x6578;&#x5668;&#x589E;&#x52A0;1&#x3002;&#x522A;&#x9664;&#x5143;&#x7D20;&#x6642;&#xFF0C;&#x5982;&#x679C;&#x8A08;&#x6578;&#x5668;&#x5927;&#x65BC;1&#xFF0C;&#x5247;&#x6E1B;1&#xFF1B;&#x5426;&#x5247;&#xFF0C;&#x522A;&#x9664;&#x7BC0;&#x9EDE;&#x3002;&#x9019;&#x7A2E;&#x7B56;&#x7565;&#x7C21;&#x5316;&#x4E86;&#x6A39;&#x7684;&#x7D50;&#x69CB;&#xFF0C;&#x4F46;&#x662F;&#x53EF;&#x80FD;&#x6703;&#x8B93;&#x4F60;&#x5728;&#x5BE6;&#x65BD;&#x4E00;&#x4E9B;&#x6A39;&#x7684;&#x64CD;&#x4F5C;&#x6642;&#x9700;&#x8981;&#x66F4;&#x591A;&#x7684;&#x908F;&#x8F2F;&#x8655;&#x7406;&#x3002;&lt;/p&gt;&#xD;
&#xD;
&lt;p&gt;2. &#x4F7F;&#x7528;&#x5DE6;&#x504F;&#x6216;&#x662F;&#x53F3;&#x504F;&#x7684;&#x7B56;&#x7565;: &#x5728;&#x9019;&#x7A2E;&#x7B56;&#x7565;&#x4E2D;&#xFF0C;&#x5982;&#x679C;&#x65B0;&#x63D2;&#x5165;&#x7684;&#x9375;&#x7B49;&#x65BC;&#x7BC0;&#x9EDE;&#x7684;&#x9375;&#xFF0C;&#x90A3;&#x9EBC;&#x53EF;&#x4EE5;&#x59CB;&#x7D42;&#x5C07;&#x65B0;&#x7BC0;&#x9EDE;&#x63D2;&#x5165;&#x5230;&#x5DE6;&#x5B50;&#x6A39;&#x6216;&#x8005;&#x53F3;&#x5B50;&#x6A39;&#x3002;&#x4F8B;&#x5982;&#xFF0C;&#x5982;&#x679C;&#x4F60;&#x9078;&#x64C7;&#x5DE6;&#x504F;&#x7B56;&#x7565;&#xFF0C;&#x90A3;&#x9EBC;&#x7576;&#x65B0;&#x63D2;&#x5165;&#x7684;&#x9375;&#x7B49;&#x65BC;&#x7576;&#x524D;&#x7BC0;&#x9EDE;&#x7684;&#x9375;&#x6642;&#xFF0C;&#x4F60;&#x6703;&#x5C07;&#x65B0;&#x7BC0;&#x9EDE;&#x63D2;&#x5165;&#x5230;&#x5DE6;&#x5B50;&#x6A39;&#x3002;&#x9019;&#x6A23;&#xFF0C;&#x4F60;&#x5C31;&#x53EF;&#x4EE5;&#x5728;&#x4FDD;&#x6301;&#x4E8C;&#x5143;&#x641C;&#x5C0B;&#x6A39;&#x5C6C;&#x6027;&#x7684;&#x540C;&#x6642;&#xFF0C;&#x8655;&#x7406;&#x76F8;&#x540C;&#x9375;&#x7684;&#x60C5;&#x6CC1;&#x3002;&#x7136;&#x800C;&#xFF0C;&#x9019;&#x7A2E;&#x65B9;&#x6CD5;&#x53EF;&#x80FD;&#x6703;&#x4F7F;&#x5F97;&#x6A39;&#x7684;&#x6DF1;&#x5EA6;&#x589E;&#x52A0;&#xFF0C;&#x5982;&#x679C;&#x6709;&#x5927;&#x91CF;&#x91CD;&#x8907;&#x7684;&#x9375;&#xFF0C;&#x53EF;&#x80FD;&#x6703;&#x5C0E;&#x81F4;&#x6A39;&#x7684;&#x7D50;&#x69CB;&#x63A5;&#x8FD1;&#x65BC;&#x93C8;&#x8868;&#x3002;&lt;/p&gt;&#xD;
&#xD;
&lt;p&gt;&#x4EE5;&#x4E0A;&#x5C31;&#x662F;&#x8655;&#x7406;&#x4E8C;&#x5143;&#x641C;&#x5C0B;&#x6A39;&#x4E2D;&#x91CD;&#x8907;&#x9375;&#x7684;&#x4E00;&#x4E9B;&#x5E38;&#x898B;&#x7B56;&#x7565;&#xFF0C;&#x4F60;&#x53EF;&#x4EE5;&#x6839;&#x64DA;&#x5BE6;&#x969B;&#x7684;&#x9700;&#x6C42;&#x548C;&#x4E0A;&#x4E0B;&#x6587;&#x9078;&#x64C7;&#x6700;&#x9069;&#x5408;&#x7684;&#x65B9;&#x6CD5;&#x3002;&lt;/p&gt; </content>
  <attach></attach>
  <rcount></rcount>
  <rank></rank>
  <hit>25</hit>
  <lang>1</lang>
</data>
