<?xml version="1.0"?>
<data version="3.0" time="2024-07-20 09:55:52" type="post" filename="b000000027.xml">
  <open_time>0000-00-00</open_time>
  <close_time>0000-00-00</close_time>
  <lang_name>Big5</lang_name>
  <board_id>1001278687</board_id>
  <node>000000027</node>
  <site>1000110001</site>
  <pt>2023-07-25 22:59:19</pt>
  <poster>06005914</poster>
  <realname>&#x9673;&#x5F65;&#x4E2D;  </realname>
  <email>jackson89911@gmail.com</email>
  <homepage>  </homepage>
  <subject>&#x6436;&#x7B54;224 </subject>
  <content>&lt;p&gt;224. &#x5982;&#x4F55;&#x5C07;&#x4E8C;&#x5143;&#x641C;&#x5C0B;&#x6A39;&#x5B58;&#x6A94;&#x5F8C;&#x518D;&#x8B80;&#x5165;&#x53EF;&#x6062;&#x5FA9;&#x539F;&#x72C0;&#xFF1F;&lt;/p&gt;&#xD;
&#xD;
&lt;p&gt;A:&#x8981;&#x5C07;&#x4E8C;&#x5143;&#x641C;&#x5C0B;&#x6A39;&#x5B58;&#x6A94;&#x5F8C;&#x518D;&#x8B80;&#x5165;&#xFF0C;&#x53EF;&#x4EE5;&#x4F7F;&#x7528;&#x4E0B;&#x5217;&#x6B65;&#x9A5F;&#xFF1A;&lt;/p&gt;&#xD;
&#xD;
&lt;p&gt;1.&#x5148;&#x5EFA;&#x7ACB;&#x4E00;&#x500B;&#x4E8C;&#x5143;&#x641C;&#x5C0B;&#x6A39;&lt;/p&gt;&#xD;
&#xD;
&lt;p&gt;2.&#x4F7F;&#x7528;&#x905E;&#x8FF4;&#x51FD;&#x6578;&#x5C07;&#x4E8C;&#x5143;&#x641C;&#x5C0B;&#x6A39;&#x7684;&#x7BC0;&#x9EDE;&#x5B58;&#x6A94;&#x5230;&#x4E00;&#x500B;&#x6A94;&#x6848;&#x4E2D;&lt;/p&gt;&#xD;
&#xD;
&lt;p&gt;3.&#x7136;&#x5F8C;&#x95DC;&#x9589;&#x6A94;&#x6848;&lt;/p&gt;&#xD;
&#xD;
&lt;p&gt;4.&#x4F7F;&#x7528;&#x905E;&#x8FF4;&#x51FD;&#x6578;&#x5F9E;&#x6A94;&#x6848;&#x4E2D;&#x8B80;&#x53D6;&#x4E8C;&#x5143;&#x641C;&#x5C0B;&#x6A39;&#x7684;&#x7BC0;&#x9EDE;&#xFF0C;&#x4E26;&#x5EFA;&#x7ACB;&#x4E00;&#x500B;&#x65B0;&#x7684;&#x4E8C;&#x5143;&#x641C;&#x5C0B;&#x6A39;&lt;/p&gt; </content>
  <attach></attach>
  <rcount></rcount>
  <rank></rank>
  <hit>7</hit>
  <lang>1</lang>
</data>
