<?xml version="1.0"?>
<data version="3.0" time="2024-07-20 09:55:52" type="post" filename="b000000001.xml">
  <open_time>0000-00-00</open_time>
  <close_time>0000-00-00</close_time>
  <lang_name>Big5</lang_name>
  <board_id>1001278687</board_id>
  <node>000000001</node>
  <site>1000110001</site>
  <pt>2023-07-22 01:38:44</pt>
  <poster>06005636</poster>
  <realname>&#x6731;&#x7D18;&#x6B63;  </realname>
  <email>henry3446@gmail.com</email>
  <homepage>  </homepage>
  <subject>&#x6436;&#x7B54;221 </subject>
  <content>&lt;p&gt;221. &#x8209;&#x4F8B;&#x89E3;&#x8AAA;&#x4E2D;&#x5E8F;&#x8D70;&#x8A2A;&#x4E8C;&#x5143;&#x641C;&#x5C0B;&#x6A39;&#x662F;&#x5426;&#x7A69;&#x5B9A;&#x6392;&#x5E8F;&#x3002;&lt;/p&gt;&#xD;
&#xD;
&lt;p&gt;&#x4F7F;&#x7528;&#x4E00;&#x500B;&#x7C21;&#x55AE;&#x7684;&#x4E8C;&#x5143;&#x641C;&#x5C0B;&#x6A39;&#x4F86;&#x8209;&#x4F8B;&#x8AAA;&#x660E;&#x4E2D;&#x5E8F;&#x904D;&#x6B77;&#x662F;&#x5426;&#x7A69;&#x5B9A;&#x6392;&#x5E8F;&#x3002;&#x9019;&#x88E1;&#x8209;&#x4F8B;&#x4E00;&#x500B;&#x4F8B;&#x5B50;&#x4E8C;&#x5143;&#x641C;&#x5C0B;&#x6A39;&lt;/p&gt;&#xD;
&#xD;
&lt;p&gt;&amp;nbsp;&amp;nbsp;&amp;nbsp; 5&lt;br /&gt;&#xD;
&amp;nbsp;&amp;nbsp; / \&lt;br /&gt;&#xD;
&amp;nbsp; 3&amp;nbsp;&amp;nbsp; 8&lt;br /&gt;&#xD;
&amp;nbsp;/ \ / \&lt;br /&gt;&#xD;
2&amp;nbsp; 4 7&amp;nbsp; 9&lt;/p&gt;&#xD;
&#xD;
&lt;p&gt;&#x9032;&#x884C;&#x4E2D;&#x5E8F;&#x904D;&#x6B77;&#xFF0C;&#x6703;&#x5F97;&#x5230;&#x4EE5;&#x4E0B;&#x7684;&#x6392;&#x5E8F;&#x5E8F;&#x5217; =&amp;gt; 2, 3, 4, 5, 7, 8, 9&lt;/p&gt;&#xD;
&#xD;
&lt;p&gt;&#x5047;&#x8A2D;&#x6709;&#x5169;&#x500B;&#x503C;&#x76F8;&#x540C;&#x7684;&#x7BC0;&#x9EDE;&#xFF0C;&#x7BC0;&#x9EDE;A&#x7684;&#x503C;&#x70BA;3&#xFF0C;&#x7BC0;&#x9EDE;B&#x7684;&#x503C;&#x4E5F;&#x70BA;3&#x3002;&#x9019;&#x5169;&#x500B;&#x7BC0;&#x9EDE;&#x5728;&#x6A39;&#x4E2D;&#x53EF;&#x80FD;&#x662F;&#x4E0D;&#x540C;&#x7684;&#x7BC0;&#x9EDE;&#xFF0C;&#x4F46;&#x662F;&#x503C;&#x76F8;&#x540C;&#x3002;&#x8981;&#x5C0D;&#x7BC0;&#x9EDE;A&#x9032;&#x884C;&#x4FEE;&#x6539;&#xFF0C;&#x5C07;&#x5176;&#x503C;&#x6539;&#x70BA;6&#xFF0C;&#x7136;&#x5F8C;&#x518D;&#x9032;&#x884C;&#x4E2D;&#x5E8F;&#x904D;&#x6B77;&#xFF1A;&lt;/p&gt;&#xD;
&#xD;
&lt;p&gt;&amp;nbsp;&amp;nbsp;&amp;nbsp; 5&lt;br /&gt;&#xD;
&amp;nbsp;&amp;nbsp; / \&lt;br /&gt;&#xD;
&amp;nbsp; 6&amp;nbsp;&amp;nbsp; 8&lt;br /&gt;&#xD;
&amp;nbsp;/ \ / \&lt;br /&gt;&#xD;
2&amp;nbsp; 4 7&amp;nbsp; 9&lt;/p&gt;&#xD;
&#xD;
&lt;p&gt;&#x4FEE;&#x6539;&#x7BC0;&#x9EDE;A&#x5F8C;&#x7684;&#x6A39; =&amp;gt; 2, 4, 5, 6, 7, 8, 9&lt;/p&gt;&#xD;
&#xD;
&lt;p&gt;&#x7BC0;&#x9EDE;B&#x7684;&#x503C;&#x4ECD;&#x7136;&#x662F;3&#xFF0C;&#x800C;&#x7BC0;&#x9EDE;A&#x7684;&#x503C;&#x8B8A;&#x6210;&#x4E86;6&#x3002;&#x9019;&#x8AAA;&#x660E;&#x5728;&#x4E2D;&#x5E8F;&#x4E2D;&#xFF0C;&#x7BC0;&#x9EDE;&#x7684;&#x76F8;&#x5C0D;&#x9806;&#x5E8F;&#x4FDD;&#x6301;&#x4E0D;&#x8B8A;&#x3002;&#x7BC0;&#x9EDE;A&#x7684;&#x503C;&#x5927;&#x65BC;&#x7BC0;&#x9EDE;B&#x7684;&#x503C;&#xFF0C;&#x90A3;&#x9EBC;&#x5728;&#x4E2D;&#x5E8F;&#x904D;&#x6B77;&#x4E2D;&#xFF0C;&#x7BC0;&#x9EDE;A&#x7684;&#x503C;&#x4ECD;&#x7136;&#x6703;&#x5728;&#x7BC0;&#x9EDE;B&#x7684;&#x503C;&#x5F8C;&#x9762;&#x3002;&#x56E0;&#x6B64;&#xFF0C;&#x4E2D;&#x5E8F;&#x904D;&#x6B77;&#x4E8C;&#x5143;&#x641C;&#x5C0B;&#x6A39;&#x7684;&#x904E;&#x7A0B;&#x4E2D;&#xFF0C;&#x76F8;&#x540C;&#x503C;&#x7684;&#x7BC0;&#x9EDE;&#x4E4B;&#x9593;&#x7684;&#x76F8;&#x5C0D;&#x9806;&#x5E8F;&#x662F;&#x7A69;&#x5B9A;&#x7684;&#x3002;&#x9019;&#x5C31;&#x662F;&#x4E2D;&#x5E8F;&#x904D;&#x6B77;&#x4E8C;&#x5143;&#x641C;&#x5C0B;&#x6A39;&#x7684;&#x7A69;&#x5B9A;&#x6392;&#x5E8F;&#x6027;&#x8CEA;&#x3002;&lt;/p&gt; </content>
  <attach></attach>
  <rcount></rcount>
  <rank></rank>
  <hit>28</hit>
  <lang>1</lang>
</data>
