<?xml version="1.0"?>
<data version="3.0" time="2024-07-20 09:55:52" type="post" filename="b000000021.xml">
  <open_time>0000-00-00</open_time>
  <close_time>0000-00-00</close_time>
  <lang_name>Big5</lang_name>
  <board_id>1001278687</board_id>
  <node>000000021</node>
  <site>1000110001</site>
  <pt>2023-07-25 22:09:21</pt>
  <poster>06005952</poster>
  <realname>&#x59DA;&#x627F;&#x5FD7;  </realname>
  <email>ge062851@gmail.com</email>
  <homepage>  </homepage>
  <subject>&#x6436;&#x7B54;221 </subject>
  <content>&lt;p&gt;&lt;span style="font-size:14px"&gt;221. &#x8209;&#x4F8B;&#x89E3;&#x8AAA;&#x4E2D;&#x5E8F;&#x8D70;&#x8A2A;&#x4E8C;&#x5143;&#x641C;&#x5C0B;&#x6A39;&#x662F;&#x5426;&#x7A69;&#x5B9A;&#x6392;&#x5E8F;&#x3002;&lt;/span&gt;&lt;/p&gt;&#xD;
&#xD;
&lt;p&gt;&#x4E2D;&#x5E8F;&#x8D70;&#x8A2A;&#x4E8C;&#x5143;&#x641C;&#x5C0B;&#x6578;&#x6642;&#xFF0C;&#x6703;&#x5148;&#x8D70;&#x8A2A;&#x5B8C;&#x5DE6;&#x5B50;&#x6A39;&#x6728;&#x7684;&#x6240;&#x6709;&#x7BC0;&#x9EDE;&#xFF0C;&#x518D;&#x8D70;&#x8A2A;&#x6839;&#x7BC0;&#x9EDE;&#xFF0C;&#x6700;&#x5F8C;&#x518D;&#x8D70;&#x8A2A;&#x53F3;&#x5B50;&#x6A39;&#x7684;&#x6240;&#x6709;&#x7BC0;&#x9EDE;&#xFF0C;&lt;/p&gt;&#xD;
&#xD;
&lt;p&gt;&#x5047;&#x8A2D;&#x6709;&#x500B;&#x4E8C;&#x5143;&#x6A39;&#x9577;&#x9019;&#x6A23; &amp;nbsp; &amp;nbsp; &amp;nbsp; &amp;nbsp; &amp;nbsp; &amp;nbsp; &amp;nbsp;&lt;/p&gt;&#xD;
&#xD;
&lt;p&gt;&amp;nbsp; &amp;nbsp; &amp;nbsp; &amp;nbsp; &amp;nbsp; 5&lt;br /&gt;&#xD;
&amp;nbsp; &amp;nbsp; &amp;nbsp; &amp;nbsp;/ &amp;nbsp; &amp;nbsp; &amp;nbsp;\&lt;br /&gt;&#xD;
&amp;nbsp; &amp;nbsp; &amp;nbsp;2&amp;nbsp; &amp;nbsp; &amp;nbsp; &amp;nbsp; &amp;nbsp;7&lt;br /&gt;&#xD;
&amp;nbsp;&amp;nbsp; /&amp;nbsp;&amp;nbsp; \&amp;nbsp;&amp;nbsp; &amp;nbsp; /&amp;nbsp;&amp;nbsp;&amp;nbsp; \&lt;br /&gt;&#xD;
3&amp;nbsp; &amp;nbsp; &amp;nbsp; &amp;nbsp;4 6&amp;nbsp; &amp;nbsp; &amp;nbsp; &amp;nbsp;8&lt;br /&gt;&#xD;
&#x9996;&#x5148;&#x6703;&#x5148;&#x5F9E;&#x6839;&#x7BC0;&#x9EDE;&#x958B;&#x59CB;&#x8D70;&#xFF0C;&#x8A2A;&#x554F;&#x5DE6;&#x5B50;&#x6A39;&#x7684;&#x6700;&#x5DE6;&#x7684;&#x6839;&#x7BC0;&#x9EDE;&#xFF0C;&#x6240;&#x4EE5;&#x7B2C;&#x4E00;&#x500B;&#x7BC0;&#x9EDE;&#x70BA;3&#x3002;&#x63A5;&#x4E0B;&#x4F86;&#x8A2A;&#x554F;&#x7BC0;&#x9EDE;2&#xFF0C;&#x518D;&#x4F86;&#x662F;&#x7BC0;&#x9EDE;4&#xFF0C;&#x56E0;&#x70BA;&#x7BC0;&#x9EDE;2&#x662F;&#x7BC0;&#x9EDE;4&#x7684;&#x7236;&#x7BC0;&#x9EDE;&#xFF0C;&#x6240;&#x4EE5;&#x7BC0;&#x9EDE;3&#x6703;&#x5148;&#x8A2A;&#x554F;&#xFF0C;&#x518D;&#x4F86;&#x624D;&#x662F;4&#xFF0C;&#x7136;&#x5F8C;&#x518D;&#x8A2A;&#x554F;&#x7BC0;&#x9EDE;5&#xFF0C;&#x63A5;&#x8457;&#x662F;&#x7BC0;&#x9EDE;6&#xFF0C;&#x56E0;&#x70BA;&#x7BC0;&#x9EDE;5&#x662F;&#x7BC0;&#x9EDE;6&#x7684;&#x7236;&#x7BC0;&#x9EDE;&#x3002;&#x6700;&#x5F8C;&#x8A2A;&#x554F;&#x7BC0;&#x9EDE;7&#xFF0C;&#x518D;&#x8A2A;&#x554F;&#x7BC0;&#x9EDE;8&#xFF0C;&#x56E0;&#x70BA;&#x7BC0;&#x9EDE;7&#x662F;&#x7BC0;&#x9EDE;8&#x7684;&#x7236;&#x7BC0;&#x9EDE;&#xFF0C;&#x90A3;&#x9EBC;&#x4F9D;&#x9806;&#x5E8F;&#x70BA;&#xFF1A;2,3,4,5,6,7,8&#xFF0C;&#x6B64;&#x53EF;&#x8B49;&#x660E;&#x4E2D;&#x5E8F;&#x4E2D;&#x8A2A;&#x662F;&#x4E00;&#x7A2E;&#x7A69;&#x5B9A;&#x6392;&#x5E8F;&#xFF0C;&#x662F;&#x6309;&#x7167;&#x5927;&#x5C0F;&#x7BC0;&#x9EDE;&#x9032;&#x884C;&#x6392;&#x5E8F;&#xFF0C;&#x6240;&#x4EE5;&#x6700;&#x5F8C;&#x7684;&#x7D50;&#x679C;&#x662F;&#x6709;&#x5E8F;&#x7684;&#x3002;&lt;/p&gt; </content>
  <attach></attach>
  <rcount></rcount>
  <rank></rank>
  <hit>13</hit>
  <lang>1</lang>
</data>
