<?xml version="1.0"?>
<data version="3.0" time="2024-07-20 09:55:52" type="post" filename="b000000009000000001.xml">
  <open_time>0000-00-00</open_time>
  <close_time>0000-00-00</close_time>
  <lang_name>Big5</lang_name>
  <board_id>1001278687</board_id>
  <node>000000009000000001</node>
  <site>1000110001</site>
  <pt>2023-07-23 11:34:44</pt>
  <poster>11813</poster>
  <realname>&#x5433;&#x5B9C;&#x9D3B;  </realname>
  <email>yhwu@cycu.edu.tw</email>
  <homepage>https://www.researchgate.net/profile/Yi-Hung-Wu-2  </homepage>
  <subject>Re: &#x6436;&#x7B54;225  </subject>
  <content>&lt;p&gt;&lt;span style="color:#b22222"&gt;&#x9808;&#x5B8C;&#x6574;&#x63CF;&#x8FF0;&#x4E00;&#x6574;&#x500B;&#x904E;&#x7A0B;&#xFF0C;&#x61C9;&#x8A72;&#x4F7F;&#x7528;&#x66F4;&#x9069;&#x5207;&#x7684;&#x8CC7;&#x5DE5;&#x5C08;&#x696D;&#x8853;&#x8A9E;&#x3002;&lt;/span&gt;&lt;/p&gt; </content>
  <attach></attach>
  <rcount></rcount>
  <rank></rank>
  <hit>1</hit>
  <lang>1</lang>
</data>
