<?xml version="1.0"?>
<data version="3.0" time="2024-07-20 09:55:52" type="post" filename="b000000006000000001.xml">
  <open_time>0000-00-00</open_time>
  <close_time>0000-00-00</close_time>
  <lang_name>Big5</lang_name>
  <board_id>1001278687</board_id>
  <node>000000006000000001</node>
  <site>1000110001</site>
  <pt>2023-07-22 15:20:16</pt>
  <poster>11813</poster>
  <realname>&#x5433;&#x5B9C;&#x9D3B;  </realname>
  <email>yhwu@cycu.edu.tw</email>
  <homepage>https://www.researchgate.net/profile/Yi-Hung-Wu-2  </homepage>
  <subject>Re: &#x6436;&#x7B54;223  </subject>
  <content>&lt;p&gt;OK&lt;/p&gt;&#xD;
&#xD;
&lt;p&gt;&lt;span style="color:#b22222"&gt;&#x53EA;&#x6709;&#x8A08;&#x6578;&#x5668;&#x4E26;&#x4E0D;&#x80FD;&#x4FDD;&#x5B58;&#x91CD;&#x8907;&#x8CC7;&#x6599;&#x7684;&#x5167;&#x5BB9;&#xFF0C;&#x901A;&#x5E38;&#x81F3;&#x5C11;&#x8981;&#x5B58;&#x653E;&#x8CC7;&#x6599;&#x7D22;&#x5F15;&#x5982;&#x7DE8;&#x865F;&#xFF0C;&#x4EE5;&#x4FBF;&#x53D6;&#x51FA;&#x8A72;&#x8CC7;&#x6599;&#x5C0D;&#x61C9;&#x7684;&#x6240;&#x6709;&#x5167;&#x5BB9;&#x3002;&lt;/span&gt;&lt;/p&gt; </content>
  <attach></attach>
  <rcount></rcount>
  <rank></rank>
  <hit>1</hit>
  <lang>1</lang>
</data>
