<?xml version="1.0"?>
<data version="3.0" time="2024-07-20 09:55:52" type="post" filename="b000000028.xml">
  <open_time>0000-00-00</open_time>
  <close_time>0000-00-00</close_time>
  <lang_name>Big5</lang_name>
  <board_id>1001278687</board_id>
  <node>000000028</node>
  <site>1000110001</site>
  <pt>2023-07-25 23:01:40</pt>
  <poster>06005931</poster>
  <realname>&#x4F58;&#x4EF2;&#x5091;  </realname>
  <email>szj891226@gmail.com</email>
  <homepage>  </homepage>
  <subject>&#x6436;&#x7B54;221 </subject>
  <content>&lt;p&gt;&#x8209;&#x4F8B;&#x89E3;&#x8AAA;&#x4E2D;&#x5E8F;&#x8D70;&#x8A2A;&#x4E8C;&#x5143;&#x641C;&#x5C0B;&#x6A39;&#x662F;&#x5426;&#x7A69;&#x5B9A;&#x6392;&#x5E8F;&#x3002;&lt;/p&gt;&#xD;
&#xD;
&lt;p&gt;Ans:&lt;/p&gt;&#xD;
&#xD;
&lt;p&gt;&amp;nbsp; &amp;nbsp; &amp;nbsp; &amp;nbsp; 5&lt;br /&gt;&#xD;
&amp;nbsp; &amp;nbsp; &amp;nbsp; &amp;nbsp;/ \&lt;br /&gt;&#xD;
&amp;nbsp; &amp;nbsp; &amp;nbsp; 3 &amp;nbsp; 7&lt;br /&gt;&#xD;
&amp;nbsp; &amp;nbsp; &amp;nbsp;/ \ / \&lt;br /&gt;&#xD;
&amp;nbsp; &amp;nbsp; 2 &amp;nbsp;4 6 &amp;nbsp;8&lt;br /&gt;&#xD;
&#x4EE5;&#x9019;&#x4F8B;&#x5B50;&#x4F86;&#x505A;&#x4E2D;&#x5E8F;&#x8D70;&#x8A2A;&#x5224;&#x65B7;&#x662F;&#x5426;&#x7A69;&#x5B9A;&#xFF0C;&#x9996;&#x5148;&#x8981;&#x770B;&#x6392;&#x5E8F;&#x9806;&#x5E8F;&#x662F;&#x5426;&#x6309;&#x7167;&#x5927;&#x5C0F;&#x53BB;&#x6392;&#x5E8F;&#xFF0C;&#x5982;&#x679C;&#x7167;&#x5927;&#x5C0F;&#x4F9D;&#x6B21;&#x6392;&#x5E8F;&#x7684;&#x8A71;&#xFF0C;&#x5247;&#x53EF;&#x5224;&#x5B9A;&#x4E2D;&#x5E8F;&#x8D70;&#x8A2A;&#x70BA;&#x7A69;&#x5B9A;&#x6392;&#x5E8F;&lt;/p&gt;&#xD;
&#xD;
&lt;p&gt;&#x4E2D;&#x5E8F;&#x8D70;&#x8A2A;&#x662F;&#x5DE6;-&amp;gt;&#x4E2D;-&amp;gt;&#x53F3;:&lt;/p&gt;&#xD;
&#xD;
&lt;p&gt;&#x6240;&#x4EE5;&#x6703;&#x5148;&#x5F9E;2&#x958B;&#x59CB;&#xFF0C;&#x7136;&#x5F8C;-&amp;gt;3-&amp;gt;4-&amp;gt;5-&amp;gt;6-&amp;gt;7-&amp;gt;8&#xFF0C;&#x8D70;&#x8A2A;&#x5B8C;&#x7562;&#x5F8C;&#x6703;&#x767C;&#x73FE;&#xFF0C;&#x5176;&#x8D70;&#x8A2A;&#x6B21;&#x5E8F;&#x6703;&#x7531;&#x5C0F;&#x5230;&#x5927;&#xFF0C;&#x6240;&#x4EE5;&#x4E2D;&#x5E8F;&#x8D70;&#x8A2A;&#x662F;&#x7A69;&#x5B9A;&#x6392;&#x5E8F;&#x3002;&lt;/p&gt;&#xD;
&#xD;
&lt;p&gt;&#x800C;&#x4E14;&#x5728;BST&#x4E2D;&#x505A;&#x63D2;&#x5165;&#x3001;&#x522A;&#x9664;&#x3001;&#x641C;&#x5C0B;&#x7B49;&#x64CD;&#x4F5C;&#xFF0C;&#x90FD;&#x6703;&#x4FDD;&#x6301;BST&#x7684;&#x6709;&#x5E8F;&#x6027;&#x8CEA;&#xFF0C;&#x6240;&#x4EE5;&#x5728;&#x9032;&#x884C;&#x4E2D;&#x5E8F;&#x8D70;&#x8A2A;&#x7684;&#x6642;&#x5019;&#xFF0C;&#x4E0D;&#x8AD6;&#x6A39;&#x6709;&#x7121;&#x6539;&#x8B8A;&#xFF0C;&#x5F97;&#x5230;&#x7684;&#x7D50;&#x679C;&#x90FD;&#x6703;&#x662F;&#x7A69;&#x5B9A;&#x6392;&#x5E8F;&#x3002;&lt;/p&gt; </content>
  <attach></attach>
  <rcount></rcount>
  <rank></rank>
  <hit>8</hit>
  <lang>1</lang>
</data>
