<?xml version="1.0"?>
<data version="3.0" time="2024-07-20 09:55:52" type="post" filename="b000000005.xml">
  <open_time>0000-00-00</open_time>
  <close_time>0000-00-00</close_time>
  <lang_name>Big5</lang_name>
  <board_id>1001278687</board_id>
  <node>000000005</node>
  <site>1000110001</site>
  <pt>2023-07-22 14:09:11</pt>
  <poster>10924326</poster>
  <realname>&#x5433;&#x82F1;&#x777F;  </realname>
  <email>incaray901228@gmail.com</email>
  <homepage> </homepage>
  <subject>&#x6436;&#x7B54;224 </subject>
  <content>&lt;p&gt;&#x554F;&#x984C;&#xFF1A;&#x5982;&#x4F55;&#x5C07;&#x4E8C;&#x5143;&#x641C;&#x5C0B;&#x6A39;&#x5B58;&#x6A94;&#x5F8C;&#x518D;&#x8B80;&#x5165;&#x53EF;&#x6062;&#x5FA9;&#x539F;&#x72C0;&#xFF1F;&lt;br /&gt;&#xD;
&lt;br /&gt;&#xD;
&#x5148;&#x4F7F;&#x7528;&#x905E;&#x8FF4;&#x7684;&#x65B9;&#x5F0F;&#x9032;&#x884C;&#x6A39;&#x7684;&#x524D;&#x5E8F;&#x3001;&#x4E2D;&#x5E8F;&#x6216;&#x5F8C;&#x5E8F;&#x904D;&#x6B77;&#xFF0C;&#x5C07;&#x7BC0;&#x9EDE;&#x7684;&#x503C;&#x5BEB;&#x5165;&#x6A94;&#x6848;&#x4E2D;&#x3002;&lt;/p&gt;&#xD;
&#xD;
&lt;p&gt;&#x518D;&#x5F9E;&#x6A94;&#x6848;&#x4E2D;&#x4F9D;&#x5E8F;&#x8B80;&#x53D6;&#x7BC0;&#x9EDE;&#x7684;&#x503C;&#xFF0C;&#x4E26;&#x6839;&#x64DA;&#x9078;&#x64C7;&#x7684;&#x904D;&#x6B77;&#x65B9;&#x5F0F;&#x91CD;&#x65B0;&#x5EFA;&#x69CB;&#x4E8C;&#x5143;&#x641C;&#x5C0B;&#x6A39;&#xFF0C;&#x5C07;&#x7BC0;&#x9EDE;&#x63D2;&#x5165;&#x5230;&#x65B0;&#x7684;&#x4E8C;&#x5143;&#x641C;&#x5C0B;&#x6A39;&#x4E2D;&#xFF0C;&#x91CD;&#x65B0;&#x5EFA;&#x69CB;&#x51FA;&#x539F;&#x59CB;&#x7684;&#x4E8C;&#x5143;&#x641C;&#x5C0B;&#x6A39;&#x7D50;&#x69CB;&#x3002;&lt;/p&gt;&#xD;
&#xD;
&lt;p&gt;&#x6539;&lt;/p&gt;</content>
  <attach></attach>
  <rcount></rcount>
  <rank></rank>
  <hit>11</hit>
  <lang>1</lang>
</data>
