<?xml version="1.0"?>
<data version="3.0" time="2024-07-20 09:55:52" type="post" filename="b000000019.xml">
  <open_time>0000-00-00</open_time>
  <close_time>0000-00-00</close_time>
  <lang_name>Big5</lang_name>
  <board_id>1001278687</board_id>
  <node>000000019</node>
  <site>1000110001</site>
  <pt>2023-07-24 15:22:27</pt>
  <poster>06005836</poster>
  <realname>&#x9673;&#x4E88;&#x7487;  </realname>
  <email>jason40125520@gmail.com</email>
  <homepage>  </homepage>
  <subject>&#x6436;&#x7B54;225 </subject>
  <content>&lt;p&gt;&lt;strong&gt;&#x5DF2;&#x6392;&#x5E8F;&#x8CC7;&#x6599;&#x5982;&#x4F55;&#x5EFA;&#x7ACB;&#x4E00;&#x68F5;&#x5E73;&#x8861;&#x7684;&#x4E8C;&#x5143;&#x641C;&#x5C0B;&#x6A39;&#xFF1F;&lt;/strong&gt;&lt;/p&gt;&#xD;
&#xD;
&lt;p&gt;&lt;strong&gt;&#x5EFA;&#x7ACB;&#x4E00;&#x68F5;&#x5E73;&#x8861;&#x7684;&#x4E8C;&#x5143;&#x641C;&#x5C0B;&#x6A39;&#x53EF;&#x4EE5;&#x4F7F;&#x7528;&#x905E;&#x8FF4;&#x7684;&#x65B9;&#x6CD5;&#xFF0C;&#x6839;&#x64DA;&#x5DF2;&#x6392;&#x5E8F;&#x7684;&#x8CC7;&#x6599;&#x4F9D;&#x6B21;&#x9078;&#x53D6;&#x4E2D;&#x9593;&#x7684;&#x5143;&#x7D20;&#x4F5C;&#x70BA;&#x6839;&#x7BC0;&#x9EDE;&#xFF0C;&#x4E26;&#x5C07;&#x5DE6;&#x534A;&#x90E8;&#x5206;&#x7684;&#x5143;&#x7D20;&#x69CB;&#x5EFA;&#x5DE6;&#x5B50;&#x6A39;&#xFF0C;&#x53F3;&#x534A;&#x90E8;&#x5206;&#x7684;&#x5143;&#x7D20;&#x69CB;&#x5EFA;&#x53F3;&#x5B50;&#x6A39;&#x3002;&#x9019;&#x6A23;&#x53EF;&#x4EE5;&#x78BA;&#x4FDD;&#x6A39;&#x7684;&#x9AD8;&#x5EA6;&#x5E73;&#x8861;&#xFF0C;&#x4F7F;&#x5F97;&#x641C;&#x7D22;&#x3001;&#x63D2;&#x5165;&#x548C;&#x522A;&#x9664;&#x7B49;&#x64CD;&#x4F5C;&#x7684;&#x6642;&#x9593;&#x8907;&#x96DC;&#x5EA6;&#x4FDD;&#x6301;&#x5728;&#x5C0D;&#x6578;&#x7D1A;&#x5225;&#x3002;&lt;/strong&gt;&lt;/p&gt;&#xD;
&#xD;
&lt;p&gt;&lt;strong&gt;&#x5B9A;&#x7FA9;Node&#x985E;&#x5225;&#x8868;&#x793A;&#x4E8C;&#x5143;&#x641C;&#x5C0B;&#x6A39;&#x7684;&#x7BC0;&#x9EDE;&#x3002;&#x52A0;&#x5165;&#x4E00;&#x500B;sorted_list_to_bst&#x51FD;&#x6578;&#xFF0C;&#x8A72;&#x51FD;&#x6578;&#x5C07;&#x5DF2;&#x6392;&#x5E8F;&#x7684;&#x8CC7;&#x6599;&#x8F49;&#x63DB;&#x70BA;&#x5E73;&#x8861;&#x7684;&#x4E8C;&#x5143;&#x641C;&#x5C0B;&#x6A39;&#x3002;&#x5728;&#x9019;&#x500B;&#x51FD;&#x6578;&#x4E2D;&#xFF0C;&#x627E;&#x5230;&#x5DF2;&#x6392;&#x5E8F;&#x8CC7;&#x6599;&#x7684;&#x4E2D;&#x9593;&#x5143;&#x7D20;&#xFF0C;&#x5C07;&#x5176;&#x4F5C;&#x70BA;&#x6839;&#x7BC0;&#x9EDE;&#xFF0C;&#x7136;&#x5F8C;&#x905E;&#x8FF4;&#x5730;&#x69CB;&#x5EFA;&#x5DE6;&#x5B50;&#x6A39;&#x548C;&#x53F3;&#x5B50;&#x6A39;&#x3002;&lt;/strong&gt;&lt;/p&gt; </content>
  <attach></attach>
  <rcount></rcount>
  <rank></rank>
  <hit>12</hit>
  <lang>1</lang>
</data>
