<?xml version="1.0"?>
<data version="3.0" time="2024-07-20 09:55:52" type="post" filename="b000000029.xml">
  <open_time>0000-00-00</open_time>
  <close_time>0000-00-00</close_time>
  <lang_name>Big5</lang_name>
  <board_id>1001278687</board_id>
  <node>000000029</node>
  <site>1000110001</site>
  <pt>2023-07-25 23:08:48</pt>
  <poster>06005914</poster>
  <realname>&#x9673;&#x5F65;&#x4E2D;  </realname>
  <email>jackson89911@gmail.com</email>
  <homepage>  </homepage>
  <subject>&#x6436;&#x7B54;225 </subject>
  <content>&lt;p&gt;225. &#x5DF2;&#x6392;&#x5E8F;&#x8CC7;&#x6599;&#x5982;&#x4F55;&#x5EFA;&#x7ACB;&#x4E00;&#x68F5;&#x5E73;&#x8861;&#x7684;&#x4E8C;&#x5143;&#x641C;&#x5C0B;&#x6A39;&#xFF1F;&lt;/p&gt;&#xD;
&#xD;
&lt;p&gt;A:&#x53EF;&#x4EE5;&#x4F7F;&#x7528;&#x4EE5;&#x4E0B;&#x6B65;&#x9A5F;&#x5EFA;&#x7ACB;&#x4E00;&#x68F5;&#x5E73;&#x8861;&#x7684;&#x4E8C;&#x5143;&#x641C;&#x5C0B;&#x6A39;&#xFF1A;&lt;/p&gt;&#xD;
&#xD;
&lt;p&gt;1.&#x9996;&#x5148;&#x5F9E;&#x8CC7;&#x6599;&#x4E2D;&#x9078;&#x64C7;&#x4E2D;&#x9593;&#x7684;&#x5143;&#x7D20;&#x4F5C;&#x70BA;&#x6839;&#x7BC0;&#x9EDE;&lt;/p&gt;&#xD;
&#xD;
&lt;p&gt;2.&#x5F9E;&#x5DF2;&#x6392;&#x5E8F;&#x7684;&#x8CC7;&#x6599;&#x4E2D;&#x53D6;&#x51FA;&#x6BD4;&#x7BC0;&#x9EDE;&#x503C;&#x5C0F;&#x7684;&#x8CC7;&#x6599;&#xFF0C;&#x4E26;&#x5C07;&#x5B83;&#x5011;&#x63D2;&#x5165;&#x5230;&#x7BC0;&#x9EDE;&#x7684;&#x5DE6;&#x5B50;&#x6A39;&#x4E2D;&lt;/p&gt;&#xD;
&#xD;
&lt;p&gt;3.&#x5F9E;&#x5DF2;&#x6392;&#x5E8F;&#x7684;&#x8CC7;&#x6599;&#x4E2D;&#x53D6;&#x51FA;&#x6BD4;&#x7BC0;&#x9EDE;&#x503C;&#x5927;&#x7684;&#x8CC7;&#x6599;&#xFF0C;&#x4E26;&#x5C07;&#x5B83;&#x5011;&#x63D2;&#x5165;&#x5230;&#x7BC0;&#x9EDE;&#x7684;&#x53F3;&#x5B50;&#x6A39;&#x4E2D;&lt;/p&gt;&#xD;
&#xD;
&lt;p&gt;4.&#x4F7F;&#x7528;&#x905E;&#x8FF4;&#x91CD;&#x8907;&#x6B65;&#x9A5F; 2 &#x548C; 3&#xFF0C;&#x76F4;&#x5230;&#x6240;&#x6709;&#x8CC7;&#x6599;&#x90FD;&#x88AB;&#x63D2;&#x5165;&#x5230;&#x6A39;&#x4E2D;&#xFF0C;&#x5C31;&#x53EF;&#x4EE5;&#x5B8C;&#x6210;&#x5E73;&#x8861;&#x7684;&#x4E8C;&#x5143;&#x641C;&#x5C0B;&#x6A39;&#x3002;&lt;/p&gt; </content>
  <attach></attach>
  <rcount></rcount>
  <rank></rank>
  <hit>8</hit>
  <lang>1</lang>
</data>
