<?xml version="1.0"?>
<data version="3.0" time="2024-07-20 09:55:52" type="post" filename="b000000008000000001.xml">
  <open_time>0000-00-00</open_time>
  <close_time>0000-00-00</close_time>
  <lang_name>Big5</lang_name>
  <board_id>1001278687</board_id>
  <node>000000008000000001</node>
  <site>1000110001</site>
  <pt>2023-07-23 11:33:08</pt>
  <poster>11813</poster>
  <realname>&#x5433;&#x5B9C;&#x9D3B;  </realname>
  <email>yhwu@cycu.edu.tw</email>
  <homepage>https://www.researchgate.net/profile/Yi-Hung-Wu-2  </homepage>
  <subject>Re: &#x6436;&#x7B54;223  </subject>
  <content>&lt;p&gt;&lt;span style="color:#b22222"&gt;&#x9700;&#x88DC;&#x4E0A;&#x6B63;&#x78BA;&#x7684;&#x5C0D;&#x61C9;C/C++&#x7A0B;&#x5F0F;&#x78BC;&#xFF0C;&#x624D;&#x7D66;&#x4E88;&#x5F97;&#x5206;&#x3002;&lt;/span&gt;&lt;/p&gt; </content>
  <attach></attach>
  <rcount></rcount>
  <rank></rank>
  <hit>1</hit>
  <lang>1</lang>
</data>
