<?xml version="1.0"?>
<data version="3.0" time="2024-07-20 09:55:52" type="post" filename="b000000023000000001.xml">
  <open_time>0000-00-00</open_time>
  <close_time>0000-00-00</close_time>
  <lang_name>Big5</lang_name>
  <board_id>1001278687</board_id>
  <node>000000023000000001</node>
  <site>1000110001</site>
  <pt>2023-07-27 23:51:53</pt>
  <poster>11813</poster>
  <realname>&#x5433;&#x5B9C;&#x9D3B;  </realname>
  <email>yhwu@cycu.edu.tw</email>
  <homepage>https://www.researchgate.net/profile/Yi-Hung-Wu-2  </homepage>
  <subject>Re: &#x6436;&#x7B54;223  </subject>
  <content>&lt;p&gt;&amp;quot;count&#x4F86;&#x8A18;&#x9304;&#x76F8;&#x540C;&#x503C;&#x7684;&#x500B;&#x6578;&amp;quot; &lt;span style="color:#ff0000"&gt;&#x53EA;&#x8A18;&#x500B;&#x6578;&#x4E0D;&#x5920;&#xFF0C;&#x8981;&#x5132;&#x5B58;&#x540C;&#x503C;&#x7684;&#x591A;&#x7B46;&#x8CC7;&#x6599;&#x5462;&#xFF1F;&lt;/span&gt;&lt;/p&gt; </content>
  <attach></attach>
  <rcount></rcount>
  <rank></rank>
  <hit>1</hit>
  <lang>1</lang>
</data>
