<?xml version="1.0"?>
<data version="3.0" time="2024-07-20 09:55:52" type="post" filename="b000000018.xml">
  <open_time>0000-00-00</open_time>
  <close_time>0000-00-00</close_time>
  <lang_name>Big5</lang_name>
  <board_id>1001278687</board_id>
  <node>000000018</node>
  <site>1000110001</site>
  <pt>2023-07-24 15:20:53</pt>
  <poster>06005836</poster>
  <realname>&#x9673;&#x4E88;&#x7487;  </realname>
  <email>jason40125520@gmail.com</email>
  <homepage>  </homepage>
  <subject>&#x6436;&#x7B54;224 </subject>
  <content>&lt;p&gt;&lt;strong&gt;&#x5982;&#x4F55;&#x5C07;&#x4E8C;&#x5143;&#x641C;&#x5C0B;&#x6A39;&#x5B58;&#x6A94;&#x5F8C;&#x518D;&#x8B80;&#x5165;&#x53EF;&#x6062;&#x5FA9;&#x539F;&#x72C0;&#xFF1F;&lt;/strong&gt;&lt;/p&gt;&#xD;
&#xD;
&lt;p&gt;&lt;strong&gt;&#x5C07;&#x4E8C;&#x5143;&#x641C;&#x5C0B;&#x6A39;&#x5B58;&#x6A94;&#x5F8C;&#x518D;&#x8B80;&#x5165;&#x4EE5;&#x6062;&#x5FA9;&#x539F;&#x72C0;&#xFF0C;&#x53EF;&#x4EE5;&#x4F7F;&#x7528;&#x5E8F;&#x5217;&#x5316;&#xFF08;Serialization&#xFF09;&#x548C;&#x53CD;&#x5E8F;&#x5217;&#x5316;&#xFF08;Deserialization&#xFF09;&#x7684;&#x65B9;&#x6CD5;&#x3002;&#x5E8F;&#x5217;&#x5316;&#x662F;&#x5C07;&#x4E8C;&#x5143;&#x641C;&#x5C0B;&#x6A39;&#x8F49;&#x63DB;&#x6210;&#x4E00;&#x500B;&#x5B57;&#x7B26;&#x4E32;&#x6216;&#x4E8C;&#x9032;&#x5236;&#x6578;&#x64DA;&#x7684;&#x904E;&#x7A0B;&#xFF0C;&#x9019;&#x500B;&#x5B57;&#x7B26;&#x4E32;&#x6216;&#x6578;&#x64DA;&#x53EF;&#x4EE5;&#x5BEB;&#x5165;&#x6A94;&#x6848;&#x6216;&#x50B3;&#x8F38;&#x7D66;&#x5176;&#x4ED6;&#x7CFB;&#x7D71;&#x3002;&#x53CD;&#x5E8F;&#x5217;&#x5316;&#x662F;&#x5C07;&#x5E8F;&#x5217;&#x5316;&#x7684;&#x6578;&#x64DA;&#x91CD;&#x65B0;&#x8F49;&#x63DB;&#x70BA;&#x539F;&#x59CB;&#x7684;&#x4E8C;&#x5143;&#x641C;&#x5C0B;&#x6A39;&#x7684;&#x904E;&#x7A0B;&#x3002;&lt;/strong&gt;&lt;/p&gt;&#xD;
&#xD;
&lt;p&gt;&lt;strong&gt;&#x5EFA;&#x7ACB;&#x7684;&#x4E8C;&#x5143;&#x641C;&#x5C0B;&#x6A39;&#x5E8F;&#x5217;&#x5316;&#x70BA;&#x5B57;&#x7B26;&#x4E32;&#x5F8C;&#x5B58;&#x5165;&#x6A94;&#x6848;&#xFF0C;&#x7136;&#x5F8C;&#x518D;&#x5F9E;&#x6A94;&#x6848;&#x4E2D;&#x8B80;&#x53D6;&#x5E8F;&#x5217;&#x5316;&#x7684;&#x5B57;&#x7B26;&#x4E32;&#x4E26;&#x53CD;&#x5E8F;&#x5217;&#x5316;&#x70BA;&#x4E00;&#x68F5;&#x65B0;&#x7684;&#x4E8C;&#x5143;&#x641C;&#x5C0B;&#x6A39;&#x3002;&#x6AA2;&#x67E5;&#x6062;&#x5FA9;&#x7684;&#x4E8C;&#x5143;&#x641C;&#x5C0B;&#x6A39;&#x662F;&#x5426;&#x8207;&#x539F;&#x59CB;&#x6A39;&#x76F8;&#x540C;&#xFF0C;&#x4EE5;&#x78BA;&#x4FDD;&#x5E8F;&#x5217;&#x5316;&#x548C;&#x53CD;&#x5E8F;&#x5217;&#x5316;&#x7684;&#x904E;&#x7A0B;&#x80FD;&#x5920;&#x6210;&#x529F;&#x4E26;&#x6062;&#x5FA9;&#x539F;&#x72C0;&#x3002;&lt;/strong&gt;&lt;/p&gt; </content>
  <attach></attach>
  <rcount></rcount>
  <rank></rank>
  <hit>12</hit>
  <lang>1</lang>
</data>
