<?xml version="1.0"?>
<data version="3.0" time="2024-07-20 09:55:52" type="post" filename="b000000001000000001.xml">
  <open_time>0000-00-00</open_time>
  <close_time>0000-00-00</close_time>
  <lang_name>Big5</lang_name>
  <board_id>1001278687</board_id>
  <node>000000001000000001</node>
  <site>1000110001</site>
  <pt>2023-07-22 10:32:04</pt>
  <poster>11813</poster>
  <realname>&#x5433;&#x5B9C;&#x9D3B;  </realname>
  <email>yhwu@cycu.edu.tw</email>
  <homepage>https://www.researchgate.net/profile/Yi-Hung-Wu-2  </homepage>
  <subject>Re: &#x6436;&#x7B54;221  </subject>
  <content>&lt;p&gt;&amp;quot;&#x5047;&#x8A2D;&#x6709;&#x5169;&#x500B;&#x503C;&#x76F8;&#x540C;&#x7684;&#x7BC0;&#x9EDE;&#xFF0C;&#x7BC0;&#x9EDE;A&#x7684;&#x503C;&#x70BA;3&#xFF0C;&#x7BC0;&#x9EDE;B&#x7684;&#x503C;&#x4E5F;&#x70BA;3&#x3002;&#x9019;&#x5169;&#x500B;&#x7BC0;&#x9EDE;&#x5728;&#x6A39;&#x4E2D;&#x53EF;&#x80FD;&#x662F;&#x4E0D;&#x540C;&#x7684;&#x7BC0;&#x9EDE;&#xFF0C;&#x4F46;&#x662F;&#x503C;&#x76F8;&#x540C;&#x3002;&#x8981;&#x5C0D;&#x7BC0;&#x9EDE;A&#x9032;&#x884C;&#x4FEE;&#x6539;&#xFF0C;&#x5C07;&#x5176;&#x503C;&#x6539;&#x70BA;6&#xFF0C;&#x7136;&#x5F8C;&#x518D;&#x9032;&#x884C;&#x4E2D;&#x5E8F;&#x904D;&#x6B77;&#xFF1A;&amp;quot;&lt;/p&gt;&#xD;
&#xD;
&lt;p&gt;&lt;span style="color:#ff0000"&gt;&#x5F9E;&#x9019;&#x6BB5;&#x958B;&#x59CB;&#x4E0D;&#x77E5;&#x6240;&#x4E91;&#xFF0C;&#x4F8B;&#x5B50;&#x53EA;&#x6709;&#x4E00;&#x500B;&#x7BC0;&#x9EDE;3&#xFF0C;&#x4E8C;&#x500B;&#x7BC0;&#x9EDE;A, B&#x7A76;&#x7ADF;&#x5728;&#x54EA;&#x88E1;&#xFF1F;...&lt;/span&gt;&lt;/p&gt; </content>
  <attach></attach>
  <rcount></rcount>
  <rank></rank>
  <hit>1</hit>
  <lang>1</lang>
</data>
