<?xml version="1.0"?>
<data version="3.0" time="2024-07-20 09:55:52" type="post" filename="b000000014000000001.xml">
  <open_time>0000-00-00</open_time>
  <close_time>0000-00-00</close_time>
  <lang_name>Big5</lang_name>
  <board_id>1001278687</board_id>
  <node>000000014000000001</node>
  <site>1000110001</site>
  <pt>2023-07-26 20:09:43</pt>
  <poster>11813</poster>
  <realname>&#x5433;&#x5B9C;&#x9D3B;  </realname>
  <email>yhwu@cycu.edu.tw</email>
  <homepage>https://www.researchgate.net/profile/Yi-Hung-Wu-2 </homepage>
  <subject>Re: &#x6436;&#x7B54;225  </subject>
  <content>&lt;p&gt;&lt;span style="color:#b22222"&gt;&#x6587;&#x5B57;&#x6558;&#x8FF0;&#x5C1A;&#x53EF;&#xFF0C;&#x53EF;&#x60DC;&#x5716;&#x4E2D;&#x7684;&#x7BC4;&#x4F8B;&#x6709;&#x932F;&#xFF01;&lt;/span&gt;&lt;/p&gt;</content>
  <attach></attach>
  <rcount></rcount>
  <rank></rank>
  <hit>2</hit>
  <lang>1</lang>
</data>
