<?xml version="1.0"?>
<data version="3.0" time="2024-07-20 09:55:52" type="post" filename="b000000025000000001.xml">
  <open_time>0000-00-00</open_time>
  <close_time>0000-00-00</close_time>
  <lang_name>Big5</lang_name>
  <board_id>1001278687</board_id>
  <node>000000025000000001</node>
  <site>1000110001</site>
  <pt>2023-07-27 23:53:13</pt>
  <poster>11813</poster>
  <realname>&#x5433;&#x5B9C;&#x9D3B;  </realname>
  <email>yhwu@cycu.edu.tw</email>
  <homepage>https://www.researchgate.net/profile/Yi-Hung-Wu-2  </homepage>
  <subject>Re: &#x6436;&#x7B54;225  </subject>
  <content>&lt;p&gt;&lt;span style="color:#ff0000"&gt;&#x9019;&#x500B;&#x55AE;&#x5143;&#x8AC7;&#x7684;&#x662F;&#x4E8C;&#x5143;&#x641C;&#x5C0B;&#x6A39;&#xFF0C;&#x4E0D;&#x662F;&#x5176;&#x4ED6;&#x7684;&#x8B8A;&#x5F62;&#x3002;&lt;/span&gt;&lt;/p&gt; </content>
  <attach></attach>
  <rcount></rcount>
  <rank></rank>
  <hit>1</hit>
  <lang>1</lang>
</data>
