<?xml version="1.0"?>
<data version="3.0" time="2024-07-20 09:55:52" type="post" filename="b000000016.xml">
  <open_time>0000-00-00</open_time>
  <close_time>0000-00-00</close_time>
  <lang_name>Big5</lang_name>
  <board_id>1001278687</board_id>
  <node>000000016</node>
  <site>1000110001</site>
  <pt>2023-07-24 15:14:22</pt>
  <poster>06005836</poster>
  <realname>&#x9673;&#x4E88;&#x7487;  </realname>
  <email>jason40125520@gmail.com</email>
  <homepage> </homepage>
  <subject>&#x6436;&#x7B54;222 </subject>
  <content>&lt;p&gt;&lt;strong&gt;&#x64B0;&#x5BEB;&#x7A0B;&#x5F0F;&#x78BC;&#x6307;&#x51FA;&#x5982;&#x4F55;&#x70BA;&#x4E8C;&#x5143;&#x641C;&#x5C0B;&#x6A39;&#x65B0;&#x589E;&#x7BC0;&#x9EDE;&#x3002;&lt;/strong&gt;&lt;/p&gt;&#xD;
&#xD;
&lt;p&gt;&lt;strong&gt;&#x65B0;&#x589E;&#x7BC0;&#x9EDE;&#x5230;&#x4E8C;&#x5143;&#x641C;&#x5C0B;&#x6A39;&#x7684;&#x904E;&#x7A0B;&#xFF0C;&#x5305;&#x62EC;&#x5728;&#x9069;&#x7576;&#x7684;&#x4F4D;&#x7F6E;&#x63D2;&#x5165;&#x65B0;&#x7BC0;&#x9EDE;&#x4EE5;&#x7DAD;&#x6301;&#x6A39;&#x7684;&#x6392;&#x5E8F;&#x7279;&#x6027;&#x3002;&#x5BE6;&#x4F5C;&#x9019;&#x500B;&#x529F;&#x80FD;&#xFF0C;&#x9700;&#x8981;&#x5B9A;&#x7FA9;&#x4E00;&#x500B;Node&#x985E;&#x5225;&#x8868;&#x793A;&#x4E8C;&#x5143;&#x641C;&#x5C0B;&#x6A39;&#x7684;&#x7BC0;&#x9EDE;&#xFF0C;&#x4E26;&#x52A0;&#x5165;&#x4E00;&#x500B;&#x63D2;&#x5165;&#x51FD;&#x6578;&#x4F86;&#x65B0;&#x589E;&#x7BC0;&#x9EDE;&#x3002;&lt;/strong&gt;&lt;/p&gt;&#xD;
&#xD;
&lt;p&gt;&lt;strong&gt;class Node:&lt;/strong&gt;&lt;/p&gt;&#xD;
&#xD;
&lt;p&gt;&lt;strong&gt;&amp;nbsp;&amp;nbsp;&amp;nbsp;&amp;nbsp;def __init__(self, key):&lt;/strong&gt;&lt;/p&gt;&#xD;
&#xD;
&lt;p&gt;&lt;strong&gt;&amp;nbsp;&amp;nbsp;&amp;nbsp;&amp;nbsp;&amp;nbsp;&amp;nbsp;&amp;nbsp;&amp;nbsp;self.key = key&lt;/strong&gt;&lt;/p&gt;&#xD;
&#xD;
&lt;p&gt;&lt;strong&gt;&amp;nbsp;&amp;nbsp;&amp;nbsp;&amp;nbsp;&amp;nbsp;&amp;nbsp;&amp;nbsp;&amp;nbsp;self.left = None&lt;/strong&gt;&lt;/p&gt;&#xD;
&#xD;
&lt;p&gt;&lt;strong&gt;&amp;nbsp;&amp;nbsp;&amp;nbsp;&amp;nbsp;&amp;nbsp;&amp;nbsp;&amp;nbsp;&amp;nbsp;self.right = None&lt;/strong&gt;&lt;/p&gt;&#xD;
&#xD;
&lt;p&gt;&lt;strong&gt;def insert(root, key):&lt;/strong&gt;&lt;/p&gt;&#xD;
&#xD;
&lt;p&gt;&lt;strong&gt;&amp;nbsp;&amp;nbsp;&amp;nbsp;&amp;nbsp;# &#x5982;&#x679C;&#x6A39;&#x662F;&#x7A7A;&#x7684;&#xFF0C;&#x5247;&#x76F4;&#x63A5;&#x65B0;&#x589E;&#x7BC0;&#x9EDE;&#x4F5C;&#x70BA;&#x6839;&#x7BC0;&#x9EDE;&lt;/strong&gt;&lt;/p&gt;&#xD;
&#xD;
&lt;p&gt;&lt;strong&gt;&amp;nbsp;&amp;nbsp;&amp;nbsp;&amp;nbsp;if root is None:&lt;/strong&gt;&lt;/p&gt;&#xD;
&#xD;
&lt;p&gt;&lt;strong&gt;&amp;nbsp;&amp;nbsp;&amp;nbsp;&amp;nbsp;&amp;nbsp;&amp;nbsp;&amp;nbsp;&amp;nbsp;return Node(key)&lt;/strong&gt;&lt;/p&gt;&#xD;
&#xD;
&lt;p&gt;&lt;strong&gt;&amp;nbsp;&amp;nbsp;&amp;nbsp;&amp;nbsp;&lt;/strong&gt;&lt;/p&gt;&#xD;
&#xD;
&lt;p&gt;&lt;strong&gt;&amp;nbsp;&amp;nbsp;&amp;nbsp;&amp;nbsp;# &#x5982;&#x679C;&#x8981;&#x63D2;&#x5165;&#x7684;&#x503C;&#x5C0F;&#x65BC;&#x6839;&#x7BC0;&#x9EDE;&#x7684;&#x503C;&#xFF0C;&#x5247;&#x63D2;&#x5165;&#x5DE6;&#x5B50;&#x6A39;&lt;/strong&gt;&lt;/p&gt;&#xD;
&#xD;
&lt;p&gt;&lt;strong&gt;&amp;nbsp;&amp;nbsp;&amp;nbsp;&amp;nbsp;if key &amp;lt; root.key:&lt;/strong&gt;&lt;/p&gt;&#xD;
&#xD;
&lt;p&gt;&lt;strong&gt;&amp;nbsp;&amp;nbsp;&amp;nbsp;&amp;nbsp;&amp;nbsp;&amp;nbsp;&amp;nbsp;&amp;nbsp;root.left = insert(root.left, key)&lt;/strong&gt;&lt;/p&gt;&#xD;
&#xD;
&lt;p&gt;&lt;strong&gt;&amp;nbsp;&amp;nbsp;&amp;nbsp;&amp;nbsp;# &#x5982;&#x679C;&#x8981;&#x63D2;&#x5165;&#x7684;&#x503C;&#x5927;&#x65BC;&#x6216;&#x7B49;&#x65BC;&#x6839;&#x7BC0;&#x9EDE;&#x7684;&#x503C;&#xFF0C;&#x5247;&#x63D2;&#x5165;&#x53F3;&#x5B50;&#x6A39;&lt;/strong&gt;&lt;/p&gt;&#xD;
&#xD;
&lt;p&gt;&lt;strong&gt;&amp;nbsp;&amp;nbsp;&amp;nbsp;&amp;nbsp;elif key &amp;gt;= root.key:&lt;/strong&gt;&lt;/p&gt;&#xD;
&#xD;
&lt;p&gt;&lt;strong&gt;&amp;nbsp;&amp;nbsp;&amp;nbsp;&amp;nbsp;&amp;nbsp;&amp;nbsp;&amp;nbsp;&amp;nbsp;root.right = insert(root.right, key)&lt;/strong&gt;&lt;/p&gt;&#xD;
&#xD;
&lt;p&gt;&lt;strong&gt;&amp;nbsp;&amp;nbsp;&amp;nbsp;&amp;nbsp;return root&lt;/strong&gt;&lt;/p&gt;&#xD;
&#xD;
&lt;p&gt;&lt;strong&gt;# &#x5EFA;&#x7ACB;&#x4E00;&#x68F5;&#x7A7A;&#x7684;&#x4E8C;&#x5143;&#x641C;&#x5C0B;&#x6A39;&lt;/strong&gt;&lt;/p&gt;&#xD;
&#xD;
&lt;p&gt;&lt;strong&gt;root = None&lt;/strong&gt;&lt;/p&gt;&#xD;
&#xD;
&lt;p&gt;&lt;strong&gt;# &#x4F9D;&#x6B21;&#x63D2;&#x5165;&#x7BC0;&#x9EDE;&lt;/strong&gt;&lt;/p&gt;&#xD;
&#xD;
&lt;p&gt;&lt;strong&gt;root = insert(root, 5)&lt;/strong&gt;&lt;/p&gt;&#xD;
&#xD;
&lt;p&gt;&lt;strong&gt;root = insert(root, 2)&lt;/strong&gt;&lt;/p&gt;&#xD;
&#xD;
&lt;p&gt;&lt;strong&gt;root = insert(root, 8)&lt;/strong&gt;&lt;/p&gt;&#xD;
&#xD;
&lt;p&gt;&lt;strong&gt;root = insert(root, 1)&lt;/strong&gt;&lt;/p&gt;&#xD;
&#xD;
&lt;p&gt;&lt;strong&gt;root = insert(root, 4)&lt;/strong&gt;&lt;/p&gt;&#xD;
&#xD;
&lt;p&gt;&lt;strong&gt;root = insert(root, 9)&lt;/strong&gt;&lt;/p&gt;&#xD;
&#xD;
&lt;p&gt;&lt;strong&gt;&#x5B9A;&#x7FA9;&#x4E86;&#x4E00;&#x500B;Node&#x985E;&#x5225;&#x4F86;&#x8868;&#x793A;&#x4E8C;&#x5143;&#x641C;&#x5C0B;&#x6A39;&#x7684;&#x7BC0;&#x9EDE;&#xFF0C;&#x6BCF;&#x500B;&#x7BC0;&#x9EDE;&#x5305;&#x542B;&#x4E00;&#x500B;key&#x503C;&#xFF0C;&#x4EE5;&#x53CA;&#x6307;&#x5411;&#x5DE6;&#x5B50;&#x6A39;&#x548C;&#x53F3;&#x5B50;&#x6A39;&#x7684;&#x6307;&#x91DD;&#x3002;&#x4E00;&#x500B;insert&#x51FD;&#x6578;&#x4F86;&#x65B0;&#x589E;&#x7BC0;&#x9EDE;&#x5230;&#x6A39;&#x4E2D;&#x3002;&#x5728;&#x65B0;&#x589E;&#x7BC0;&#x9EDE;&#x6642;&#xFF0C;&#x6211;&#x5011;&#x6839;&#x64DA;key&#x503C;&#x7684;&#x5927;&#x5C0F;&#x905E;&#x8FF4;&#x5730;&#x63D2;&#x5165;&#x5230;&#x5DE6;&#x5B50;&#x6A39;&#x6216;&#x53F3;&#x5B50;&#x6A39;&#xFF0C;&#x76F4;&#x5230;&#x627E;&#x5230;&#x9069;&#x7576;&#x7684;&#x4F4D;&#x7F6E;&#x63D2;&#x5165;&#x65B0;&#x7BC0;&#x9EDE;&#x3002;&#x5982;&#x679C;&#x6A39;&#x662F;&#x7A7A;&#x7684;&#xFF0C;&#x5247;&#x76F4;&#x63A5;&#x65B0;&#x589E;&#x7BC0;&#x9EDE;&#x4F5C;&#x70BA;&#x6839;&#x7BC0;&#x9EDE;&#x3002;&lt;/strong&gt;&lt;/p&gt;&#xD;
&#xD;
&lt;p&gt;&lt;strong&gt;&#x4F9D;&#x6B21;&#x63D2;&#x5165;&#x7BC0;&#x9EDE;5&#x3001;2&#x3001;8&#x3001;1&#x3001;4&#x548C;9&#x5230;&#x7A7A;&#x7684;&#x4E8C;&#x5143;&#x641C;&#x5C0B;&#x6A39;&#x4E2D;&#xFF0C;&#x5F62;&#x6210;&#x4E00;&#x68F5;&#x6709;&#x5E8F;&#x7684;BST&#x3002;&lt;/strong&gt;&lt;/p&gt;</content>
  <attach></attach>
  <rcount></rcount>
  <rank></rank>
  <hit>14</hit>
  <lang>1</lang>
</data>
