<?xml version="1.0"?>
<data version="3.0" time="2024-07-20 09:55:52" type="post" filename="b000000030.xml">
  <open_time>0000-00-00</open_time>
  <close_time>0000-00-00</close_time>
  <lang_name>Big5</lang_name>
  <board_id>1001278687</board_id>
  <node>000000030</node>
  <site>1000110001</site>
  <pt>2023-07-25 23:30:30</pt>
  <poster>06005931</poster>
  <realname>&#x4F58;&#x4EF2;&#x5091;  </realname>
  <email>szj891226@gmail.com</email>
  <homepage>  </homepage>
  <subject>&#x6436;&#x7B54;225 </subject>
  <content>&lt;p&gt;&#x5DF2;&#x6392;&#x5E8F;&#x8CC7;&#x6599;&#x5982;&#x4F55;&#x5EFA;&#x7ACB;&#x4E00;&#x68F5;&#x5E73;&#x8861;&#x7684;&#x4E8C;&#x5143;&#x641C;&#x5C0B;&#x6A39;&#xFF1F;&lt;/p&gt;&#xD;
&#xD;
&lt;p&gt;Ans:&lt;/p&gt;&#xD;
&#xD;
&lt;p&gt;&#x8981;&#x5C07;&#x6709;&#x5E8F;&#x8CC7;&#x6599;&#x8B8A;&#x6210;Balanced Binary Search Tree&#xFF0C;&lt;/p&gt;&#xD;
&#xD;
&lt;p&gt;&#x9996;&#x5148;&#x8981;&#x627E;&#x51FA;&#x6839;&#x7BC0;&#x9EDE;&#xFF0C;&#x7531;&#x65BC;&#x662F;&#x6709;&#x5E8F;&#x8CC7;&#x6599;&#xFF0C;&#x6240;&#x4EE5;&#x901A;&#x5E38;&#x6703;&#x662F;&#x964D;&#x5E8F;&#x6216;&#x5347;&#x5E8F;&#xFF0C;&#x64C7;&#x5176;&#x4E2D;&#x9593;&#x6A39;&#x70BA;&#x6839;&#x7BC0;&#x9EDE;&#x53EF;&#x4EE5;&#x76E1;&#x91CF;&#x5E73;&#x8861;&#x5DE6;&#x53F3;&#x5B50;&#x6A39;&#x7684;&#x9AD8;&#x5EA6;&#x3002;&lt;/p&gt;&#xD;
&#xD;
&lt;p&gt;&#x518D;&#x4F86;&#x5C07;&#x6839;&#x7BC0;&#x9EDE;&#x5DE6;&#x908A;&#x7684;&#x8CC7;&#x6599;&#x96C6;&#x5408;&#x4F5C;&#x70BA;&#x5DE6;&#x5B50;&#x6A39;&#xFF0C;&#x5982;&#x679C;&#x5DE6;&#x908A;&#x6C92;&#x6709;&#x8CC7;&#x6599;&#xFF0C;&#x5247;&#x5DE6;&#x5B50;&#x6A39;&#x70BA;&#x7A7A;&#x3002;&lt;/p&gt;&#xD;
&#xD;
&lt;p&gt;&#x63A5;&#x8457;&#x5C07;&#x6839;&#x7BC0;&#x9EDE;&#x53F3;&#x908A;&#x7684;&#x6578;&#x64DA;&#x96C6;&#x5408;&#x4F5C;&#x70BA;&#x53F3;&#x5B50;&#x6A39;&#xFF0C;&#x5982;&#x679C;&#x53F3;&#x908A;&#x6C92;&#x6709;&#x5143;&#x7D20;&#xFF0C;&#x5247;&#x53F3;&#x5B50;&#x6A39;&#x70BA;&#x7A7A;&#x3002;&lt;/p&gt;&#xD;
&#xD;
&lt;p&gt;&#x7136;&#x5F8C;&#x5C0D;&#x5DE6;&#x5B50;&#x6A39;&#x548C;&#x53F3;&#x5B50;&#x6A39;&#x5206;&#x5225;&#x57F7;&#x884C;&#x4E0A;&#x8FF0;&#x6B65;&#x9A5F;&#xFF0C;&#x7E7C;&#x7E8C;&#x905E;&#x6B78;&#x69CB;&#x5EFA;&#x5DE6;&#x5B50;&#x6A39;&#x548C;&#x53F3;&#x5B50;&#x6A39;&#x3002;&lt;/p&gt;&#xD;
&#xD;
&lt;p&gt;&#x6700;&#x5F8C;&#x5C07;&#x5B50;&#x6A39;&#x9023;&#x63A5;&#x5230;&#x6839;&#x7BC0;&#x9EDE;&#xFF0C;&#x5C31;&#x80FD;&#x5EFA;&#x7ACB;&#x4E00;&#x500B;Balanced Binary Search Tree&#x4E86;&#x3002;&lt;/p&gt; </content>
  <attach></attach>
  <rcount></rcount>
  <rank></rank>
  <hit>13</hit>
  <lang>1</lang>
</data>
