<?xml version="1.0"?>
<data version="3.0" time="2024-07-20 09:55:52" type="post" filename="b000000021000000001.xml">
  <open_time>0000-00-00</open_time>
  <close_time>0000-00-00</close_time>
  <lang_name>Big5</lang_name>
  <board_id>1001278687</board_id>
  <node>000000021000000001</node>
  <site>1000110001</site>
  <pt>2023-07-27 23:49:37</pt>
  <poster>11813</poster>
  <realname>&#x5433;&#x5B9C;&#x9D3B;  </realname>
  <email>yhwu@cycu.edu.tw</email>
  <homepage>https://www.researchgate.net/profile/Yi-Hung-Wu-2  </homepage>
  <subject>Re: &#x6436;&#x7B54;221  </subject>
  <content>&lt;p&gt;&lt;span style="color:#ff0000"&gt;&#x5F9E;&#x8209;&#x4F8B;&#x548C;&#x4F5C;&#x7B54;&#x770B;&#x5F97;&#x51FA;&#xFF1A;&#x4F60;&#x4E0D;&#x77E5;&#x9053;&#x4F55;&#x8B02;&#x7A69;&#x5B9A;&#x7684;&#x6392;&#x5E8F;&#x3002;&lt;/span&gt;&lt;/p&gt; </content>
  <attach></attach>
  <rcount></rcount>
  <rank></rank>
  <hit>1</hit>
  <lang>1</lang>
</data>
