<?xml version="1.0"?>
<data version="3.0" time="2024-07-20 09:55:52" type="post" filename="b000000017.xml">
  <open_time>0000-00-00</open_time>
  <close_time>0000-00-00</close_time>
  <lang_name>Big5</lang_name>
  <board_id>1001278687</board_id>
  <node>000000017</node>
  <site>1000110001</site>
  <pt>2023-07-24 15:16:49</pt>
  <poster>06005836</poster>
  <realname>&#x9673;&#x4E88;&#x7487;  </realname>
  <email>jason40125520@gmail.com</email>
  <homepage> </homepage>
  <subject>&#x6436;&#x7B54;223 </subject>
  <content>&lt;p&gt;&lt;strong&gt;&#x76F8;&#x540C;&#x641C;&#x5C0B;&#x9375;&#x7684;&#x4E8C;&#x7B46;&#x8CC7;&#x6599;&#x5982;&#x4F55;&#x5B58;&#x5165;&#x4E8C;&#x5143;&#x641C;&#x5C0B;&#x6A39;&#xFF1F;&lt;/strong&gt;&lt;/p&gt;&#xD;
&#xD;
&lt;p&gt;&lt;strong&gt;&#x5728;&#x4E8C;&#x5143;&#x641C;&#x5C0B;&#x6A39;&#x4E2D;&#xFF0C;&#x5982;&#x679C;&#x6709;&#x76F8;&#x540C;&#x7684;&#x641C;&#x5C0B;&#x9375;&#xFF0C;&#x53EF;&#x4EE5;&#x4F7F;&#x7528;&#x4E00;&#x4E9B;&#x7B56;&#x7565;&#x4F86;&#x8655;&#x7406;&#x9019;&#x7A2E;&#x60C5;&#x6CC1;&#x3002;&#x5E38;&#x898B;&#x7684;&#x7B56;&#x7565;&#x5305;&#x62EC;&#xFF1A;&lt;/strong&gt;&lt;/p&gt;&#xD;
&#xD;
&lt;p&gt;&lt;strong&gt;1.&#x8A08;&#x6578;&#x5668;&#xFF08;Counters&#xFF09;&#xFF1A;&#x5728;&#x6BCF;&#x500B;&#x7BC0;&#x9EDE;&#x4E2D;&#xFF0C;&#x9664;&#x4E86;&#x5B58;&#x5132;&#x641C;&#x5C0B;&#x9375;&#x503C;&#x4E4B;&#x5916;&#xFF0C;&#x9084;&#x53EF;&#x4EE5;&#x5B58;&#x5132;&#x4E00;&#x500B;&#x8A08;&#x6578;&#x5668;&#xFF0C;&#x7528;&#x65BC;&#x8A18;&#x9304;&#x76F8;&#x540C;&#x9375;&#x503C;&#x51FA;&#x73FE;&#x7684;&#x6B21;&#x6578;&#x3002;&#x7576;&#x6709;&#x91CD;&#x8907;&#x7684;&#x641C;&#x5C0B;&#x9375;&#x63D2;&#x5165;&#x6642;&#xFF0C;&#x53EA;&#x9700;&#x8981;&#x589E;&#x52A0;&#x8A08;&#x6578;&#x5668;&#xFF0C;&#x800C;&#x4E0D;&#x662F;&#x63D2;&#x5165;&#x4E00;&#x500B;&#x65B0;&#x7684;&#x7BC0;&#x9EDE;&#x3002;&lt;/strong&gt;&lt;/p&gt;&#xD;
&#xD;
&lt;p&gt;&lt;strong&gt;2.&#x91CD;&#x8907;&#x7684;&#x641C;&#x5C0B;&#x9375;&#x4F5C;&#x70BA;&#x5DE6;&#x5B50;&#x6A39;&#xFF1A;&#x5C0D;&#x65BC;&#x6709;&#x76F8;&#x540C;&#x641C;&#x5C0B;&#x9375;&#x7684;&#x7BC0;&#x9EDE;&#xFF0C;&#x6211;&#x5011;&#x53EF;&#x4EE5;&#x5C07;&#x91CD;&#x8907;&#x7684;&#x641C;&#x5C0B;&#x9375;&#x4F5C;&#x70BA;&#x5DE6;&#x5B50;&#x6A39;&#xFF0C;&#x9019;&#x6A23;&#x5C31;&#x80FD;&#x4FDD;&#x6301;BST&#x7684;&#x6709;&#x5E8F;&#x6027;&#x3002;&#x7576;&#x8981;&#x63D2;&#x5165;&#x4E00;&#x500B;&#x91CD;&#x8907;&#x7684;&#x641C;&#x5C0B;&#x9375;&#x6642;&#xFF0C;&#x5C07;&#x5176;&#x63D2;&#x5165;&#x5230;&#x5DE6;&#x5B50;&#x6A39;&#x4E2D;&#x3002;&lt;/strong&gt;&lt;/p&gt;&#xD;
&#xD;
&lt;p&gt;&lt;strong&gt;class Node:&lt;/strong&gt;&lt;/p&gt;&#xD;
&#xD;
&lt;p&gt;&lt;strong&gt;&amp;nbsp;&amp;nbsp;&amp;nbsp;&amp;nbsp;def __init__(self, key):&lt;/strong&gt;&lt;/p&gt;&#xD;
&#xD;
&lt;p&gt;&lt;strong&gt;&amp;nbsp;&amp;nbsp;&amp;nbsp;&amp;nbsp;&amp;nbsp;&amp;nbsp;&amp;nbsp;&amp;nbsp;self.key = key&lt;/strong&gt;&lt;/p&gt;&#xD;
&#xD;
&lt;p&gt;&lt;strong&gt;&amp;nbsp;&amp;nbsp;&amp;nbsp;&amp;nbsp;&amp;nbsp;&amp;nbsp;&amp;nbsp;&amp;nbsp;self.left = None&lt;/strong&gt;&lt;/p&gt;&#xD;
&#xD;
&lt;p&gt;&lt;strong&gt;&amp;nbsp;&amp;nbsp;&amp;nbsp;&amp;nbsp;&amp;nbsp;&amp;nbsp;&amp;nbsp;&amp;nbsp;self.right = None&lt;/strong&gt;&lt;/p&gt;&#xD;
&#xD;
&lt;p&gt;&lt;strong&gt;&amp;nbsp;&amp;nbsp;&amp;nbsp;&amp;nbsp;&amp;nbsp;&amp;nbsp;&amp;nbsp;&amp;nbsp;self.count = 1&amp;nbsp; # &#x521D;&#x59CB;&#x5316;&#x8A08;&#x6578;&#x5668;&#x70BA;1&lt;/strong&gt;&lt;/p&gt;&#xD;
&#xD;
&lt;p&gt;&lt;strong&gt;def insert(root, key):&lt;/strong&gt;&lt;/p&gt;&#xD;
&#xD;
&lt;p&gt;&lt;strong&gt;&amp;nbsp;&amp;nbsp;&amp;nbsp;&amp;nbsp;if root is None:&lt;/strong&gt;&lt;/p&gt;&#xD;
&#xD;
&lt;p&gt;&lt;strong&gt;&amp;nbsp;&amp;nbsp;&amp;nbsp;&amp;nbsp;&amp;nbsp;&amp;nbsp;&amp;nbsp;&amp;nbsp;return Node(key)&lt;/strong&gt;&lt;/p&gt;&#xD;
&#xD;
&lt;p&gt;&lt;strong&gt;&amp;nbsp;&amp;nbsp;&amp;nbsp;&amp;nbsp;if key == root.key:&lt;/strong&gt;&lt;/p&gt;&#xD;
&#xD;
&lt;p&gt;&lt;strong&gt;&amp;nbsp;&amp;nbsp;&amp;nbsp;&amp;nbsp;&amp;nbsp;&amp;nbsp;&amp;nbsp;&amp;nbsp;root.count += 1&amp;nbsp; # &#x5982;&#x679C;&#x641C;&#x5C0B;&#x9375;&#x5DF2;&#x5B58;&#x5728;&#xFF0C;&#x589E;&#x52A0;&#x8A08;&#x6578;&#x5668;&lt;/strong&gt;&lt;/p&gt;&#xD;
&#xD;
&lt;p&gt;&lt;strong&gt;&amp;nbsp;&amp;nbsp;&amp;nbsp;&amp;nbsp;elif key &amp;lt; root.key:&lt;/strong&gt;&lt;/p&gt;&#xD;
&#xD;
&lt;p&gt;&lt;strong&gt;&amp;nbsp;&amp;nbsp;&amp;nbsp;&amp;nbsp;&amp;nbsp;&amp;nbsp;&amp;nbsp;&amp;nbsp;root.left = insert(root.left, key)&lt;/strong&gt;&lt;/p&gt;&#xD;
&#xD;
&lt;p&gt;&lt;strong&gt;&amp;nbsp;&amp;nbsp;&amp;nbsp;&amp;nbsp;else:&lt;/strong&gt;&lt;/p&gt;&#xD;
&#xD;
&lt;p&gt;&lt;strong&gt;&amp;nbsp;&amp;nbsp;&amp;nbsp;&amp;nbsp;&amp;nbsp;&amp;nbsp;&amp;nbsp;&amp;nbsp;root.right = insert(root.right, key)&lt;/strong&gt;&lt;/p&gt;&#xD;
&#xD;
&lt;p&gt;&lt;strong&gt;&amp;nbsp;&amp;nbsp;&amp;nbsp;&amp;nbsp;return root&lt;/strong&gt;&lt;/p&gt;&#xD;
&#xD;
&lt;p&gt;&lt;strong&gt;# &#x5EFA;&#x7ACB;&#x4E00;&#x68F5;&#x7A7A;&#x7684;&#x4E8C;&#x5143;&#x641C;&#x5C0B;&#x6A39;&lt;/strong&gt;&lt;/p&gt;&#xD;
&#xD;
&lt;p&gt;&lt;strong&gt;root = None&lt;/strong&gt;&lt;/p&gt;&#xD;
&#xD;
&lt;p&gt;&lt;strong&gt;# &#x4F9D;&#x6B21;&#x63D2;&#x5165;&#x7BC0;&#x9EDE;&lt;/strong&gt;&lt;/p&gt;&#xD;
&#xD;
&lt;p&gt;&lt;strong&gt;root = insert(root, 5)&lt;/strong&gt;&lt;/p&gt;&#xD;
&#xD;
&lt;p&gt;&lt;strong&gt;root = insert(root, 2)&lt;/strong&gt;&lt;/p&gt;&#xD;
&#xD;
&lt;p&gt;&lt;strong&gt;root = insert(root, 8)&lt;/strong&gt;&lt;/p&gt;&#xD;
&#xD;
&lt;p&gt;&lt;strong&gt;root = insert(root, 5)&amp;nbsp; # &#x63D2;&#x5165;&#x91CD;&#x8907;&#x7684;&#x641C;&#x5C0B;&#x9375;&lt;/strong&gt;&lt;/p&gt;&#xD;
&#xD;
&lt;p&gt;&lt;strong&gt;root = insert(root, 2)&amp;nbsp; # &#x63D2;&#x5165;&#x91CD;&#x8907;&#x7684;&#x641C;&#x5C0B;&#x9375;&lt;/strong&gt;&lt;/p&gt;&#xD;
&#xD;
&lt;p&gt;&lt;strong&gt;root = insert(root, 5)&amp;nbsp; # &#x63D2;&#x5165;&#x91CD;&#x8907;&#x7684;&#x641C;&#x5C0B;&#x9375;&lt;/strong&gt;&lt;/p&gt;&#xD;
&#xD;
&lt;p&gt;&lt;strong&gt;# &#x4E2D;&#x5E8F;&#x8D70;&#x8A2A;&#xFF0C;&#x6AA2;&#x67E5;&#x7D50;&#x679C;&lt;/strong&gt;&lt;/p&gt;&#xD;
&#xD;
&lt;p&gt;&lt;strong&gt;def inorder_traversal(root):&lt;/strong&gt;&lt;/p&gt;&#xD;
&#xD;
&lt;p&gt;&lt;strong&gt;&amp;nbsp;&amp;nbsp;&amp;nbsp;&amp;nbsp;if root:&lt;/strong&gt;&lt;/p&gt;&#xD;
&#xD;
&lt;p&gt;&lt;strong&gt;&amp;nbsp;&amp;nbsp;&amp;nbsp;&amp;nbsp;&amp;nbsp;&amp;nbsp;&amp;nbsp;&amp;nbsp;inorder_traversal(root.left)&lt;/strong&gt;&lt;/p&gt;&#xD;
&#xD;
&lt;p&gt;&lt;strong&gt;&amp;nbsp;&amp;nbsp;&amp;nbsp;&amp;nbsp;&amp;nbsp;&amp;nbsp;&amp;nbsp;&amp;nbsp;print(f&amp;quot;{root.key} (count: {root.count})&amp;quot;)&lt;/strong&gt;&lt;/p&gt;&#xD;
&#xD;
&lt;p&gt;&lt;strong&gt;&amp;nbsp;&amp;nbsp;&amp;nbsp;&amp;nbsp;&amp;nbsp;&amp;nbsp;&amp;nbsp;&amp;nbsp;inorder_traversal(root.right)&lt;/strong&gt;&lt;/p&gt;&#xD;
&#xD;
&lt;p&gt;&lt;strong&gt;inorder_traversal(root)&lt;/strong&gt;&lt;/p&gt;&#xD;
&#xD;
&lt;p&gt;&lt;strong&gt;&#x8F38;&#x51FA;&#x7D50;&#x679C;&#xFF1A;&lt;/strong&gt;&lt;/p&gt;&#xD;
&#xD;
&lt;p&gt;&lt;strong&gt;2 (count: 2)&lt;/strong&gt;&lt;/p&gt;&#xD;
&#xD;
&lt;p&gt;&lt;strong&gt;5 (count: 3)&lt;/strong&gt;&lt;/p&gt;&#xD;
&#xD;
&lt;p&gt;&lt;strong&gt;8 (count: 1)&lt;/strong&gt;&lt;/p&gt;&#xD;
&#xD;
&lt;p&gt;&lt;strong&gt;&#x4F7F;&#x7528;&#x8A08;&#x6578;&#x5668;&#x4F86;&#x8655;&#x7406;&#x91CD;&#x8907;&#x7684;&#x641C;&#x5C0B;&#x9375;&#x3002;&#x7576;&#x63D2;&#x5165;&#x91CD;&#x8907;&#x7684;&#x641C;&#x5C0B;&#x9375;&#x6642;&#xFF0C;&#x53EA;&#x9700;&#x8981;&#x589E;&#x52A0;&#x8A08;&#x6578;&#x5668;&#xFF0C;&#x800C;&#x4E0D;&#x662F;&#x63D2;&#x5165;&#x65B0;&#x7684;&#x7BC0;&#x9EDE;&#x3002;&#x9019;&#x6A23;&#x53EF;&#x4EE5;&#x7BC0;&#x7701;&#x7A7A;&#x9593;&#x4E26;&#x4FDD;&#x6301;BST&#x7684;&#x6709;&#x5E8F;&#x6027;&#x3002;&lt;/strong&gt;&lt;/p&gt;</content>
  <attach></attach>
  <rcount></rcount>
  <rank></rank>
  <hit>15</hit>
  <lang>1</lang>
</data>
