<?xml version="1.0"?>
<data version="3.0" time="2024-07-20 09:55:52" type="post" filename="b000000005000000001.xml">
  <open_time>0000-00-00</open_time>
  <close_time>0000-00-00</close_time>
  <lang_name>Big5</lang_name>
  <board_id>1001278687</board_id>
  <node>000000005000000001</node>
  <site>1000110001</site>
  <pt>2023-07-22 15:15:40</pt>
  <poster>11813</poster>
  <realname>&#x5433;&#x5B9C;&#x9D3B;  </realname>
  <email>yhwu@cycu.edu.tw</email>
  <homepage>https://www.researchgate.net/profile/Yi-Hung-Wu-2  </homepage>
  <subject>Re: &#x6436;&#x7B54;224  </subject>
  <content>&lt;p&gt;&lt;span style="color:#ff0000"&gt;&#x6558;&#x8FF0;&#x9650;&#x7528;&#x6559;&#x6750;&#x6240;&#x4F7F;&#x7528;&#x7684;&#x8853;&#x8A9E;&#xFF0C;&#x4F8B;&#x5982;&#xFF1A;&lt;s&gt;&#x5148;&#x5E8F;&lt;/s&gt;&#x6539;&#x70BA;&#x524D;&#x5E8F;&#x548C;pre-order&lt;/span&gt;&lt;/p&gt; </content>
  <attach></attach>
  <rcount></rcount>
  <rank></rank>
  <hit>1</hit>
  <lang>1</lang>
</data>
