<?xml version="1.0"?>
<data version="3.0" time="2024-07-20 09:55:52" type="post" filename="b000000020.xml">
  <open_time>0000-00-00</open_time>
  <close_time>0000-00-00</close_time>
  <lang_name>Big5</lang_name>
  <board_id>1001278687</board_id>
  <node>000000020</node>
  <site>1000110001</site>
  <pt>2023-07-24 22:34:54</pt>
  <poster>11027101</poster>
  <realname>&#x674E;&#x5EAD;&#x59A4;  </realname>
  <email>timi920714@gmail.com</email>
  <homepage>  </homepage>
  <subject>224. &#x5982;&#x4F55;&#x5C07;&#x4E8C;&#x5143;&#x641C;&#x5C0B;&#x6A39;&#x5B58;&#x6A94;&#x5F8C;&#x518D;&#x8B80;&#x5165;&#x53EF;&#x6062;&#x5FA9;&#x539F;&#x72C0;&#xFF1F; </subject>
  <content>&lt;p&gt;1&#x5E8F;&#x5217;&#x5316;&#xFF1A;&#x5C07;&#x4E8C;&#x5143;&#x641C;&#x5C0B;&#x6A39;&#x8F49;&#x63DB;&#x70BA;&#x53EF;&#x5B58;&#x5132;&#x6216;&#x50B3;&#x8F38;&#x7684;&#x683C;&#x5F0F;&#xFF0C;&#x5E38;&#x898B;&#x7684;&#x65B9;&#x5F0F;&#x662F;&#x4F7F;&#x7528;&#x905E;&#x6B78;&#x6216;&#x5C64;&#x5E8F;&#x904D;&#x6B77;&#x4F86;&#x5C07;&#x4E8C;&#x5143;&#x641C;&#x5C0B;&#x6A39;&#x8F49;&#x63DB;&#x70BA;&#x5B57;&#x7B26;&#x4E32;&#x3002;&lt;/p&gt;&#xD;
&#xD;
&lt;p&gt;2&#x5B58;&#x5132;&#xFF1A;&#x5C07;&#x5E8F;&#x5217;&#x5316;&#x5F8C;&#x7684;&#x6578;&#x64DA;&#x5B58;&#x5132;&#x5230;&#x6578;&#x64DA;&#x5EAB;&#x4E2D;&#xFF0C;&#x4EE5;&#x4FBF;&#x8B80;&#x53D6;&#x548C;&#x4F7F;&#x7528;&#x3002;&lt;/p&gt;&#xD;
&#xD;
&lt;p&gt;3&#x53CD;&#x5E8F;&#x5217;&#x5316;&#xFF1A;&#x5F9E;&#x5B58;&#x5132;&#x7684;&#x6578;&#x64DA;&#x4E2D;&#x8B80;&#x53D6;&#x5E8F;&#x5217;&#x5316;&#x7684;&#x4E8C;&#x5143;&#x641C;&#x5C0B;&#x6A39;&#x6578;&#x64DA;&#xFF0C;&#x4E26;&#x6839;&#x64DA;&#x5E8F;&#x5217;&#x5316;&#x7684;&#x683C;&#x5F0F;&#x91CD;&#x65B0;&#x69CB;&#x5EFA;&#x539F;&#x59CB;&#x7684;&#x4E8C;&#x5143;&#x641C;&#x5C0B;&#x6A39;&#x3002;&lt;/p&gt; </content>
  <attach></attach>
  <rcount></rcount>
  <rank></rank>
  <hit>14</hit>
  <lang>1</lang>
</data>
