<?xml version="1.0"?>
<data version="3.0" time="2024-07-20 09:55:52" type="post" filename="b000000015.xml">
  <open_time>0000-00-00</open_time>
  <close_time>0000-00-00</close_time>
  <lang_name>Big5</lang_name>
  <board_id>1001278687</board_id>
  <node>000000015</node>
  <site>1000110001</site>
  <pt>2023-07-24 15:11:34</pt>
  <poster>06005836</poster>
  <realname>&#x9673;&#x4E88;&#x7487;  </realname>
  <email>jason40125520@gmail.com</email>
  <homepage>  </homepage>
  <subject>&#x6436;&#x7B54;221 </subject>
  <content>&lt;p&gt;&lt;strong&gt;&#x8209;&#x4F8B;&#x89E3;&#x8AAA;&#x4E2D;&#x5E8F;&#x8D70;&#x8A2A;&#x4E8C;&#x5143;&#x641C;&#x5C0B;&#x6A39;&#x662F;&#x5426;&#x7A69;&#x5B9A;&#x6392;&#x5E8F;&#x3002;&lt;/strong&gt;&lt;/p&gt;&#xD;
&#xD;
&lt;p&gt;&lt;strong&gt;&#x4E2D;&#x5E8F;&#x8D70;&#x8A2A;&#x4E8C;&#x5143;&#x641C;&#x5C0B;&#x6A39;&#xFF08;Binary Search Tree&#xFF0C;BST&#xFF09;&#x53EF;&#x4EE5;&#x5BE6;&#x73FE;&#x7A69;&#x5B9A;&#x7684;&#x6392;&#x5E8F;&#x3002;&#x9019;&#x662F;&#x56E0;&#x70BA;&#x4E2D;&#x5E8F;&#x8D70;&#x8A2A;&#x4E8C;&#x5143;&#x641C;&#x5C0B;&#x6A39;&#x7684;&#x904E;&#x7A0B;&#x4E2D;&#xFF0C;&#x6BCF;&#x500B;&#x7BC0;&#x9EDE;&#x7684;&#x503C;&#x90FD;&#x6703;&#x6309;&#x7167;&#x905E;&#x589E;&#x7684;&#x9806;&#x5E8F;&#x88AB;&#x8A2A;&#x554F;&#x3002;&lt;/strong&gt;&lt;/p&gt;&#xD;
&#xD;
&lt;p&gt;&lt;strong&gt;&#x641C;&#x5C0B;&#x6A39;&#x7684;&#x7279;&#x6027;&#x4FDD;&#x8B49;&#x4E86;&#x4E2D;&#x5E8F;&#x8D70;&#x8A2A;&#x7684;&#x7D50;&#x679C;&#x662F;&#x6709;&#x5E8F;&#x7684;&#x3002;&#x5728;&#x4E00;&#x500B;&#x5408;&#x6CD5;&#x7684;&#x4E8C;&#x5143;&#x641C;&#x5C0B;&#x6A39;&#x4E2D;&#xFF0C;&#x5C0D;&#x65BC;&#x6BCF;&#x500B;&#x7BC0;&#x9EDE;N&#xFF0C;&#x5176;&#x5DE6;&#x5B50;&#x6A39;&#x4E2D;&#x7684;&#x6240;&#x6709;&#x7BC0;&#x9EDE;&#x7684;&#x503C;&#x90FD;&#x5C0F;&#x65BC;N&#x7684;&#x503C;&#xFF0C;&#x800C;&#x5176;&#x53F3;&#x5B50;&#x6A39;&#x4E2D;&#x7684;&#x6240;&#x6709;&#x7BC0;&#x9EDE;&#x7684;&#x503C;&#x90FD;&#x5927;&#x65BC;N&#x7684;&#x503C;&#x3002;&lt;/strong&gt;&lt;/p&gt;&#xD;
&#xD;
&lt;p&gt;&lt;strong&gt;&#x56E0;&#x6B64;&#xFF0C;&#x4E2D;&#x5E8F;&#x8D70;&#x8A2A;&#x7684;&#x9806;&#x5E8F;&#x662F;&#xFF1A;&#x5148;&#x8D70;&#x8A2A;&#x5DE6;&#x5B50;&#x6A39;&#xFF08;&#x5C0F;&#x65BC;N&#x7684;&#x503C;&#xFF09;&#xFF0C;&#x7136;&#x5F8C;&#x8A2A;&#x554F;&#x7BC0;&#x9EDE;N&#x672C;&#x8EAB;&#xFF0C;&#x6700;&#x5F8C;&#x8D70;&#x8A2A;&#x53F3;&#x5B50;&#x6A39;&#xFF08;&#x5927;&#x65BC;N&#x7684;&#x503C;&#xFF09;&#xFF0C;&#x9019;&#x5C31;&#x662F;&#x905E;&#x589E;&#x9806;&#x5E8F;&#x3002;&lt;/strong&gt;&lt;/p&gt;&#xD;
&#xD;
&lt;p&gt;&lt;strong&gt;&#x5047;&#x8A2D;&#x6709;&#x4EE5;&#x4E0B;&#x4E8C;&#x5143;&#x641C;&#x5C0B;&#x6A39;&#xFF1A;&lt;/strong&gt;&lt;/p&gt;&#xD;
&#xD;
&lt;p&gt;&lt;strong&gt;&amp;nbsp;&amp;nbsp;&amp;nbsp;&amp;nbsp;&amp;nbsp;&amp;nbsp;&amp;nbsp;5&lt;/strong&gt;&lt;/p&gt;&#xD;
&#xD;
&lt;p&gt;&lt;strong&gt;&amp;nbsp;&amp;nbsp;&amp;nbsp;&amp;nbsp;&amp;nbsp;&amp;nbsp;/&amp;nbsp; \&lt;/strong&gt;&lt;/p&gt;&#xD;
&#xD;
&lt;p&gt;&lt;strong&gt;&amp;nbsp;&amp;nbsp;&amp;nbsp;&amp;nbsp;&amp;nbsp;2&amp;nbsp; &amp;nbsp; 8&lt;/strong&gt;&lt;/p&gt;&#xD;
&#xD;
&lt;p&gt;&lt;strong&gt;&amp;nbsp;&amp;nbsp;&amp;nbsp;&amp;nbsp;/&amp;nbsp; \&amp;nbsp; &amp;nbsp; \&lt;/strong&gt;&lt;/p&gt;&#xD;
&#xD;
&lt;p&gt;&lt;strong&gt;&amp;nbsp;&amp;nbsp;&amp;nbsp;1&amp;nbsp; &amp;nbsp; 4&amp;nbsp; &amp;nbsp; 9&lt;/strong&gt;&lt;/p&gt;&#xD;
&#xD;
&lt;p&gt;&lt;strong&gt;&#x4F7F;&#x7528;&#x4E2D;&#x5E8F;&#x8D70;&#x8A2A;&#xFF0C;&#x6211;&#x5011;&#x5F97;&#x5230;&#x7684;&#x6392;&#x5E8F;&#x7D50;&#x679C;&#x70BA;&#xFF1A;&lt;/strong&gt;&lt;/p&gt;&#xD;
&#xD;
&lt;p&gt;&lt;strong&gt;1 -&amp;gt; 2 -&amp;gt; 4 -&amp;gt; 5 -&amp;gt; 8 -&amp;gt; 9&lt;/strong&gt;&lt;/p&gt;&#xD;
&#xD;
&lt;p&gt;&lt;strong&gt;&#x9019;&#x662F;&#x4E00;&#x500B;&#x905E;&#x589E;&#x7684;&#x6709;&#x5E8F;&#x5E8F;&#x5217;&#xFF0C;&#x9019;&#x5C31;&#x8AAA;&#x660E;&#x4E86;&#x4E2D;&#x5E8F;&#x8D70;&#x8A2A;&#x4E8C;&#x5143;&#x641C;&#x5C0B;&#x6A39;&#x53EF;&#x4EE5;&#x5BE6;&#x73FE;&#x7A69;&#x5B9A;&#x7684;&#x6392;&#x5E8F;&#x3002;&#x5C0D;&#x65BC;&#x5177;&#x6709;&#x76F8;&#x540C;&#x9375;&#x503C;&#x7684;&#x7BC0;&#x9EDE;&#xFF0C;&#x5B83;&#x5011;&#x6703;&#x6309;&#x7167;&#x5B83;&#x5011;&#x5728;&#x539F;&#x59CB;&#x6A39;&#x4E2D;&#x7684;&#x76F8;&#x5C0D;&#x9806;&#x5E8F;&#x5728;&#x6392;&#x5E8F;&#x5F8C;&#x4FDD;&#x6301;&#x4E0D;&#x8B8A;&#x3002;&#x56E0;&#x6B64;&#xFF0C;&#x4E2D;&#x5E8F;&#x8D70;&#x8A2A;BST&#x63D0;&#x4F9B;&#x4E86;&#x4E00;&#x7A2E;&#x7A69;&#x5B9A;&#x7684;&#x6392;&#x5E8F;&#x65B9;&#x6CD5;&#x3002;&lt;/strong&gt;&lt;/p&gt; </content>
  <attach></attach>
  <rcount></rcount>
  <rank></rank>
  <hit>18</hit>
  <lang>1</lang>
</data>
