<?xml version="1.0"?>
<data version="3.0" time="2024-07-20 09:55:52" type="post" filename="b000000024000000001.xml">
  <open_time>0000-00-00</open_time>
  <close_time>0000-00-00</close_time>
  <lang_name>Big5</lang_name>
  <board_id>1001278687</board_id>
  <node>000000024000000001</node>
  <site>1000110001</site>
  <pt>2023-07-27 23:52:38</pt>
  <poster>11813</poster>
  <realname>&#x5433;&#x5B9C;&#x9D3B;  </realname>
  <email>yhwu@cycu.edu.tw</email>
  <homepage>https://www.researchgate.net/profile/Yi-Hung-Wu-2  </homepage>
  <subject>Re: &#x6436;&#x7B54;224  </subject>
  <content>&lt;p&gt;&amp;quot;&#x524D;&#x5E8F;&#x6216;&#x662F;&#x4E2D;&#x5E8F;&amp;quot; &lt;span style="color:#ff0000"&gt;&#x53EA;&#x80FD;&#x662F;&#x5176;&#x4E2D;&#x4E4B;&#x4E00;&#x3002;&lt;/span&gt;&lt;/p&gt; </content>
  <attach></attach>
  <rcount></rcount>
  <rank></rank>
  <hit>1</hit>
  <lang>1</lang>
</data>
