<?xml version="1.0"?>
<data version="3.0" time="2024-07-20 09:55:52" type="post" filename="b000000029000000001.xml">
  <open_time>0000-00-00</open_time>
  <close_time>0000-00-00</close_time>
  <lang_name>Big5</lang_name>
  <board_id>1001278687</board_id>
  <node>000000029000000001</node>
  <site>1000110001</site>
  <pt>2023-07-27 23:55:52</pt>
  <poster>11813</poster>
  <realname>&#x5433;&#x5B9C;&#x9D3B;  </realname>
  <email>yhwu@cycu.edu.tw</email>
  <homepage>https://www.researchgate.net/profile/Yi-Hung-Wu-2  </homepage>
  <subject>Re: &#x6436;&#x7B54;225  </subject>
  <content>&lt;p&gt;&amp;quot;2.&#x5F9E;&#x5DF2;&#x6392;&#x5E8F;&#x7684;&#x8CC7;&#x6599;&#x4E2D;&#x53D6;&#x51FA;&#x6BD4;&#x7BC0;&#x9EDE;&#x503C;&#x5C0F;&#x7684;&#x8CC7;&#x6599;&#xFF0C;&#x4E26;&#x5C07;&#x5B83;&#x5011;&#x63D2;&#x5165;&#x5230;&#x7BC0;&#x9EDE;&#x7684;&#x5DE6;&#x5B50;&#x6A39;&#x4E2D;&amp;quot;&lt;/p&gt;&#xD;
&#xD;
&lt;p&gt;&lt;span style="color:#ff0000"&gt;&#x5F9E;&#x9019;&#x4E00;&#x6B65;&#x958B;&#x59CB;&#x932F;&#x4E86;...&lt;/span&gt;&lt;/p&gt; </content>
  <attach></attach>
  <rcount></rcount>
  <rank></rank>
  <hit>1</hit>
  <lang>1</lang>
</data>
