<?xml version="1.0"?>
<data version="3.0" time="2024-07-20 09:55:52" type="post" filename="b000000026.xml">
  <open_time>0000-00-00</open_time>
  <close_time>0000-00-00</close_time>
  <lang_name>Big5</lang_name>
  <board_id>1001278687</board_id>
  <node>000000026</node>
  <site>1000110001</site>
  <pt>2023-07-25 22:46:55</pt>
  <poster>06005914</poster>
  <realname>&#x9673;&#x5F65;&#x4E2D;  </realname>
  <email>jackson89911@gmail.com</email>
  <homepage>  </homepage>
  <subject>&#x6436;&#x7B54;221 </subject>
  <content>&lt;p&gt;221. &#x8209;&#x4F8B;&#x89E3;&#x8AAA;&#x4E2D;&#x5E8F;&#x8D70;&#x8A2A;&#x4E8C;&#x5143;&#x641C;&#x5C0B;&#x6A39;&#x662F;&#x5426;&#x7A69;&#x5B9A;&#x6392;&#x5E8F;&#x3002;&lt;/p&gt;&#xD;
&#xD;
&lt;p&gt;A:&#x5728;&#x4E8C;&#x5143;&#x641C;&#x5C0B;&#x6A39;(Binary Search&amp;nbsp;Tree)&#x4E2D;&#xFF0C;&#x6709;&#x5E7E;&#x500B;&#x7279;&#x9EDE;&#xFF0C;&#x4F8B;&#x5982;:&lt;/p&gt;&#xD;
&#xD;
&lt;p&gt;1.&#x82E5;&#x4EFB;&#x610F;&#x7BC0;&#x9EDE;&#x7684;&#x5DE6;&#x5B50;&#x6A39;&#x4E0D;&#x662F;&#x7A7A;&#x7684;&#xFF0C;&#x5247;&#x5DE6;&#x5B50;&#x6A39;&#x4E0A;&#x6240;&#x6709;&#x7BC0;&#x9EDE;&#x7684;&#x503C;&#x5747;&#x5C0F;&#x65BC;&#x5B83;&#x7684;&#x6839;&#x7BC0;&#x9EDE;&#x7684;&#x503C;&lt;/p&gt;&#xD;
&#xD;
&lt;p&gt;2.&#x82E5;&#x4EFB;&#x610F;&#x7BC0;&#x9EDE;&#x7684;&#x53F3;&#x5B50;&#x6A39;&#x4E0D;&#x662F;&#x7A7A;&#x7684;&#xFF0C;&#x5247;&#x53F3;&#x5B50;&#x6A39;&#x4E0A;&#x6240;&#x6709;&#x7BC0;&#x9EDE;&#x7684;&#x503C;&#x5747;&#x5927;&#x65BC;&#x5B83;&#x7684;&#x6839;&#x7BC0;&#x9EDE;&#x7684;&#x503C;&lt;/p&gt;&#xD;
&#xD;
&lt;p&gt;&#x4EE5;&#x4E0B;&#x70BA;Binary Search&amp;nbsp;Tree&#x7684;&#x4F8B;&#x5B50;&#xFF0C;&#x5747;&#x7B26;&#x5408;&#x4E0A;&#x8FF0;&#x5169;&#x9EDE;&lt;/p&gt;&#xD;
&#xD;
&lt;p&gt;&amp;nbsp; &amp;nbsp; &amp;nbsp; 5&lt;br /&gt;&#xD;
&amp;nbsp; &amp;nbsp; &amp;nbsp;/ \&lt;br /&gt;&#xD;
&amp;nbsp; &amp;nbsp; 3 &amp;nbsp; 7&lt;br /&gt;&#xD;
&amp;nbsp; &amp;nbsp;/ \ / \&lt;br /&gt;&#xD;
&amp;nbsp; 2 &amp;nbsp;4 6 &amp;nbsp;8&lt;/p&gt;&#xD;
&#xD;
&lt;p&gt;&#x5C0D;&#x5176;&#x9032;&#x884C;&#x4E2D;&#x5E8F;&#x8D70;&#x8A2A;&#xFF0C;&#x5148;&#x5F9E;&#x5DE6;&#x5B50;&#x7BC0;&#x9EDE;&#x5230;&#x6839;&#x7D50;&#x9EDE;&#x518D;&#x5230;&#x53F3;&#x5B50;&#x7BC0;&#x9EDE;&#xFF0C;&#x5F97;&#x5230;[2,3,4,5,6,7,8]&#xFF0C;&#x6B64;&#x6392;&#x5E8F;&#x5F8C;&#x7684;&#x9806;&#x5E8F;&#x76F8;&#x5C0D;&#x4F4D;&#x7F6E;&#x4E0D;&#x8B8A;&#xFF0C;&#x8AAA;&#x660E;&#x4E86;&#x4E2D;&#x5E8F;&#x8D70;&#x8A2A;&#x4E8C;&#x5143;&#x641C;&#x5C0B;&#x6A39;&#x662F;&#x7A69;&#x5B9A;&#x6392;&#x5E8F;&#x3002;&lt;/p&gt; </content>
  <attach></attach>
  <rcount></rcount>
  <rank></rank>
  <hit>8</hit>
  <lang>1</lang>
</data>
