<?xml version="1.0"?>
<data version="3.0" time="2024-07-20 09:55:52" type="post" filename="b000000024.xml">
  <open_time>0000-00-00</open_time>
  <close_time>0000-00-00</close_time>
  <lang_name>Big5</lang_name>
  <board_id>1001278687</board_id>
  <node>000000024</node>
  <site>1000110001</site>
  <pt>2023-07-25 22:18:49</pt>
  <poster>06005952</poster>
  <realname>&#x59DA;&#x627F;&#x5FD7;  </realname>
  <email>ge062851@gmail.com</email>
  <homepage> </homepage>
  <subject>&#x6436;&#x7B54;224 </subject>
  <content>&lt;p&gt;&lt;span style="font-size:14px"&gt;224. &#x5982;&#x4F55;&#x5C07;&#x4E8C;&#x5143;&#x641C;&#x5C0B;&#x6A39;&#x5B58;&#x6A94;&#x5F8C;&#x518D;&#x8B80;&#x5165;&#x53EF;&#x6062;&#x5FA9;&#x539F;&#x72C0;&#xFF1F;&lt;/span&gt;&lt;br /&gt;&#xD;
&#x53EF;&#x4EE5;&#x4F7F;&#x7528;&#x6A39;&#x7684;&#x8D70;&#x8A2A;&#xFF0C;&#x50CF;&#x662F;&#x524D;&#x5E8F;&#x6216;&#x662F;&#x4E2D;&#x5E8F;&#xFF0C;&#x5C07;&#x6578;&#x7684;&#x7BC0;&#x9EDE;&#x5E8F;&#x5217;&#x5316;&#xFF0C;&#x5373;&#x8F49;&#x63DB;&#x70BA;&#x5B57;&#x4E32;&#xFF0C;&lt;br /&gt;&#xD;
&#x63A5;&#x4E0B;&#x4F86;&#x5C07;&#x5E8F;&#x5217;&#x5316;&#x5F8C;&#x7684;&#x8CC7;&#x6599;&#x5BEB;&#x5165;&#x6A94;&#x6848;&#xFF0C;&#x7136;&#x5F8C;&#x7576;&#x9700;&#x8981;&#x6062;&#x5FA9;&#x6A39;&#x7684;&#x72C0;&#x614B;&#x6642;&#xFF0C;&#x53EA;&#x9700;&#x8981;&#x8B80;&#x53D6;&#x6A94;&#x6848;&#xFF0C;&lt;br /&gt;&#xD;
&#x518D;&#x628A;&#x5E8F;&#x5217;&#x5316;&#x7684;&#x8CC7;&#x6599;&#x53CD;&#x5E8F;&#x5217;&#x5316;&#x3002;&lt;/p&gt;</content>
  <attach></attach>
  <rcount></rcount>
  <rank></rank>
  <hit>11</hit>
  <lang>1</lang>
</data>
