<?xml version="1.0"?>
<data version="3.0" time="2024-07-19 08:50:43" type="post" filename="b000000008.xml">
  <open_time>0000-00-00</open_time>
  <close_time>0000-00-00</close_time>
  <lang_name>Big5</lang_name>
  <board_id>1001305436</board_id>
  <node>000000008</node>
  <site>1000110001</site>
  <pt>2023-11-29 17:55:19</pt>
  <poster>11020117</poster>
  <realname>&#x6797;&#x5B50;&#x7693;  </realname>
  <email>ke951736@gmail.com</email>
  <homepage>  </homepage>
  <subject>201. &#x8209;&#x4F8B;&#x8AAA;&#x660E;&#x55AE;&#x4E00;&#x4F47;&#x5217;&#x6A21;&#x64EC;&#x5982;&#x4F55;&#x8A08;&#x7B97;&#x5E73;&#x5747;&#x7B49;&#x5019;&#x6642;&#x9593;waiting time&#x3002; </subject>
  <content>&lt;p&gt;&#x4EE5;&#x55AE;&#x4E00;&#x4F47;&#x5217;&#x6A21;&#x64EC;&#x4F86;&#x8AAA;&#x660E;&#x5982;&#x4F55;&#x8A08;&#x7B97;&#x5E73;&#x5747;&#x7B49;&#x5019;&#x6642;&#x9593;&#xFF1A;&lt;/p&gt;&#xD;
&#xD;
&lt;p&gt;&#x8209;&#x4F8B;&#x6211;&#x6709;&#x4E00;&#x500B;&#x670D;&#x52D9;&#x6AC3;&#x6AAF;&#xFF0C;&#x4F86;&#x7684;&#x4EBA;&#x6703;&#x6309;&#x7167;&#x5230;&#x9054;&#x7684;&#x9806;&#x5E8F;&#x6392;&#x968A;&#x63A5;&#x53D7;&#x670D;&#x52D9;&#x3002;&lt;/p&gt;&#xD;
&#xD;
&lt;p&gt;&#x5728;&#x6BCF;&#x500B;&#x6642;&#x9593;&#x55AE;&#x4F4D;&#xFF0C;&#x6709;&#x5BA2;&#x4EBA;&#x5230;&#x9054;&#xFF0C;&#x4E5F;&#x6709;&#x5BA2;&#x4EBA;&#x96E2;&#x958B;&#xFF0C;&#x6A21;&#x64EC;&#x5BA2;&#x6236;&#x7684;&#x9032;&#x51FA;&#x904E;&#x7A0B;&#x3002;&lt;/p&gt;&#xD;
&#xD;
&lt;p&gt;&#x6BCF;&#x7576;&#x4E00;&#x500B;&#x5BA2;&#x4EBA;&#x96E2;&#x958B;&#x7684;&#x6642;&#x5019;&#xFF0C;&#x8A18;&#x9304;&#x4ED6;&#x9032;&#x5165;&#x4F47;&#x5217;&#x7684;&#x6642;&#x9593;&#x548C;&#x96E2;&#x958B;&#x7684;&#x6642;&#x9593;&#x3002;&lt;/p&gt;&#xD;
&#xD;
&lt;p&gt;&#x5C0D;&#x65BC;&#x6BCF;&#x4F4D;&#x96E2;&#x958B;&#x7684;&#x4EBA;&#xFF0C;&#x8A08;&#x7B97;&#x4ED6;&#x7684;&#x7B49;&#x5019;&#x6642;&#x9593;&#xFF0C;&#x5373;&#x96E2;&#x958B;&#x7684;&#x6642;&#x9593;&#x6E1B;&#x53BB;&#x9032;&#x5165;&#x4F47;&#x5217;&#x7684;&#x6642;&#x9593;&#x3002;&lt;/p&gt;&#xD;
&#xD;
&lt;p&gt;&#x5C07;&#x6BCF;&#x500B;&#x4EBA;&#x7684;&#x7B49;&#x5019;&#x6642;&#x9593;&#x76F8;&#x52A0;&#x5F8C;&#x518D;&#x9664;&#x4EE5;&#x96E2;&#x958B;&#x5BA2;&#x4EBA;&#x7684;&#x7E3D;&#x6578;&#xFF0C;&#x5373;&#x53EF;&#x5F97;&#x5230;&#x5E73;&#x5747;&#x7B49;&#x5019;&#x6642;&#x9593;&#x3002;&lt;/p&gt; </content>
  <attach></attach>
  <rcount></rcount>
  <rank></rank>
  <hit>7</hit>
  <lang>1</lang>
</data>
