<?xml version="1.0"?>
<data version="3.0" time="2024-07-19 08:50:43" type="post" filename="b000000001.xml">
  <open_time>0000-00-00</open_time>
  <close_time>0000-00-00</close_time>
  <lang_name>Big5</lang_name>
  <board_id>1001305436</board_id>
  <node>000000001</node>
  <site>1000110001</site>
  <pt>2023-11-18 22:46:06</pt>
  <poster>11127204</poster>
  <realname>&#x5433;&#x51A0;&#x6BC5;  </realname>
  <email>s11127204@cycu.edu.tw</email>
  <homepage>  </homepage>
  <subject>201. &#x8209;&#x4F8B;&#x8AAA;&#x660E;&#x55AE;&#x4E00;&#x4F47;&#x5217;&#x6A21;&#x64EC;&#x5982;&#x4F55;&#x8A08;&#x7B97;&#x5E73;&#x5747;&#x7B49;&#x5019;&#x6642;&#x9593;waiting time </subject>
  <content>&lt;p&gt;&#x4EE5;&#x4E0B;&#x5217;&#x5DF2;&#x5206;&#x985E;&#x540D;&#x55AE;&#x70BA;&#x4F8B;&#xFF0C;&#x5176;&#x4E2D;&#x4EE5;&#x62B5;&#x9054;&#x6642;&#x9593;&#x7684;&#x5148;&#x5F8C;&#x4F5C;&#x4F9D;&#x64DA;&#xFF0C;&#x518D;&#x4EE5;&#x7DE8;&#x865F;&#x505A;&#x5340;&#x5206;:&lt;br /&gt;&#xD;
Num&amp;nbsp;&amp;nbsp; &amp;nbsp;Arrival&amp;nbsp;&amp;nbsp; &amp;nbsp;duration&lt;br /&gt;&#xD;
1&amp;nbsp;&amp;nbsp; &amp;nbsp;20&amp;nbsp;&amp;nbsp; &amp;nbsp;5&lt;br /&gt;&#xD;
2&amp;nbsp;&amp;nbsp; &amp;nbsp;22&amp;nbsp;&amp;nbsp; &amp;nbsp;4&lt;br /&gt;&#xD;
3&amp;nbsp;&amp;nbsp; &amp;nbsp;23&amp;nbsp;&amp;nbsp; &amp;nbsp;2&lt;br /&gt;&#xD;
4&amp;nbsp;&amp;nbsp; &amp;nbsp;30&amp;nbsp;&amp;nbsp; &amp;nbsp;3&lt;br /&gt;&#xD;
&#x4EE5;1&#x865F;&#x4F5C;&#x958B;&#x59CB;&#xFF0C;&#x56E0;&#x4F47;&#x5217;&#x672A;&#x6709;&#x7B49;&#x5F85;&#x7684;&#x4EBA;&#xFF0C;&#x5176;departure&#x6703;&#x662F;&lt;br /&gt;&#xD;
Arrival + duration = 20 + 5 = 25 &#xFF0C;&#x4E26;waiting&#x70BA; 0&lt;br /&gt;&#xD;
&#x800C;&#x5728;25&#x4E4B;&#x524D;&#xFF0C;&#x6703;&#x9678;&#x7E8C;&#x6709;2&#x865F;&#x548C;3&#x865F;&#x62B5;&#x9054;&#x4E26;&#x7B49;&#x5F85;&#xFF0C;&#x76F4;&#x81F3;1&#x865F;&#x96E2;&#x958B;&#xFF0C;&#x5F97;2&#x865F;&#x7684;waiting&#x70BA; :&amp;nbsp;&lt;br /&gt;&#xD;
&amp;nbsp; &amp;nbsp; &amp;nbsp;1&#x865F;&#x7684;departure - 2&#x865F;&#x7684;Arrival = 25 - 20 = 5 &#x3002;&lt;br /&gt;&#xD;
&#x6545;&#x53EF;&#x7D71;&#x6574;&#x9664;1&#x865F;&#x7684;&#x6BCF;&#x4EBA;&#x5176;waiting&#x548C;departure&#x70BA; :&amp;nbsp;&lt;br /&gt;&#xD;
&amp;nbsp; &amp;nbsp; &amp;nbsp;&#x81EA;&#x5DF1;&#x7684;waiting = &#x524D;&#x4E00;&#x865F;&#x4EBA;&#x7684;departure - &#x81EA;&#x5DF1;&#x7684;Arrival&lt;br /&gt;&#xD;
&amp;nbsp; &amp;nbsp; &amp;nbsp;&#x81EA;&#x5DF1;&#x7684;departure = &#x81EA;&#x5DF1;&#x7684;waiting + duration&lt;br /&gt;&#xD;
&#x4EE5;&#x6B64;&#x5F97;&#x51FA;&#x6BCF;&#x500B;&#x4EBA;&#x7684;waiting&#x5206;&#x5225;&#x70BA; : 0, 3, 6, 1 &#xFF0C;&lt;br /&gt;&#xD;
&#x800C;AWT(&#x5E73;&#x5747;&#x7B49;&#x5F85;&#x6642;&#x9593;)&#x5247;&#x70BA; (0+3+6+1) / 4 = 2.5&lt;/p&gt; </content>
  <attach></attach>
  <rcount></rcount>
  <rank></rank>
  <hit>24</hit>
  <lang>1</lang>
</data>
