<?xml version="1.0"?>
<data version="3.0" time="2024-07-19 08:50:43" type="post" filename="b000000007.xml">
  <open_time>0000-00-00</open_time>
  <close_time>0000-00-00</close_time>
  <lang_name>Big5</lang_name>
  <board_id>1001305436</board_id>
  <node>000000007</node>
  <site>1000110001</site>
  <pt>2023-11-29 13:39:50</pt>
  <poster>11120411</poster>
  <realname>&#x9673;&#x701A;&#x5091;  </realname>
  <email>jackc0410@gmail.com</email>
  <homepage> </homepage>
  <subject>201. &#x8209;&#x4F8B;&#x8AAA;&#x660E;&#x55AE;&#x4E00;&#x4F47;&#x5217;&#x6A21;&#x64EC;&#x5982;&#x4F55;&#x8A08;&#x7B97;&#x5E73;&#x5747;&#x7B49;&#x5019;&#x6642;&#x9593;waiting time&#x3002; </subject>
  <content>&lt;p&gt;waiting time &#x5C31;&#x662F;&#x5F9E;&lt;strong&gt;&#x5230;&#x9054;(arrival)&#x7684;&#x6642;&#x9593;&#x5230;&#x88AB;&#x505A;&#x5B8C;&#x7684;&#x6642;&#x9593;(Abort or Departure)&lt;/strong&gt;&lt;/p&gt;&#xD;
&#xD;
&lt;p&gt;&#x56E0;&#x6B64;&#x5E73;&#x5747;&#x7B49;&#x5F85;&#x6642;&#x9593;&#x5C31;&#x662F;&#x628A;&lt;/p&gt;&#xD;
&#xD;
&lt;p&gt;&lt;strong&gt;Abort Jobs&lt;/strong&gt; &#x88E1;&#x9762;&lt;strong&gt;&#x6BCF;&#x4E00;&#x9805;&lt;/strong&gt;&#x7684;&amp;nbsp;&lt;strong&gt;Abort - arrival &lt;span style="color:#ff0000"&gt;&#x76F8;&#x52A0;&lt;/span&gt;&lt;/strong&gt;&amp;nbsp;&lt;span style="color:#ff0000"&gt;&lt;strong&gt;&#x9664;&#x4EE5;&lt;/strong&gt;&lt;/span&gt;&amp;nbsp;&lt;strong&gt;&#x88AB; abort&amp;nbsp;&lt;/strong&gt;&#x7684;&#x5DE5;&#x4F5C;&lt;/p&gt;&#xD;
&#xD;
&lt;p&gt;&#x518D;&#x628A;&amp;nbsp;&lt;/p&gt;&#xD;
&#xD;
&lt;p&gt;&lt;strong&gt;Jobs Done&lt;/strong&gt;&amp;nbsp;&#x88E1;&#x9762;&lt;strong&gt;&#x6BCF;&#x4E00;&#x9805;&lt;/strong&gt;&#x7684;&lt;strong&gt;&amp;nbsp;Departure - arrival&lt;/strong&gt;&amp;nbsp;&lt;span style="color:#ff0000"&gt;&lt;strong&gt;&#x76F8;&#x52A0; &#x9664;&#x4EE5;&lt;/strong&gt;&lt;/span&gt;&amp;nbsp;&lt;strong&gt;&#x5DF2;&#x5B8C;&#x6210;&amp;nbsp;&lt;/strong&gt;&#x7684;&#x5DE5;&#x4F5C;&lt;/p&gt;&#xD;
&#xD;
&lt;p&gt;&#x6700;&#x5F8C;&#x5169;&#x500B;&lt;span style="color:#ff0000"&gt;&lt;strong&gt;&#x52A0;&#x8D77;&#x4F86;&#x9664;&#x4EE5;&#x4E8C;&lt;/strong&gt;&lt;/span&gt;&#x5C31;&#x662F;&lt;strong&gt;&#x5E73;&#x5747;&#x7B49;&#x5F85;&#x6642;&#x9593;&#x4E86;&lt;/strong&gt;&lt;/p&gt;</content>
  <attach></attach>
  <rcount></rcount>
  <rank></rank>
  <hit>10</hit>
  <lang>1</lang>
</data>
