<?xml version="1.0"?>
<data version="3.0" time="2024-07-19 08:50:43" type="post" filename="b000000002.xml">
  <open_time>0000-00-00</open_time>
  <close_time>0000-00-00</close_time>
  <lang_name>Big5</lang_name>
  <board_id>1001305436</board_id>
  <node>000000002</node>
  <site>1000110001</site>
  <pt>2023-11-21 10:01:48</pt>
  <poster>11127229</poster>
  <realname>&#x5ED6;&#x7FCA;&#x5D34;  </realname>
  <email>willy.liao921118@gmail.com</email>
  <homepage> </homepage>
  <subject>205. &#x63D0;&#x51FA;&#x4E8C;&#x7A2E;&#x9078;&#x64C7;&#x4F47;&#x5217;&#x7684;&#x7B56;&#x7565;&#xFF0C;&#x4E26;&#x8209;&#x4F8B;&#x6BD4;&#x8F03;&#x4E8C;&#x8005;&#x3002; </subject>
  <content>&lt;p&gt;1. &#x5148;&#x9032;&#x5148;&#x51FA;&#x7B56;&#x7565;&lt;/p&gt;&#xD;
&#xD;
&lt;p&gt;&#x63CF;&#x8FF0;&#xFF1A;&#x6839;&#x64DA;&#x9019;&#x500B;&#x7B56;&#x7565;&#xFF0C;&#x6700;&#x5148;&#x9032;&#x5165;&#x4F47;&#x5217;&#x7684;&#x5143;&#x7D20;&#x6703;&#x6700;&#x5148;&#x88AB;&#x8655;&#x7406;&#x3002;&lt;/p&gt;&#xD;
&#xD;
&lt;p&gt;&#x5BE6;&#x73FE;&#xFF1A;&#x4F7F;&#x7528;&#x4E00;&#x500B;&#x55AE;&#x4E00;&#x4F47;&#x5217;&#xFF0C;&#x65B0;&#x5143;&#x7D20;&#x52A0;&#x5165;&#x4F47;&#x5217;&#x7684;&#x5C3E;&#x7AEF;&#xFF0C;&#x800C;&#x5143;&#x7D20;&#x7684;&#x8655;&#x7406;&#x5247;&#x662F;&#x5F9E;&#x4F47;&#x5217;&#x7684;&#x524D;&#x7AEF;&#x9032;&#x884C;&#x3002;&lt;/p&gt;&#xD;
&#xD;
&lt;p&gt;&#x8209;&#x4F8B;&#xFF1A;&#x5728;&#x4E00;&#x500B;&#x6392;&#x968A;&#x7B49;&#x5019;&#x7684;&#x7CFB;&#x7D71;&#x4E2D;&#xFF0C;&#x4EBA;&#x5011;&#x6309;&#x7167;&#x5230;&#x9054;&#x7684;&#x5148;&#x5F8C;&#x9806;&#x5E8F;&#x4F86;&#x63A5;&#x53D7;&#x670D;&#x52D9;&#xFF0C;&#x7B2C;&#x4E00;&#x500B;&#x5230;&#x9054;&#x7684;&#x4EBA;&#x6703;&#x6700;&#x5148;&#x7372;&#x5F97;&#x670D;&#x52D9;&#xFF0C;&#x7136;&#x5F8C;&#x662F;&#x63A5;&#x4E0B;&#x4F86;&#x7684;&#x4EBA;&#xFF0C;&#x4EE5;&#x6B64;&#x985E;&#x63A8;&#x3002;&lt;/p&gt;&#xD;
&#xD;
&lt;p&gt;&#x512A;&#x9EDE;&#xFF1A;&#x516C;&#x5E73;&#xFF0C;&#x5148;&#x9032;&#x5165;&#x4F47;&#x5217;&#x7684;&#x5143;&#x7D20;&#x5148;&#x88AB;&#x8655;&#x7406;&#xFF0C;&#x9069;&#x7528;&#x65BC;&#x5927;&#x591A;&#x6578;&#x60C5;&#x5883;&#x3002;&lt;/p&gt;&#xD;
&#xD;
&lt;p&gt;&#x7F3A;&#x9EDE;&#xFF1A;&#x53EF;&#x80FD;&#x7121;&#x6CD5;&#x8655;&#x7406;&#x4E00;&#x4E9B;&#x7DCA;&#x6025;&#x7684;&#x6216;&#x6709;&#x9AD8;&#x512A;&#x5148;&#x7D1A;&#x7684;&#x4EFB;&#x52D9;&#x3002;&lt;/p&gt;&#xD;
&#xD;
&lt;p&gt;2. &#x512A;&#x5148;&#x7D1A;&#x4F47;&#x5217;&#x7B56;&#x7565;&lt;/p&gt;&#xD;
&#xD;
&lt;p&gt;&#x63CF;&#x8FF0;&#xFF1A;&#x6839;&#x64DA;&#x9019;&#x500B;&#x7B56;&#x7565;&#xFF0C;&#x6BCF;&#x500B;&#x5143;&#x7D20;&#x90FD;&#x6709;&#x4E00;&#x500B;&#x512A;&#x5148;&#x7D1A;&#xFF0C;&#x9AD8;&#x512A;&#x5148;&#x7D1A;&#x7684;&#x5143;&#x7D20;&#x6703;&#x88AB;&#x512A;&#x5148;&#x8655;&#x7406;&#x3002;&lt;/p&gt;&#xD;
&#xD;
&lt;p&gt;&#x5BE6;&#x73FE;&#xFF1A;&#x4F7F;&#x7528;&#x4E00;&#x500B;&#x5177;&#x6709;&#x512A;&#x5148;&#x7D1A;&#x5224;&#x65B7;&#x7684;&#x4F47;&#x5217;&#x7D50;&#x69CB;&#xFF0C;&#x5143;&#x7D20;&#x52A0;&#x5165;&#x4F47;&#x5217;&#x6642;&#x4F9D;&#x64DA;&#x512A;&#x5148;&#x7D1A;&#x9032;&#x884C;&#x63D2;&#x5165;&#xFF0C;&#x8655;&#x7406;&#x6642;&#x5247;&#x9078;&#x64C7;&#x512A;&#x5148;&#x7D1A;&#x6700;&#x9AD8;&#x7684;&#x5143;&#x7D20;&#x9032;&#x884C;&#x3002;&lt;/p&gt;&#xD;
&#xD;
&lt;p&gt;&#x8209;&#x4F8B;&#xFF1A;&#x5728;&#x4F5C;&#x696D;&#x7CFB;&#x7D71;&#x4E2D;&#xFF0C;&#x9032;&#x7A0B;&#x53EF;&#x80FD;&#x5177;&#x6709;&#x4E0D;&#x540C;&#x7684;&#x512A;&#x5148;&#x7D1A;&#xFF0C;&#x9AD8;&#x512A;&#x5148;&#x7D1A;&#x7684;&#x9032;&#x7A0B;&#x512A;&#x5148;&#x7372;&#x5F97;&#x8655;&#x7406;&#x5668;&#x6642;&#x9593;&#xFF0C;&#x5728;&#x7DCA;&#x6025;&#x60C5;&#x6CC1;&#x4E0B;&#xFF0C;&#x9AD8;&#x512A;&#x5148;&#x7D1A;&#x7684;&#x4EFB;&#x52D9;&#x53EF;&#x80FD;&#x6703;&#x88AB;&#x63D0;&#x524D;&#x8655;&#x7406;&#x3002;&lt;/p&gt;&#xD;
&#xD;
&lt;p&gt;&#x512A;&#x9EDE;&#xFF1A;&#x80FD;&#x5920;&#x8655;&#x7406;&#x7DCA;&#x6025;&#x6216;&#x6709;&#x9AD8;&#x512A;&#x5148;&#x7D1A;&#x7684;&#x4EFB;&#x52D9;&#xFF0C;&#x78BA;&#x4FDD;&#x91CD;&#x8981;&#x4EFB;&#x52D9;&#x512A;&#x5148;&#x8655;&#x7406;&#x3002;&lt;/p&gt;&#xD;
&#xD;
&lt;p&gt;&#x7F3A;&#x9EDE;&#xFF1A;&#x53EF;&#x80FD;&#x5C0E;&#x81F4;&#x4F4E;&#x512A;&#x5148;&#x7D1A;&#x7684;&#x4EFB;&#x52D9;&#x9577;&#x6642;&#x9593;&#x7B49;&#x5F85;&#xFF0C;&#x4E0D;&#x5920;&#x516C;&#x5E73;&#x3002;&lt;/p&gt;</content>
  <attach></attach>
  <rcount></rcount>
  <rank></rank>
  <hit>19</hit>
  <lang>1</lang>
</data>
