<?xml version="1.0"?>
<data version="3.0" time="2024-07-19 08:50:43" type="post" filename="b000000005.xml">
  <open_time>0000-00-00</open_time>
  <close_time>0000-00-00</close_time>
  <lang_name>Big5</lang_name>
  <board_id>1001305436</board_id>
  <node>000000005</node>
  <site>1000110001</site>
  <pt>2023-11-27 12:10:31</pt>
  <poster>11127239</poster>
  <realname>&#x9673;&#x6620;&#x9293;  </realname>
  <email>edan0727@gmail.com</email>
  <homepage>  </homepage>
  <subject>204. &#x8209;&#x4F8B;&#x8AAA;&#x660E;&#x591A;&#x91CD;&#x4F47;&#x5217;&#x5982;&#x4F55;&#x6A21;&#x64EC;&#xFF0C;&#x9808;&#x6307;&#x51FA;&#x9078;&#x64C7;&#x4F47;&#x5217;&#x7684;&#x7B56;&#x7565;&#x3002; </subject>
  <content>&lt;p&gt;&#x56E0;&#x70BA;&#x662F;&#x4F7F;&#x7528;&#x591A;&#x500B;&#x4F47;&#x5217;&#xFF0C;&#x6240;&#x4EE5;&#x4E0D;&#x77E5;&#x9053;&#x6703;&#x6709;&#x591A;&#x5C11;&#x500B;&#x4F47;&#x5217;&#xFF0C;&lt;/p&gt;&#xD;
&#xD;
&lt;p&gt;&#x56E0;&#x6B64;&#x53EF;&#x4EE5;&#x4F7F;&#x7528;&lt;span style="color:#0000ff"&gt;vector&#x88E1;&#x9762;&#x653E;&#x7684;&#x5C31;&#x662F;Queue calss&#x7684;&#x578B;&#x614B;&lt;/span&gt;&#xFF0C;&lt;/p&gt;&#xD;
&#xD;
&lt;p&gt;&#x9019;&#x6A23;&#x5C31;&#x53EF;&#x4EE5;&#x5BE6;&#x73FE;n&#x500B;&#x4F47;&#x5217;&#x3002;&lt;/p&gt;&#xD;
&#xD;
&lt;p&gt;&#x63A5;&#x4E0B;&#x4F86;&#x662F;&#x6392;&#x968A;&#x9806;&#x5E8F;&#x7684;&#x90E8;&#x5206;&#xFF0C;&#x6211;&#x7684;&#x60F3;&#x6CD5;&#x662F;&#x53EF;&#x4EE5;&#x4F9D;&#x7167;&lt;span style="color:#0000ff"&gt;&#x7B2C;&#x4E00;&#x500B;&#x4F47;&#x5217;&#x5230;&#x7B2C;n&#x500B;&#x4F47;&#x5217;&lt;/span&gt;&#x7684;&#x65B9;&#x5F0F;&#xFF0C;&lt;/p&gt;&#xD;
&#xD;
&lt;p&gt;&#x770B;&#x88E1;&#x9762;&#x7684;size&#xFF0C;&lt;span style="color:#0000ff"&gt;&#x6392;&#x5230;&#x4EBA;&#x6578;&#x6700;&#x5C11;&#x7684;&#x90A3;&#x4E00;&#x6392;&lt;/span&gt;&#x3002;&lt;/p&gt;&#xD;
&#xD;
&lt;p&gt;&#x82E5;size&#x90FD;&#x4E00;&#x6A23;&#xFF0C;&#x5C31;&#x5F9E;&lt;span style="color:#0000ff"&gt;&#x7B2C;&#x4E00;&#x500B;&#x7E7C;&#x7E8C;&#x6392;&#x4E0B;&#x53BB;&lt;/span&gt;&#xFF0C;&#x76F4;&#x5230;&#x6BCF;&#x4E00;&#x6392;&#x90FD;&#x6392;&#x6EFF;&#x70BA;&#x6B62;&#x3002;&lt;/p&gt; </content>
  <attach></attach>
  <rcount></rcount>
  <rank></rank>
  <hit>33</hit>
  <lang>1</lang>
</data>
