<?xml version="1.0"?>
<data version="3.0" time="2024-07-19 08:50:43" type="post" filename="b000000003.xml">
  <open_time>0000-00-00</open_time>
  <close_time>0000-00-00</close_time>
  <lang_name>Big5</lang_name>
  <board_id>1001305436</board_id>
  <node>000000003</node>
  <site>1000110001</site>
  <pt>2023-11-24 17:00:24</pt>
  <poster>11020126</poster>
  <realname>&#x912D;&#x7950;&#x6600;  </realname>
  <email>carry0987@gmail.com</email>
  <homepage>  </homepage>
  <subject>202. &#x8209;&#x4F8B;&#x8AAA;&#x660E;&#x55AE;&#x4E00;&#x4F47;&#x5217;&#x6A21;&#x64EC;&#x5982;&#x4F55;&#x8A08;&#x7B97;&#x5E73;&#x5747;&#x4F47;&#x5217;&#x9577;&#x5EA6;queue length&#x3002; </subject>
  <content>&lt;p&gt;&#x60F3;&#x50CF;&#x4F60;&#x5728;&#x4E00;&#x5BB6;&#x5E97;&#x88E1;&#x9762;&#x89C0;&#x5BDF;&#x6392;&#x968A;&#x7684;&#x4EBA;&#x7FA4;&#x3002;&#x4F60;&#x8981;&#x505A;&#x7684;&#x5C31;&#x662F;&#x4E00;&#x76F4;&#x770B;&#x8457;&#x968A;&#x4F0D;&#xFF0C;&#x4E26;&#x7D00;&#x9304;&#x6709;&#x591A;&#x5C11;&#x4EBA;&#x5728;&#x968A;&#x4F0D;&#x4E2D;&#xFF0C;&#x4EE5;&#x53CA;&#x6BCF;&#x6B21;&#x968A;&#x4F0D;&#x8B8A;&#x9577;&#x6216;&#x8B8A;&#x77ED;&#x7684;&#x6642;&#x9593;&#x3002;&lt;/p&gt;&#xD;
&#xD;
&lt;p&gt;&#x9019;&#x88E1;&#x6709;&#x5E7E;&#x4EF6;&#x8981;&#x505A;&#x7684;&#x4E8B;&#x60C5;&#xFF1A;&lt;/p&gt;&#xD;
&#xD;
&lt;p&gt;1. &#x958B;&#x59CB;&#x6642;&#x628A;&#x6642;&#x9593;&#x548C;&#x968A;&#x4F0D;&#x9577;&#x5EA6;&#x8A2D;&#x70BA;0&#xFF1A;&#x4F60;&#x9700;&#x8981;&#x4E00;&#x500B;&#x8868;&#x4F86;&#x8A18;&#x9304;&#x7E3D;&#x5171;&#x7D93;&#x904E;&#x4E86;&#x591A;&#x5C11;&#x6642;&#x9593;&#x548C;&#x968A;&#x4F0D;&#x9577;&#x5EA6;&#x4E4B;&#x548C;&#x3002;&lt;/p&gt;&#xD;
&#xD;
&lt;p&gt;2. &#x6BCF;&#x6B21;&#x6709;&#x4EBA;&#x9032;&#x5165;&#x6216;&#x96E2;&#x958B;&#x968A;&#x4F0D;&#x6642;&#x505A;&#x4E00;&#x4E9B;&#x8A18;&#x9304;&#xFF1A;&#x5BEB;&#x4E0B;&#x5F9E;&#x6700;&#x5F8C;&#x4E00;&#x6B21;&#x8B8A;&#x5316;&#x5230;&#x73FE;&#x5728;&#x6709;&#x591A;&#x5C11;&#x6642;&#x9593;&#x904E;&#x53BB;&#x4E86;&#xFF0C;&#x7136;&#x5F8C;&#x7528;&#x9019;&#x6BB5;&#x6642;&#x9593;&#x4E58;&#x4EE5;&#x7576;&#x524D;&#x7684;&#x968A;&#x4F0D;&#x9577;&#x5EA6;&#x3002;&#x9019;&#x6A23;&#x5C31;&#x66F4;&#x65B0;&#x4E86;&#x968A;&#x4F0D;&#x9577;&#x5EA6;&#x4E4B;&#x548C;&#x3002;&lt;/p&gt;&#xD;
&#xD;
&lt;p&gt;3. &#x7B49;&#x5F85;&#x4E00;&#x6BB5;&#x6642;&#x9593;&#x5F8C;&#xFF0C;&#x8A08;&#x7B97;&#x5E73;&#x5747;&#x968A;&#x4F0D;&#x9577;&#x5EA6;&#xFF1A;&#x7576;&#x59B3;&#x6C7A;&#x5B9A;&#x7D50;&#x675F;&#x89C0;&#x5BDF;&#x6642;&#xFF0C;&#x7528;&#x4F60;&#x8A18;&#x9304;&#x7684;&#x968A;&#x4F0D;&#x9577;&#x5EA6;&#x4E4B;&#x548C;&#x9664;&#x4EE5;&#x7E3D;&#x5171;&#x7D93;&#x904E;&#x7684;&#x6642;&#x9593;&#x3002;&#x9019;&#x6A23;&#x5F97;&#x5230;&#x7684;&#x6578;&#x5B57;&#x5C31;&#x662F;&#x5E73;&#x5747;&#x968A;&#x4F0D;&#x9577;&#x5EA6;&#x3002;&lt;/p&gt;&#xD;
&#xD;
&lt;p&gt;&#x7528;&#x7A0B;&#x5F0F;&#x6A21;&#x64EC;&#x7684;&#x908F;&#x8F2F;&#xFF1A;&lt;/p&gt;&#xD;
&#xD;
&lt;p&gt;- &#x5148;&#x628A;&#x6240;&#x6709;&#x9700;&#x8981;&#x7684;&#x8A08;&#x6578;&#x5668;&#x8A2D;&#x7232;0&#x3002;&lt;br /&gt;&#xD;
- &#x6BCF;&#x7576;&#x6709;&#x65B0;&#x9867;&#x5BA2;&#x9032;&#x4F86;&#x6392;&#x968A;&#xFF0C;&#x6216;&#x8005;&#x6709;&#x9867;&#x5BA2;&#x96E2;&#x958B;&#x968A;&#x4F0D;&#xFF0C;&#x5C31;&#x66F4;&#x65B0;&#x8A08;&#x6578;&#x5668;&#x3002;&lt;br /&gt;&#xD;
- &#x6700;&#x5F8C;&#xFF0C;&#x7528;&#x4F60;&#x8A18;&#x9304;&#x7684;&#x6240;&#x6709;&#x968A;&#x4F0D;&#x9577;&#x5EA6;&#x52A0;&#x8D77;&#x4F86;&#x7684;&#x7E3D;&#x548C;&#xFF0C;&#x9664;&#x4EE5;&#x5168;&#x90E8;&#x89C0;&#x5BDF;&#x7684;&#x6642;&#x9593;&#xFF0C;&#x5C31;&#x53EF;&#x4EE5;&#x5F97;&#x5230;&#x5E73;&#x5747;&#x968A;&#x4F0D;&#x9577;&#x5EA6;&#x4E86;&#x3002;&lt;/p&gt;&#xD;
&#xD;
&lt;p&gt;&#x901A;&#x904E;&#x9019;&#x7A2E;&#x65B9;&#x5F0F;&#xFF0C;&#x6211;&#x5011;&#x53EF;&#x4EE5;&#x5728;&#x4EFB;&#x4F55;&#x6642;&#x9593;&#x9EDE;&#xFF0C;&#x53EA;&#x8981;&#x968A;&#x4F0D;&#x767C;&#x751F;&#x8B8A;&#x5316;&#xFF0C;&#x5C31;&#x8A18;&#x9304;&#x4E0B;&#x4F86;&#xFF0C;&#x9019;&#x6A23;&#x53EF;&#x4EE5;&#x6E96;&#x78BA;&#x8A08;&#x7B97;&#x5728;&#x6574;&#x500B;&#x89C0;&#x5BDF;&#x904E;&#x7A0B;&#x4E2D;&#x968A;&#x4F0D;&#x7684;&#x5E73;&#x5747;&#x9577;&#x5EA6;&#x3002;&lt;/p&gt; </content>
  <attach></attach>
  <rcount></rcount>
  <rank></rank>
  <hit>16</hit>
  <lang>1</lang>
</data>
