<?xml version="1.0"?>
<data version="3.0" time="2024-07-19 09:05:19" type="post" filename="b000000013000000002.xml">
  <open_time>0000-00-00</open_time>
  <close_time>0000-00-00</close_time>
  <lang_name>Big5</lang_name>
  <board_id>1001162651</board_id>
  <node>000000013000000002</node>
  <site>1000110001</site>
  <pt>2022-10-31 17:44:57</pt>
  <poster>11027109</poster>
  <realname>&#x5433;&#x6600;&#x851A;  </realname>
  <email>wing222430@gmail.com</email>
  <homepage>  </homepage>
  <subject>Re: 128. &#x5F8C;&#x5E8F;&#x5F0F;2 4 6 * + 7 5 - *&#x8981;&#x5982;&#x4F55;&#x900F;&#x904E;&#x5806;&#x758A;&#x6C42;&#x89E3;&#xFF1F;&#x8981;&#x5217;&#x51FA;&#x904E;&#x7A0B;&#x3002;  </subject>
  <content>&lt;p&gt;&#x904B;&#x7B97;&#x6642;&#x9023;&#x4F4D;&#x7F6E;&#x90FD;&#x6A19;&#x4E0A;&#x4E86;&#xFF0C;&#x80FD;&#x5920;&#x63D0;&#x9192;&#x770B;&#x7684;&#x4EBA;&#x7279;&#x5225;&#x7559;&#x610F;&#x6E1B;&#x6CD5;&#x548C;&#x9664;&#x6CD5;&#x7684;&#x7D50;&#x679C;&#xFF0C;&#x975E;&#x5E38;&#x4ED4;&#x7D30;!&lt;/p&gt; </content>
  <attach></attach>
  <rcount></rcount>
  <rank></rank>
  <hit>1</hit>
  <lang>1</lang>
</data>
