<?xml version="1.0"?>
<data version="3.0" time="2024-07-19 09:05:19" type="post" filename="b000000016.xml">
  <open_time>0000-00-00</open_time>
  <close_time>0000-00-00</close_time>
  <lang_name>Big5</lang_name>
  <board_id>1001162651</board_id>
  <node>000000016</node>
  <site>1000110001</site>
  <pt>2022-11-01 13:17:19</pt>
  <poster>11027131</poster>
  <realname>&#x674E;&#x8679;&#x6600;  </realname>
  <email>lhy1x37@gmail.com</email>
  <homepage>  </homepage>
  <subject>126. + * 2 4 6 * - 7 5&#x662F;&#x524D;&#x5E8F;&#x5F0F;&#x55CE;&#xFF1F;&#x70BA;&#x4EC0;&#x9EBC;&#xFF1F; </subject>
  <content>&lt;p&gt;&lt;span style="font-family:&#x65B0;&#x7D30;&#x660E;&#x9AD4;,serif"&gt;&#x5224;&#x65B7;&#x662F;&#x5426;&#x70BA;&#x524D;&#x5E8F;&#x5F0F;&#xFF0C;&#x53EF;&#x4EE5;&#x5148;&#x5C07;&#x3008;&#x904B;&#x7B97;&#x5B50;&#x3009;&lt;/span&gt;*1&lt;span style="font-family:&#x65B0;&#x7D30;&#x660E;&#x9AD4;,serif"&gt;&#x3008;&#x904B;&#x7B97;&#x5143;&#x3009;&lt;/span&gt;*2&lt;span style="font-family:&#x65B0;&#x7D30;&#x660E;&#x9AD4;,serif"&gt;&#x62EC;&#x865F;&#x8D77;&#x4F86;&#xFF0C;&#x7136;&#x5F8C;&#x62EC;&#x865F;&#x5167;&#x7684;&#x6771;&#x897F;&#x5C31;&#x53EF;&#x4EE5;&#x8996;&#x70BA;&#x4E00;&#x500B;&#x904B;&#x7B97;&#x5143;&#x3002;&#x5982;&#x679C;&#x70BA;&#x524D;&#x5E8F;&#x5F0F;&#xFF0C;&#x6700;&#x5F8C;&#x53EA;&#x80FD;&#x5269;&#x4E0B;&#x3008;&#x904B;&#x7B97;&#x5143;&#x3009;&lt;/span&gt;*1&lt;span style="font-family:&#x65B0;&#x7D30;&#x660E;&#x9AD4;,serif"&gt;&#x3002;&lt;/span&gt;&lt;/p&gt;&#xD;
&#xD;
&lt;p&gt;+*246*-75&lt;span style="font-family:&#x65B0;&#x7D30;&#x660E;&#x9AD4;,serif"&gt;&#x3008;&#x904B;&#x7B97;&#x5B50;&#x3009;&lt;/span&gt;*2&lt;span style="font-family:&#x65B0;&#x7D30;&#x660E;&#x9AD4;,serif"&gt;&#x3008;&#x904B;&#x7B97;&#x5143;&#x3009;&lt;/span&gt;*3&lt;span style="font-family:&#x65B0;&#x7D30;&#x660E;&#x9AD4;,serif"&gt;&#x3008;&#x904B;&#x7B97;&#x5B50;&#x3009;&lt;/span&gt;*2&lt;span style="font-family:&#x65B0;&#x7D30;&#x660E;&#x9AD4;,serif"&gt;&#x3008;&#x904B;&#x7B97;&#x5143;&#x3009;&lt;/span&gt;*2&lt;/p&gt;&#xD;
&#xD;
&lt;p&gt;+(*24)6*(-75) &lt;span style="font-family:&#x65B0;&#x7D30;&#x660E;&#x9AD4;,serif"&gt;&#x3008;&#x904B;&#x7B97;&#x5B50;&#x3009;&lt;/span&gt;*1&lt;span style="font-family:&#x65B0;&#x7D30;&#x660E;&#x9AD4;,serif"&gt;&#x3008;&#x904B;&#x7B97;&#x5143;&#x3009;&lt;/span&gt;*2&lt;span style="font-family:&#x65B0;&#x7D30;&#x660E;&#x9AD4;,serif"&gt;&#x3008;&#x904B;&#x7B97;&#x5B50;&#x3009;&lt;/span&gt;*1&lt;span style="font-family:&#x65B0;&#x7D30;&#x660E;&#x9AD4;,serif"&gt;&#x3008;&#x904B;&#x7B97;&#x5143;&#x3009;&lt;/span&gt;*1&lt;/p&gt;&#xD;
&#xD;
&lt;p&gt;[+(*24)6]*(-75) &lt;span style="font-family:&#x65B0;&#x7D30;&#x660E;&#x9AD4;,serif"&gt;&#x3008;&#x904B;&#x7B97;&#x5143;&#x3009;&lt;/span&gt;*1&lt;span style="font-family:&#x65B0;&#x7D30;&#x660E;&#x9AD4;,serif"&gt;&#x3008;&#x904B;&#x7B97;&#x5B50;&#x3009;&lt;/span&gt;*1&lt;span style="font-family:&#x65B0;&#x7D30;&#x660E;&#x9AD4;,serif"&gt;&#x3008;&#x904B;&#x7B97;&#x5143;&#x3009;&lt;/span&gt;*1&lt;/p&gt;&#xD;
&#xD;
&lt;p&gt;&lt;span style="font-family:&#x65B0;&#x7D30;&#x660E;&#x9AD4;,serif"&gt;&#x56E0;&#x70BA;&#x6700;&#x5F8C;&#x6C92;&#x8FA6;&#x6CD5;&#x8868;&#x793A;&#x6210;&#x3008;&#x904B;&#x7B97;&#x5143;&#x3009;&lt;/span&gt;*1&lt;span style="font-family:&#x65B0;&#x7D30;&#x660E;&#x9AD4;,serif"&gt;&#xFF0C;&#x6240;&#x4EE5;&#x4E0D;&#x662F;&#x524D;&#x5E8F;&#x5F0F;&#x3002;&lt;/span&gt;&lt;/p&gt; </content>
  <attach></attach>
  <rcount></rcount>
  <rank></rank>
  <hit>18</hit>
  <lang>1</lang>
</data>
