<?xml version="1.0"?>
<data version="3.0" time="2024-07-19 09:05:19" type="post" filename="b000000012.xml">
  <open_time>0000-00-00</open_time>
  <close_time>0000-00-00</close_time>
  <lang_name>Big5</lang_name>
  <board_id>1001162651</board_id>
  <node>000000012</node>
  <site>1000110001</site>
  <pt>2022-10-30 21:04:44</pt>
  <poster>11027144</poster>
  <realname>&#x9673;&#x4F73;&#x97F3;  </realname>
  <email>crechessiissii@gmail.com</email>
  <homepage> </homepage>
  <subject>128. &#x5F8C;&#x5E8F;&#x5F0F;2 4 6 * + 7 5 - *&#x8981;&#x5982;&#x4F55;&#x900F;&#x904E;&#x5806;&#x758A;&#x6C42;&#x89E3;&#xFF1F;&#x8981;&#x5217;&#x51FA;&#x904E;&#x7A0B;&#x3002; </subject>
  <content>&lt;p&gt;&#x904B;&#x7B97;&#x7684;&#x6642;&#x5019;&#x8981;&#x5F9E;&#x5F8C;&#x5E8F;&#x5F0F;&#x7684;&#x524D;&#x65B9;&#x958B;&#x59CB;&#x8B80;&#xFF0C;&#x5982;&#x679C;&#x8B80;&#x5230;&#x7684;&#x662F;&#x904B;&#x7B97;&#x5143;&#x5C31;&#x5B58;&#x5165;&#x5806;&#x758A;&#xFF0C;&#x5982;&#x679C;&#x9047;&#x5230;&#x7684;&#x662F;&#x904B;&#x7B97;&#x5B50;&#x5C31;&#x5F9E;&#x5806;&#x758A;&#x53D6;&#x5169;&#x500B;&#x904B;&#x7B97;&#x5143;&#x9032;&#x884C;&#x904B;&#x7B97;&#xFF0C;&#x7136;&#x5F8C;&#x518D;&#x628A;&#x904B;&#x7B97;&#x7684;&#x7D50;&#x679C;&#x5B58;&#x56DE;&#x53BB;&#x5806;&#x758A;&#xFF0C;&#x9019;&#x6A23;&#x628A;&#x6574;&#x500B;&#x904B;&#x7B97;&#x5F0F;&#x8B80;&#x5B8C;&#x5F8C;&#xFF0C;&#x5806;&#x758A;&#x9802;&#x7AEF;&#x7684;&#x90A3;&#x500B;&#x503C;&#x5C31;&#x662F;&#x6211;&#x5011;&#x8981;&#x7684;&#x7B54;&#x6848;&#x3002;&lt;/p&gt;&#xD;
&#xD;
&lt;p&gt;&#x4EE5;&#x4E0B;&#x70BA;&#x8A08;&#x7B97;&#x5F8C;&#x5E8F;&#x5F0F;2 4 6 * + 7 5 - *&#x904E;&#x7A0B;&lt;/p&gt;&#xD;
&#xD;
&lt;p&gt;&#x8B80;&#x5230; 2&#xFF0C;&#x5B58;&#x5165;&#x5806;&#x758A;&#xFF0C;&#x76EE;&#x524D;&#x5806;&#x758A; 2&lt;/p&gt;&#xD;
&#xD;
&lt;p&gt;&#x8B80;&#x5230; 4&#xFF0C;&#x5B58;&#x5165;&#x5806;&#x758A;&#xFF0C;&#x76EE;&#x524D;&#x5806;&#x758A; 2, 4&lt;/p&gt;&#xD;
&#xD;
&lt;p&gt;&#x8B80;&#x5230; 6&#xFF0C;&#x5B58;&#x5165;&#x5806;&#x758A;&#xFF0C;&#x76EE;&#x524D;&#x5806;&#x758A; 2, 4, 6&lt;/p&gt;&#xD;
&#xD;
&lt;p&gt;&#x8B80;&#x5230;&#xFF0A;&#xFF0C;&#x53D6; 4, 6 &#x904B;&#x7B97;&#xFF0C;4&#xFF0A;6&#xFF1D;24&#xFF0C;&#x5C07;&#x7D50;&#x679C;&#x5B58;&#x56DE;&#x5806;&#x758A;&#xFF0C;&#x76EE;&#x524D;&#x5806;&#x758A; 2, 24&lt;/p&gt;&#xD;
&#xD;
&lt;p&gt;&#x8B80;&#x5230;&#xFF0B;&#xFF0C;&#x53D6; 2, 24 &#x904B;&#x7B97;&#xFF0C;2+24=26&#xFF0C;&#x5C07;&#x7D50;&#x679C;&#x5B58;&#x56DE;&#x5806;&#x758A;&#xFF0C;&#x76EE;&#x524D;&#x5806;&#x758A; 26&lt;/p&gt;&#xD;
&#xD;
&lt;p&gt;&#x8B80;&#x5230; 7&#xFF0C;&#x5B58;&#x5165;&#x5806;&#x758A;&#xFF0C;&#x76EE;&#x524D;&#x5806;&#x758A; 26, 7&lt;/p&gt;&#xD;
&#xD;
&lt;p&gt;&#x8B80;&#x5230; 5&#xFF0C;&#x5B58;&#x5165;&#x5806;&#x758A;&#xFF0C;&#x76EE;&#x524D;&#x5806;&#x758A; 26, 7, 5&lt;/p&gt;&#xD;
&#xD;
&lt;p&gt;&#x8B80;&#x5230;&#xFF0D;&#xFF0C;&#x53D6; 7, 5 &#x904B;&#x7B97;&#xFF0C;7&#xFF0D;5&#xFF1D;2&#xFF0C;&#x5C07;&#x7D50;&#x679C;&#x5B58;&#x56DE;&#x5806;&#x758A;&#xFF0C;&#x76EE;&#x524D;&#x5806;&#x758A; 26, 2&lt;/p&gt;&#xD;
&#xD;
&lt;p&gt;&#x8B80;&#x5230;&#xFF0A;&#xFF0C;&#x53D6; 26, 2 &#x904B;&#x7B97;&#xFF0C;26&#xFF0A;2&#xFF1D;52&#xFF0C;&#x5C07;&#x7D50;&#x679C;&#x5B58;&#x56DE;&#x5806;&#x758A;&#xFF0C;&#x76EE;&#x524D;&#x5806;&#x758A; 52&lt;/p&gt;&#xD;
&#xD;
&lt;p&gt;&#x904B;&#x7B97;&#x5F0F;&#x8B80;&#x53D6;&#x7D50;&#x675F;&#xFF0C;&#x5806;&#x758A;&#x9802;&#x7AEF;&#x70BA;52&#xFF0C;&#x5F8C;&#x5E8F;&#x5F0F;2 4 6 * + 7 5 - *&#x904B;&#x7B97;&#x7D50;&#x679C;&#x70BA;52&lt;/p&gt;</content>
  <attach></attach>
  <rcount></rcount>
  <rank></rank>
  <hit>19</hit>
  <lang>1</lang>
</data>
