<?xml version="1.0"?>
<data version="3.0" time="2024-07-19 09:05:19" type="post" filename="b000000010000000001.xml">
  <open_time>0000-00-00</open_time>
  <close_time>0000-00-00</close_time>
  <lang_name>Big5</lang_name>
  <board_id>1001162651</board_id>
  <node>000000010000000001</node>
  <site>1000110001</site>
  <pt>2022-10-30 14:12:07</pt>
  <poster>11813</poster>
  <realname>&#x5433;&#x5B9C;&#x9D3B;  </realname>
  <email>yhwu@cycu.edu.tw</email>
  <homepage>https://www.researchgate.net/profile/Yi-Hung-Wu-2  </homepage>
  <subject>Re: 126. + * 2 4 6 * - 7 5&#x662F;&#x524D;&#x5E8F;&#x5F0F;&#x55CE;&#xFF1F;&#x70BA;&#x4EC0;&#x9EBC;&#xFF1F;  </subject>
  <content>&lt;p&gt;&#x904B;&#x7B97;&#x5B50;operator&#xFF1A;+ - * /&lt;/p&gt;&#xD;
&#xD;
&lt;p&gt;&#x904B;&#x7B97;&#x5143; operand&#xFF1A;&#x6578;&#x5B57; 2 4 6&lt;/p&gt;&#xD;
&#xD;
&lt;p&gt;&lt;span style="color:#ff0000"&gt;&#x672C;&#x6587;&#x4F3C;&#x4E4E;&#x5C07;&#x4E8C;&#x8005;&#x7684;&#x5B9A;&#x7FA9;&#x5F04;&#x53CD;&#x4E86;&#xFF01;&lt;/span&gt;&lt;/p&gt; </content>
  <attach></attach>
  <rcount></rcount>
  <rank></rank>
  <hit>1</hit>
  <lang>1</lang>
</data>
