<?xml version="1.0"?>
<data version="3.0" time="2024-07-19 09:05:19" type="post" filename="b000000013000000001.xml">
  <open_time>0000-00-00</open_time>
  <close_time>0000-00-00</close_time>
  <lang_name>Big5</lang_name>
  <board_id>1001162651</board_id>
  <node>000000013000000001</node>
  <site>1000110001</site>
  <pt>2022-10-31 14:13:10</pt>
  <poster>11027128</poster>
  <realname>&#x6881;&#x82B7;&#x83D8;  </realname>
  <email>candy20030812@gmail.com</email>
  <homepage>  </homepage>
  <subject>Re: 128. &#x5F8C;&#x5E8F;&#x5F0F;2 4 6 * + 7 5 - *&#x8981;&#x5982;&#x4F55;&#x900F;&#x904E;&#x5806;&#x758A;&#x6C42;&#x89E3;&#xFF1F;&#x8981;&#x5217;&#x51FA;&#x904E;&#x7A0B;&#x3002;  </subject>
  <content>&lt;p&gt;&#x7C21;&#x55AE;&#x660E;&#x77AD;&#xFF01;&#x6B65;&#x9A5F;&#x90FD;&#x5F88;&#x6E05;&#x695A;&#xFF0C;&#x8D85;&#x68D2;&#x1F60D;&lt;/p&gt; </content>
  <attach></attach>
  <rcount></rcount>
  <rank></rank>
  <hit>1</hit>
  <lang>1</lang>
</data>
