<?xml version="1.0"?>
<data version="3.0" time="2024-07-19 09:05:19" type="post" filename="b000000010000000003.xml">
  <open_time>0000-00-00</open_time>
  <close_time>0000-00-00</close_time>
  <lang_name>Big5</lang_name>
  <board_id>1001162651</board_id>
  <node>000000010000000003</node>
  <site>1000110001</site>
  <pt>2022-11-01 00:02:57</pt>
  <poster>11027108</poster>
  <realname>&#x5442;&#x5EAD;&#x744B;  </realname>
  <email>vivian.lu1011@gmail.com</email>
  <homepage>  </homepage>
  <subject>Re: 126. + * 2 4 6 * - 7 5&#x662F;&#x524D;&#x5E8F;&#x5F0F;&#x55CE;&#xFF1F;&#x70BA;&#x4EC0;&#x9EBC;&#xFF1F;  </subject>
  <content>&lt;p&gt;&#x8B1B;&#x89E3;&#x7684;&#x8A73;&#x7D30;&#x6E05;&#x695A;&#xFF0C;&#x5F88;&#x8B9A;&lt;/p&gt; </content>
  <attach></attach>
  <rcount></rcount>
  <rank></rank>
  <hit>1</hit>
  <lang>1</lang>
</data>
