<?xml version="1.0"?>
<data version="3.0" time="2024-07-19 09:05:19" type="post" filename="b000000018.xml">
  <open_time>0000-00-00</open_time>
  <close_time>0000-00-00</close_time>
  <lang_name>Big5</lang_name>
  <board_id>1001162651</board_id>
  <node>000000018</node>
  <site>1000110001</site>
  <pt>2022-11-02 13:29:42</pt>
  <poster>11813</poster>
  <realname>&#x5433;&#x5B9C;&#x9D3B;  </realname>
  <email>yhwu@cycu.edu.tw</email>
  <homepage>https://www.researchgate.net/profile/Yi-Hung-Wu-2  </homepage>
  <subject>&#x5DF2;&#x767B;&#x8A18;&#x8A55;&#x5206; </subject>
  <content>&lt;p&gt;&#x5982;&#x984C;&#x3002;&lt;br /&gt;&#xD;
&#x5230;&#x76EE;&#x524D;&#x70BA;&#x6B62;&#xFF0C;&#x5171;&#x8A08;&lt;strong&gt;55&lt;/strong&gt;&#x4F4D;&#x540C;&#x5B78;&#x554F;&#x7B54;&#x5DF2;&#x5F97;&#x5206;&#x3002;&lt;/p&gt; </content>
  <attach></attach>
  <rcount></rcount>
  <rank></rank>
  <hit>13</hit>
  <lang>1</lang>
</data>
