<?xml version="1.0"?>
<data version="3.0" time="2024-07-19 09:05:19" type="post" filename="b000000004.xml">
  <open_time>0000-00-00</open_time>
  <close_time>0000-00-00</close_time>
  <lang_name>Big5</lang_name>
  <board_id>1001162651</board_id>
  <node>000000004</node>
  <site>1000110001</site>
  <pt>2022-10-22 21:11:52</pt>
  <poster>11027148</poster>
  <realname>&#x5468;&#x54C1;&#x8ABC;  </realname>
  <email>070522jacqueline@gmail.com</email>
  <homepage>  </homepage>
  <subject>128. &#x5F8C;&#x5E8F;&#x5F0F;2 4 6 * + 7 5 - *&#x8981;&#x5982;&#x4F55;&#x900F;&#x904E;&#x5806;&#x758A;&#x6C42;&#x89E3;&#xFF1F;&#x8981;&#x5217;&#x51FA;&#x904E;&#x7A0B;&#x3002; </subject>
  <content>&lt;p&gt;2 4 6 * + 7 5 - *&lt;/p&gt;&#xD;
&#xD;
&lt;p&gt;1: &#x5C07;2&#x653E;&#x9032;&#x5806;&#x758A;&#x88E1;&amp;nbsp; &amp;nbsp; &amp;nbsp; &amp;nbsp; &amp;nbsp;stack&#x76EE;&#x524D;&#x6709;2&lt;/p&gt;&#xD;
&#xD;
&lt;p&gt;2: &#x5C07;4&#x653E;&#x9032;&#x5806;&#x758A;&#x88E1;&amp;nbsp; &amp;nbsp; &amp;nbsp; &amp;nbsp; &amp;nbsp;stack&#x76EE;&#x524D;&#x6709;2 4&lt;/p&gt;&#xD;
&#xD;
&lt;p&gt;3: &#x5C07;6&#x653E;&#x9032;&#x5806;&#x758A;&#x88E1;&amp;nbsp; &amp;nbsp; &amp;nbsp; &amp;nbsp; &amp;nbsp;stack&#x76EE;&#x524D;&#x6709;2 4 6&lt;/p&gt;&#xD;
&#xD;
&lt;p&gt;4: &#x78B0;&#x5230;* &#x5C07;&#x5806;&#x758A;&#x88E1;&#x5F8C;&#x52A0;&#x5165;&#x5169;&#x500B;&#x6578;&#x5B57;&#x505A;&#x904B;&#x7B97;&#x4E26;&#x653E;&#x9032;&#x5806;&#x758A;&#x88E1;&amp;nbsp; &amp;nbsp; stack&#x76EE;&#x524D;&#x6709;2 24&lt;/p&gt;&#xD;
&#xD;
&lt;p&gt;5: &#x78B0;&#x5230;+&#x5C07;&#x5806;&#x758A;&#x88E1;&#x5F8C;&#x52A0;&#x5165;&#x5169;&#x500B;&#x6578;&#x5B57;&#x505A;&#x904B;&#x7B97;&#x4E26;&#x653E;&#x9032;&#x5806;&#x758A;&#x88E1;&amp;nbsp; &amp;nbsp; stack&#x76EE;&#x524D;&#x6709;26&lt;/p&gt;&#xD;
&#xD;
&lt;p&gt;6:&amp;nbsp;&#x5C07;7&#x653E;&#x9032;&#x5806;&#x758A;&#x88E1;&amp;nbsp; &amp;nbsp; &amp;nbsp; &amp;nbsp; &amp;nbsp;stack&#x76EE;&#x524D;&#x6709;26 7&lt;/p&gt;&#xD;
&#xD;
&lt;p&gt;7: &#x5C07;5&#x653E;&#x9032;&#x5806;&#x758A;&#x88E1;&amp;nbsp; &amp;nbsp; &amp;nbsp; &amp;nbsp; &amp;nbsp;stack&#x76EE;&#x524D;&#x6709;26 7 5&lt;/p&gt;&#xD;
&#xD;
&lt;p&gt;8:&amp;nbsp;&#x78B0;&#x5230;-&#x5C07;&#x5806;&#x758A;&#x88E1;&#x5F8C;&#x52A0;&#x5165;&#x5169;&#x500B;&#x6578;&#x5B57;&#x505A;&#x904B;&#x7B97;&#x4E26;&#x653E;&#x9032;&#x5806;&#x758A;&#x88E1;&amp;nbsp; &amp;nbsp; stack&#x76EE;&#x524D;&#x6709;26 2&lt;/p&gt;&#xD;
&#xD;
&lt;p&gt;9: &#x78B0;&#x5230;*&#x5C07;&#x5806;&#x758A;&#x88E1;&#x5F8C;&#x52A0;&#x5165;&#x5169;&#x500B;&#x6578;&#x5B57;&#x505A;&#x904B;&#x7B97;&#x4E26;&#x653E;&#x9032;&#x5806;&#x758A;&#x88E1;&amp;nbsp; &amp;nbsp; &#x7D50;&#x679C;&#x70BA;52&lt;/p&gt; </content>
  <attach></attach>
  <rcount></rcount>
  <rank></rank>
  <hit>59</hit>
  <lang>1</lang>
</data>
