<?xml version="1.0"?>
<data version="3.0" time="2024-07-19 09:05:19" type="post" filename="b000000001.xml">
  <open_time>0000-00-00</open_time>
  <close_time>0000-00-00</close_time>
  <lang_name>Big5</lang_name>
  <board_id>1001162651</board_id>
  <node>000000001</node>
  <site>1000110001</site>
  <pt>2022-10-20 01:46:56</pt>
  <poster>11027126</poster>
  <realname>&#x937E;&#x6631;&#x8CE2;  </realname>
  <email>lucas920421@gmail.com</email>
  <homepage>  </homepage>
  <subject>127. &#x5BEB;C++&#x7A0B;&#x5F0F;&#x78BC;&#x4ECB;&#x7D39;&#x4E00;&#x7D44;&#x8B80;&#x6A94;&#x548C;&#x5BEB;&#x6A94;&#x7684;&#x6307;&#x4EE4;&#xFF0C;&#x9808;&#x80FD;&#x6210;&#x529F;&#x7DE8;&#x8B6F;&#x57F7;&#x884C;&#x3002; </subject>
  <content>&lt;p&gt;&#x6211;&#x6240;&#x4F7F;&#x7528;&#x7684;C++&#x8B80;&#x5BEB;&#x6A94;&#x6307;&#x4EE4;&#x662F;&#x5728;fstream library&#x4E2D;&#x7684; ifstream &#x53CA; ofstream &#xFF0C;&#x524D;&#x8005;&#x7528;&#x4F5C;&#x8B80;&#x5165;&#xFF0C;&#x5F8C;&#x8005;&#x7528;&#x4F5C;&#x8F38;&#x51FA;&#x3002;&lt;br /&gt;&#xD;
&#x5728;&#x7A0B;&#x5F0F;&#x958B;&#x59CB;&#x4E4B;&#x524D;&#xFF0C;&#x6211;&#x5011;&#x5148;&#x5728;&#x8981;&#x8B80;&#x5165;&#x7684;&#x6A94;&#x6848;&#x4E2D;(input.txt)&#x8F38;&#x5165;&amp;quot;Hello world&amp;quot;, &amp;quot;123&amp;quot;&#x5169;&#x884C;&#x6587;&#x5B57;&lt;br /&gt;&#xD;
&lt;img alt="" src="/user/1/1/11027126/images/intxt.png" style="height:336px; width:522px" /&gt;&lt;/p&gt;&#xD;
&#xD;
&lt;p&gt;&#x63A5;&#x8457;&#x6211;&#x5011;&#x5C0D;&#x6587;&#x4EF6;&#x4E2D;&#x7684;&#x8CC7;&#x8A0A;&#x8B80;&#x5165;&#x4E26;&#x5370;&#x51FA;&#xFF0C;&#x7D50;&#x679C;&#x5982;&#x4E0B;&#x5716;&#x6240;&#x793A;&lt;br /&gt;&#xD;
&lt;img alt="" src="/user/1/1/11027126/images/outputInCMD.png" style="height:100px; width:368px" /&gt;&lt;/p&gt;&#xD;
&#xD;
&lt;p&gt;&#x5728;&#x5BEB;&#x6A94;&#x7684;&#x90E8;&#x5206;&#xFF0C;&#x6211;&#x5011;&#x9700;&#x8981;&#x8F38;&#x5165;&#x60F3;&#x8981;&#x5BEB;&#x5165;&#x7684;&#x6587;&#x4EF6;(output.txt)&lt;br /&gt;&#xD;
&#x8A3B;&#xFF1A;&#x6B64;&#x6587;&#x4EF6;&#x6703;&#x4EE5;&#x65B0;&#x589E;&#x7684;&#x65B9;&#x5F0F;&#x51FA;&#x73FE;&#xFF0C;&#x82E5;&#x662F;&#x8F38;&#x5165;&#x5DF2;&#x7D93;&#x5B58;&#x5728;&#x7684;&#x6A94;&#x540D;&#x6703;&#x88AB;&#x76F4;&#x63A5;&#x8986;&#x84CB;&lt;br /&gt;&#xD;
&#x6700;&#x5F8C;&#x8F38;&#x5165;&#x6211;&#x5011;&#x60F3;&#x8981;&#x5BEB;&#x5165;&#x6587;&#x4EF6;&#x7684;&#x8A0A;&#x606F;&#x5373;&#x53EF;&#xFF0C;&#x7D50;&#x679C;&#x5982;&#x4E0B;&#x3002;&lt;/p&gt;&#xD;
&#xD;
&lt;p&gt;&lt;img alt="" src="/user/1/1/11027126/images/outtxt.png" style="height:198px; width:528px" /&gt;&lt;/p&gt;&#xD;
&#xD;
&lt;p&gt;&#x6B64;&#x7A0B;&#x5F0F;&#x7684;&#x7A0B;&#x5F0F;&#x78BC;&#x5982;&#x4E0B;&#xFF1A;&lt;/p&gt;&#xD;
&#xD;
&lt;p&gt;&lt;img alt="" src="/user/1/1/11027126/images/code.png" style="height:697px; width:1432px" /&gt;&lt;/p&gt; </content>
  <attach></attach>
  <rcount></rcount>
  <rank></rank>
  <hit>30</hit>
  <lang>1</lang>
</data>
