<?xml version="1.0"?>
<data version="3.0" time="2024-07-19 09:05:19" type="post" filename="b000000002000000001.xml">
  <open_time>0000-00-00</open_time>
  <close_time>0000-00-00</close_time>
  <lang_name>Big5</lang_name>
  <board_id>1001162651</board_id>
  <node>000000002000000001</node>
  <site>1000110001</site>
  <pt>2022-10-21 14:58:31</pt>
  <poster>11813</poster>
  <realname>&#x5433;&#x5B9C;&#x9D3B;  </realname>
  <email>yhwu@cycu.edu.tw</email>
  <homepage>https://www.researchgate.net/profile/Yi-Hung-Wu-2  </homepage>
  <subject>Re: 129. &#x5BEB;C++&#x7A0B;&#x5F0F;&#x78BC;&#x8A2D;&#x8A08;&#x905E;&#x8FF4;&#x51FD;&#x6578;&#x7522;&#x751F;3&#x500B;&#x6578;&#x5B57;&#x4E0D;&#x540C;&#x4E14;&#x52A0;&#x7E3D;&#x7B49;&#x65BC;M&#x7684;&#x6240;&#x6709;3&#x4F4D;&#x6578;&#xFF0C;M&#x662F;&#x8F38;&#x5165;&#x7684;&#x6574;&#x6578;&#xFF0C;&#x767E;&#x4F4D;&#x6578;&#x5FC5;&#x9808;&#x975E;&#x96F6;&#x3002;  </subject>
  <content>&lt;p&gt;&lt;span style="color:#ff0000"&gt;&#x8CBC;&#x6587;&#x9808;&#x63D0;&#x4F9B;&#x53EF;&#x526A;&#x8CBC;&#x91CD;&#x73FE;&#x7684;&#x539F;&#x59CB;&#x78BC;&#xFF0C;&#x4E26;&#x9644;&#x4E0A;&#x5FC5;&#x8981;&#x7684;&#x8A3B;&#x89E3;&#xFF0C;&#x53C3;&#x8003;&#x5F15;&#x7528;&#x66F4;&#x8981;&#x9644;&#x4E0A;&#x7DB2;&#x5740;&#xFF0C;&#x672A;&#x4FEE;&#x6B63;&#x5C07;&#x4E0D;&#x5217;&#x5165;&#x8A08;&#x5206;&#x3002;&lt;/span&gt;&lt;/p&gt; </content>
  <attach></attach>
  <rcount></rcount>
  <rank></rank>
  <hit>1</hit>
  <lang>1</lang>
</data>
