<?xml version="1.0"?>
<data version="3.0" time="2024-07-19 08:51:06" type="post" filename="b000000003.xml">
  <open_time>0000-00-00</open_time>
  <close_time>0000-00-00</close_time>
  <lang_name>Big5</lang_name>
  <board_id>1001305438</board_id>
  <node>000000003</node>
  <site>1000110001</site>
  <pt>2023-12-13 15:57:13</pt>
  <poster>11020126</poster>
  <realname>&#x912D;&#x7950;&#x6600;  </realname>
  <email>carry0987@gmail.com</email>
  <homepage>  </homepage>
  <subject>212. &#x8209;&#x4F8B;&#x8AAA;&#x660E;&#x4F55;&#x6642;&#x63D2;&#x5165;&#x6392;&#x5E8F;&#x7684;&#x8CC7;&#x6599;&#x642C;&#x52D5;&#x6B21;&#x6578;&#x6BD4;&#x5E0C;&#x723E;&#x6392;&#x5E8F;shell sort&#x591A;&#xFF1F; </subject>
  <content>&lt;p&gt;&#x63D2;&#x5165;&#x6392;&#x5E8F;&#x7684;&#x8CC7;&#x6599;&#x642C;&#x52D5;&#x6B21;&#x6578;&#x6703;&#x6BD4;&#x5E0C;&#x723E;&#x6392;&#x5E8F;&#x591A;&#x7684;&#x60C5;&#x5883;&#x901A;&#x5E38;&#x662F;&#x7576;&#x5F85;&#x6392;&#x5E8F;&#x7684;&#x8CC7;&#x6599;&#x672C;&#x8EAB;&#x662F;&#x5B8C;&#x5168;&#x985B;&#x5012;&#x7684;&#xFF0C;&#x4E5F;&#x5C31;&#x662F;&#x8AAA;&#xFF0C;&#x7576;&#x8CC7;&#x6599;&#x662F;&#x5B8C;&#x5168;&#x53CD;&#x5E8F;&#x7684;&#x6642;&#x5019;&#x3002;&lt;/p&gt;&#xD;
&#xD;
&lt;p&gt;&#x63D2;&#x5165;&#x6392;&#x5E8F;&#x5728;&#x6BCF;&#x6B21;&#x63D2;&#x5165;&#x6642;&#xFF0C;&#x5982;&#x679C;&#x9047;&#x5230;&#x53CD;&#x5E8F;&#x7684;&#x60C5;&#x6CC1;&#xFF08;&#x5373;&#x7576;&#x524D;&#x5143;&#x7D20;&#x6BD4;&#x5DF2;&#x6392;&#x5E8F;&#x7684;&#x5143;&#x7D20;&#x5C0F;&#xFF09;&#xFF0C;&#x5B83;&#x9700;&#x8981;&#x5C07;&#x9019;&#x500B;&#x5143;&#x7D20;&#x8207;&#x6240;&#x6709;&#x5DF2;&#x6392;&#x5E8F;&#x7684;&#x5143;&#x7D20;&#x9010;&#x4E00;&#x6BD4;&#x8F03;&#x4E26;&#x642C;&#x52D5;&#xFF0C;&#x9019;&#x6A23;&#x5C0D;&#x65BC;&#x5B8C;&#x5168;&#x53CD;&#x5E8F;&#x7684;&#x6578;&#x5217;&#x6703;&#x6709;&#x6700;&#x591A;&#x7684;&#x642C;&#x52D5;&#x6B21;&#x6578;&#x3002;&#x4F8B;&#x5982;&#xFF0C;&#x4E00;&#x500B;&#x964D;&#x5E8F;&#x6392;&#x5217;&#x7684;&#x6578;&#x5217;&#xFF0C;&#x4F7F;&#x7528;&#x63D2;&#x5165;&#x6392;&#x5E8F;&#x6703;&#x5C0E;&#x81F4;&#x6BCF;&#x6B21;&#x63D2;&#x5165;&#x6642;&#x90FD;&#x8981;&#x628A;&#x5143;&#x7D20;&#x79FB;&#x52D5;&#x5230;&#x5DF2;&#x6392;&#x5E8F;&#x5E8F;&#x5217;&#x7684;&#x6700;&#x524D;&#x9762;&#x3002;&lt;/p&gt;&#xD;
&#xD;
&lt;p&gt;&#x800C;&#x5E0C;&#x723E;&#x6392;&#x5E8F;&#x662F;&#x9032;&#x884C;&#x591A;&#x6B21;&#x7684;&#x300C;&#x9593;&#x9694;&#x300D;&#x63D2;&#x5165;&#x6392;&#x5E8F;&#xFF0C;&#x6BCF;&#x4E00;&#x6B21;&#x6392;&#x5E8F;&#x90FD;&#x6703;&#x4F7F;&#x4E00;&#x4E9B;&#x5143;&#x7D20;&#x8B8A;&#x5F97;&#x300C;&#x5927;&#x81F4;&#x4E0A;&#x300D;&#x6392;&#x5E8F;&#x6B63;&#x78BA;&#xFF0C;&#x56E0;&#x6B64;&#x5373;&#x4F7F;&#x6700;&#x521D;&#x5E8F;&#x5217;&#x5B8C;&#x5168;&#x53CD;&#x5E8F;&#xFF0C;&#x5728;&#x9032;&#x884C;&#x4E86;&#x5E7E;&#x6B21;&#x9593;&#x9694;&#x6392;&#x5E8F;&#x5F8C;&#xFF0C;&#x8A31;&#x591A;&#x5143;&#x7D20;&#x5DF2;&#x7D93;&#x76F8;&#x5C0D;&#x8F03;&#x63A5;&#x8FD1;&#x5176;&#x6B63;&#x78BA;&#x4F4D;&#x7F6E;&#xFF0C;&#x6E1B;&#x5C11;&#x4E86;&#x5F80;&#x5F8C;&#x9700;&#x8981;&#x642C;&#x52D5;&#x7684;&#x6B21;&#x6578;&#x3002;&#x6240;&#x4EE5;&#xFF0C;&#x5E0C;&#x723E;&#x6392;&#x5E8F;&#x5728;&#x9019;&#x7A2E;&#x60C5;&#x6CC1;&#x4E0B;&#xFF0C;&#x7E3D;&#x7684;&#x8CC7;&#x6599;&#x642C;&#x52D5;&#x6B21;&#x6578;&#x901A;&#x5E38;&#x6703;&#x5C11;&#x65BC;&#x63D2;&#x5165;&#x6392;&#x5E8F;&#x3002;&lt;/p&gt; </content>
  <attach></attach>
  <rcount></rcount>
  <rank></rank>
  <hit>6</hit>
  <lang>1</lang>
</data>
