<?xml version="1.0"?>
<data version="3.0" time="2024-07-19 08:51:06" type="post" filename="b000000003000000001.xml">
  <open_time>0000-00-00</open_time>
  <close_time>0000-00-00</close_time>
  <lang_name>Big5</lang_name>
  <board_id>1001305438</board_id>
  <node>000000003000000001</node>
  <site>1000110001</site>
  <pt>2023-12-26 15:33:30</pt>
  <poster>11813</poster>
  <realname>&#x5433;&#x5B9C;&#x9D3B;  </realname>
  <email>yhwu@cycu.edu.tw</email>
  <homepage>https://www.researchgate.net/profile/Yi-Hung-Wu-2  </homepage>
  <subject>Re: 212. &#x8209;&#x4F8B;&#x8AAA;&#x660E;&#x4F55;&#x6642;&#x63D2;&#x5165;&#x6392;&#x5E8F;&#x7684;&#x8CC7;&#x6599;&#x642C;&#x52D5;&#x6B21;&#x6578;&#x6BD4;&#x5E0C;&#x723E;&#x6392;&#x5E8F;shell sort&#x591A;&#xFF1F;  </subject>
  <content>&lt;p&gt;&lt;span style="color:#0000cd"&gt;&#x96D6;&#x7136;&#x6C92;&#x6709;&#x5BE6;&#x969B;&#x8209;&#x4F8B;&#xFF0C;&#x53EF;&#x662F;&#x8AAA;&#x660E;&#x5F88;&#x6E05;&#x695A;&#xFF01;&#x5B8C;&#x5168;&#x985B;&#x5012;&#x6B21;&#x5E8F;&#x7684;&#x8CC7;&#x6599;&#x662F;Insertion Sort&#x7684;worst case&#xFF0C;&#x800C;Shell Sort&#x53EF;&#x4EE5;&#x63D0;&#x5347;&#x6548;&#x7387;&#x3002;&lt;/span&gt;&lt;/p&gt; </content>
  <attach></attach>
  <rcount></rcount>
  <rank></rank>
  <hit>1</hit>
  <lang>1</lang>
</data>
