<?xml version="1.0"?>
<data version="3.0" time="2024-07-19 08:51:06" type="post" filename="b000000002.xml">
  <open_time>0000-00-00</open_time>
  <close_time>0000-00-00</close_time>
  <lang_name>Big5</lang_name>
  <board_id>1001305438</board_id>
  <node>000000002</node>
  <site>1000110001</site>
  <pt>2023-12-10 22:30:03</pt>
  <poster>11127239</poster>
  <realname>&#x9673;&#x6620;&#x9293;  </realname>
  <email>edan0727@gmail.com</email>
  <homepage> </homepage>
  <subject>215. &#x8209;&#x4F8B;&#x8AAA;&#x660E;&#x5FEB;&#x901F;&#x6392;&#x5E8F;&#x7684;&#x905E;&#x8FF4;&#x6DF1;&#x5EA6;&#x6703;&#x53D7;&#x4F55;&#x8005;&#x5F71;&#x97FF;&#x3002; </subject>
  <content>&lt;p&gt;&#x5FEB;&#x901F;&#x6392;&#x5E8F;&#x7684;&#x905E;&#x8FF4;&#x6DF1;&#x5EA6;&#x6703;&#x53D7;&lt;span style="color:#0000ff"&gt;&#x5207;&#x5272;&#x65B9;&#x5F0F;&lt;/span&gt;&#x5F71;&#x97FF;&#x3002;&lt;/p&gt;&#xD;
&#xD;
&lt;p&gt;&#x5728;&#x5FEB;&#x901F;&#x6392;&#x5E8F;&#x4E2D;&#xFF0C;&#x6BCF;&#x6B21;&#x9078;&#x64C7;&#x4E00;&#x500B;&#x6578;&#x70BA;&#x57FA;&#x6E96;&#xFF0C;&#x7136;&#x5F8C;&#x5206;&#x70BA;&#x6BD4;&#x5B83;&#x5C0F;&#x7684;&#x90E8;&#x5206;&#x53CA;&#x6BD4;&#x5B83;&#x5927;&#x7684;&#x90E8;&#x5206;&#x3002;&lt;/p&gt;&#xD;
&#xD;
&lt;p&gt;&#x5207;&#x5272;&#x5F8C;&#xFF0C;&#x5FEB;&#x901F;&#x6392;&#x5E8F;&#x6703;&#x5206;&#x5225;&#x5C0D;&#x9019;&lt;span style="color:#0000ff"&gt;&#x5169;&#x500B;&#x90E8;&#x5206;&#x9032;&#x884C;&#x905E;&#x8FF4;&#x6392;&#x5E8F;&lt;/span&gt;&#x3002;&#x905E;&#x8FF4;&#x7684;&#x6DF1;&#x5EA6;&#x53D6;&#x6C7A;&#x65BC;&#x6BCF;&#x6B21;&#x5206;&#x5272;&#x5F8C;&#x5B50;&#x96C6;&#x7684;&#x5927;&#x5C0F;&#x3002;&lt;/p&gt;&#xD;
&#xD;
&lt;p&gt;&#x5982;&#x679C;&#x6BCF;&#x6B21;&#x5206;&#x5272;&#x90FD;&#x80FD;&lt;span style="color:#0000ff"&gt;&lt;span style="background-color:#add8e6"&gt;&#x5E73;&#x5747;&lt;/span&gt;&lt;/span&gt;&#x5C07;&#x6578;&#x64DA;&#x96C6;&#x5206;&#x70BA;&#x5169;&#x534A;&#xFF0C;&#x90A3;&#x9EBC;&#x905E;&#x8FF4;&#x6DF1;&#x5EA6;&#x63A5;&#x8FD1; O(log n)&#xFF0C;&#x9019;&#x4E5F;&#x662F;&#x6700;&#x7406;&#x60F3;&#x7684;&#x60C5;&#x6CC1;&#x3002;&lt;/p&gt;&#xD;
&#xD;
&lt;p&gt;&#x5728;&#x6700;&#x58DE;&#x7684;&#x60C5;&#x6CC1;&#x4E0B;&#xFF0C;&#x82E5;&#x9078;&#x64C7;&#x7684;&#x57FA;&#x6E96;&#x6578;&#x4E0D;&#x597D;&#xFF0C;&#x5247;&#x53EF;&#x80FD;&#x5C0E;&#x81F4;&lt;span style="color:#0000ff"&gt;&lt;span style="background-color:#add8e6"&gt;&#x5206;&#x5272;&#x4E0D;&#x5747;&lt;/span&gt;&lt;/span&gt;&#xFF0C;&lt;/p&gt;&#xD;
&#xD;
&lt;p&gt;&#x4F7F;&#x5F97;&#x4E00;&#x90E8;&#x5206;&#x975E;&#x5E38;&#x5C0F;&#xFF0C;&#x53E6;&#x4E00;&#x90E8;&#x5206;&#x975E;&#x5E38;&#x5927;&#xFF0C;&#x905E;&#x8FF4;&#x6DF1;&#x5EA6;&#x53EF;&#x80FD;&#x63A5;&#x8FD1;O(n)&#x3002;&lt;/p&gt;&#xD;
&#xD;
&lt;p&gt;&#x8209;&#x4F8B;&#xFF1A;&#x6BCF;&#x6B21;&#x90FD;&#x9078;&#x64C7;&lt;s&gt;&lt;span style="color:#0000ff"&gt;&#x7B2C;&#x4E00;&#x500B;&lt;/span&gt;&lt;/s&gt;&lt;span style="color:#ee82ee"&gt;&#x6700;&#x5C0F;&lt;/span&gt;&#x6216;&lt;s&gt;&lt;span style="color:#0000ff"&gt;&#x6700;&#x5F8C;&#x4E00;&#x500B;&lt;/span&gt;&lt;/s&gt;&lt;span style="color:#ee82ee"&gt;&#x6700;&#x5927;&lt;/span&gt;&#x4F5C;&#x70BA;&#x57FA;&#x6E96;&#xFF0C;&#x5C31;&#x6703;&#x9020;&#x6210;&#x6B64;&#x72C0;&#x6CC1;&#x3002;&lt;/p&gt;</content>
  <attach></attach>
  <rcount></rcount>
  <rank></rank>
  <hit>25</hit>
  <lang>1</lang>
</data>
