<?xml version="1.0"?>
<data version="3.0" time="2024-07-19 08:51:06" type="post" filename="b000000002000000001.xml">
  <open_time>0000-00-00</open_time>
  <close_time>0000-00-00</close_time>
  <lang_name>Big5</lang_name>
  <board_id>1001305438</board_id>
  <node>000000002000000001</node>
  <site>1000110001</site>
  <pt>2023-12-13 10:03:21</pt>
  <poster>11813</poster>
  <realname>&#x5433;&#x5B9C;&#x9D3B;  </realname>
  <email>yhwu@cycu.edu.tw</email>
  <homepage>https://www.researchgate.net/profile/Yi-Hung-Wu-2  </homepage>
  <subject>Re: 215. &#x8209;&#x4F8B;&#x8AAA;&#x660E;&#x5FEB;&#x901F;&#x6392;&#x5E8F;&#x7684;&#x905E;&#x8FF4;&#x6DF1;&#x5EA6;&#x6703;&#x53D7;&#x4F55;&#x8005;&#x5F71;&#x97FF;&#x3002;  </subject>
  <content>&lt;p&gt;&amp;quot;&#x6BCF;&#x6B21;&#x90FD;&#x9078;&#x64C7;&#x7B2C;&#x4E00;&#x500B;&#x6216;&#x6700;&#x5F8C;&#x4E00;&#x500B;&#x4F5C;&#x70BA;&#x57FA;&#x6E96;&amp;quot; &#x61C9;&#x6539;&#x70BA; &amp;quot;&#x6BCF;&#x6B21;&#x90FD;&#x9078;&#x64C7;&#x6700;&#x5C0F;&#x7684;&#x6216;&#x6700;&#x5927;&#x7684;&#x4F5C;&#x70BA;&#x57FA;&#x6E96;&amp;quot;&lt;/p&gt; </content>
  <attach></attach>
  <rcount></rcount>
  <rank></rank>
  <hit>1</hit>
  <lang>1</lang>
</data>
