<?xml version="1.0"?>
<data version="3.0" time="2024-07-19 08:51:27" type="post" filename="b000000004.xml">
  <open_time>0000-00-00</open_time>
  <close_time>0000-00-00</close_time>
  <lang_name>Big5</lang_name>
  <board_id>1001305441</board_id>
  <node>000000004</node>
  <site>1000110001</site>
  <pt>2023-12-18 12:21:46</pt>
  <poster>10823323</poster>
  <realname>&#x738B;&#x3000;&#x5A55;  </realname>
  <email>jessicawang900318@gmail.com</email>
  <homepage>  </homepage>
  <subject>225. &#x5DF2;&#x6392;&#x5E8F;&#x8CC7;&#x6599;&#x5982;&#x4F55;&#x5EFA;&#x7ACB;&#x4E00;&#x68F5;&#x5E73;&#x8861;&#x7684;&#x4E8C;&#x5143;&#x641C;&#x5C0B;&#x6A39;&#xFF1F; </subject>
  <content>&lt;p&gt;&#x6700;&#x6709;&#x6548;&#x7684;&#x65B9;&#x5F0F;&#x662F;&#x4EE5;&#x4E2D;&#x4F4D;&#x6578;&#x4F5C;&#x70BA;&#x6839;&#x7BC0;&#x9EDE;&#xFF0C;&#x7136;&#x5F8C;&#x905E;&#x8FF4;&#x5730;&#x5C07;&#x5DE6;&#x534A;&#x90E8;&#x5206;&#x548C;&#x53F3;&#x534A;&#x90E8;&#x5206;&#x7684;&#x8CC7;&#x6599;&#x5206;&#x5225;&#x4F5C;&#x70BA;&#x5DE6;&#x5B50;&#x6A39;&#x548C;&#x53F3;&#x5B50;&#x6A39;&#x3002;&lt;/p&gt;&#xD;
&#xD;
&lt;p&gt;&#x4EE5;&#x4E0B;&#x70BA;&#x7BC4;&#x4F8B;:&lt;/p&gt;&#xD;
&#xD;
&lt;p&gt;TreeNode* rebuild(const vector&amp;lt;int&amp;gt;&amp;amp; nodeList, int start, int end) {&lt;/p&gt;&#xD;
&#xD;
&lt;p&gt;&amp;nbsp;&amp;nbsp;&amp;nbsp; // &lt;span style="font-family:&#x65B0;&#x7D30;&#x660E;&#x9AD4;,serif"&gt;&#x5982;&#x679C;&#x8D77;&#x59CB;&#x7D22;&#x5F15;&#x5927;&#x65BC;&#x7D50;&#x675F;&#x7D22;&#x5F15;&#xFF0C;&#x8868;&#x793A;&#x7576;&#x524D;&#x5340;&#x9593;&#x70BA;&#x7A7A;&#xFF0C;&#x8FD4;&#x56DE;&#x7A7A;&#x6307;&#x91DD;&lt;/span&gt;&lt;/p&gt;&#xD;
&#xD;
&lt;p&gt;&amp;nbsp;&amp;nbsp;&amp;nbsp; if (start &amp;gt; end) {&lt;/p&gt;&#xD;
&#xD;
&lt;p&gt;&amp;nbsp;&amp;nbsp;&amp;nbsp;&amp;nbsp;&amp;nbsp;&amp;nbsp;&amp;nbsp; return nullptr;&lt;/p&gt;&#xD;
&#xD;
&lt;p&gt;&amp;nbsp;&amp;nbsp;&amp;nbsp; }&lt;/p&gt;&#xD;
&#xD;
&lt;p&gt;&amp;nbsp;&amp;nbsp;&amp;nbsp; int mid = (start + end) / 2; // &lt;span style="font-family:&#x65B0;&#x7D30;&#x660E;&#x9AD4;,serif"&gt;&#x8A08;&#x7B97;&#x7576;&#x524D;&#x5340;&#x9593;&#x7684;&#x4E2D;&#x4F4D;&#x6578;&lt;/span&gt;&lt;/p&gt;&#xD;
&#xD;
&lt;p&gt;&amp;nbsp;&amp;nbsp;&amp;nbsp; TreeNode* node = new TreeNode(nodeList[mid]); &amp;nbsp;// &lt;span style="font-family:&#x65B0;&#x7D30;&#x660E;&#x9AD4;,serif"&gt;&#x4EE5;&#x4E2D;&#x9593;&#x7BC0;&#x9EDE;&#x503C;&#x5275;&#x5EFA;&#x4E00;&#x500B;&#x65B0;&#x7684;&#x7BC0;&#x9EDE;&lt;/span&gt;&lt;/p&gt;&#xD;
&#xD;
&lt;p&gt;&amp;nbsp;&amp;nbsp;&amp;nbsp; node-&amp;gt;left = rebuild(nodeList, start, mid - 1); // &lt;span style="font-family:&#x65B0;&#x7D30;&#x660E;&#x9AD4;,serif"&gt;&#x905E;&#x8FF4;&#x8655;&#x7406;&#x5DE6;&#x534A;&#x90E8;&#x5206;&#xFF0C;&#x5C07;&#x5DE6;&#x5B50;&#x6A39;&#x8A2D;&#x7F6E;&#x70BA;&#x5DE6;&#x534A;&#x90E8;&#x5206;&#x7684;&#x91CD;&#x5EFA;&#x7D50;&#x679C;&lt;/span&gt;&lt;/p&gt;&#xD;
&#xD;
&lt;p&gt;&amp;nbsp;&amp;nbsp;&amp;nbsp; node-&amp;gt;right = rebuild(nodeList, mid + 1, end); // &lt;span style="font-family:&#x65B0;&#x7D30;&#x660E;&#x9AD4;,serif"&gt;&#x905E;&#x8FF4;&#x8655;&#x7406;&#x53F3;&#x534A;&#x90E8;&#x5206;&#xFF0C;&#x5C07;&#x53F3;&#x5B50;&#x6A39;&#x8A2D;&#x7F6E;&#x70BA;&#x53F3;&#x534A;&#x90E8;&#x5206;&#x7684;&#x91CD;&#x5EFA;&#x7D50;&#x679C;&lt;/span&gt;&lt;/p&gt;&#xD;
&#xD;
&lt;p&gt;&amp;nbsp;&amp;nbsp;&amp;nbsp; return node; &amp;nbsp;// &lt;span style="font-family:&#x65B0;&#x7D30;&#x660E;&#x9AD4;,serif"&gt;&#x8FD4;&#x56DE;&#x6A39;&#x7684;&#x6839;&#x7BC0;&#x9EDE;&lt;/span&gt;&lt;/p&gt;&#xD;
&#xD;
&lt;p&gt;}&lt;/p&gt; </content>
  <attach></attach>
  <rcount></rcount>
  <rank></rank>
  <hit>14</hit>
  <lang>1</lang>
</data>
