<?xml version="1.0"?>
<data version="3.0" time="2024-07-19 08:51:27" type="post" filename="b000000006000000001.xml">
  <open_time>0000-00-00</open_time>
  <close_time>0000-00-00</close_time>
  <lang_name>Big5</lang_name>
  <board_id>1001305441</board_id>
  <node>000000006000000001</node>
  <site>1000110001</site>
  <pt>2023-12-27 15:19:49</pt>
  <poster>11813</poster>
  <realname>&#x5433;&#x5B9C;&#x9D3B;  </realname>
  <email>yhwu@cycu.edu.tw</email>
  <homepage>https://www.researchgate.net/profile/Yi-Hung-Wu-2  </homepage>
  <subject>Re: 222. &#x64B0;&#x5BEB;&#x7A0B;&#x5F0F;&#x78BC;&#x6307;&#x51FA;&#x5982;&#x4F55;&#x70BA;&#x4E8C;&#x5143;&#x641C;&#x5C0B;&#x6A39;&#x65B0;&#x589E;&#x7BC0;&#x9EDE;&#x3002;  </subject>
  <content>&lt;p&gt;&lt;strong&gt;else&lt;/strong&gt;&lt;span style="color:#ff0000"&gt;&lt;s&gt;&amp;nbsp;&lt;strong&gt;if&lt;/strong&gt;&amp;nbsp;(data &amp;gt;= currentNode-&amp;gt;data)&lt;/s&gt;&amp;nbsp;// &#x5F8C;&#x9762;&#x7684;if&#x6558;&#x8FF0;&#x660E;&#x986F;&#x662F;&#x591A;&#x9918;&#x7684;&amp;nbsp;&lt;/span&gt;&lt;/p&gt; </content>
  <attach></attach>
  <rcount></rcount>
  <rank></rank>
  <hit>1</hit>
  <lang>1</lang>
</data>
