<?xml version="1.0"?>
<data version="3.0" time="2024-07-19 08:51:27" type="post" filename="b000000003000000001.xml">
  <open_time>0000-00-00</open_time>
  <close_time>0000-00-00</close_time>
  <lang_name>Big5</lang_name>
  <board_id>1001305441</board_id>
  <node>000000003000000001</node>
  <site>1000110001</site>
  <pt>2023-12-26 15:12:33</pt>
  <poster>11813</poster>
  <realname>&#x5433;&#x5B9C;&#x9D3B;  </realname>
  <email>yhwu@cycu.edu.tw</email>
  <homepage>https://www.researchgate.net/profile/Yi-Hung-Wu-2  </homepage>
  <subject>Re: 223&#x76F8;&#x540C;&#x641C;&#x5C0B;&#x9375;&#x7684;&#x4E8C;&#x7B46;&#x8CC7;&#x6599;&#x5982;&#x4F55;&#x5B58;&#x5165;&#x4E8C;&#x5143;&#x641C;&#x5C0B;&#x6A39;&#xFF1F;  </subject>
  <content>&lt;p&gt;string schoolName ; // &#x641C;&#x5C0B;&#x503C;&lt;/p&gt;&#xD;
&#xD;
&lt;p&gt;string studentName ;&amp;nbsp; // &#x4E0D;&#x77E5;&#x70BA;&#x4F55;&#x6709;&#x5B78;&#x751F;&#x59D3;&#x540D;&#xFF1F;&lt;/p&gt;&#xD;
&#xD;
&lt;p&gt;treeNode *left ; // &#x53E6;&#x4E00;&#x500B;&#x7BC0;&#x9EDE;&lt;/p&gt;&#xD;
&#xD;
&lt;p&gt;treeNode *right ; // &#x53E6;&#x4E00;&#x500B;&#x7BC0;&#x9EDE;&lt;/p&gt;&#xD;
&#xD;
&lt;p&gt;&lt;span style="color:#ff0000"&gt;&#x770B;&#x4E0D;&#x51FA;&#x76F8;&#x540C;&#x641C;&#x5C0B;&#x503C;&#x7684;&#x4E8C;&#x7B46;&#x8CC7;&#x6599;&#x8981;&#x5982;&#x4F55;&#x5B58;&#x5165;&#x540C;&#x4E00;&#x500B;&#x7BC0;&#x9EDE;&#xFF1F;&lt;/span&gt;&lt;/p&gt; </content>
  <attach></attach>
  <rcount></rcount>
  <rank></rank>
  <hit>1</hit>
  <lang>1</lang>
</data>
