<?xml version="1.0"?>
<data version="3.0" time="2024-07-19 08:51:27" type="post" filename="b000000005.xml">
  <open_time>0000-00-00</open_time>
  <close_time>0000-00-00</close_time>
  <lang_name>Big5</lang_name>
  <board_id>1001305441</board_id>
  <node>000000005</node>
  <site>1000110001</site>
  <pt>2023-12-18 16:40:12</pt>
  <poster>11120411</poster>
  <realname>&#x9673;&#x701A;&#x5091;  </realname>
  <email>jackc0410@gmail.com</email>
  <homepage>  </homepage>
  <subject>224. &#x5982;&#x4F55;&#x5C07;&#x4E8C;&#x5143;&#x641C;&#x5C0B;&#x6A39;&#x5B58;&#x6A94;&#x5F8C;&#x518D;&#x8B80;&#x5165;&#x53EF;&#x6062;&#x5FA9;&#x539F;&#x72C0;&#xFF1F; </subject>
  <content>&lt;p class="p2" style="margin: 0px; font-stretch: normal; font-size: 17px; line-height: normal; font-size-adjust: none; font-kerning: auto; font-variant-alternates: normal; font-variant-ligatures: normal; font-variant-numeric: normal; font-variant-east-asian: normal; font-variant-position: normal; font-feature-settings: normal; font-optical-sizing: auto; font-variation-settings: normal; caret-color: rgb(0, 0, 0); color: rgb(0, 0, 0); -webkit-text-size-adjust: auto;"&gt;&lt;span class="s2" style="font-family:UICTFontTextStyleBody"&gt;&#x53EA;&#x8981;&#x5C07;&#x6A39;&#x7684;&#x5169;&#x7A2E;&#x6392;&#x5E8F;&#x65B9;&#x5F0F;&#x7D00;&#x9304;&#x4E0B;&#x4F86;&#x5373;&#x53EF;&#x9084;&#x539F;&#x6A39;&#x539F;&#x672C;&#x7684;&#x6A23;&#x5B50;&#x3002;&lt;/span&gt;&lt;/p&gt;&#xD;
&#xD;
&lt;p class="p2" style="margin: 0px; font-stretch: normal; font-size: 17px; line-height: normal; font-size-adjust: none; font-kerning: auto; font-variant-alternates: normal; font-variant-ligatures: normal; font-variant-numeric: normal; font-variant-east-asian: normal; font-variant-position: normal; font-feature-settings: normal; font-optical-sizing: auto; font-variation-settings: normal; caret-color: rgb(0, 0, 0); color: rgb(0, 0, 0); -webkit-text-size-adjust: auto;"&gt;&lt;span class="s2" style="font-family:UICTFontTextStyleBody"&gt;&#x4F8B;&#x5982;&#x8AAA;&#x5B58;&#x6A39;&#x7684;&#x524D;&#x5E8F;&#x5F0F;&#x8DDF;&#x4E2D;&#x5E8F;&#x5F0F;&lt;/span&gt;&lt;/p&gt;&#xD;
&#xD;
&lt;p class="p2" style="margin: 0px; font-stretch: normal; font-size: 17px; line-height: normal; font-size-adjust: none; font-kerning: auto; font-variant-alternates: normal; font-variant-ligatures: normal; font-variant-numeric: normal; font-variant-east-asian: normal; font-variant-position: normal; font-feature-settings: normal; font-optical-sizing: auto; font-variation-settings: normal; caret-color: rgb(0, 0, 0); color: rgb(0, 0, 0); -webkit-text-size-adjust: auto;"&gt;&lt;span class="s2" style="font-family:UICTFontTextStyleBody"&gt;&#x524D;&#x5E8F;: A B D E C&lt;/span&gt;&lt;/p&gt;&#xD;
&#xD;
&lt;p class="p2" style="margin: 0px; font-stretch: normal; font-size: 17px; line-height: normal; font-size-adjust: none; font-kerning: auto; font-variant-alternates: normal; font-variant-ligatures: normal; font-variant-numeric: normal; font-variant-east-asian: normal; font-variant-position: normal; font-feature-settings: normal; font-optical-sizing: auto; font-variation-settings: normal; caret-color: rgb(0, 0, 0); color: rgb(0, 0, 0); -webkit-text-size-adjust: auto;"&gt;&lt;span class="s2" style="font-family:UICTFontTextStyleBody"&gt;&#x4E2D;&#x5E8F;: D B E A C&lt;/span&gt;&lt;/p&gt;&#xD;
&#xD;
&lt;p class="p3" style="margin: 0px; font-stretch: normal; font-size: 17px; line-height: normal; font-size-adjust: none; font-kerning: auto; font-variant-alternates: normal; font-variant-ligatures: normal; font-variant-numeric: normal; font-variant-east-asian: normal; font-variant-position: normal; font-feature-settings: normal; font-optical-sizing: auto; font-variation-settings: normal; min-height: 22px; caret-color: rgb(0, 0, 0); color: rgb(0, 0, 0); -webkit-text-size-adjust: auto;"&gt;&amp;nbsp;&lt;/p&gt;&#xD;
&#xD;
&lt;p class="p2" style="margin: 0px; font-stretch: normal; font-size: 17px; line-height: normal; font-size-adjust: none; font-kerning: auto; font-variant-alternates: normal; font-variant-ligatures: normal; font-variant-numeric: normal; font-variant-east-asian: normal; font-variant-position: normal; font-feature-settings: normal; font-optical-sizing: auto; font-variation-settings: normal; caret-color: rgb(0, 0, 0); color: rgb(0, 0, 0); -webkit-text-size-adjust: auto;"&gt;&lt;span class="s2" style="font-family:UICTFontTextStyleBody"&gt;&#x53EF;&#x4EE5;&#x5F9E;&#x524D;&#x5E8F;&#x7684;&#x7B2C;&#x4E00;&#x500B;&#x627E;&#x5230;&#x6A39;&#x6839;&#xFF08;A&#xFF09;&#xFF0C;&#x518D;&#x5F9E;&#x4E2D;&#x5E8F;&#x770B;&#x5230;&#x524D;&#x5E8F;&#x7684;&#x4E0B;&#x4E00;&#x500B;&#x7BC0;&#x9EDE;&#xFF08;B&#xFF09;&#x5728;&#x6A39;&#x7684;&#x5DE6;&#x908A;&#x9084;&#x662F;&#x53F3;&#x908A;&#x3002;&lt;/span&gt;&lt;/p&gt;&#xD;
&#xD;
&lt;p class="p2" style="margin: 0px; font-stretch: normal; font-size: 17px; line-height: normal; font-size-adjust: none; font-kerning: auto; font-variant-alternates: normal; font-variant-ligatures: normal; font-variant-numeric: normal; font-variant-east-asian: normal; font-variant-position: normal; font-feature-settings: normal; font-optical-sizing: auto; font-variation-settings: normal; caret-color: rgb(0, 0, 0); color: rgb(0, 0, 0); -webkit-text-size-adjust: auto;"&gt;&lt;span class="s2" style="font-family:UICTFontTextStyleBody"&gt;&#x4EE5;&#x4E0A;&#x8FF0;&#x4F8B;&#x5B50;&#x4F86;&#x770B;&#x7684;&#x8A71;&#x5C31;&#x53EF;&#x4EE5;&#x770B;&#x5230;&#x524D;&#x5E8F;A&#x7684;&#x4E0B;&#x4E00;&#x500B;&#x662F;B&#xFF0C;&#x90A3;&#x4ED6;&#x53EF;&#x80FD;&#x9577;&#xFF1A;&lt;/span&gt;&lt;/p&gt;&#xD;
&#xD;
&lt;p class="p2" style="margin: 0px; font-stretch: normal; font-size: 17px; line-height: normal; font-size-adjust: none; font-kerning: auto; font-variant-alternates: normal; font-variant-ligatures: normal; font-variant-numeric: normal; font-variant-east-asian: normal; font-variant-position: normal; font-feature-settings: normal; font-optical-sizing: auto; font-variation-settings: normal; caret-color: rgb(0, 0, 0); color: rgb(0, 0, 0); -webkit-text-size-adjust: auto;"&gt;&lt;span class="s2" style="font-family:UICTFontTextStyleBody"&gt;&amp;nbsp;&lt;span class="Apple-converted-space"&gt;&amp;nbsp;&lt;/span&gt;A&amp;nbsp; &amp;nbsp; &amp;nbsp; &amp;nbsp; &amp;nbsp; &amp;nbsp; &amp;nbsp; &amp;nbsp; &amp;nbsp; &amp;nbsp; &amp;nbsp;&lt;span class="Apple-converted-space"&gt;&amp;nbsp;&lt;/span&gt;A&lt;/span&gt;&lt;/p&gt;&#xD;
&#xD;
&lt;p class="p2" style="margin: 0px; font-stretch: normal; font-size: 17px; line-height: normal; font-size-adjust: none; font-kerning: auto; font-variant-alternates: normal; font-variant-ligatures: normal; font-variant-numeric: normal; font-variant-east-asian: normal; font-variant-position: normal; font-feature-settings: normal; font-optical-sizing: auto; font-variation-settings: normal; caret-color: rgb(0, 0, 0); color: rgb(0, 0, 0); -webkit-text-size-adjust: auto;"&gt;&lt;span class="s2" style="font-family:UICTFontTextStyleBody"&gt;&amp;nbsp;/&amp;nbsp;&amp;nbsp; &amp;nbsp; &amp;nbsp; &amp;nbsp;&lt;span class="Apple-converted-space"&gt;&amp;nbsp;&lt;/span&gt;&#x6216;&amp;nbsp; &amp;nbsp; &amp;nbsp; &amp;nbsp; &amp;nbsp; &amp;nbsp; &amp;nbsp;&lt;span class="Apple-converted-space"&gt;&amp;nbsp;&lt;/span&gt;\&lt;/span&gt;&lt;/p&gt;&#xD;
&#xD;
&lt;p class="p2" style="margin: 0px; font-stretch: normal; font-size: 17px; line-height: normal; font-size-adjust: none; font-kerning: auto; font-variant-alternates: normal; font-variant-ligatures: normal; font-variant-numeric: normal; font-variant-east-asian: normal; font-variant-position: normal; font-feature-settings: normal; font-optical-sizing: auto; font-variation-settings: normal; caret-color: rgb(0, 0, 0); color: rgb(0, 0, 0); -webkit-text-size-adjust: auto;"&gt;&lt;span class="s2" style="font-family:UICTFontTextStyleBody"&gt;B&amp;nbsp; &amp;nbsp; &amp;nbsp; &amp;nbsp; &amp;nbsp; &amp;nbsp; &amp;nbsp; &amp;nbsp; &amp;nbsp; &amp;nbsp; &amp;nbsp; &amp;nbsp; &amp;nbsp; &amp;nbsp;&lt;span class="Apple-converted-space"&gt;&amp;nbsp;&lt;/span&gt;B&lt;/span&gt;&lt;/p&gt;&#xD;
&#xD;
&lt;p class="p3" style="margin: 0px; font-stretch: normal; font-size: 17px; line-height: normal; font-size-adjust: none; font-kerning: auto; font-variant-alternates: normal; font-variant-ligatures: normal; font-variant-numeric: normal; font-variant-east-asian: normal; font-variant-position: normal; font-feature-settings: normal; font-optical-sizing: auto; font-variation-settings: normal; min-height: 22px; caret-color: rgb(0, 0, 0); color: rgb(0, 0, 0); -webkit-text-size-adjust: auto;"&gt;&amp;nbsp;&lt;/p&gt;&#xD;
&#xD;
&lt;p class="p2" style="margin: 0px; font-stretch: normal; font-size: 17px; line-height: normal; font-size-adjust: none; font-kerning: auto; font-variant-alternates: normal; font-variant-ligatures: normal; font-variant-numeric: normal; font-variant-east-asian: normal; font-variant-position: normal; font-feature-settings: normal; font-optical-sizing: auto; font-variation-settings: normal; caret-color: rgb(0, 0, 0); color: rgb(0, 0, 0); -webkit-text-size-adjust: auto;"&gt;&lt;span class="s2" style="font-family:UICTFontTextStyleBody"&gt;&#x4F46;&#x5982;&#x679C;&#x6709;&#x4E2D;&#x5E8F;&#x7684;&#x8A71;&#x5C31;&#x53EF;&#x4EE5;&#x770B;&#x5230;&#x7BC0;&#x9EDE;B&#x5728;&#x7BC0;&#x9EDE;A&#x7684;&#x5DE6;&#x908A;&#xFF0C;&#x5C31;&#x53EF;&#x4EE5;&#x63A8;&#x77E5;B&#x7684;&#x4F4D;&#x7F6E;&#x662F;&#x5728;A&#x7684;&#x5DE6;&#x908A;&#xFF0C;&#x50CF;&#x9019;&#x6A23;&#xFF1A;&lt;/span&gt;&lt;/p&gt;&#xD;
&#xD;
&lt;p class="p2" style="margin: 0px; font-stretch: normal; font-size: 17px; line-height: normal; font-size-adjust: none; font-kerning: auto; font-variant-alternates: normal; font-variant-ligatures: normal; font-variant-numeric: normal; font-variant-east-asian: normal; font-variant-position: normal; font-feature-settings: normal; font-optical-sizing: auto; font-variation-settings: normal; caret-color: rgb(0, 0, 0); color: rgb(0, 0, 0); -webkit-text-size-adjust: auto;"&gt;&lt;span class="s2" style="font-family:UICTFontTextStyleBody"&gt;&amp;nbsp; &amp;nbsp;&lt;span class="Apple-converted-space"&gt;&amp;nbsp;&lt;/span&gt;A&lt;/span&gt;&lt;/p&gt;&#xD;
&#xD;
&lt;p class="p2" style="margin: 0px; font-stretch: normal; font-size: 17px; line-height: normal; font-size-adjust: none; font-kerning: auto; font-variant-alternates: normal; font-variant-ligatures: normal; font-variant-numeric: normal; font-variant-east-asian: normal; font-variant-position: normal; font-feature-settings: normal; font-optical-sizing: auto; font-variation-settings: normal; caret-color: rgb(0, 0, 0); color: rgb(0, 0, 0); -webkit-text-size-adjust: auto;"&gt;&lt;span class="s2" style="font-family:UICTFontTextStyleBody"&gt;&amp;nbsp;&amp;nbsp;&lt;span class="Apple-converted-space"&gt;&amp;nbsp;&lt;/span&gt;/&lt;/span&gt;&lt;/p&gt;&#xD;
&#xD;
&lt;p class="p2" style="margin: 0px; font-stretch: normal; font-size: 17px; line-height: normal; font-size-adjust: none; font-kerning: auto; font-variant-alternates: normal; font-variant-ligatures: normal; font-variant-numeric: normal; font-variant-east-asian: normal; font-variant-position: normal; font-feature-settings: normal; font-optical-sizing: auto; font-variation-settings: normal; caret-color: rgb(0, 0, 0); color: rgb(0, 0, 0); -webkit-text-size-adjust: auto;"&gt;&lt;span class="s2" style="font-family:UICTFontTextStyleBody"&gt;B&lt;/span&gt;&lt;/p&gt;&#xD;
&#xD;
&lt;p class="p3" style="margin: 0px; font-stretch: normal; font-size: 17px; line-height: normal; font-size-adjust: none; font-kerning: auto; font-variant-alternates: normal; font-variant-ligatures: normal; font-variant-numeric: normal; font-variant-east-asian: normal; font-variant-position: normal; font-feature-settings: normal; font-optical-sizing: auto; font-variation-settings: normal; min-height: 22px; caret-color: rgb(0, 0, 0); color: rgb(0, 0, 0); -webkit-text-size-adjust: auto;"&gt;&amp;nbsp;&lt;/p&gt;&#xD;
&#xD;
&lt;p class="p2" style="margin: 0px; font-stretch: normal; font-size: 17px; line-height: normal; font-size-adjust: none; font-kerning: auto; font-variant-alternates: normal; font-variant-ligatures: normal; font-variant-numeric: normal; font-variant-east-asian: normal; font-variant-position: normal; font-feature-settings: normal; font-optical-sizing: auto; font-variation-settings: normal; caret-color: rgb(0, 0, 0); color: rgb(0, 0, 0); -webkit-text-size-adjust: auto;"&gt;&lt;span class="s2" style="font-family:UICTFontTextStyleBody"&gt;&#x4EE5;&#x6B64;&#x985E;&#x63A8;&#x5C31;&#x53EF;&#x4EE5;&#x77E5;&#x9053;&#x6574;&#x68F5;&#x6A39;&#x7684;&#x6A23;&#x5B50;&#x9577;&lt;/span&gt;&lt;/p&gt;&#xD;
&#xD;
&lt;p class="p2" style="margin: 0px; font-stretch: normal; font-size: 17px; line-height: normal; font-size-adjust: none; font-kerning: auto; font-variant-alternates: normal; font-variant-ligatures: normal; font-variant-numeric: normal; font-variant-east-asian: normal; font-variant-position: normal; font-feature-settings: normal; font-optical-sizing: auto; font-variation-settings: normal; caret-color: rgb(0, 0, 0); color: rgb(0, 0, 0); -webkit-text-size-adjust: auto;"&gt;&amp;nbsp;&lt;/p&gt;&#xD;
&#xD;
&lt;p class="p2" style="margin: 0px; font-stretch: normal; font-size: 17px; line-height: normal; font-size-adjust: none; font-kerning: auto; font-variant-alternates: normal; font-variant-ligatures: normal; font-variant-numeric: normal; font-variant-east-asian: normal; font-variant-position: normal; font-feature-settings: normal; font-optical-sizing: auto; font-variation-settings: normal; caret-color: rgb(0, 0, 0); color: rgb(0, 0, 0); -webkit-text-size-adjust: auto;"&gt;&lt;span class="s2" style="font-family:UICTFontTextStyleBody"&gt;&amp;nbsp;&amp;nbsp; &amp;nbsp; &amp;nbsp; &amp;nbsp; &amp;nbsp; &amp;nbsp; &amp;nbsp; &amp;nbsp; &amp;nbsp; &amp;nbsp; &amp;nbsp;A&lt;/span&gt;&lt;/p&gt;&#xD;
&#xD;
&lt;p class="p2" style="margin: 0px; font-stretch: normal; font-size: 17px; line-height: normal; font-size-adjust: none; font-kerning: auto; font-variant-alternates: normal; font-variant-ligatures: normal; font-variant-numeric: normal; font-variant-east-asian: normal; font-variant-position: normal; font-feature-settings: normal; font-optical-sizing: auto; font-variation-settings: normal; caret-color: rgb(0, 0, 0); color: rgb(0, 0, 0); -webkit-text-size-adjust: auto;"&gt;&lt;span class="s2" style="font-family:UICTFontTextStyleBody"&gt;&amp;nbsp;&amp;nbsp; &amp;nbsp; &amp;nbsp; &amp;nbsp; &amp;nbsp; &amp;nbsp; &amp;nbsp; &amp;nbsp; &amp;nbsp; &amp;nbsp;/&amp;nbsp; &amp;nbsp; &amp;nbsp;\&lt;/span&gt;&lt;/p&gt;&#xD;
&#xD;
&lt;p class="p2" style="margin: 0px; font-stretch: normal; font-size: 17px; line-height: normal; font-size-adjust: none; font-kerning: auto; font-variant-alternates: normal; font-variant-ligatures: normal; font-variant-numeric: normal; font-variant-east-asian: normal; font-variant-position: normal; font-feature-settings: normal; font-optical-sizing: auto; font-variation-settings: normal; caret-color: rgb(0, 0, 0); color: rgb(0, 0, 0); -webkit-text-size-adjust: auto;"&gt;&lt;span class="s2" style="font-family:UICTFontTextStyleBody"&gt;&amp;nbsp;&amp;nbsp; &amp;nbsp; &amp;nbsp; &amp;nbsp; &amp;nbsp; &amp;nbsp; &amp;nbsp; &amp;nbsp; &amp;nbsp;B&amp;nbsp; &amp;nbsp; &amp;nbsp; C&lt;/span&gt;&lt;/p&gt;&#xD;
&#xD;
&lt;p class="p2" style="margin: 0px; font-stretch: normal; font-size: 17px; line-height: normal; font-size-adjust: none; font-kerning: auto; font-variant-alternates: normal; font-variant-ligatures: normal; font-variant-numeric: normal; font-variant-east-asian: normal; font-variant-position: normal; font-feature-settings: normal; font-optical-sizing: auto; font-variation-settings: normal; caret-color: rgb(0, 0, 0); color: rgb(0, 0, 0); -webkit-text-size-adjust: auto;"&gt;&lt;span class="s2" style="font-family:UICTFontTextStyleBody"&gt;&amp;nbsp; &amp;nbsp; &amp;nbsp; &amp;nbsp; &amp;nbsp; &amp;nbsp; &amp;nbsp; &amp;nbsp; /&amp;nbsp; &amp;nbsp; &amp;nbsp;\&lt;br /&gt;&#xD;
&amp;nbsp; &amp;nbsp; &amp;nbsp; &amp;nbsp; &amp;nbsp;&amp;nbsp; &amp;nbsp; D&amp;nbsp; &amp;nbsp; &amp;nbsp; &amp;nbsp;E&lt;/span&gt;&lt;/p&gt; </content>
  <attach></attach>
  <rcount></rcount>
  <rank></rank>
  <hit>9</hit>
  <lang>1</lang>
</data>
