<?xml version="1.0"?>
<data version="3.0" time="2024-07-19 08:51:27" type="post" filename="b000000002.xml">
  <open_time>0000-00-00</open_time>
  <close_time>0000-00-00</close_time>
  <lang_name>Big5</lang_name>
  <board_id>1001305441</board_id>
  <node>000000002</node>
  <site>1000110001</site>
  <pt>2023-12-13 16:11:51</pt>
  <poster>11020126</poster>
  <realname>&#x912D;&#x7950;&#x6600;  </realname>
  <email>carry0987@gmail.com</email>
  <homepage>  </homepage>
  <subject>221. &#x8209;&#x4F8B;&#x89E3;&#x8AAA;&#x4E2D;&#x5E8F;&#x8D70;&#x8A2A;&#x4E8C;&#x5143;&#x641C;&#x5C0B;&#x6A39;&#x662F;&#x5426;&#x7A69;&#x5B9A;&#x6392;&#x5E8F;&#x3002; </subject>
  <content>&lt;p&gt;&#x5728;&#x4E2D;&#x5E8F;&#x8D70;&#x8A2A;&#x4E8C;&#x5143;&#x641C;&#x5C0B;&#x6A39;&#x7684;&#x904E;&#x7A0B;&#x4E2D;&#xFF0C;&#x8A2A;&#x554F;&#x548C;&#x8F38;&#x51FA;&#x7BC0;&#x9EDE;&#x7684;&#x9806;&#x5E8F;&#x6703;&#x662F;&#x4E00;&#x500B;&#x905E;&#x589E;&#x6216;&#x905E;&#x6E1B;&#x5E8F;&#x5217;&#xFF0C;&#x56E0;&#x70BA;BST&#x7684;&#x7279;&#x6027;&#x5C31;&#x662F;&#x5DE6;&#x5B50;&#x6A39;&#x6240;&#x6709;&#x7BC0;&#x9EDE;&#x7684;&#x503C;&#x90FD;&#x5C0F;&#x65BC;&#x8A72;&#x7BC0;&#x9EDE;&#x7684;&#x503C;&#xFF0C;&#x800C;&#x53F3;&#x5B50;&#x6A39;&#x6240;&#x6709;&#x7BC0;&#x9EDE;&#x7684;&#x503C;&#x90FD;&#x5927;&#x65BC;&#x8A72;&#x7BC0;&#x9EDE;&#x7684;&#x503C;&#x3002;&lt;/p&gt;&#xD;
&#xD;
&lt;p&gt;&#x9019;&#x7A2E;&#x8D70;&#x8A2A;&#x672C;&#x8CEA;&#x4E0A;&#x662F;&#x7A69;&#x5B9A;&#x7684;&#x6392;&#x5E8F;&#xFF0C;&#x56E0;&#x70BA;&#x5B83;&#x4E0D;&#x6703;&#x6539;&#x8B8A;&#x5177;&#x6709;&#x76F8;&#x540C;&#x503C;&#x7BC0;&#x9EDE;&#x7684;&#x76F8;&#x5C0D;&#x9806;&#x5E8F;&#x3002;&#x4F46;&#x4E8C;&#x5143;&#x641C;&#x7D22;&#x6A39;&#x672C;&#x8EAB;&#x5728;&#x63D2;&#x5165;&#x5177;&#x6709;&#x76F8;&#x540C;&#x503C;&#x7684;&#x7BC0;&#x9EDE;&#x6642;&#x53EF;&#x80FD;&#x4E0D;&#x662F;&#x7A69;&#x5B9A;&#x7684;&#xFF0C;&#x9019;&#x53D6;&#x6C7A;&#x65BC;&#x5177;&#x9AD4;&#x7684;&#x63D2;&#x5165;&#x7B56;&#x7565;&#x3002;&#x5982;&#x679C;BST&#x7684;&#x5BE6;&#x73FE;&#x5141;&#x8A31;&#x91CD;&#x8907;&#x503C;&#x4E26;&#x4E14;&#x5728;&#x4FDD;&#x6301;&#x9019;&#x4E9B;&#x503C;&#x7684;&#x63D2;&#x5165;&#x9806;&#x5E8F;&#x4E0A;&#x662F;&#x4E00;&#x81F4;&#x7684;&#xFF0C;&#x90A3;&#x9EBC;&#x4E2D;&#x5E8F;&#x8D70;&#x8A2A;&#x5C31;&#x6703;&#x662F;&#x7A69;&#x5B9A;&#x7684;&#x3002;&lt;/p&gt;&#xD;
&#xD;
&lt;p&gt;&#x8209;&#x500B;&#x4F8B;&#x5B50;&#xFF1A;&lt;/p&gt;&#xD;
&#xD;
&lt;p&gt;&#x5047;&#x8A2D;&#x6211;&#x5011;&#x6309;&#x7167;&#x4E0B;&#x5217;&#x9806;&#x5E8F;&#x5411;BST&#x63D2;&#x5165;&#x4E00;&#x7CFB;&#x5217;&#x503C;&#xFF1A;5, 3, 7, 3, 8 (&#x9019;&#x88CF;&#x6709;&#x5169;&#x500B;3)&#x3002;&lt;/p&gt;&#xD;
&#xD;
&lt;p&gt;&#x5982;&#x679C;&#x5728;&#x6211;&#x5011;&#x7684;BST&#x5BE6;&#x73FE;&#x4E2D;&#xFF0C;&#x5C0D;&#x65BC;&#x76F8;&#x540C;&#x7684;&#x503C;&#xFF0C;&#x65B0;&#x63D2;&#x5165;&#x7684;&#x7BC0;&#x9EDE;&#x7E3D;&#x662F;&#x4F5C;&#x70BA;&#x91CD;&#x8907;&#x7BC0;&#x9EDE;&#x7684;&#x53F3;&#x5B50;&#x7BC0;&#x9EDE;&#xFF0C;&#x6211;&#x5011;&#x7684;&#x6A39;&#x53EF;&#x80FD;&#x9577;&#x9019;&#x6A23;&#xFF1A;&lt;/p&gt;&#xD;
&#xD;
&lt;blockquote&gt;&#xD;
&lt;p&gt;&lt;br /&gt;&#xD;
&amp;nbsp; &amp;nbsp; 5&lt;br /&gt;&#xD;
&amp;nbsp; &amp;nbsp;/ \&lt;br /&gt;&#xD;
&amp;nbsp; 3 &amp;nbsp; 7&lt;br /&gt;&#xD;
&amp;nbsp; &amp;nbsp;\ &amp;nbsp; \&lt;br /&gt;&#xD;
&amp;nbsp; &amp;nbsp; 3 &amp;nbsp; 8&lt;/p&gt;&#xD;
&lt;/blockquote&gt;&#xD;
&#xD;
&lt;p&gt;&#x7576;&#x9032;&#x884C;&#x4E2D;&#x5E8F;&#x8D70;&#x8A2A;&#x6642;&#xFF0C;&#x7BC0;&#x9EDE;&#x7684;&#x8A2A;&#x554F;&#x9806;&#x5E8F;&#x662F;&#xFF1A;3, 3, 5, 7, 8&#x3002;&#x7B2C;&#x4E00;&#x500B;&#x63D2;&#x5165;&#x7684;3&#x5728;&#x904D;&#x6B77;&#x904E;&#x7A0B;&#x4E2D;&#x6703;&#x9996;&#x5148;&#x88AB;&#x8A2A;&#x554F;&#xFF0C;&#x63A5;&#x8457;&#x662F;&#x7B2C;&#x4E8C;&#x500B;&#x63D2;&#x5165;&#x7684;3&#xFF0C;&#x4FDD;&#x5B58;&#x4E86;&#x5176;&#x539F;&#x59CB;&#x7684;&#x63D2;&#x5165;&#x9806;&#x5E8F;&#xFF0C;&#x56E0;&#x6B64;&#x5728;&#x9019;&#x500B;&#x60C5;&#x6CC1;&#x4E0B;&#xFF0C;&#x4E2D;&#x5E8F;&#x8D70;&#x8A2A;&#x662F;&#x7A69;&#x5B9A;&#x7684;&#x3002;&lt;/p&gt;&#xD;
&#xD;
&lt;p&gt;&#x4F46;&#x662F;&#xFF0C;&#x5982;&#x679C;BST&#x5BE6;&#x73FE;&#x4E2D;&#x6C92;&#x6709;&#x91DD;&#x5C0D;&#x76F8;&#x540C;&#x7BC0;&#x9EDE;&#x503C;&#x9032;&#x884C;&#x7279;&#x5B9A;&#x7684;&#x64CD;&#x4F5C;&#xFF0C;&#x800C;&#x662F;&#x5C07;&#x65B0;&#x7684;&#x7BC0;&#x9EDE;&#x96A8;&#x610F;&#x63D2;&#x5165;&#x5230;&#x5DE6;&#x5B50;&#x6A39;&#x6216;&#x53F3;&#x5B50;&#x6A39;&#xFF0C;&#x90A3;&#x9EBC;&#x539F;&#x59CB;&#x63D2;&#x5165;&#x9806;&#x5E8F;&#x5C31;&#x53EF;&#x80FD;&#x4E0D;&#x6703;&#x5F97;&#x5230;&#x4FDD;&#x7559;&#xFF0C;&#x9032;&#x800C;&#x5728;&#x4E2D;&#x5E8F;&#x8D70;&#x8A2A;&#x6642;&#x4E0D;&#x80FD;&#x4FDD;&#x8B49;&#x662F;&#x7A69;&#x5B9A;&#x7684;&#x3002;&lt;/p&gt;&#xD;
&#xD;
&lt;p&gt;&#x6240;&#x4EE5;&#xFF0C;&#x4E2D;&#x5E8F;&#x8D70;&#x8A2A;&#x4E8C;&#x5143;&#x641C;&#x5C0B;&#x6A39;&#x5728;&#x9075;&#x5FAA;&#x7279;&#x5B9A;&#x7684;&#x63D2;&#x5165;&#x7B56;&#x7565;&#x6642;&#x662F;&#x80FD;&#x5920;&#x4FDD;&#x8B49;&#x7A69;&#x5B9A;&#x6392;&#x5E8F;&#x7684;&#xFF0C;&#x4F46;&#x9019;&#x8981;&#x770B;&#x6A39;&#x7684;&#x63D2;&#x5165;&#x548C;&#x69CB;&#x5EFA;&#x65B9;&#x5F0F;&#x662F;&#x5426;&#x4FDD;&#x6301;&#x76F8;&#x540C;&#x503C;&#x7BC0;&#x9EDE;&#x7684;&#x76F8;&#x5C0D;&#x9806;&#x5E8F;&#x4E0D;&#x8B8A;&#x3002;&lt;/p&gt; </content>
  <attach></attach>
  <rcount></rcount>
  <rank></rank>
  <hit>8</hit>
  <lang>1</lang>
</data>
