<?xml version="1.0"?>
<data version="3.0" time="2024-07-19 08:51:27" type="post" filename="b000000005000000001.xml">
  <open_time>0000-00-00</open_time>
  <close_time>0000-00-00</close_time>
  <lang_name>Big5</lang_name>
  <board_id>1001305441</board_id>
  <node>000000005000000001</node>
  <site>1000110001</site>
  <pt>2023-12-26 15:17:39</pt>
  <poster>11813</poster>
  <realname>&#x5433;&#x5B9C;&#x9D3B;  </realname>
  <email>yhwu@cycu.edu.tw</email>
  <homepage>https://www.researchgate.net/profile/Yi-Hung-Wu-2  </homepage>
  <subject>Re: 224. &#x5982;&#x4F55;&#x5C07;&#x4E8C;&#x5143;&#x641C;&#x5C0B;&#x6A39;&#x5B58;&#x6A94;&#x5F8C;&#x518D;&#x8B80;&#x5165;&#x53EF;&#x6062;&#x5FA9;&#x539F;&#x72C0;&#xFF1F;  </subject>
  <content>&lt;p&gt;&lt;span style="color:#b22222"&gt;&#x8AA4;&#x89E3;&#x984C;&#x610F;&#xFF0C;&#x984C;&#x76EE;&#x662F;&#x554F;&amp;quot;&#x4E8C;&#x5143;&#x641C;&#x5C0B;&#x6A39;&amp;quot;&#x3002;&lt;/span&gt;&lt;/p&gt; </content>
  <attach></attach>
  <rcount></rcount>
  <rank></rank>
  <hit>1</hit>
  <lang>1</lang>
</data>
