<?xml version="1.0"?>
<data version="3.0" time="2024-07-19 08:51:27" type="post" filename="b000000006.xml">
  <open_time>0000-00-00</open_time>
  <close_time>0000-00-00</close_time>
  <lang_name>Big5</lang_name>
  <board_id>1001305441</board_id>
  <node>000000006</node>
  <site>1000110001</site>
  <pt>2023-12-26 18:47:19</pt>
  <poster>11111239</poster>
  <realname>&#x9AD8;&#x4E8E;&#x55AC;  </realname>
  <email>rita920927@gmail.com</email>
  <homepage>  </homepage>
  <subject>222. &#x64B0;&#x5BEB;&#x7A0B;&#x5F0F;&#x78BC;&#x6307;&#x51FA;&#x5982;&#x4F55;&#x70BA;&#x4E8C;&#x5143;&#x641C;&#x5C0B;&#x6A39;&#x65B0;&#x589E;&#x7BC0;&#x9EDE;&#x3002; </subject>
  <content>&lt;p&gt;&lt;strong&gt;class&lt;/strong&gt; BinaryTree {&lt;/p&gt;&#xD;
&#xD;
&lt;p&gt;&lt;strong&gt;private&lt;/strong&gt;:&lt;/p&gt;&#xD;
&#xD;
&lt;p&gt;&amp;nbsp;&amp;nbsp; &amp;nbsp;&lt;strong&gt;struct&lt;/strong&gt; Node {&lt;/p&gt;&#xD;
&#xD;
&lt;p&gt;&amp;nbsp;&amp;nbsp; &amp;nbsp;&amp;nbsp;&amp;nbsp; &amp;nbsp;int data; &amp;nbsp; &amp;nbsp; &amp;nbsp; // &#x7BC0;&#x9EDE;&#x4E2D;&#x5B58;&#x5132;&#x7684;&#x8CC7;&#x6599;&lt;/p&gt;&#xD;
&#xD;
&lt;p&gt;&amp;nbsp; &amp;nbsp; &amp;nbsp; &amp;nbsp; &amp;nbsp;&amp;nbsp; &amp;nbsp;Node* left; &amp;nbsp; &amp;nbsp; // &#x6307;&#x5411;&#x5DE6;&#x5B50;&#x7BC0;&#x9EDE;&#x7684;&#x6307;&#x6A19;&lt;/p&gt;&#xD;
&#xD;
&lt;p&gt;&amp;nbsp; &amp;nbsp; &amp;nbsp; &amp;nbsp; &amp;nbsp;&amp;nbsp; &amp;nbsp;Node* right;&amp;nbsp; &amp;nbsp; // &#x6307;&#x5411;&#x53F3;&#x5B50;&#x7BC0;&#x9EDE;&#x7684;&#x6307;&#x6A19;&lt;/p&gt;&#xD;
&#xD;
&lt;p&gt;&amp;nbsp;&amp;nbsp; &amp;nbsp;};&lt;/p&gt;&#xD;
&#xD;
&lt;p&gt;&amp;nbsp;&amp;nbsp; &amp;nbsp;Node* root;&amp;nbsp;&amp;nbsp; &amp;nbsp;// &#x6307;&#x5411;&#x6A39;&#x6839;&#x7684;&#x6307;&#x6A19;&lt;/p&gt;&#xD;
&#xD;
&lt;p&gt;&amp;nbsp;&amp;nbsp; &amp;nbsp;Node* createNode(&lt;strong&gt;int &lt;/strong&gt;data)&amp;nbsp;&amp;nbsp; &amp;nbsp;//NODE&#x7BC0;&#x9EDE;&amp;nbsp;&lt;/p&gt;&#xD;
&#xD;
&lt;p&gt;&amp;nbsp;&amp;nbsp; &amp;nbsp;{&lt;/p&gt;&#xD;
&#xD;
&lt;p&gt;&amp;nbsp;&amp;nbsp; &amp;nbsp;&amp;nbsp;&amp;nbsp; &amp;nbsp;Node* newNode = &lt;strong&gt;new&lt;/strong&gt; Node;&amp;nbsp;&amp;nbsp; &amp;nbsp;//&#x65B0;&#x589E;&#x4E00;&#x500B;Node&lt;/p&gt;&#xD;
&#xD;
&lt;p&gt;&amp;nbsp;&amp;nbsp; &amp;nbsp;&amp;nbsp;&amp;nbsp; &amp;nbsp;newNode-&amp;gt;data = data;&amp;nbsp;&amp;nbsp; &amp;nbsp;//&#x65B0;&#x589E;&#x7BC0;&#x9EDE;&#x7684;&#x503C;&#x8A2D;&#x70BA;data&lt;/p&gt;&#xD;
&#xD;
&lt;p&gt;&amp;nbsp;&amp;nbsp; &amp;nbsp;&amp;nbsp;&amp;nbsp; &amp;nbsp;newNode-&amp;gt;left = &lt;strong&gt;nullptr&lt;/strong&gt;;&amp;nbsp;&amp;nbsp; &amp;nbsp;//&#x4E26;&#x628A;&#x5B83;&#x7684;&#x5DE6;&#x3001;&#x53F3;&#x5B50;&#x6A39;&#x8A2D;&#x70BA;&#x7A7A;&#x7684;&lt;/p&gt;&#xD;
&#xD;
&lt;p&gt;&amp;nbsp;&amp;nbsp; &amp;nbsp;&amp;nbsp;&amp;nbsp; &amp;nbsp;newNode-&amp;gt;right = &lt;strong&gt;nullptr&lt;/strong&gt;;&lt;/p&gt;&#xD;
&#xD;
&lt;p&gt;&amp;nbsp;&amp;nbsp; &amp;nbsp;&amp;nbsp;&amp;nbsp; &amp;nbsp;&lt;strong&gt;return&lt;/strong&gt; newNode;&amp;nbsp;&amp;nbsp; &amp;nbsp;//&#x56DE;&#x50B3;&#x65B0;&#x7BC0;&#x9EDE;&#x7684;&#x4F4D;&#x5740;&lt;/p&gt;&#xD;
&#xD;
&lt;p&gt;&amp;nbsp;&amp;nbsp; &amp;nbsp;}&lt;/p&gt;&#xD;
&#xD;
&lt;p&gt;&amp;nbsp;&amp;nbsp; &amp;nbsp;&lt;/p&gt;&#xD;
&#xD;
&lt;p&gt;&amp;nbsp;&amp;nbsp; &amp;nbsp;Node* insertNode(Node* currentNode, &lt;strong&gt;int &lt;/strong&gt;data) { //&#x65B0;&#x589E;&#x8CC7;&#x6599;&#x7BC0;&#x9EDE;&lt;/p&gt;&#xD;
&#xD;
&lt;p&gt;&amp;nbsp;&amp;nbsp; &amp;nbsp;&amp;nbsp;&amp;nbsp; &amp;nbsp;&lt;strong&gt;if&lt;/strong&gt; (currentNode == &lt;strong&gt;nullptr&lt;/strong&gt;)&amp;nbsp;&amp;nbsp; &amp;nbsp;&amp;nbsp;&amp;nbsp; &amp;nbsp;//&#x5982;&#x679C;&#x7576;&#x524D;&#x7BC0;&#x9EDE;&#x70BA;&#x7A7A;&lt;/p&gt;&#xD;
&#xD;
&lt;p&gt;&amp;nbsp;&amp;nbsp; &amp;nbsp;&amp;nbsp;&amp;nbsp; &amp;nbsp;{&lt;/p&gt;&#xD;
&#xD;
&lt;p&gt;&amp;nbsp;&amp;nbsp; &amp;nbsp;&amp;nbsp;&amp;nbsp; &amp;nbsp;&amp;nbsp;&amp;nbsp; &amp;nbsp;&lt;strong&gt;return&lt;/strong&gt; createNode(data);&amp;nbsp;&amp;nbsp; &amp;nbsp;//&#x5275;&#x5EFA;&#x7BC0;&#x9EDE;&#x3001;&#x653E;&#x8CC7;&#x6599;&lt;/p&gt;&#xD;
&#xD;
&lt;p&gt;&amp;nbsp;&amp;nbsp; &amp;nbsp;&amp;nbsp;&amp;nbsp; &amp;nbsp;}&lt;/p&gt;&#xD;
&#xD;
&lt;p&gt;&amp;nbsp;&amp;nbsp; &amp;nbsp;&amp;nbsp;&amp;nbsp; &amp;nbsp;&lt;strong&gt;if&lt;/strong&gt; (data &amp;lt; currentNode-&amp;gt;data) {&amp;nbsp;&amp;nbsp; &amp;nbsp;//&#x8CC7;&#x6599;&#x6BD4;&#x8F03;&#x5C0F;&#xFF0C;&#x905E;&#x8FF4;&#x547C;&#x53EB;&#x5DE6;&#x5B50;&#x6A39;&lt;/p&gt;&#xD;
&#xD;
&lt;p&gt;&amp;nbsp;&amp;nbsp; &amp;nbsp;&amp;nbsp;&amp;nbsp; &amp;nbsp;&amp;nbsp;&amp;nbsp; &amp;nbsp;currentNode-&amp;gt;left = insertNode(currentNode-&amp;gt;left, data);&lt;/p&gt;&#xD;
&#xD;
&lt;p&gt;&amp;nbsp;&amp;nbsp; &amp;nbsp;&amp;nbsp;&amp;nbsp; &amp;nbsp;}&lt;/p&gt;&#xD;
&#xD;
&lt;p&gt;&amp;nbsp;&amp;nbsp; &amp;nbsp;&amp;nbsp;&amp;nbsp; &amp;nbsp;&lt;strong&gt;else&lt;/strong&gt; &lt;strong&gt;if&lt;/strong&gt; (data &amp;gt;= currentNode-&amp;gt;data) { //&#x8CC7;&#x6599;&#x5927;&#x65BC;&#x7B49;&#x65BC;&#xFF0C;&#x905E;&#x8FF4;&#x547C;&#x53EB;&#x53F3;&#x5B50;&#x6578;&lt;/p&gt;&#xD;
&#xD;
&lt;p&gt;&amp;nbsp;&amp;nbsp; &amp;nbsp;&amp;nbsp;&amp;nbsp; &amp;nbsp;&amp;nbsp;&amp;nbsp; &amp;nbsp;currentNode-&amp;gt;right = insertNode(currentNode-&amp;gt;right, data);&lt;/p&gt;&#xD;
&#xD;
&lt;p&gt;&amp;nbsp;&amp;nbsp; &amp;nbsp;&amp;nbsp;&amp;nbsp; &amp;nbsp;}&lt;/p&gt;&#xD;
&#xD;
&lt;p&gt;&amp;nbsp;&amp;nbsp; &amp;nbsp;&amp;nbsp;&amp;nbsp; &amp;nbsp;&lt;strong&gt;return&lt;/strong&gt; currentNode; //&#x8FD4;&#x56DE;&#x4FEE;&#x6539;&#x5F8C;&#x7684;&#x76EE;&#x524D;&#x4F4D;&#x7F6E;&lt;/p&gt;&#xD;
&#xD;
&lt;p&gt;&amp;nbsp;&amp;nbsp; &amp;nbsp;}&lt;/p&gt;&#xD;
&#xD;
&lt;p&gt;};&lt;/p&gt; </content>
  <attach></attach>
  <rcount></rcount>
  <rank></rank>
  <hit>4</hit>
  <lang>1</lang>
</data>
