<?xml version="1.0"?>
<data version="3.0" time="2024-07-19 08:51:27" type="post" filename="b000000002000000001.xml">
  <open_time>0000-00-00</open_time>
  <close_time>0000-00-00</close_time>
  <lang_name>Big5</lang_name>
  <board_id>1001305441</board_id>
  <node>000000002000000001</node>
  <site>1000110001</site>
  <pt>2023-12-26 15:08:42</pt>
  <poster>11813</poster>
  <realname>&#x5433;&#x5B9C;&#x9D3B;  </realname>
  <email>yhwu@cycu.edu.tw</email>
  <homepage>https://www.researchgate.net/profile/Yi-Hung-Wu-2  </homepage>
  <subject>Re: 221. &#x8209;&#x4F8B;&#x89E3;&#x8AAA;&#x4E2D;&#x5E8F;&#x8D70;&#x8A2A;&#x4E8C;&#x5143;&#x641C;&#x5C0B;&#x6A39;&#x662F;&#x5426;&#x7A69;&#x5B9A;&#x6392;&#x5E8F;&#x3002;  </subject>
  <content>&lt;p&gt;&amp;quot;&#x5982;&#x679C;BST&#x5BE6;&#x73FE;&#x4E2D;&#x6C92;&#x6709;&#x91DD;&#x5C0D;&#x76F8;&#x540C;&#x7BC0;&#x9EDE;&#x503C;&#x9032;&#x884C;&#x7279;&#x5B9A;&#x7684;&#x64CD;&#x4F5C;&#xFF0C;&#x800C;&#x662F;&#x5C07;&#x65B0;&#x7684;&#x7BC0;&#x9EDE;&#x96A8;&#x610F;&#x63D2;&#x5165;&#x5230;&#x5DE6;&#x5B50;&#x6A39;&#x6216;&#x53F3;&#x5B50;&#x6A39;...&amp;quot;&lt;/p&gt;&#xD;
&#xD;
&lt;p&gt;&lt;span style="color:#006400"&gt;&#x8AD6;&#x9EDE;&#x6C92;&#x932F;&#xFF0C;&#x53EA;&#x662F;&#x88DC;&#x5145;&#x53E6;&#x4E00;&#x7A2E;&#x89C0;&#x9EDE;&#xFF1A;&#x4E5F;&#x53EF;&#x4EE5;&#x89E3;&#x91CB;&#x70BA;&#x4F55;&#x65B0;&#x7684;&#x540C;&#x503C;&#x8CC7;&#x6599;&#x8981;&#x5728;&#x53F3;&#x5B50;&#x6A39;&#x4E0B;&#x65B0;&#x589E;&#x7BC0;&#x9EDE;&#xFF0C;&#x800C;&#x4E0D;&#x662F;&#x5DE6;&#x5B50;&#x6A39;&#x3002;&lt;/span&gt;&lt;/p&gt; </content>
  <attach></attach>
  <rcount></rcount>
  <rank></rank>
  <hit>1</hit>
  <lang>1</lang>
</data>
